"","State","year","tot_pop","incar_rate","tot_crime_rate","violent_crime_rate","prop_crime_rate","pov_rate","non_white_rate","spending_rate"
"1","Alabama",1980,3831000,170.790916209867,4972.87914382668,452.101279039415,4520.77786478726,21200,32021.4719027141,14600000
"2","Alaska",1980,379000,216.88654353562,6556.46437994723,506.332453825857,6050.13192612137,9600,22488.0033512156,48900000
"3","Arizona",1980,2774000,157.606344628695,7998.05335255948,637.094448449892,7360.95890410959,12800,4810.20654248747,27800000
"4","Arkansas",1980,2249000,129.435304579813,3870.43130280125,340.417963539351,3530.01333926189,21500,16685.0876978512,11100000
"5","California",1980,23750000,103.448421052632,7761.39789473684,885.431578947368,6875.96631578947,11000,14130.4339691994,27200000
"6","Colorado",1980,2869000,91.6347159288951,7357.51132798885,530.324154757755,6827.18717323109,8600,4550.47936052822,22400000
"7","Connecticut",1980,3090000,139.417475728155,5891.61812297735,413.203883495146,5478.4142394822,8300,7476.30333269586,20400000
"8","Delaware",1980,578000,255.017301038062,6973.35640138408,488.581314878893,6484.77508650519,11800,18364.4004584212,22100000
"9","Florida",1980,10100000,205.29702970297,7958.66336633663,931.633663366337,7027.0297029703,16700,18457.4946001635,23900000
"10","Georgia",1980,5243000,232.271600228877,5772.36315086782,572.057982071333,5200.30516879649,13900,20455.0144058236,1.5e+07
"11","Hawaii",1980,954000,103.249475890985,7566.03773584906,302.830188679245,7263.20754716981,8500,65460.1104374944,21100000
"12","Idaho",1980,934000,87.4732334047109,4831.47751605996,316.595289079229,4514.88222698073,14700,1262.24044788151,15300000
"13","Illinois",1980,11260000,105.674955595027,6322.02486678508,814.857904085258,5507.16696269982,12300,16808.1989215822,26100000
"14","Indiana",1980,5490000,121.730418943534,4904.40801457195,375.828779599271,4528.57923497268,11800,8425.12544061898,13600000
"15","Iowa",1980,2868000,86.5062761506276,4812.6220362622,203.138075313808,4609.4839609484,10800,2306.44405508038,14700000
"16","Kansas",1980,2286000,109.09886264217,5540.68241469816,401.049868766404,5139.63254593176,9400,7143.66447402484,14200000
"17","Kentucky",1980,3641000,98.5443559461686,3434.19390277396,266.712441636913,3167.48146113705,19300,7547.81198365559,14900000
"18","Louisiana",1980,4273000,208.02714720337,5359.98127779078,653.545518371168,4706.43575941961,20300,28897.4186566457,19900000
"19","Maine",1980,1077000,75.5803156917363,4556.82451253482,201.764159702878,4355.06035283194,14600,1321.89261810679,13400000
"20","Maryland",1980,4104000,188.377192982456,6772.63645224172,870.735867446394,5901.90058479532,9500,23953.8504191632,2.4e+07
"21","Massachusetts",1980,5725000,55.6331877729258,6082.63755458515,601.64192139738,5480.99563318777,9500,5053.90270684253,23900000
"22","Michigan",1980,9227000,163.910263357538,6676.7638452368,639.579494960442,6037.18435027636,12900,14492.3808044113,26100000
"23","Minnesota",1980,3920000,51.0459183673469,4972.39795918367,235.969387755102,4736.42857142857,8700,2111.874868088,17300000
"24","Mississippi",1980,2429000,160.642239604776,3533.22354878551,353.56113627007,3179.66241251544,24300,31411.0713310408,11800000
"25","Missouri",1980,4800000,119.291666666667,5547.75,566.1875,4981.5625,13000,12083.4875482302,19900000
"26","Montana",1980,774000,95.4780361757106,5073.77260981912,224.806201550388,4848.96640826873,13200,5580.08294183098,16800000
"27","National",1980,224410000,146.972505681565,5974.87634240898,599.135510895236,5375.74083151375,12986.0523149592,274.776049805475,21150000
"28","Nebraska",1980,1532000,94.3864229765013,4394.90861618799,229.242819843342,4165.66579634465,13000,3997.84535487637,1.6e+07
"29","Nevada",1980,840000,218.928571428571,8435.71428571428,869.523809523809,7566.19047619048,8300,8692.68190122414,27100000
"30","New Hampshire",1980,907000,35.9426681367144,4742.11686879824,182.249173098126,4559.86769570011,7000,983.080205538621,15800000
"31","New Jersey",1980,7316000,80.4264625478403,6424.22088572991,606.519956260252,5817.70092946966,9000,12965.7482470971,25700000
"32","New Mexico",1980,1304000,98.0828220858896,5939.95398773006,610.966257668712,5328.98773006135,20600,9537.10913457255,1.9e+07
"33","New York",1980,17320000,125.952655889146,6986.05080831409,1040.61778290993,5945.43302540416,13800,15937.4864963753,30800000
"34","North Carolina",1980,5836000,265.815627141878,4646.57299520219,455.603152844414,4190.96984235778,15000,22707.3819887086,15500000
"35","North Dakota",1980,640000,39.53125,3021.25,55,2966.25,15500,3656.48850949307,13300000
"36","Ohio",1980,10630000,126.89557855127,5501.28880526811,504.666039510818,4996.62276575729,9800,9420.90282069365,17800000
"37","Oklahoma",1980,2916000,164.471879286694,5200.61728395062,431.721536351166,4768.89574759945,13900,12508.5538759251,1.5e+07
"38","Oregon",1980,2684000,118.368107302534,6503.76304023845,476.974664679583,6026.78837555887,11500,4832.33142959671,21300000
"39","Pennsylvania",1980,11670000,70.0171379605827,3785.71550985433,368.740359897172,3416.97514995715,9800,9890.84474728843,18400000
"40","Rhode Island",1980,911000,89.2425905598244,6159.49506037322,424.149286498353,5735.34577387486,10700,3972.59388649823,2e+07
"41","South Carolina",1980,3174000,247.700063011972,5251.60680529301,637.208569628229,4614.39823566478,16800,30838.3353282802,13700000
"42","South Dakota",1980,677000,93.7961595273265,3296.89807976366,128.951255539143,3167.94682422452,18800,6408.74604553643,13500000
"43","Tennessee",1980,4519000,155.388360256694,4524.36379730029,460.809913697721,4063.55388360257,19600,15475.3006160054,14400000
"44","Texas",1980,14330000,208.597348220516,6074.37543614794,544.159106769016,5530.21632937893,15700,12376.9124842214,15400000
"45","Utah",1980,1488000,62.6344086021505,5764.91935483871,297.379032258065,5467.54032258065,10000,2265.68944277256,17800000
"46","Vermont",1980,520000,92.3076923076923,4905,175.769230769231,4729.23076923077,12000,549.700567085301,13400000
"47","Virginia",1980,5204000,171.406610299769,4726.01844734819,314.277478862414,4411.74096848578,12400,18856.3344590222,16400000
"48","Washington",1980,4223000,104.167653327019,6735.40137343121,452.237745678428,6283.16362775278,12700,7139.70398195025,18300000
"49","West Virginia",1980,1952000,64.3954918032787,2523.87295081967,181.71106557377,2342.1618852459,15200,3102.23505165501,10400000
"50","Wisconsin",1980,4724000,84.2506350550381,4754.84758679085,180.906011854361,4573.94157493649,8500,4807.4816461353,21300000
"51","Wyoming",1980,468000,114.102564102564,4996.5811965812,393.376068376068,4603.20512820513,10400,2402.99187211725,26200000
"52","Alabama",1981,3878000,197.447137699845,4946.7251160392,475.064466219701,4471.66064981949,24100,28215.3904783946,14900000
"53","Alaska",1981,403000,254.09429280397,6742.18362282878,629.528535980149,6112.65508684864,9000,23924.4324981149,51600000
"54","Arizona",1981,2751000,189.858233369684,7730.17084696474,584.587422755362,7145.58342420938,11700,5326.89360114524,30100000
"55","Arkansas",1981,2247000,148.108589230085,3875.87894971073,316.822429906542,3559.05651980418,24100,15588.678412313,10900000
"56","California",1981,24110000,121.11986727499,7605.91870593115,864.724180837827,6741.19452509332,13300,16056.2615220312,28200000
"57","Colorado",1981,2958000,93.7119675456389,7365.58485463151,532.62339418526,6832.96146044625,9600,5128.76162636312,21900000
"58","Connecticut",1981,3084000,170.654993514916,5928.11284046693,455.025940337224,5473.0869001297,8200,7315.23523017012,19600000
"59","Delaware",1981,587000,291.652470187394,6814.65076660988,518.568994889268,6296.08177172061,12300,15974.1547361621,2.3e+07
"60","Florida",1981,10280000,229.464980544747,7943.37548638132,954.367704280156,6989.00778210117,16600,18061.5170023165,23300000
"61","Georgia",1981,5415000,229.806094182825,5788.60572483841,563.748845798707,5224.8568790397,16300,21354.0242775897,15500000
"62","Hawaii",1981,953000,126.652675760755,6721.93074501574,254.354669464848,6467.57607555089,11300,69335.7784675765,21200000
"63","Idaho",1981,962000,99.4802494802495,4516.63201663202,282.432432432432,4234.19958419958,17700,1095.1844425938,15300000
"64","Illinois",1981,11340000,126.349206349206,6177.67195767196,800.537918871252,5377.13403880071,12100,16660.4808118421,2.6e+07
"65","Indiana",1981,5431000,147.707604492727,4569.02964463266,343.804087645001,4225.22555698766,12600,7953.62923834495,13400000
"66","Iowa",1981,2815000,94.8490230905861,4853.92539964476,210.1243339254,4643.80106571936,13100,2965.67891227775,14400000
"67","Kansas",1981,2282000,121.384750219106,5638.7379491674,385.451358457493,5253.2865907099,11700,7750.25857669225,14800000
"68","Kentucky",1981,3668000,108.860414394766,3524.78189749182,288.958560523446,3235.82333696837,19300,7347.44274328324,14300000
"69","Louisiana",1981,4262000,220.905678085406,5320.81182543407,644.720788362271,4676.0910370718,22000,28961.747231758,21400000
"70","Maine",1981,1116000,88.8888888888889,4304.12186379928,198.387096774194,4105.73476702509,16000,1060.68654076685,12800000
"71","Maryland",1981,4123000,226.412806209071,6777.22532136794,916.808149405772,5860.41717196216,10700,23416.5652145935,23900000
"72","Massachusetts",1981,5804000,67.0055134390076,5801.18883528601,624.965541006203,5176.22329427981,8900,5221.85734377834,22700000
"73","Michigan",1981,9096000,166.633685136324,6933.15743183817,649.274406332454,6283.88302550572,13000,14137.0728869922,24800000
"74","Minnesota",1981,4034000,48.7357461576599,4802.4541398116,231.631135349529,4570.82300446207,10900,3582.37950739333,17500000
"75","Mississippi",1981,2408000,192.02657807309,3716.56976744186,320.016611295681,3396.55315614618,25700,33106.1723122304,12200000
"76","Missouri",1981,4814000,134.794349813045,5489.19817199834,554.113003739094,4935.08516825924,13200,11302.340386599,19500000
"77","Montana",1981,813000,102.214022140221,4889.29889298893,246.494464944649,4642.80442804428,13100,4618.24569334856,16700000
"78","National",1981,226546000,163.291340390031,5925.3838072621,601.12295074731,5324.26085651479,13998.481544587,282.488532433465,20750000
"79","Nebraska",1981,1579000,94.2368587713743,4169.60101329956,181.190626979101,3988.41038632046,14000,5018.21685762391,1.5e+07
"80","Nevada",1981,884000,239.366515837104,8212.89592760181,856.900452488688,7355.99547511312,10500,10854.5240568409,2.8e+07
"81","New Hampshire",1981,929000,42.8417653390743,4349.7308934338,148.008611410118,4201.72228202368,7600,930.447979336675,15900000
"82","New Jersey",1981,7331000,95.6349747646979,6238.80780248261,636.666211976538,5602.14159050607,10000,13079.1295941954,25300000
"83","New Mexico",1981,1303000,114.888718342287,6314.81197237145,684.036838066002,5630.77513430545,18600,15449.2439902991,19400000
"84","New York",1981,17470000,145.930165998855,6954.40755580996,1077.14939896966,5877.2581568403,14400,16283.7883385608,29800000
"85","North Carolina",1981,5820000,270.962199312715,4621.9587628866,446.494845360825,4175.46391752577,17500,22927.0919030478,15800000
"86","North Dakota",1981,626000,44.7284345047923,3143.92971246006,70.926517571885,3073.00319488818,14200,3772.84125590037,13200000
"87","Ohio",1981,10750000,139.237209302326,5460.53023255814,497.758139534884,4962.77209302326,12700,11095.7003610662,17800000
"88","Oklahoma",1981,2985000,176.917922948074,5020.43551088777,442.981574539364,4577.45393634841,13800,13019.0683365851,15100000
"89","Oregon",1981,2693000,122.354251763832,6916.70998886001,470.516152989231,6446.19383587078,12300,4676.61419220578,21300000
"90","Pennsylvania",1981,11740000,79.7700170357751,3722.11243611584,375.672913117547,3346.4395229983,11600,9851.13321732185,17400000
"91","Rhode Island",1981,936000,102.777777777778,5951.81623931624,449.252136752137,5502.5641025641,11700,3648.69265897817,19700000
"92","South Carolina",1981,3347000,255.094114132059,5031.43113235733,605.766357932477,4425.66477442486,18400,32938.5121909848,13800000
"93","South Dakota",1981,675000,102.666666666667,3057.77777777778,106.37037037037,2951.40740740741,19500,8135.64340931441,13800000
"94","Tennessee",1981,4502000,175.410928476233,4414.83784984451,422.45668591737,3992.38116392714,20900,17885.0664893327,14800000
"95","Texas",1981,14640000,215.177595628415,6097.83469945355,536.612021857924,5561.22267759563,15400,13282.2345447296,15800000
"96","Utah",1981,1516000,75.197889182058,5750,298.614775725594,5451.38522427441,12200,2746.52640144227,17200000
"97","Vermont",1981,535000,99.8130841121495,4871.58878504673,123.177570093458,4748.41121495327,12300,556.881906460954,1.3e+07
"98","Virginia",1981,5257000,178.580939699448,4821.00057066768,332.052501426669,4488.94806924101,12600,20643.3475344221,17100000
"99","Washington",1981,4168000,128.023032629559,6813.19577735125,451.991362763916,6361.20441458733,11300,8017.06792683121,19100000
"100","West Virginia",1981,2003000,78.1328007988018,2550.72391412881,170.244633050424,2380.47928107838,19900,2511.24792170336,10600000
"101","Wisconsin",1981,4741000,92.4910356464881,4764.83864163679,187.808479223792,4577.03016241299,8100,4528.65245186155,22100000
"102","Wyoming",1981,482000,115.352697095436,5238.38174273859,439.004149377593,4799.377593361,8900,2653.92747300176,27700000
"103","Alabama",1982,3937000,234.518669037338,4640.61468122936,448.387096774194,4192.22758445517,21600,24789.9663962911,14700000
"104","Alaska",1982,432000,306.018518518519,6298.84259259259,632.407407407407,5666.43518518519,10600,22417.1725941176,76300000
"105","Arizona",1982,2765000,219.493670886076,7375.98553345389,534.719710669078,6841.26582278481,14800,4839.08164683131,30100000
"106","Arkansas",1982,2219000,176.746282109058,3997.16088328076,335.196034249662,3661.9648490311,23800,18564.4773136222,11100000
"107","California",1982,24610000,140.755790329134,7319.2035757822,818.484355952865,6500.71921982934,14100,15801.0491713808,29200000
"108","Colorado",1982,3064000,99.2819843342037,7036.03133159269,501.109660574413,6534.92167101828,12600,4669.17559493252,22600000
"109","Connecticut",1982,3126000,164.939219449776,5474.37619961612,402.975047984645,5071.40115163148,8100,6816.75023611336,20200000
"110","Delaware",1982,611000,338.461538461538,6290.83469721768,551.554828150573,5739.2798690671,11500,17720.1954781499,23800000
"111","Florida",1982,10510000,264.795432921028,7398.44909609895,888.782112274025,6509.66698382493,15200,17984.2661687189,25100000
"112","Georgia",1982,5472000,263.249269005848,5373.90350877193,492.744883040936,4881.15862573099,19600,22931.8916447644,16200000
"113","Hawaii",1982,997000,146.53961885657,6564.49348044132,254.964894684052,6309.52858575727,13200,70076.4985795137,22100000
"114","Idaho",1982,967000,107.962771458118,4074.76732161324,258.634953464323,3816.13236814891,15600,1615.92680903847,15600000
"115","Illinois",1982,11280000,126.710992907801,5927.28723404255,785.851063829787,5141.43617021277,13400,16999.8328686363,25600000
"116","Indiana",1982,5415000,162.326869806094,4475.30932594644,303.674976915974,4171.63434903047,12600,8296.89595317438,13400000
"117","Iowa",1982,2770000,102.129963898917,4338.12274368231,181.15523465704,4156.96750902527,13400,2970.37728395581,15200000
"118","Kansas",1982,2365000,130.14799154334,5042.02959830867,341.987315010571,4700.0422832981,10400,7244.78843497265,15800000
"119","Kentucky",1982,3618000,111.415146489773,3616.7495854063,319.237147595357,3297.51243781095,16200,6896.90254524901,14200000
"120","Louisiana",1982,4299000,254.245173296115,5389.02070248895,678.878809025355,4710.1418934636,22700,32081.1467888052,21400000
"121","Maine",1982,1133000,97.9699911738747,3859.75286849073,163.018534863195,3696.73433362754,13700,1099.55118451218,13500000
"122","Maryland",1982,4190000,277.255369928401,6120,865.250596658711,5254.74940334129,12300,22710.5784046902,23700000
"123","Massachusetts",1982,5748000,75.4001391788448,5535.33402922756,574.652052887961,4960.6819763396,10300,4568.7189553337,20600000
"124","Michigan",1982,9117000,163.573543928924,6778.55654272239,655.983327849073,6122.57321487331,16200,14189.754457944,25200000
"125","Minnesota",1982,4120000,50.5097087378641,4468.68932038835,219.95145631068,4248.73786407767,13300,2315.05192713424,18700000
"126","Mississippi",1982,2454000,223.471882640587,3713.8141809291,306.234718826406,3407.57946210269,22900,35920.5553241679,12600000
"127","Missouri",1982,4798000,155.168820341809,5105.58566069196,522.676115047937,4582.90954564402,14600,10823.087665693,19400000
"128","Montana",1982,793000,115.258511979823,4376.92307692308,227.112232030265,4149.81084489281,17000,6199.84743066231,17600000
"129","National",1982,228794000,180.864008671556,5670.77370910076,577.982814234639,5092.79089486612,14983.7845398044,282.702821474497,19250000
"130","Nebraska",1982,1582000,109.92414664981,3960.80910240202,230.151706700379,3730.65739570164,13600,3450.63276199512,15100000
"131","Nevada",1982,897000,306.911928651059,7760.08918617614,791.08138238573,6969.00780379041,7800,10119.8633693147,26500000
"132","New Hampshire",1982,943000,47.1898197242842,3861.71792152704,125.874867444327,3735.84305408271,10300,760.941673020196,16400000
"133","New Jersey",1982,7367000,111.185014252749,5730.8402334736,613.207547169811,5117.63268630379,12200,14405.0438018831,25600000
"134","New Mexico",1982,1355000,126.789667896679,6627.15867158672,736.678966789668,5890.47970479705,22400,16131.2489332886,21700000
"135","New York",1982,17660000,158.238958097395,6467.73499433749,989.994337485844,5477.74065685164,14800,16451.6116233204,30700000
"136","North Carolina",1982,5928000,279.504048582996,4612.98920377868,453.188259109312,4159.80094466937,20300,22442.0073836853,15200000
"137","North Dakota",1982,658000,48.936170212766,2696.35258358663,62.9179331306991,2633.43465045593,12900,3677.03359231671,13800000
"138","Ohio",1982,10710000,161.690009337068,4972.8664799253,440.018674136321,4532.84780578898,12800,11645.0754936989,18800000
"139","Oklahoma",1982,3111000,208.936033429765,5333.2369013179,453.326904532305,4879.9099967856,15400,10011.8955868048,15500000
"140","Oregon",1982,2557000,152.522487289793,6803.79350801721,489.988267500978,6313.80524051623,13900,6578.24628105292,2.2e+07
"141","Pennsylvania",1982,11620000,90.4302925989673,3525.55938037866,368.046471600688,3157.51290877797,13500,10499.647996518,18100000
"142","Rhode Island",1982,942000,110.084925690021,5455.2016985138,408.59872611465,5046.60297239915,13300,4603.74322890762,21200000
"143","South Carolina",1982,3301000,276.794910633141,5201.99939412299,698.606482883975,4503.39291123902,21200,32385.0049020303,13200000
"144","South Dakota",1982,677000,116.838995568685,2699.55686853767,101.033973412112,2598.52289512555,16800,7281.54258962727,13500000
"145","Tennessee",1982,4679000,168.176960889079,4387.2194913443,418.593716606112,3968.62577473819,23600,21582.4508196168,15400000
"146","Texas",1982,15150000,238.607260726073,6356.28382838284,582.03300330033,5774.25082508251,16200,12768.6587643454,16300000
"147","Utah",1982,1575000,77.2063492063492,5262.92063492064,281.904761904762,4981.01587301587,14500,2652.60588177674,19300000
"148","Vermont",1982,519000,115.414258188825,4664.73988439306,126.204238921002,4538.53564547206,12900,520.775507426562,14500000
"149","Virginia",1982,5329000,189.134922124226,4385.11915931695,318.446237568024,4066.67292174892,12500,20457.7440617057,17600000
"150","Washington",1982,4259000,147.076778586523,6261.56374735854,405.04813336464,5856.5156139939,12900,7725.23619995471,2e+07
"151","West Virginia",1982,1951000,79.2926704254229,2507.38083034341,174.525884161968,2332.85494618145,24800,2771.97944145806,10800000
"152","Wisconsin",1982,4733000,99.5985632791042,4469.13162898796,191.781111345869,4277.35051764209,9500,4772.38512812591,26400000
"153","Wyoming",1982,481000,145.945945945946,5013.72141372141,317.463617463617,4696.2577962578,12000,2568.17748408066,3.1e+07
"154","Alabama",1983,3950000,249.518987341772,4110.40506329114,416.987341772152,3693.41772151899,23000,23403.882319669,15600000
"155","Alaska",1983,486000,335.59670781893,5931.89300411523,604.938271604938,5326.95473251029,12600,24011.410584983,68400000
"156","Arizona",1983,2875000,239.617391304348,6587.2,509.286956521739,6077.91304347826,16300,5827.07893253556,28800000
"157","Arkansas",1983,2283000,185.983355234341,3569.55759964958,303.547963206307,3266.00963644328,21500,19470.085200174,11600000
"158","California",1983,25170000,156.428287644021,6678.49821215733,772.709574890743,5905.78863726659,14900,16683.7490703319,29500000
"159","Colorado",1983,3083000,105.22218618229,6747.48621472592,485.0794680506,6262.40674667532,12600,5914.26695083267,24300000
"160","Connecticut",1983,3149000,173.832962845348,4960.4318831375,373.674182280089,4586.75770085741,8800,10224.4645331625,21600000
"161","Delaware",1983,602000,365.116279069767,5502.32558139535,456.146179401993,5046.17940199335,8600,18924.8762555197,23800000
"162","Florida",1983,10850000,242.709677419355,6674.89400921659,813.751152073733,5861.14285714286,14700,16342.4465111636,26700000
"163","Georgia",1983,5581000,275.183658842501,4627.14567281849,469.073642716359,4158.07203010213,18800,26031.877192715,17300000
"164","Hawaii",1983,998000,170.340681362725,5955.11022044088,258.416833667335,5696.69338677355,12900,67777.8443856272,23400000
"165","Idaho",1983,980000,121.122448979592,3901.32653061225,240.918367346939,3660.40816326531,17700,2383.53272715934,16500000
"166","Illinois",1983,11350000,137.400881057269,5607.80616740088,736.819383259912,4870.98678414097,14300,15962.549871633,26600000
"167","Indiana",1983,5382000,172.723894463025,4204.23634336678,288.870308435526,3915.36603493125,16100,8680.17865684957,14300000
"168","Iowa",1983,2828000,99.5049504950495,4025.77793493635,186.067892503536,3839.71004243281,16700,2481.36669971276,1.7e+07
"169","Kansas",1983,2369000,156.395103419164,4636.85099197974,334.27606585057,4302.57492612917,13600,6879.59980164338,16900000
"170","Kentucky",1983,3752000,127.212153518124,3400.02665245203,318.949893390192,3081.07675906183,17900,9404.87517583878,11500000
"171","Louisiana",1983,4360000,293.853211009174,5116.51376146789,652.385321100917,4464.12844036697,21500,29643.1990708455,23500000
"172","Maine",1983,1157000,93.5177182368194,3646.15384615385,158.081244598099,3488.07260155575,12400,1242.91848565128,1.3e+07
"173","Maryland",1983,4112000,306.833657587549,5607.10116731518,844.747081712062,4762.35408560311,8700,24653.7024100733,24400000
"174","Massachusetts",1983,5731000,78.2062467283197,5042.24393648578,580.42226487524,4461.82167161054,7700,3872.76536507124,2.2e+07
"175","Michigan",1983,9056000,160.225265017668,6486.78224381625,717.678886925795,5769.10335689046,16800,12983.2188675506,25600000
"176","Minnesota",1983,4138000,51.0633156114065,4040.04349927501,191.130981150314,3848.9125181247,12100,2899.28468241524,19400000
"177","Mississippi",1983,2481000,225.151148730351,3345.22370012092,292.42241031842,3052.8012898025,27000,34007.2102119595,12500000
"178","Missouri",1983,4837000,167.521190820757,4654.45524085177,490.345255323548,4164.10998552822,16700,11087.4920941545,20100000
"179","Montana",1983,810000,111.481481481481,4684.56790123457,214.444444444444,4470.12345679012,15400,7874.85497276679,18300000
"180","National",1983,231109000,189.02552475239,5239.35891722088,544.369539914067,4694.98937730681,15220.0909527539,286.242561755686,17950000
"181","Nebraska",1983,1577000,103.297400126823,3835.70069752695,220.481927710843,3615.21876981611,15200,3804.15639020138,15800000
"182","Nevada",1983,885000,360.225988700565,6746.77966101695,659.661016949153,6087.1186440678,9700,8577.70124849086,34200000
"183","New Hampshire",1983,938000,51.0660980810235,3431.44989339019,127.931769722815,3303.51812366738,8100,449.08419000725,17500000
"184","New Jersey",1983,7451000,123.365991142129,5175.14427593612,554.341699100792,4620.80257683532,11100,13621.2615713463,29400000
"185","New Mexico",1983,1385000,142.743682310469,6410.32490974729,693.718411552347,5716.60649819495,24500,18291.4278449517,23100000
"186","New York",1983,17580000,173.549488054608,5931.803185438,918.594994311718,5013.20819112628,16000,16740.1765464093,32300000
"187","North Carolina",1983,5890000,261.375212224109,4320.05093378608,422.937181663837,3897.11375212224,15800,26097.6021595249,16400000
"188","North Dakota",1983,685000,59.8540145985401,2655.91240875912,53.2846715328467,2602.62773722628,15000,4294.0418826251,13700000
"189","Ohio",1983,10680000,168.604868913858,4532.96816479401,400.365168539326,4132.60299625468,13400,11534.4853559654,19500000
"190","Oklahoma",1983,3259000,229.51825713409,4988.12519177662,428.474992328935,4559.65019944768,17000,11604.8232262442,1.7e+07
"191","Oregon",1983,2597000,152.175587216018,6407.31613400077,500.038505968425,5907.27762803235,16100,5977.70178032149,22300000
"192","Pennsylvania",1983,11640000,101.091065292096,3265.48969072165,350.360824742268,2915.12886597938,15400,10161.9338651977,18400000
"193","Rhode Island",1983,971000,119.155509783728,4922.96601441813,349.330587023687,4573.63542739444,14500,2387.56681793895,21200000
"194","South Carolina",1983,3295000,290.62215477997,4726.03945371775,611.016691957511,4115.02276176024,20800,35541.0616118541,14100000
"195","South Dakota",1983,689000,119.88388969521,2588.24383164006,121.915820029028,2466.32801161103,18400,6234.88159167913,14900000
"196","Tennessee",1983,4663000,175.873900922153,4030.58117092001,403.945957538066,3626.63521338194,20000,19908.8529552268,14900000
"197","Texas",1983,15590000,226.164207825529,5958.03720333547,516.651699807569,5441.3855035279,16000,13244.2171377967,17800000
"198","Utah",1983,1591000,80.0754242614708,5207.98240100566,260.46511627907,4947.51728472659,13500,4499.81607162456,2e+07
"199","Vermont",1983,531000,93.5969868173258,4086.06403013183,131.073446327684,3954.99058380414,15600,1105.44410824104,1.6e+07
"200","Virginia",1983,5448000,185.260646108664,4035.75624082232,298.017621145374,3737.73861967695,11300,19902.2000789272,1.8e+07
"201","Washington",1983,4274000,155.779129620964,6114.71689284043,374.029012634534,5740.6878802059,10800,6980.23874252333,20900000
"202","West Virginia",1983,1898000,84.8788198103267,2504.37302423604,177.81875658588,2326.55426765016,22100,3140.62447113415,11200000
"203","Wisconsin",1983,4736000,102.30152027027,4269.1722972973,191.511824324324,4077.66047297297,10700,5137.19975993217,25900000
"204","Wyoming",1983,486000,148.353909465021,4245.06172839506,250.82304526749,3994.23868312757,12600,3627.091609745,3.4e+07
"205","Alabama",1984,3875000,270.503225806452,4017.83225806452,443.974193548387,3573.85806451613,19100,22951.8299427754,14800000
"206","Alaska",1984,507000,387.968441814596,6030.76923076923,613.01775147929,5417.75147928994,9600,18740.2072703059,69500000
"207","Arizona",1984,3133000,250.398978614746,6333.41844877115,502.904564315353,5830.51388445579,18200,5951.91189992609,29400000
"208","Arkansas",1984,2364000,189.593908629442,3346.15059221658,319.331641285956,3026.81895093063,23900,18137.4901016438,11900000
"209","California",1984,25600000,168.73828125,6473.90625,764.01953125,5709.88671875,13200,17107.079536984,30800000
"210","Colorado",1984,3067000,105.347244864689,6705.31463971307,474.339745679817,6230.97489403326,8900,5410.78197002509,25100000
"211","Connecticut",1984,3152000,181.408629441624,4631.82106598985,394.098984771574,4237.72208121827,6900,11981.6466147772,22500000
"212","Delaware",1984,611000,360.392798690671,5023.24058919804,437.152209492635,4586.0883797054,10300,16463.5513601246,23700000
"213","Florida",1984,11190000,240.518319928508,6690.78641644325,851.385165326184,5839.40125111707,15100,17906.9155121633,27300000
"214","Georgia",1984,5822000,264.582617657162,4509.72174510477,479.817931982137,4029.90381312264,16900,28471.5776614322,16900000
"215","Hawaii",1984,997000,197.091273821464,5715.34603811434,241.624874623872,5473.72116349047,9300,65747.233050662,22800000
"216","Idaho",1984,992000,126.310483870968,3704.93951612903,237.399193548387,3467.54032258064,17300,3222.59660385981,1.7e+07
"217","Illinois",1984,11650000,146.901287553648,5240.90128755365,716.231759656652,4524.669527897,15000,15910.4197776161,26600000
"218","Indiana",1984,5419000,172.135080273113,3986.69496217014,309.669680752906,3677.02528141724,12900,8442.76440109725,13200000
"219","Iowa",1984,2876000,98.6091794158554,3844.43671766342,201.008344923505,3643.42837273992,14600,2838.69589875366,1.7e+07
"220","Kansas",1984,2420000,175.371900826446,4371.61157024793,336.652892561983,4034.95867768595,10700,6521.929105648,17400000
"221","Kentucky",1984,3721000,129.535071217415,2960.09137328675,277.936038699274,2682.15533458748,19100,9561.0470887332,14700000
"222","Louisiana",1984,4304000,317.35594795539,5298.07156133829,702.85780669145,4595.21375464684,20600,27895.7921028643,23700000
"223","Maine",1984,1167000,88.4318766066838,3494.08740359897,156.983718937446,3337.10368466152,13000,771.151946936654,13900000
"224","Maryland",1984,4106000,319.629810034096,5523.13687286897,839.137847053093,4683.99902581588,8700,24025.7775226946,25100000
"225","Massachusetts",1984,5845000,83.5414884516681,4551.53122326775,519.45252352438,4032.07869974337,8900,4340.78602702646,22500000
"226","Michigan",1984,8962000,162.95469761214,6638.67440303504,769.683106449453,5868.99129658558,16700,13719.9657516561,25400000
"227","Minnesota",1984,4164000,52.0413064361191,3839.67339097022,211.383285302594,3628.29010566763,9100,3808.07246511978,19600000
"228","Mississippi",1984,2504000,244.209265175719,3174.72044728435,292.571884984026,2882.14856230032,25100,34284.4192677638,13200000
"229","Missouri",1984,4958000,176.885841064946,4340.338846309,465.328761597418,3875.01008471158,14500,9204.67828135675,20200000
"230","Montana",1984,836000,115.311004784689,4585.88516746411,234.210526315789,4351.67464114833,13800,5748.28872823816,17200000
"231","National",1984,233206000,198.108968036843,5094.96110734715,545.990240388326,4548.97086695883,14394.9984134199,279.531937982509,38975000
"232","Nebraska",1984,1608000,102.922885572139,3492.10199004975,225.559701492537,3266.54228855721,13300,4093.06082944932,16700000
"233","Nevada",1984,962000,362.577962577963,6213.20166320166,595.218295218295,5617.98336798337,10500,12467.3478078487,33900000
"234","New Hampshire",1984,958000,60.6471816283925,3199.89561586639,136.534446764092,3063.3611691023,7100,1447.32454019887,1.8e+07
"235","New Jersey",1984,7511000,137.97097590201,4858.07482359207,528.012248701904,4330.06257489016,10100,14578.9928463671,27500000
"236","New Mexico",1984,1437000,148.155880306193,6186.91718858733,681.837160751566,5505.08002783577,19500,16342.105427073,22700000
"237","New York",1984,17560000,188.547835990888,5632.83599088838,923.445330296128,4709.39066059226,16000,17340.6636008209,33900000
"238","North Carolina",1984,5900000,277.474576271186,4225.79661016949,421.779661016949,3804.01694915254,14600,25099.0194897346,16300000
"239","North Dakota",1984,683000,63.2503660322108,2594.72913616398,53.8799414348463,2540.84919472914,15400,4231.74639284889,14600000
"240","Ohio",1984,10620000,175.320150659134,4326.18644067797,390.112994350283,3936.07344632768,13500,11601.631119816,20400000
"241","Oklahoma",1984,3200000,246,5042.34375,419.9375,4622.40625,13300,11550.4509271322,16300000
"242","Oregon",1984,2593000,162.900115696105,6438.71962977246,521.905129193984,5916.81450057848,12800,4219.37290161979,23300000
"243","Pennsylvania",1984,11720000,111.689419795222,3106.7747440273,325.546075085324,2781.22866894198,15600,9984.54012031904,18400000
"244","Rhode Island",1984,946000,129.06976744186,4854.75687103594,340.380549682875,4514.37632135307,12800,5499.33896804491,22600000
"245","South Carolina",1984,3258000,303.621853898097,4723.05095150399,632.504604051565,4090.54634745242,17200,34782.2556674419,14100000
"246","South Dakota",1984,691000,133.28509406657,2669.17510853835,150.651230101302,2518.52387843705,14500,5760.09844889378,15300000
"247","Tennessee",1984,4603000,158.74429719748,3985.92222463611,456.44145122746,3529.48077340865,17400,17903.2826089451,14600000
"248","Texas",1984,15640000,234.539641943734,6164.50127877238,516.221227621483,5648.28005115089,15700,12784.8980834785,18700000
"249","Utah",1984,1647000,91.317547055252,4780.69216757741,244.990892531876,4535.70127504554,11100,5187.45645648812,19500000
"250","Vermont",1984,514000,97.4708171206226,4091.43968871595,149.610894941634,3941.82879377432,12600,1342.88668665511,15800000
"251","Virginia",1984,5563000,194.840913176344,3833.20150997663,299.478698543951,3533.72281143268,10000,19557.1009667223,18300000
"252","Washington",1984,4242000,160.796793965111,6255.61056105611,416.690240452617,5838.92032060349,11300,7864.80548536571,21600000
"253","West Virginia",1984,1922000,82.1540062434964,2372.32049947971,170.811654526535,2201.50884495317,20400,2695.65877747712,1.1e+07
"254","Wisconsin",1984,4698000,105.874840357599,4232.67347807578,199.382716049383,4033.29076202639,15500,4277.33909849936,25300000
"255","Wyoming",1984,488000,148.360655737705,3856.35245901639,253.483606557377,3602.86885245902,10900,2107.26415006445,38200000
"256","Alabama",1985,3981000,276.689274051746,3981.73825671942,462.145189650841,3519.59306706858,20600,21390.3967617201,15400000
"257","Alaska",1985,510000,456.666666666667,6003.72549019608,594.313725490196,5409.41176470588,8700,21910.2497480766,65700000
"258","Arizona",1985,3227000,264.36318562132,7027.98264642082,595.041834521227,6432.9408118996,10700,6639.07340726186,30200000
"259","Arkansas",1985,2364000,195.05076142132,3577.45346869712,346.827411167513,3230.62605752961,22900,20910.5956175413,13500000
"260","California",1985,26460000,189.561602418745,6494.60695389267,762.520786092215,5732.08616780045,13600,15887.3129827388,32600000
"261","Colorado",1985,3176000,106.612090680101,7038.88539042821,479.18765743073,6559.69773299748,10200,5787.29531214358,2.6e+07
"262","Connecticut",1985,3111000,197.653487624558,4800.06428801029,410.093217614915,4389.97107039537,7600,9372.01520243198,23800000
"263","Delaware",1985,624000,409.134615384615,4945.35256410256,431.891025641026,4513.46153846154,11400,17492.9327358619,24600000
"264","Florida",1985,11540000,247.833622183709,7460.04332755633,926.958405545927,6533.0849220104,13400,19178.9125247927,27900000
"265","Georgia",1985,5867000,277.177433100392,5205.0622123743,516.635418442134,4688.42679393216,17700,27377.821480035,17100000
"266","Hawaii",1985,1018000,207.367387033399,5384.47937131631,227.21021611002,5157.26915520629,10700,68098.7577107283,23900000
"267","Idaho",1985,996000,134.939759036145,3943.3734939759,236.947791164659,3706.42570281125,16000,4014.1194095111,18400000
"268","Illinois",1985,11740000,158.722316865417,5218.50936967632,702.282793867121,4516.2265758092,15600,16622.7587971099,27200000
"269","Indiana",1985,5302000,189.664277631083,4059.486986043,320.897774424745,3738.58921161826,12000,8831.7747699062,13800000
"270","Iowa",1985,2815000,95.4529307282416,4039.53818827709,216.909413854352,3822.62877442274,17900,3302.23451712667,17800000
"271","Kansas",1985,2395000,197.578288100209,4475.57411273486,363.9248434238,4111.64926931106,13800,5446.48278655356,18200000
"272","Kentucky",1985,3650000,136.465753424658,3008.54794520548,311.890410958904,2696.65753424658,19400,8991.2929794354,14100000
"273","Louisiana",1985,4322000,321.378991207774,5768.23229986118,719.759370661731,5048.47292919944,18100,32132.6887238206,25200000
"274","Maine",1985,1129000,116.651904340124,3785.56244464128,172.719220549159,3612.84322409212,11900,806.171959800826,14400000
"275","Maryland",1985,4209000,308.980755523877,5606.3910667617,870.871941078641,4735.51912568306,8700,23270.4752459786,26200000
"276","Massachusetts",1985,5899000,91.3714188845567,4695.69418545516,531.174775385659,4164.5194100695,9200,4687.42583165454,2.3e+07
"277","Michigan",1985,9051000,196.166169484035,6392.28814495636,737.089824328804,5655.19832062756,14500,14613.0796265895,25400000
"278","Minnesota",1985,4146000,56.5123010130246,4181.09020742885,259.310178485287,3921.78002894356,12600,4922.32517544852,20700000
"279","Mississippi",1985,2564000,249.297971918877,3328.12012480499,276.092043681747,3052.02808112325,25100,38121.9985218741,13500000
"280","Missouri",1985,5011000,195.489922171223,4381.72021552584,505.308321692277,3876.41189383357,13700,11126.163439092,20300000
"281","Montana",1985,835000,135.209580838323,4500.23952095808,206.22754491018,4294.0119760479,16000,7673.01120767085,17900000
"282","National",1985,235994000,212.932108443435,5267.23433646618,562.62743968067,4704.60689678551,13957.1345034196,284.925330145566,34425000
"283","Nebraska",1985,1589000,114.159848961611,3734.10950283197,240.465701699182,3493.64380113279,14800,4184.8650257867,17100000
"284","Nevada",1985,968000,389.566115702479,6357.23140495868,645.04132231405,5712.19008264463,14400,14022.5715702953,33900000
"285","New Hampshire",1985,988000,69.1295546558704,3284.81781376518,142.206477732794,3142.61133603239,6000,1088.17978446138,17700000
"286","New Jersey",1985,7608000,148.987907465825,5063.60410094637,541.167192429022,4522.43690851735,8300,15016.4304029972,28900000
"287","New Mexico",1985,1447000,159.84796129924,6499.65445749827,705.390463026952,5794.26399447132,18500,14695.6059025693,24400000
"288","New York",1985,17670000,195.285795132994,5624.28409734012,935.851726089417,4688.43237125071,15800,17761.3446199244,36400000
"289","North Carolina",1985,6073000,285.591964432735,4244.88720566442,433.508974147868,3811.37823151655,14200,22085.7507654765,17200000
"290","North Dakota",1985,681000,61.9676945668135,2695.15418502203,47.2834067547724,2647.87077826725,15900,4495.35959060202,13700000
"291","Ohio",1985,10630000,196.274694261524,4232.19190968956,385.700846660395,3846.49106302916,12800,11060.6454679933,20500000
"292","Oklahoma",1985,3280000,253.963414634146,5459.75609756098,424.69512195122,5035.06097560976,16000,12500.3792123412,17300000
"293","Oregon",1985,2671000,163.833770123549,6770.1235492325,554.361662298764,6215.76188693373,11900,6192.75630869135,2.3e+07
"294","Pennsylvania",1985,11550000,123.177489177489,3117.12554112554,339.74025974026,2777.38528138528,10500,10609.1972000951,18700000
"295","Rhode Island",1985,933000,139.978563772776,4900.64308681672,359.592711682744,4541.05037513398,9000,5360.67564456241,23700000
"296","South Carolina",1985,3219000,326.498912705809,5033.02267785026,656.135445790618,4376.88723205965,15200,29585.2262311213,14700000
"297","South Dakota",1985,689000,152.249637155298,2713.64296081277,140.348330914369,2573.2946298984,17300,7896.87718380973,14900000
"298","Tennessee",1985,4619000,154.297466984196,4295.71335786967,489.11019701234,3806.60316085733,18100,16528.744563761,16100000
"299","Texas",1985,16230000,231.250770178681,6625.35428219347,554.713493530499,6070.64078866297,15900,13522.4477492152,19900000
"300","Utah",1985,1652000,98.8498789346247,5294.79418886199,266.222760290557,5028.57142857143,10900,3164.09357599262,20500000
"301","Vermont",1985,524000,129.198473282443,3969.65648854962,150.763358778626,3818.89312977099,9200,646.011663744031,16400000
"302","Virginia",1985,5567000,216.867253457877,3873.43272857913,302.01185557751,3571.42087300162,10000,21867.2398171039,19500000
"303","Washington",1985,4371000,158.293296728437,6585.58682223747,429.123770304278,6156.4630519332,12000,8274.18816177967,21400000
"304","West Virginia",1985,1894000,91.0770855332629,2302.79831045407,169.693769799366,2133.1045406547,22300,2825.22363336596,11600000
"305","Wisconsin",1985,4693000,115.597698700192,4086.89537609205,210.526315789474,3876.36906030258,11600,8179.13130627866,26500000
"306","Wyoming",1985,506000,150.592885375494,4038.93280632411,258.300395256917,3780.63241106719,12000,2236.37176685395,32800000
"307","Alabama",1986,4025000,290.931677018634,4318.18633540373,561.888198757764,3756.29813664596,23800,23966.4829842617,16500000
"308","Alaska",1986,517000,475.822050290135,6451.25725338491,589.168278529981,5862.08897485493,11400,25100.3622437362,52100000
"309","Arizona",1986,3386000,278.617838157118,7172.17956290608,644.861193148257,6527.31836975783,14300,7209.80684235814,30700000
"310","Arkansas",1986,2342000,200.725875320239,3974.97865072588,399.871904355252,3575.10674637062,21300,20476.5052092379,13500000
"311","California",1986,27080000,219.660265878877,6738.06868537666,917.171344165436,5820.89734121123,12700,15625.639853818,34600000
"312","Colorado",1986,3157000,120.494140006335,7276.87678175483,541.811846689895,6735.06493506494,13500,8080.9970037832,29100000
"313","Connecticut",1986,3125000,220.96,4927.648,434.496,4493.152,6000,7503.50542987891,25800000
"314","Delaware",1986,639000,443.348982785602,4786.22848200313,423.004694835681,4363.22378716745,12400,18653.5444016922,26500000
"315","Florida",1986,11780000,273.658743633277,8155.04244482173,1027.27504244482,7127.76740237691,11400,17555.709561557,29600000
"316","Georgia",1986,6023000,280.956334052798,5528.78963971443,595.533787149261,4933.25585256517,14600,33053.265393279,18600000
"317","Hawaii",1986,1024000,212.890625,5881.8359375,254.296875,5627.5390625,10700,67302.6727788733,25600000
"318","Idaho",1986,973000,148.818088386434,4336.69064748201,229.393627954779,4107.29701952724,18500,1629.25165429628,18300000
"319","Illinois",1986,11450000,169.921397379913,5604.93449781659,816.192139737991,4788.7423580786,13300,17802.0617569406,28100000
"320","Indiana",1986,5312000,191.547439759036,3994.16415662651,318.844126506024,3675.32003012048,12700,9128.53746877943,14600000
"321","Iowa",1986,2907000,95.5280357757138,4070.72583419333,230.581355349157,3840.14447884417,12900,2167.01736535097,18200000
"322","Kansas",1986,2433000,219.687628442252,4878.05178791615,373.037402383888,4505.01438553226,11100,8723.91198783831,19600000
"323","Kentucky",1986,3560000,148.539325842697,3238.11797752809,350.196629213483,2887.92134831461,17700,8114.57842769673,14900000
"324","Louisiana",1986,4338000,329.64499769479,6306.40848317197,786.721991701245,5519.68649147072,22000,30612.1375806457,25700000
"325","Maine",1986,1127000,116.770186335404,3605.5900621118,153.149955634428,3452.44010647737,10200,622.014719009352,15300000
"326","Maryland",1986,4504000,295.870337477798,5550.79928952043,825.421847246892,4725.37744227353,9200,22625.1539921037,27600000
"327","Massachusetts",1986,5846000,96.4078002052686,4712.0253164557,555.525145398563,4156.50017105713,9200,5766.30161766465,25200000
"328","Michigan",1986,9112000,227.633889376646,6514.96927129061,806.815188762072,5708.15408252853,13900,15175.8562194982,27400000
"329","Minnesota",1986,4131000,59.598160251755,4449.84265311063,290.268700072622,4159.57395303801,12500,3695.09186571929,21600000
"330","Mississippi",1986,2610000,258.505747126437,3364.29118773946,275.708812260536,3088.58237547893,26600,38945.7285519644,14200000
"331","Missouri",1986,4998000,206.262505002001,4717.34693877551,586.434573829532,4130.91236494598,14400,11266.6930893268,21300000
"332","Montana",1986,823000,134.993924665857,4457.10814094775,156.622114216282,4300.48602673147,16500,6176.5867652982,1.9e+07
"333","National",1986,237953000,229.025059570587,5552.3019251701,625.824847764054,4926.47707740604,13571.587666472,284.809505793607,54750000
"334","Nebraska",1986,1617000,126.406926406926,3810.38961038961,259.492888064317,3550.89672232529,13600,4034.73213757316,17700000
"335","Nevada",1986,1010000,450.594059405941,5997.0297029703,685.445544554455,5311.58415841584,8100,12005.9085706881,35100000
"336","New Hampshire",1986,1002000,78.0439121756487,3413.17365269461,143.013972055888,3270.15968063872,3700,791.267247598803,18100000
"337","New Jersey",1986,7624000,157.660020986359,5238.54931794334,572.179958027282,4666.36935991605,8900,15179.502435893,3.1e+07
"338","New Mexico",1986,1434000,168.479776847978,6833.82147838215,748.326359832636,6085.49511854951,21300,11875.2386906845,24700000
"339","New York",1986,17590000,218.584422967595,5827.38487777146,996.077316657192,4831.30756111427,13200,17947.5839520923,38700000
"340","North Carolina",1986,6178000,286.468112657818,4439.12269342829,487.665911298155,3951.45678213014,14300,21873.8841220812,17700000
"341","North Dakota",1986,651000,64.6697388632873,2717.51152073733,53.4562211981567,2664.05529953917,13500,3668.37472052871,14300000
"342","Ohio",1986,10700000,209.934579439252,4379.8785046729,422.990654205607,3956.88785046729,12800,10801.2539237915,21400000
"343","Oklahoma",1986,3184000,304.899497487437,6242.61934673367,452.983668341709,5789.63567839196,14700,16886.1437138054,18100000
"344","Oregon",1986,2702000,176.535899333827,7070.20725388601,548.852701702443,6521.35455218357,12300,6546.08632500162,23800000
"345","Pennsylvania",1986,11780000,129.040747028862,3130.54329371817,361.876061120543,2768.66723259762,10100,9597.26192103026,19200000
"346","Rhode Island",1986,953000,142.497376705142,5015.63483735572,343.231899265477,4672.40293809024,9100,3805.3953839043,24300000
"347","South Carolina",1986,3288000,355.109489051095,5278.01094890511,693.096107055961,4584.91484184915,17300,30449.9693485567,16200000
"348","South Dakota",1986,697000,155.093256814921,2758.82352941176,126.685796269727,2632.13773314204,17000,6369.92967487322,15900000
"349","Tennessee",1986,4650000,163.247311827957,4683.44086021505,557.397849462366,4126.04301075269,18300,19082.1266470625,16600000
"350","Texas",1986,16370000,235.394013439218,7549.30971288943,671.502748930971,6877.80696395846,17300,13220.3565187447,20500000
"351","Utah",1986,1659000,107.052441229656,5498.19168173599,267.691380349608,5230.50030138638,12600,2817.81886407091,21300000
"352","Vermont",1986,529000,131.758034026465,4067.10775047259,152.551984877127,3914.55576559546,11000,747.166210398934,16500000
"353","Virginia",1986,5624000,229.907539118065,3971.65718349929,314.864864864865,3656.79231863442,9700,20526.3456169499,20800000
"354","Washington",1986,4369000,151.13298237583,7027.6951247425,446.440833142596,6581.25429159991,12900,10219.9116622612,2.3e+07
"355","West Virginia",1986,1927000,76.3881681370005,2307.05760249092,163.77789309808,2143.27970939284,22400,2800.34970745119,11500000
"356","Wisconsin",1986,4697000,122.120502448371,4173.53629976581,262.699595486481,3910.83670427933,10700,7009.88232385411,26300000
"357","Wyoming",1986,496000,173.588709677419,4453.83064516129,299.596774193548,4154.23387096774,14600,2476.85883755674,35200000
"358","Alabama",1987,3989000,321.559288042116,4556.30483830534,572.399097518175,3983.90574078717,21300,28223.2333585018,1.7e+07
"359","Alaska",1987,499000,506.613226452906,5657.71543086172,479.158316633267,5178.55711422846,12000,25648.6457878257,52800000
"360","Arizona",1987,3459000,316.50766117375,7036.86036426713,599.653078924545,6437.20728534258,12800,7199.45008452068,33300000
"361","Arkansas",1987,2468000,220.461912479741,4107.61750405186,398.662884927066,3708.9546191248,21800,18422.6870760817,13600000
"362","California",1987,27880000,240.225968436155,6455.77833572453,910.842898134864,5544.93543758967,12300,15770.5959662217,37200000
"363","Colorado",1987,3184000,151.005025125628,6678.20351758794,483.951005025126,6194.25251256281,12500,7766.33862800168,30400000
"364","Connecticut",1987,3127000,240.198273105213,5129.93284298049,430.284617844579,4699.64822513591,6600,7197.13963426235,27100000
"365","Delaware",1987,637000,468.131868131868,4993.09262166405,435.478806907378,4557.61381475667,6600,18309.0141393881,26300000
"366","Florida",1987,12260000,264.641109298532,8338.78466557912,1004.63295269168,7334.15171288744,12400,16308.8620904513,31900000
"367","Georgia",1987,6049000,307.075549677633,5957.66242354108,592.957513638618,5364.70490990246,14600,32285.739165693,19400000
"368","Hawaii",1987,1086000,208.471454880295,5801.84162062615,262.523020257827,5539.31860036832,8800,70863.9606386221,26600000
"369","Idaho",1987,991000,144.803229061554,4185.67103935419,215.741675075681,3969.92936427851,15100,1629.45784171441,18700000
"370","Illinois",1987,11500000,172.608695652174,5455.14782608696,801.878260869565,4653.26956521739,14400,17219.0665074974,29400000
"371","Indiana",1987,5398000,200.574286772879,4221.26713597629,336.587625046313,3884.67951092997,11100,9310.78441682416,1.5e+07
"372","Iowa",1987,2892000,98.582295988935,4057.19225449516,226.590594744122,3830.60165975104,14500,2650.09327018819,18600000
"373","Kansas",1987,2435000,237.41273100616,4986.4476386037,366.817248459959,4619.63039014374,9200,8213.2014015925,19400000
"374","Kentucky",1987,3666000,175.586470267321,3324.41352973268,343.398799781779,2981.0147299509,17300,9531.39497754719,15400000
"375","Louisiana",1987,4268000,360.238987816307,6138.84723523899,724.367385192127,5414.47985004686,25100,29087.5928961564,25100000
"376","Maine",1987,1144000,113.548951048951,3665.03496503496,157.867132867133,3507.16783216783,11700,759.627032508437,15900000
"377","Maryland",1987,4558000,295.458534444932,5449.95612110575,763.931548924967,4686.02457218078,9200,26109.1459144972,2.9e+07
"378","Massachusetts",1987,5845000,107.236954662104,4741.91616766467,565.611633875107,4176.30453378956,8200,6158.67713918209,26900000
"379","Michigan",1987,8973000,266.120583974145,6620.14933689959,799.866265463056,5820.28307143653,12200,15396.039334104,27400000
"380","Minnesota",1987,4294000,59.2920353982301,4564.18258034467,282.207731718677,4281.97484862599,11300,4428.81481473252,21400000
"381","Mississippi",1987,2553000,269.48687818253,3535.56600078339,277.359968664317,3258.20603211908,25000,39989.9606389604,14200000
"382","Missouri",1987,5100000,222.686274509804,4710.23529411765,544.941176470588,4165.29411764706,14000,10968.6263778714,21700000
"383","Montana",1987,798000,151.25313283208,4662.78195488722,153.258145363409,4509.52380952381,18000,7436.29736667148,1.8e+07
"384","National",1987,240397000,243.382404938498,5619.33301996281,617.311780097089,5002.02123986572,13367.4713078782,287.828322297346,50025000
"385","Nebraska",1987,1610000,129.565217391304,4090.49689440994,248.695652173913,3841.80124223602,11900,4793.5406604409,17200000
"386","Nevada",1987,1026000,432.163742690058,6253.41130604288,682.846003898635,5570.56530214425,10400,13790.2145982174,34200000
"387","New Hampshire",1987,1054000,82.258064516129,3381.30929791271,150,3231.30929791271,4800,552.506074488249,20300000
"388","New Jersey",1987,7503000,212.834866053579,5380.00799680128,553.205384512862,4826.80261228842,8300,15465.3232338221,3.2e+07
"389","New Mexico",1987,1443000,185.031185031185,6805.40540540541,653.291753291753,6152.11365211365,19400,9542.04285588292,25300000
"390","New York",1987,17470000,233.78362907842,6073.38866628506,1028.56897538638,5044.81969089868,14300,17550.6541055478,40700000
"391","North Carolina",1987,6183000,278.473233058386,4822.83681060974,502.00549894873,4320.83131166101,13800,22451.8501326848,18700000
"392","North Dakota",1987,655000,65.6488549618321,2906.56488549618,58.3206106870229,2848.24427480916,11400,4391.12326981017,14100000
"393","Ohio",1987,10800000,224.444444444444,4568.51851851852,420.703703703704,4147.81481481481,12700,10181.3981792147,22500000
"394","Oklahoma",1987,3209000,300.373948270489,6143.93892178249,425.802430663758,5718.13649111873,17000,14789.520380313,17300000
"395","Oregon",1987,2709000,201.439645625692,7007.56736803248,542.524916943522,6465.04245108896,14200,6073.03192171194,24300000
"396","Pennsylvania",1987,11770000,138.20730671198,3207.841971113,374.570943075616,2833.27102803738,10600,9563.35357408894,19500000
"397","Rhode Island",1987,974000,146.611909650924,5350.6160164271,364.168377823409,4986.4476386037,8100,5700.2550868298,24500000
"398","South Carolina",1987,3274000,386.805131337813,5399.93891264508,695.571166768479,4704.3677458766,15600,31764.8828451631,16700000
"399","South Dakota",1987,714000,158.683473389356,2659.24369747899,118.90756302521,2540.33613445378,15200,7532.69874835653,16200000
"400","Tennessee",1987,4679000,163.261380636888,4841.11989741398,553.537080572772,4287.58281684121,16900,18800.8241556077,17100000
"401","Texas",1987,16610000,233.720650210716,7805.65322095123,637.934978928356,7167.71824202288,17600,13897.4777144949,21500000
"402","Utah",1987,1689000,109.709887507401,5588.69153345175,228.596802841918,5360.09473060983,10200,2686.25350940654,21400000
"403","Vermont",1987,534000,142.134831460674,4383.14606741573,140.074906367041,4243.07116104869,9300,1139.77695647362,16200000
"404","Virginia",1987,5871000,226.89490717084,3981.74075966616,296.610458184296,3685.13030148186,9900,22971.6206930464,2.2e+07
"405","Washington",1987,4489000,136.578302517264,7093.69570060147,444.308309200267,6649.3873914012,10000,9954.44343902459,22500000
"406","West Virginia",1987,1889000,76.707252514558,2200,137.90365272631,2062.09634727369,21600,3587.62444075816,11400000
"407","Wisconsin",1987,4738000,129.653862389194,4230.16040523428,253.566905867455,3976.59349936682,9000,5918.6291240984,26700000
"408","Wyoming",1987,451000,203.10421286031,4379.82261640798,307.538802660754,4072.28381374723,10800,1947.15975404981,32600000
"409","Alabama",1988,4015000,314.072229140722,4688.94146948941,574.14694894147,4114.79452054795,19300,27799.2606324964,16900000
"410","Alaska",1988,480000,539.166666666667,5260,558.75,4701.25,11000,24410.6919765698,49700000
"411","Arizona",1988,3491000,346.462331710112,7417.78859925523,605.757662560871,6812.03093669436,14100,5604.72714447699,33600000
"412","Arkansas",1988,2446000,225.633687653312,4178.20932134097,418.52003270646,3759.68928863451,21600,21892.474224965,13200000
"413","California",1988,27860000,273.40631730079,6708.87293610912,940.100502512563,5768.77243359655,13200,15721.541352463,36600000
"414","Colorado",1988,3237000,178.097003398208,6279.48717948718,480.321285140562,5799.16589434662,12500,7808.60821439814,29100000
"415","Connecticut",1988,3199000,250.234448265083,5164.55142231948,461.362925914348,4703.18849640513,4000,8506.95136074512,29500000
"416","Delaware",1988,659000,485.128983308043,4806.37329286798,452.352048558422,4354.02124430956,8600,14392.7965267129,29100000
"417","Florida",1988,12500000,277.856,8849.696,1106.744,7742.952,13600,17713.1447284367,31600000
"418","Georgia",1988,6230000,301.556982343499,6500.24077046549,683.611556982343,5816.62921348315,14000,31963.3930439983,20700000
"419","Hawaii",1988,1051000,218.83920076118,6228.35394862036,267.364414843007,5960.98953377736,11100,72512.6339608296,27100000
"420","Idaho",1988,991000,159.535822401615,4005.0454086781,236.629667003027,3768.41574167508,12500,3069.4360723265,18900000
"421","Illinois",1988,11340000,185.899470899471,5721.98412698413,825.017636684303,4896.96649029982,12700,18824.5690498182,29800000
"422","Indiana",1988,5530000,206.25678119349,4183.79746835443,383.128390596745,3800.66907775769,10100,8346.00886652982,15400000
"423","Iowa",1988,2814000,107.818052594172,4105.65031982942,258.670931058991,3846.97938877043,9400,2397.68432152257,17500000
"424","Kansas",1988,2399000,242.476031679867,5058.89954147562,378.616090037516,4680.2834514381,8100,9221.62943665651,19400000
"425","Kentucky",1988,3605000,197.47572815534,3235.67267683773,340.748959778086,2894.92371705964,17600,6376.39197610482,15300000
"426","Louisiana",1988,4249000,382.254648152506,5992.56295598964,746.316780418922,5246.24617557072,22800,32740.2455241692,24600000
"427","Maine",1988,1201000,106.328059950042,3592.58950874271,158.034970857619,3434.5545378851,13200,980.602464803313,16100000
"428","Maryland",1988,4650000,307.010752688172,5697.2688172043,805.720430107527,4891.54838709677,9800,31805.0141956637,29200000
"429","Massachusetts",1988,5861000,115.287493601774,4999.40283228118,620.644941136325,4378.75789114486,8500,6825.55505949706,29600000
"430","Michigan",1988,9223000,299.381979833026,6135.17293722216,747.91282662908,5387.26011059308,12100,15595.7020752738,28200000
"431","Minnesota",1988,4421000,63.3114679936666,4202.48812485863,282.515268038905,3919.97285681972,11600,5948.96138968296,2.2e+07
"432","Mississippi",1988,2588000,285.31684698609,3646.98608964451,330.139103554869,3316.84698608964,27200,36858.7585170751,14100000
"433","Missouri",1988,5201000,234.108825225918,4786.98327244761,545.914247260142,4241.06902518746,12700,10616.3810511551,21500000
"434","Montana",1988,795000,160,4315.34591194969,124.40251572327,4190.94339622642,14600,8328.08891594622,19200000
"435","National",1988,242961000,258.313062590292,5730.58474405357,644.638851502916,5085.94589255066,13028.4284309004,287.945090098397,47600000
"436","Nebraska",1988,1600000,134.75,4142.625,273.375,3869.25,10300,4969.9337521546,17800000
"437","Nevada",1988,1084000,450.276752767528,6310.23985239852,763.376383763838,5546.86346863469,8600,14469.1530175285,34500000
"438","New Hampshire",1988,1089000,93.5720844811754,3358.40220385675,148.943985307622,3209.45821854913,6700,465.920885864043,21800000
"439","New Jersey",1988,7628000,222.024121657053,5359.20293654955,589.840062926062,4769.36287362349,6200,14986.4186661281,33800000
"440","New Mexico",1988,1495000,188.963210702341,6672.57525083612,664.749163879599,6007.82608695652,23000,11192.4458271251,24400000
"441","New York",1988,17640000,252.607709750567,6401.59297052154,1113.35600907029,5288.23696145125,13400,17916.5911845878,41800000
"442","North Carolina",1988,6312000,270.564005069709,5027.09125475285,518.900506970849,4508.190747782,12600,23209.618041676,19500000
"443","North Dakota",1988,654000,71.2538226299694,2765.59633027523,59.9388379204893,2705.65749235474,11600,3990.88542372438,14100000
"444","Ohio",1988,10900000,242.770642201835,4633.33944954128,450.862385321101,4182.47706422018,12400,11130.6352652576,22100000
"445","Oklahoma",1988,3146000,332.104259376987,5796.98029243484,450.699300699301,5346.28099173554,17300,13585.5665428733,17900000
"446","Oregon",1988,2727000,219.69196919692,7094.9394939494,548.551521818849,6546.38797213055,10400,5918.02770094513,25600000
"447","Pennsylvania",1988,12120000,147.689768976898,3151.9801980198,359.191419141914,2792.78877887789,10300,9809.38509402725,19300000
"448","Rhode Island",1988,1008000,189.087301587302,5137.30158730159,391.56746031746,4745.73412698413,9800,5000.98358105196,25300000
"449","South Carolina",1988,3405000,407.870778267254,5552.21732745962,760.323054331865,4791.89427312775,15500,28635.9837654979,16600000
"450","South Dakota",1988,707000,144.271570014144,2610.18387553041,114.992927864215,2495.19094766619,14200,7857.43172929576,16400000
"451","Tennessee",1988,4901000,157.763721689451,4485.8600285656,534.686798612528,3951.17322995307,18000,18612.3760556601,17600000
"452","Texas",1988,16690000,242.282804074296,8060.92869982025,656.075494307969,7404.85320551228,18000,13789.4157729835,21300000
"453","Utah",1988,1662000,117.990373044525,5675.87244283995,247.292418772563,5428.58002406739,9800,2606.08182295016,20100000
"454","Vermont",1988,532000,154.135338345865,4431.76691729323,148.684210526316,4283.08270676692,8100,1348.26036469417,17700000
"455","Virginia",1988,5970000,237.587939698492,4194.90787269682,300.502512562814,3894.405360134,10800,25073.9985377728,22700000
"456","Washington",1988,4625000,125.751351351351,7103.80540540541,465.794594594595,6638.01081081081,8700,7610.68961162554,22800000
"457","West Virginia",1988,1880000,77.3936170212766,2243.56382978723,131.702127659574,2111.86170212766,17900,4087.52655782938,1.1e+07
"458","Wisconsin",1988,4696000,135.28534923339,4109.00766609881,221.763202725724,3887.24446337308,7800,6270.41480723853,26700000
"459","Wyoming",1988,454000,208.149779735683,4115.63876651982,325.770925110132,3789.86784140969,9600,795.274263159321,30900000
"460","Alabama",1989,4074000,341.359842906235,4677.78595974472,597.177221404026,4080.6087383407,18900,27118.7174358077,17700000
"461","Alaska",1989,488000,562.295081967213,5161.88524590164,537.5,4624.38524590164,10500,25212.0443235494,46900000
"462","Arizona",1989,3556000,372.637795275591,8059.73003374578,599.55005624297,7460.17997750281,14100,5162.07920743723,34200000
"463","Arkansas",1989,2419000,274.865646961554,4531.21124431583,471.145101281521,4060.06614303431,18300,20221.5244712601,13600000
"464","California",1989,29350000,297.434412265758,6697.28109028961,968.095400340716,5729.18568994889,12900,17116.9445214427,33600000
"465","Colorado",1989,3258000,212.031921424187,6148.802946593,479.926335174954,5668.87661141805,12100,8252.31204002958,2.9e+07
"466","Connecticut",1989,3136000,296.588010204082,5443.08035714286,528.571428571429,4914.50892857143,2900,8658.11262359066,30100000
"467","Delaware",1989,676000,511.538461538462,4843.63905325444,553.994082840237,4289.6449704142,10000,17156.7734642407,29800000
"468","Florida",1989,12760000,313.471786833856,8743.07993730408,1101.68495297806,7641.39498432602,12500,17971.0695831777,3.2e+07
"469","Georgia",1989,6197000,337.017911892851,7345.89317411651,764.192351137647,6581.70082297886,15000,36553.5185401177,21700000
"470","Hawaii",1989,1086000,226.427255985267,6420.53406998158,276.611418047882,6143.9226519337,11300,71063.8982949031,25800000
"471","Idaho",1989,1014000,182.445759368836,3930.96646942801,254.635108481262,3676.33136094675,12400,2445.16530181832,19200000
"472","Illinois",1989,11560000,213.771626297578,5686.9723183391,853.036332179931,4833.93598615917,12700,17232.827501181,30200000
"473","Indiana",1989,5453000,226.315789473684,4553.95195305337,416.926462497708,4137.02549055566,13700,9546.39644095076,15500000
"474","Iowa",1989,2835000,126.41975308642,4088.60670194004,266.772486772487,3821.83421516755,10300,3145.32730934657,18300000
"475","Kansas",1989,2434000,230.731306491372,5144.57682826623,413.845521774856,4730.73130649137,10800,8594.72808597284,19700000
"476","Kentucky",1989,3576000,231.795302013423,3457.21476510067,371.979865771812,3085.23489932886,16100,5390.09384905359,16200000
"477","Louisiana",1989,4080000,422.96568627451,6703.23529411765,839.632352941176,5863.60294117647,23300,31822.3464652472,24700000
"478","Maine",1989,1233000,118.004866180049,3551.66261151663,135.928629359286,3415.73398215734,10400,746.697892691447,16600000
"479","Maryland",1989,4567000,361.594044230348,5717.2542150208,879.17670243048,4838.07751259032,9000,27331.6684818492,30100000
"480","Massachusetts",1989,5831000,129.03447093123,5208.23186417424,684.479506088149,4523.75235808609,8800,7538.25690817625,30200000
"481","Michigan",1989,9297000,340.314079810692,5952.90954071206,707.324943530171,5245.58459718189,13200,16392.7802145866,27800000
"482","Minnesota",1989,4268000,72.7038425492034,4470.50140581068,294.025304592315,4176.47610121837,11200,6410.93897075759,22300000
"483","Mississippi",1989,2574000,307.342657342657,3579.48717948718,316.860916860917,3262.62626262626,22000,37974.8503141973,14700000
"484","Missouri",1989,5193000,268.072405160793,5093.54900828038,628.42287694974,4465.12613133064,12600,11830.9479958243,22400000
"485","Montana",1989,816000,162.745098039216,3948.52941176471,114.583333333333,3833.94607843137,15600,6863.12299674297,18100000
"486","National",1989,245426000,290.256126082811,5806.82120068778,670.685664925477,5136.13553576231,12804.674321384,285.444349115063,45350000
"487","Nebraska",1989,1602000,149.375780274657,4114.60674157303,281.086142322097,3833.52059925094,12800,5632.9639969287,17900000
"488","Nevada",1989,1127000,453.593611357586,6182.69742679681,616.415261756877,5566.28216503993,10800,11906.0166969275,34900000
"489","New Hampshire",1989,1100000,106,3619.09090909091,169.545454545455,3449.54545454545,7700,919.288637664496,22300000
"490","New Jersey",1989,7623000,255.004591368228,5347.54033844943,618.011281647645,4729.52905680178,8200,15252.2676456067,34100000
"491","New Mexico",1989,1519000,207.899934167215,6612.771560237,708.031599736669,5904.73996050033,19500,9919.04208064948,26300000
"492","New York",1989,17940000,285.574136008919,6296.75585284281,1131.78372352285,5164.97212931996,12600,18470.4729196107,41100000
"493","North Carolina",1989,6301000,277.003650214252,5478.89223932709,569.782574194572,4909.10966513252,12200,22924.0824721768,2.1e+07
"494","North Dakota",1989,642000,70.2492211838006,2632.71028037383,64.9532710280374,2567.75700934579,12200,4821.70721257958,14400000
"495","Ohio",1989,10750000,284.074418604651,4802.34418604651,475.432558139535,4326.91162790698,10600,11699.1279164988,22900000
"496","Oklahoma",1989,3126000,371.337172104926,5675.14395393474,506.941778630838,5168.2021753039,14700,14781.2722343995,17500000
"497","Oregon",1989,2915000,211.183533447684,5960.34305317324,501.715265866209,5458.62778730703,11200,3864.98993641195,2.5e+07
"498","Pennsylvania",1989,12140000,168.607907742998,3332.73476112026,375.502471169687,2957.23228995058,10400,10117.7438872141,19400000
"499","Rhode Island",1989,963000,257.42471443406,5414.7455867082,391.692627206646,5023.05295950156,6700,6017.17029867638,25300000
"500","South Carolina",1989,3446000,456.181079512478,5726.87173534533,829.251305861869,4897.62042948346,17000,29890.8884695077,1.8e+07
"501","South Dakota",1989,696000,180.459770114943,2758.47701149425,139.224137931034,2619.25287356322,13200,9355.74293796272,16200000
"502","Tennessee",1989,4833000,219.946203186427,4613.53196772191,561.100765570039,4052.43120215187,18400,19547.5166633416,19200000
"503","Texas",1989,16890000,260.639431616341,7974.33984606276,662.457075192421,7311.88277087034,17100,14130.5840425609,21300000
"504","Utah",1989,1683000,142.245989304813,5763.16102198455,262.448009506833,5500.71301247772,8200,2600.5675674352,19400000
"505","Vermont",1989,556000,162.769784172662,4169.42446043165,135.431654676259,4033.9928057554,8000,517.610694753945,18300000
"506","Virginia",1989,6159000,267.527195973372,4169.73534664718,309.417113167722,3860.31823347946,10900,22077.4680736739,23500000
"507","Washington",1989,4729000,146.500317191795,6638.44364559103,474.941848170861,6163.50179742017,9600,6812.58402977033,23100000
"508","West Virginia",1989,1799000,85.3807670928294,2439.02167871039,151.41745414119,2287.60422456921,15700,4985.3974791844,11100000
"509","Wisconsin",1989,4694000,144.610140605028,4318.34256497657,230.805283340435,4087.53728163613,8400,5165.87325856199,26700000
"510","Wyoming",1989,462000,222.077922077922,3998.48484848485,265.584415584416,3732.90043290043,10900,1391.12587308581,33100000
"511","Alabama",1990,4063000,385.552547378784,4888.11223234064,704.651735171056,4183.46049716958,19200,26286.3129541587,17500000
"512","Alaska",1990,499000,525.450901803607,5679.75951903808,578.156312625251,5101.60320641283,11400,21884.2076400625,43600000
"513","Arizona",1990,3521000,405.026980971315,8211.87162737858,679.096847486509,7532.77477989208,13700,3634.43943025693,3.4e+07
"514","Arkansas",1990,2411000,303.691414350892,4745.25093322273,518.913313977603,4226.33761924513,19600,15219.5119564786,13800000
"515","California",1990,29770000,326.869331541821,6601.40073899899,1044.84716157205,5556.55357742694,13900,17046.0033265672,36700000
"516","Colorado",1990,3367000,227.828927828928,5923.19572319572,514.642114642115,5408.55360855361,13700,7917.31074286902,27500000
"517","Connecticut",1990,3265000,321.592649310873,5423.21592649311,557.457886676876,4865.75803981623,6000,9360.77742399075,31100000
"518","Delaware",1990,690000,503.04347826087,5175.21739130435,632.608695652174,4542.60869565217,6900,22447.1423114194,28800000
"519","Florida",1990,13180000,336.775417298938,8648.96813353566,1221.47192716237,7427.49620637329,14400,17284.4861441372,32700000
"520","Georgia",1990,6349000,352.984722003465,6901.26004095133,771.712080642621,6129.54796030871,15800,33982.6185535217,22600000
"521","Hawaii",1990,1100000,230.272727272727,6152.36363636364,283,5869.36363636364,11000,72741.8533722607,27700000
"522","Idaho",1990,1048000,187.118320610687,3897.42366412214,264.885496183206,3632.53816793893,14900,2749.52116335782,2e+07
"523","Illinois",1990,11700000,235.179487179487,5798.42735042735,945.08547008547,4853.34188034188,13700,18702.0917550452,29800000
"524","Indiana",1990,5480000,232.408759124088,4738.15693430657,479.470802919708,4258.68613138686,13000,8371.22123375632,19400000
"525","Iowa",1990,2784000,142.492816091954,4090.19396551724,298.886494252874,3791.30747126437,10400,3107.7368153969,18700000
"526","Kansas",1990,2510000,230.0796812749,5126.05577689243,441.95219123506,4684.10358565737,10300,9519.25276162705,20600000
"527","Kentucky",1990,3620000,249.254143646409,3358.95027624309,397.403314917127,2961.54696132597,17300,7699.39936984389,1.6e+07
"528","Louisiana",1990,4034000,461.056023797719,6785.72136836887,939.861179970253,5845.86018839861,23600,27941.8174469306,24900000
"529","Maine",1990,1231000,123.720552396426,3688.54589764419,142.89195775792,3545.65393988627,13100,861.338686005157,1.7e+07
"530","Maryland",1990,4727000,377.575629363233,5897.65178760313,929.553628093929,4968.0981595092,9900,27688.8798273638,3.1e+07
"531","Massachusetts",1990,5832000,143.089849108368,5465.39780521262,759.60219478738,4705.79561042524,10700,6990.15629824621,30100000
"532","Michigan",1990,9187000,372.994448677479,6065.44029607053,799.695221508654,5265.74507456188,14300,15823.0664385802,28100000
"533","Minnesota",1990,4366000,72.743930371049,4548.25927622538,306.733852496564,4241.52542372881,12000,5351.13004099624,22900000
"534","Mississippi",1990,2663000,314.494930529478,3738.67818250094,328.877206158468,3409.80097634247,25700,37117.1581207348,14500000
"535","Missouri",1990,5238000,285.280641466208,5002.36731576938,698.778159602902,4303.58915616648,13400,13966.8094262608,21600000
"536","Montana",1990,820000,173.780487804878,4387.19512195122,155.243902439024,4231.9512195122,16300,8189.31264576858,1.8e+07
"537","National",1990,248087000,311.954677189857,5834.89380741433,733.664803073116,5101.22900434122,13488.413338869,284.584408771447,43825000
"538","Nebraska",1990,1617000,148.60853432282,4112.49226963513,322.139764996908,3790.35250463822,10300,4586.89146462812,18100000
"539","Nevada",1990,1218000,436.945812807882,5983.08702791461,592.939244663383,5390.14778325123,9800,8258.29763221734,35800000
"540","New Hampshire",1990,1085000,123.6866359447,3726.72811059908,134.470046082949,3592.25806451613,6300,1362.54857622393,23800000
"541","New Jersey",1990,7741000,272.936313137837,5439.60728588038,646.647719932825,4792.95956594755,9200,17711.9137325071,34400000
"542","New Mexico",1990,1524000,209.120734908136,6644.94750656168,775.656167979003,5869.29133858268,20900,10842.2031968521,27100000
"543","New York",1990,18040000,304.29600886918,6346.30820399113,1177.70509977827,5168.60310421286,14300,19496.6733481281,42100000
"544","North Carolina",1990,6377000,288.709424494276,5702.33652187549,648.141759448016,5054.19476242747,13000,23278.588797409,21700000
"545","North Dakota",1990,635000,76.0629921259843,2939.84251968504,74.3307086614173,2865.51181102362,13700,5830.15259674736,13900000
"546","Ohio",1990,10890000,292.213039485767,4824.36179981635,504.168962350781,4320.19283746556,11500,11299.6569923231,23100000
"547","Oklahoma",1990,3091000,397.444192817858,5697.5412487868,557.165965706891,5140.37528307991,15600,15537.4349929118,17900000
"548","Oregon",1990,2891000,224.558976132826,5550.95122794881,498.270494638533,5052.68073331027,9200,4629.52960332561,25400000
"549","Pennsylvania",1990,12100000,184.214876033058,3413.37190082645,423.247933884298,2990.12396694215,11000,10248.9670852975,19900000
"550","Rhode Island",1990,946000,252.854122621564,5677.80126849894,458.139534883721,5219.66173361522,7500,6459.38274115435,27200000
"551","South Carolina",1990,3391000,510.73429666765,6215.83603656738,1004.1285756414,5211.70746092598,16200,31829.904534835,18500000
"552","South Dakota",1990,696000,192.672413793103,2909.33908045977,162.787356321839,2746.55172413793,13300,9849.0630976922,16800000
"553","Tennessee",1990,4927000,210.838238278872,4999.91881469454,663.649279480414,4336.26953521413,16900,21113.3040152273,19100000
"554","Texas",1990,16870000,296.633076467101,7880.81802015412,766.704208654416,7114.1138114997,15900,15296.9644557074,22400000
"555","Utah",1990,1739000,143.530764807361,5607.3605520414,281.311098332375,5326.04945370903,8200,4059.93806550737,19900000
"556","Vermont",1990,564000,185.992907801418,4331.3829787234,126.950354609929,4204.43262411347,10900,304.41861618232,18900000
"557","Virginia",1990,6322000,278.282189180639,4346.04555520405,343.150901613414,4002.89465359064,11100,22396.440297181,2.6e+07
"558","Washington",1990,4880000,163.831967213115,6205.94262295082,500.204918032787,5705.73770491803,8900,7683.25483708396,22700000
"559","West Virginia",1990,1810000,86.4640883977901,2480.16574585635,167.734806629834,2312.43093922652,18100,4471.88916048182,11200000
"560","Wisconsin",1990,4815000,155.036344755971,4465.21287642783,268.909657320872,4196.30321910696,9300,5996.42990913492,27500000
"561","Wyoming",1990,463000,239.740820734341,4125.05399568035,295.24838012959,3829.80561555076,11000,1589.51855442475,32200000
"562","Alabama",1991,4178000,401.148875059837,5251.3164193394,826.184777405457,4425.13164193394,18800,30385.7722449595,1.9e+07
"563","Alaska",1991,525000,515.428571428571,6190.28571428571,666.47619047619,5523.80952380952,11800,25663.5881153484,43400000
"564","Arizona",1991,3603000,427.837912850402,7707.77130169303,698.084929225645,7009.68637246739,14800,4236.94850389336,33800000
"565","Arkansas",1991,2450000,316.979591836735,5010.16326530612,574.367346938775,4435.79591836735,17300,17646.1627178132,1.4e+07
"566","California",1991,30740000,331.190631099545,6693.27586206897,1077.16981132075,5616.10605074821,15700,16025.6929099106,38100000
"567","Colorado",1991,3319000,252.847243145526,6180.23501054535,569.056944862911,5611.17806568243,10400,7626.07687052014,27600000
"568","Connecticut",1991,3341000,328.55432505238,5283.77731218198,531.607303202634,4752.17000897935,8600,12414.7377145876,31300000
"569","Delaware",1991,709000,524.25952045134,5629.33709449929,685.049365303244,4944.28772919605,7500,23092.6959511186,28100000
"570","Florida",1991,13410000,347.002237136465,8462.4384787472,1172.58016405667,7289.85831469053,15400,17145.3870836435,34700000
"571","Georgia",1991,6265000,378.978451715882,6864.46927374302,780.430965682362,6084.03830806065,17200,35462.2918532172,22400000
"572","Hawaii",1991,1164000,231.958762886598,5821.64948453608,235.73883161512,5585.91065292096,7700,67547.5066285178,28100000
"573","Idaho",1991,1035000,207.053140096618,4211.9806763285,291.400966183575,3920.57971014493,13900,4426.03091566011,20700000
"574","Illinois",1991,11800000,246.737288135593,5998.5,1016.56779661017,4981.93220338983,13500,19097.9818988287,29800000
"575","Indiana",1991,5533000,247.948671606723,4884.85450930779,512.362190493403,4372.49231881439,15700,9554.46237144927,16200000
"576","Iowa",1991,2821000,146.933711449841,4095.9234314073,300.496277915633,3795.42715349167,9600,2212.11934144058,19300000
"577","Kansas",1991,2580000,228.798449612403,5351.97674418605,483.139534883721,4868.83720930233,12300,8385.3710744519,21100000
"578","Kentucky",1991,3640000,269.203296703297,3425.6043956044,446.758241758242,2978.84615384615,18800,6211.0416494466,17400000
"579","Louisiana",1991,4185000,477.968936678614,6527.3596176822,966.26045400239,5561.09916367981,19000,28721.1852458253,2.6e+07
"580","Maine",1991,1213000,130.173124484749,3836.02638087387,134.460016488046,3701.56636438582,14100,1140.24091926287,17500000
"581","Maryland",1991,4767000,404.677994545836,6330.35452066289,974.805957625341,5355.54856303755,9100,28803.8973087089,33400000
"582","Massachusetts",1991,5803000,162.243667068758,5499.36239875926,760.606582801999,4738.75581595726,11000,7282.85185252488,28300000
"583","Michigan",1991,9263000,393.209543344489,6207.63251646335,812.17748029796,5395.45503616539,14100,15981.2951574932,28200000
"584","Minnesota",1991,4384000,79.1970802919708,4545.48357664234,319.479927007299,4226.00364963504,12900,6017.97384360117,23500000
"585","Mississippi",1991,2681000,332.114882506527,4080.64155165983,376.165609847072,3704.47594181276,23700,38596.3147656458,14200000
"586","Missouri",1991,4993000,318.38574003605,5594.63248547967,788.263568996595,4806.36891648308,14800,12052.6154266077,21400000
"587","Montana",1991,822000,179.805352798054,3586.0097323601,137.469586374696,3448.5401459854,15400,8122.28043271637,18700000
"588","National",1991,250659000,329.355419115212,5933.5124611524,762.696332467615,5170.81612868479,14208.1473236548,290.479290732704,42025000
"589","Nebraska",1991,1661000,152.077062010837,4175.85791691752,320.891029500301,3854.96688741722,9500,4762.74479033803,18600000
"590","Nevada",1991,1237000,470.735650767987,6538.07599029911,702.748585286985,5835.32740501213,11400,11520.2746956621,36400000
"591","New Hampshire",1991,1107000,138.482384823848,3441.55374887082,119.060523938573,3322.49322493225,7300,3195.61619485014,24500000
"592","New Jersey",1991,7736000,303.55480868666,5448.15149948294,636.724405377456,4811.42709410548,9700,18582.2076266078,34100000
"593","New Mexico",1991,1554000,200.707850707851,6653.53925353925,831.531531531532,5822.00772200772,22400,10514.9547721812,27200000
"594","New York",1991,17910000,323.070910106086,6296.20882188721,1173.55667225014,5122.65214963707,15300,19046.5734310845,42200000
"595","North Carolina",1991,6641000,284.640867339256,5973.84430055714,667.896401144406,5305.94789941274,14500,25403.0339783522,21700000
"596","North Dakota",1991,635000,77.4803149606299,2793.85826771654,65.3543307086614,2728.50393700787,14500,6976.87487392753,13800000
"597","Ohio",1991,11060000,323.182640144665,4977.93851717902,555.696202531646,4422.24231464738,13400,11904.9210599362,24200000
"598","Oklahoma",1991,3173000,420.4223132682,5672.29751024267,584.08446265364,5088.21304758903,17000,15223.7984090337,18800000
"599","Oregon",1991,2967000,226.895854398382,5667.84630940344,498.651836872262,5169.19447253118,13500,5351.23696779439,24500000
"600","Pennsylvania",1991,12150000,192.493827160494,3503.19341563786,442.995884773663,3060.1975308642,11000,10517.7280827452,20900000
"601","Rhode Island",1991,949000,291.991570073762,5331.40147523709,488.724973656481,4842.67650158061,10400,5006.42733385951,27600000
"602","South Carolina",1991,3538000,516.365178066704,6217.6370830978,978.547201808932,5239.08988128886,16400,33792.0974421083,1.9e+07
"603","South Dakota",1991,689000,199.419448476052,3141.79970972424,185.921625544267,2955.87808417997,14000,7931.63374945227,16300000
"604","Tennessee",1991,4787000,239.690829329434,5552.76791309797,751.096720284103,4801.67119281387,15500,18490.9794203322,18900000
"605","Texas",1991,16960000,304.69929245283,7998.39033018868,859.333726415094,7139.05660377358,17500,14255.5405198589,22700000
"606","Utah",1991,1717000,152.882935352359,5780.72218986605,295.690157251019,5485.03203261503,12900,3428.67995323013,19500000
"607","Vermont",1991,579000,193.091537132988,3873.22970639033,114.33506044905,3758.89464594128,12600,1200.46656662705,18600000
"608","Virginia",1991,6144000,322.737630208333,4713.85091145833,381.819661458333,4332.03125,9900,23822.4822003827,24300000
"609","Washington",1991,4989000,183.523752254961,6340.72960513129,525.636400080176,5815.09320505111,9500,10849.7775200129,24100000
"610","West Virginia",1991,1830000,82.0765027322404,2621.20218579235,187.978142076503,2433.22404371585,17900,4427.04828710118,10900000
"611","Wisconsin",1991,4952000,158.602584814216,4468.55815831987,277.120355411955,4191.43780290792,9900,6348.04523137388,28300000
"612","Wyoming",1991,470000,233.829787234043,4295.53191489362,303.617021276596,3991.91489361702,9900,1706.81945364325,32200000
"613","Alabama",1992,4226000,412.991008045433,5155.91575958353,853.09985802177,4302.81590156176,17300,27596.6907788725,20300000
"614","Alaska",1992,572000,500.874125874126,5715.55944055944,677.797202797203,5037.76223776224,10200,26629.0217008754,44500000
"615","Arizona",1992,3851000,427.862892755129,6993.89768891197,667.514931186705,6326.38275772527,15800,4596.94942305435,3.3e+07
"616","Arkansas",1992,2463000,336.378400324807,4637.96183516037,561.550954120991,4076.41088103938,17500,16136.4483436751,14900000
"617","California",1992,31700000,345.413249211356,6503.97791798107,1090.29652996845,5413.68138801262,16400,16683.9855469515,39900000
"618","Colorado",1992,3478000,258.683151236343,5945.08338125359,577.515813686026,5367.56756756757,10800,10146.8631440864,28900000
"619","Connecticut",1992,3272000,348.502444987775,5066.83985330073,496.699266503668,4570.14058679707,9800,13413.1576698018,31600000
"620","Delaware",1992,709000,572.919605077574,4711.70662905501,603.667136812412,4108.0394922426,7800,21979.9162414884,29400000
"621","Florida",1992,13710000,352.312180889861,8222.90299051787,1187.65134938001,7035.25164113786,15600,17679.8218942116,3.5e+07
"622","Georgia",1992,6664000,379.501800720288,6489.0456182473,742.737094837935,5746.30852340936,17700,33522.0223094485,21800000
"623","Hawaii",1992,1187000,246.503791069924,5972.95703454086,252.56950294861,5720.38753159225,11200,70405.0548241083,29900000
"624","Idaho",1992,1095000,206.027397260274,3893.97260273973,274.246575342466,3619.72602739726,15200,2244.17226285917,23900000
"625","Illinois",1992,11890000,266.105971404542,5639.73086627418,955.9629941127,4683.76787216148,15600,19611.7663190784,31700000
"626","Indiana",1992,5622000,248.043400924938,4720.29526858769,512.113127001067,4208.18214158662,11800,11983.895016211,1.7e+07
"627","Iowa",1992,2846000,158.749121574139,3909.87350667604,274.63106113844,3635.2424455376,11500,3200.83850741313,20200000
"628","Kansas",1992,2510000,240.159362549801,5347.49003984064,513.466135458167,4834.02390438247,11100,9814.74697088941,23500000
"629","Kentucky",1992,3720000,278.602150537634,3354.81182795699,540.510752688172,2814.30107526882,19700,6428.81694596515,16600000
"630","Louisiana",1992,4256000,492.951127819549,6594.14943609023,991.752819548872,5602.39661654135,24500,30118.8273081865,2.8e+07
"631","Maine",1992,1239000,122.598870056497,3512.18724778047,130.427764326069,3381.7594834544,13500,2030.69987233675,17200000
"632","Maryland",1992,4946000,403.902143145977,6176.76910634856,992.418115649009,5184.35099069956,11800,27795.1632603566,3e+07
"633","Massachusetts",1992,5843000,172.052028067773,5135.56392264248,799.709053568372,4335.85486907411,10300,6016.14462774604,27300000
"634","Michigan",1992,9322000,419.577343917614,5679.81119931345,779.575198455267,4900.23600085819,13600,16197.3451516347,28700000
"635","Minnesota",1992,4318000,88.5132005558129,4762.94580824456,350.717924965262,4412.2278832793,13000,7041.5666351135,27300000
"636","Mississippi",1992,2725000,326.788990825688,4108.03669724771,394.97247706422,3713.06422018349,24600,40383.2574576833,16300000
"637","Missouri",1992,5062000,319.932832872382,5229.03990517582,759.541683129198,4469.49822204662,15700,12631.6503179079,21800000
"638","Montana",1992,855000,181.052631578947,4429.47368421053,163.74269005848,4265.73099415205,13800,9927.10998108335,19400000
"639","National",1992,255960000,344.780434442882,5640.79973433349,754.912486325988,4885.8872480075,14803.094233474,289.972687144835,40800000
"640","Nebraska",1992,1606000,156.53798256538,4324.03486924035,348.567870485679,3975.46699875467,10600,5313.23438912054,18600000
"641","Nevada",1992,1353000,447.080561714708,6084.55284552846,683.444198078344,5401.10864745011,14700,11260.9258028802,39600000
"642","New Hampshire",1992,1114000,159.51526032316,3072.26211849192,125.4039497307,2946.85816876122,8700,3690.22471271358,25700000
"643","New Jersey",1992,7803000,290.311418685121,5055.27361271306,624.695629885941,4430.57798282712,10300,17276.9059881799,4.1e+07
"644","New Mexico",1992,1611000,203.041589075109,6314.27684667908,917.504655493482,5396.7721911856,21600,10360.2769205784,29900000
"645","New York",1992,17980000,343.359288097887,5903.72080088988,1130.76195773081,4772.95884315907,15700,19962.7839966323,42400000
"646","North Carolina",1992,6813000,300.220167327169,5827.78511668868,683.986496403934,5143.79862028475,15800,26465.8947205148,21900000
"647","North Dakota",1992,616000,77.4350649350649,2997.56493506494,86.038961038961,2911.52597402597,12100,7194.55015826952,15500000
"648","Ohio",1992,11180000,343.273703041145,4597.06618962433,518.202146690519,4078.86404293381,12500,11800.9421416595,25300000
"649","Oklahoma",1992,3269000,453.380238605078,5336.92260630162,611.960844294891,4724.96176200673,18600,18978.2963705653,19100000
"650","Oregon",1992,3039000,216.617308325107,5702.17176702863,499.802566633761,5202.36920039487,11400,6293.83252088696,25100000
"651","Pennsylvania",1992,12020000,207.770382695507,3389.60898502496,426.589018302829,2963.01996672213,11900,9910.46017556715,21500000
"652","Rhode Island",1992,960000,289.0625,4792.60416666667,413.020833333333,4379.58333333333,12400,4970.48491187719,29600000
"653","South Carolina",1992,3675000,507.292517006803,5777.60544217687,925.95918367347,4851.6462585034,19000,33308.5751578893,18800000
"654","South Dakota",1992,705000,210.921985815603,3024.39716312057,196.170212765957,2828.22695035461,15100,8892.32949737872,17500000
"655","Tennessee",1992,5036000,235.285941223193,5123.53057982526,744.380460683082,4379.15011914218,17000,16190.3289359908,19900000
"656","Texas",1992,17920000,337.427455357143,6953.95089285714,794.469866071429,6159.48102678571,18300,14559.1492393244,23600000
"657","Utah",1992,1830000,147.486338797814,5605.95628415301,287.814207650273,5318.14207650273,9400,2494.90318289761,20200000
"658","Vermont",1992,582000,215.463917525773,3339.69072164948,107.216494845361,3232.47422680412,10500,1108.95559206715,19800000
"659","Virginia",1992,6241000,339.673129306201,4392.21278641243,383.063611600705,4009.14917481173,9500,22986.2535492116,24500000
"660","Washington",1992,5138000,193.83028415726,6170.39704165045,534.33242506812,5636.06461658233,11200,10317.5459900668,25700000
"661","West Virginia",1992,1795000,93.2590529247911,2634.42896935933,213.537604456824,2420.89136490251,22300,4742.97232517948,1.1e+07
"662","Wisconsin",1992,5118000,160.042985541227,4225.36146932395,269.753810082063,3955.60765924189,10900,7705.19456288885,28900000
"663","Wyoming",1992,475000,223.789473684211,4488.42105263158,313.473684210526,4174.94736842105,10300,2213.13666253976,39300000
"664","Alabama",1993,4168000,446.833013435701,4901.00767754319,783.973128598848,4117.03454894434,17400,28305.732906065,19700000
"665","Alaska",1993,570000,474.210526315789,5851.22807017544,799.473684210526,5051.75438596491,9100,25111.0068082333,46500000
"666","Arizona",1993,4003000,444.941294029478,7307.34449163128,703.022732950287,6604.32175868099,15400,7905.40474546883,29700000
"667","Arkansas",1993,2421000,356.257744733581,4816.68731928955,594.010739363899,4222.67657992565,20000,17440.785346674,15200000
"668","California",1993,31970000,375.198623709728,6303.61276196434,1052.17704097591,5251.43572098843,18200,16723.0079353331,3.9e+07
"669","Colorado",1993,3564000,265.488215488215,5529.88215488216,567.592592592593,4962.28956228956,9900,10083.2454477682,26900000
"670","Connecticut",1993,3259000,420.09818962872,4676.03559374041,458.698987419454,4217.33660632096,8500,9370.43311358891,28600000
"671","Delaware",1993,711000,592.123769338959,4796.76511954993,675.246132208158,4121.51898734177,10200,17992.2968442533,28600000
"672","Florida",1993,14120000,375.694050991501,8090.21246458923,1168.37818696884,6921.8342776204,17800,18362.7710053516,36900000
"673","Georgia",1993,6825000,407.076923076923,6276.43956043956,732.879120879121,5543.56043956044,13500,31765.3539008411,23400000
"674","Hawaii",1993,1135000,275.68281938326,6481.5859030837,269.691629955947,6211.89427312775,8000,68350.7101136399,31400000
"675","Idaho",1993,1145000,227.598253275109,3690.65502183406,270.480349344978,3420.17467248908,13100,2175.22112505521,2.2e+07
"676","Illinois",1993,11730000,294.075021312873,5602.12276214834,957.033248081841,4645.0895140665,13600,20526.9509514956,31400000
"677","Indiana",1993,5751000,251.608415927665,4435.57642149191,485.84593983655,3949.73048165536,12200,10913.5233848214,17100000
"678","Iowa",1993,2809000,174.36810252759,3853.29298682805,326.059095763617,3527.23389106444,10300,3697.72222131639,20100000
"679","Kansas",1993,2496000,229.447115384615,5045.03205128205,503.365384615385,4541.66666666667,13100,9719.58313104666,2.3e+07
"680","Kentucky",1993,3740000,279.144385026738,3302.37967914438,468.716577540107,2833.66310160428,20400,7101.12005899889,16700000
"681","Louisiana",1993,4246000,529.156853509185,6925.60056523787,1073.95195478097,5851.6486104569,26400,32143.9769246874,27700000
"682","Maine",1993,1276000,115.12539184953,3062.46081504702,122.100313479624,2940.3605015674,15400,2816.85449713061,16500000
"683","Maryland",1993,4925000,411.451776649746,6156.08121827411,1005.8883248731,5150.19289340101,9700,29526.1058375104,28900000
"684","Massachusetts",1993,5991000,170.739442497079,4911.0999833083,807.761642463695,4103.3383408446,10700,7437.01009450596,27900000
"685","Michigan",1993,9560000,411.276150627615,5405.73221757322,784.738493723849,4620.99372384937,15400,15870.6405930668,26500000
"686","Minnesota",1993,4354000,96.4630225080386,4578.15801561782,367.156637574644,4211.00137804318,11600,6202.43138098564,2.5e+07
"687","Mississippi",1993,2584000,383.397832817337,4519.15634674923,443.769349845201,4075.38699690402,24700,38008.3153220601,14700000
"688","Missouri",1993,5185000,312.015429122469,5143.56798457088,751.45612343298,4392.1118611379,16100,11523.3649237535,2.2e+07
"689","Montana",1993,850000,181.294117647059,4728,175.176470588235,4552.82352941176,14900,9246.81587347528,19500000
"690","National",1993,258688000,374.698865042058,5467.89723527956,744.532796264226,4723.36443901534,15116.6656358239,287.406392227803,39775000
"691","Nebraska",1993,1641000,153.443022547227,4192.32175502742,369.957343083486,3822.36441194394,10300,5197.22072914227,19900000
"692","Nevada",1993,1444000,444.04432132964,5944.73684210526,841.897506925208,5102.83933518006,9800,12395.553889965,38200000
"693","New Hampshire",1993,1131000,156.940760389036,2889.566755084,137.046861184792,2752.5198938992,9900,2811.03954746309,23800000
"694","New Jersey",1993,7968000,299.083835341365,4747.20130522088,619.854417670683,4127.3468875502,10900,17675.4938927261,3.6e+07
"695","New Mexico",1993,1623000,215.526802218115,6239.06346272335,925.693160813309,5313.37030191004,17400,13083.2008177381,27900000
"696","New York",1993,18220000,354.385290889133,5544.32491767289,1072.18441273326,4472.14050493963,16400,20406.90218925,42200000
"697","North Carolina",1993,6732000,325.193107546049,5831.17944147356,700.802139037433,5130.37730243613,14400,26648.9684841292,21900000
"698","North Dakota",1993,625000,79.68,2865.44,83.52,2781.92,11200,7052.03300584043,14200000
"699","Ohio",1993,11260000,360.932504440497,4417.98401420959,496.58081705151,3921.40319715808,13000,12266.9362639936,24800000
"700","Oklahoma",1993,3326000,493.355381840048,5143.05472038485,616.7167769092,4526.33794347565,19900,18773.1040757381,19600000
"701","Oregon",1993,3077000,213.097172570686,5681.24796880078,495.742606434839,5185.50536236594,11800,4565.89807600765,25700000
"702","Pennsylvania",1993,12070000,215.824357912179,3265.4183927092,416.694283347142,2848.72410936205,13200,9499.52506495592,21100000
"703","Rhode Island",1993,969000,287.203302373581,4642.93085655315,414.551083591331,4228.37977296182,11200,4389.46996344844,27200000
"704","South Carolina",1993,3630000,515.261707988981,5924.51790633609,1027.02479338843,4897.49311294766,18700,32802.7809531839,18900000
"705","South Dakota",1993,717000,216.596931659693,2949.93026499303,207.810320781032,2742.11994421199,14200,9958.54049338141,16800000
"706","Tennessee",1993,5092000,251.84603299293,5246.73998428908,766.830322073841,4479.90966221524,19600,20684.0838219867,1.9e+07
"707","Texas",1993,18270000,503.628899835796,6354.84948002189,752.15654077723,5602.69293924466,17400,15908.0502076289,24100000
"708","Utah",1993,1906000,151.521511017838,5110.96537250787,293.756558237146,4817.20881427072,10700,2781.3607585881,20500000
"709","Vermont",1993,588000,207.993197278912,3891.32653061224,111.904761904762,3779.42176870748,10000,2042.91186656296,19300000
"710","Virginia",1993,6470000,353.168469860896,4128.82534775889,373.415765069552,3755.40958268934,9700,22330.6121002696,25200000
"711","Washington",1993,5224000,199.444869831547,5987.61485451761,517.611026033691,5470.00382848392,12100,8776.38649496281,2.7e+07
"712","West Virginia",1993,1803000,100.110926234054,2556.46145313367,210.371602884082,2346.08985024958,22200,5095.5070184605,10700000
"713","Wisconsin",1993,5033000,174.468507848202,4058.09656268627,264.673157162726,3793.42340552354,12600,8348.00379050102,3e+07
"714","Wyoming",1993,481000,234.719334719335,4067.77546777547,279.62577962578,3788.14968814969,13300,1671.87993320943,2.9e+07
"715","Alabama",1994,4299000,455.291928355432,4811.79344033496,670.946731798093,4140.84670853687,16400,29263.4174803133,21500000
"716","Alaska",1994,592000,556.081081081081,5843.07432432432,784.459459459459,5058.61486486487,10200,25282.2699567074,47200000
"717","Arizona",1994,4223000,467.58228747336,7646.83874023206,678.498697608335,6968.34004262373,15900,7587.46718221043,30700000
"718","Arkansas",1994,2414000,371.043910521955,4876.26346313173,604.722452361226,4271.54101077051,15300,17671.1905186874,16300000
"719","California",1994,31670000,398.140195768866,6127.24029049574,1005.35206820335,5121.88822229239,17900,17756.260740435,39400000
"720","Colorado",1994,3736000,286.857601713062,5204.49678800857,498.715203426124,4705.78158458244,9000,10987.7212917639,29100000
"721","Connecticut",1994,3192000,450.501253132832,4666.22807017544,467.293233082707,4198.93483709273,10800,9770.17753372203,30100000
"722","Delaware",1994,681000,655.800293685756,5069.01615271659,667.98825256975,4401.02790014684,8300,20474.6277957285,28200000
"723","Florida",1994,14260000,400.86255259467,8072.37727910238,1122.13183730715,6950.24544179523,14900,20222.1489075532,36300000
"724","Georgia",1994,7220000,462.950138504155,5872.97783933518,652.396121883657,5220.58171745152,14000,32764.5625458053,2.3e+07
"725","Hawaii",1994,1106000,301.356238698011,7121.42857142857,279.475587703436,6841.95298372514,8700,68258.905848818,30200000
"726","Idaho",1994,1138000,247.01230228471,4059.05096660808,284.534270650264,3774.51669595782,12000,1938.11463205425,2.3e+07
"727","Illinois",1994,11810000,309.322607959357,5598.22184589331,956.206604572396,4642.01524132091,12400,19518.954026641,3.3e+07
"728","Indiana",1994,5967000,251.617228087816,4427.35042735043,506.200770906653,3921.14965644377,13700,11721.7684613465,17900000
"729","Iowa",1994,2815000,193.143872113677,3672.78863232682,316.660746003552,3356.12788632327,10700,3426.24644399521,20800000
"730","Kansas",1994,2522000,252.616970658208,4908.44567803331,448.612212529738,4459.83346550357,14900,11047.827003988,24500000
"731","Kentucky",1994,3843000,287.952120739006,3323.34113973458,442.128545407234,2881.21259432735,18500,6406.30269352869,16200000
"732","Louisiana",1994,4351000,553.045276947828,6615.8814065732,973.776143415307,5642.1052631579,25700,31418.640769827,27900000
"733","Maine",1994,1201000,122.731057452123,3379.01748542881,134.13821815154,3244.87926727727,9400,2391.19012044919,17200000
"734","Maryland",1994,5045000,416.214073339941,6075.24281466799,940.673934588702,5134.56888007929,10700,30659.4586956864,29600000
"735","Massachusetts",1994,6005000,188.059950041632,4467.62697751873,711.890091590341,3755.73688592839,9700,9015.80652799632,29200000
"736","Michigan",1994,9519000,426.84105473264,5432.0411807963,764.271457085828,4667.76972371047,14100,17542.0986269544,28100000
"737","Minnesota",1994,4486000,101.983950066875,4419.37137761926,365.514935354436,4053.85644226482,11700,7340.81219796861,25200000
"738","Mississippi",1994,2587000,422.497100889061,4990.37495168148,509.354464630847,4481.02048705064,19900,38778.5067102322,16100000
"739","Missouri",1994,5107000,350.460152731545,5485.37301742706,768.357156843548,4717.01586058351,15600,13570.9814037723,2.3e+07
"740","Montana",1994,844000,209.004739336493,5090.16587677725,179.620853080569,4910.54502369668,11500,6349.81689307363,20300000
"741","National",1994,261012000,404.081804667985,5359.73173647189,711.718235176927,4648.01350129496,14532.66516482,287.640446967826,38837500
"742","Nebraska",1994,1648000,164.502427184466,4373.05825242718,383.616504854369,3989.44174757282,8800,6621.95148455519,19400000
"743","Nevada",1994,1521000,459.763313609468,6396.44970414201,959.697567389875,5436.75213675214,11100,10299.3547825832,37400000
"744","New Hampshire",1994,1131000,178.69142351901,2755.52608311229,117.418213969938,2638.10786914235,7700,3470.04283621908,23300000
"745","New Jersey",1994,7920000,311.010101010101,4651.51515151515,612.929292929293,4038.58585858586,9200,17847.7900447392,4e+07
"746","New Mexico",1994,1685000,220.296735905045,6073.94658753709,872.878338278932,5201.06824925816,21100,10098.5182276831,28700000
"747","New York",1994,18210000,366.556836902801,5059.18725974739,963.388248215266,4095.79901153213,17000,21555.911541281,42300000
"748","North Carolina",1994,6895000,342.973168963017,5768.02030456853,671.617113850616,5096.40319071791,14200,24996.0372488021,23300000
"749","North Dakota",1994,627000,85.4864433811802,2783.89154704944,83.2535885167464,2700.6379585327,10400,6921.88638483634,14100000
"750","Ohio",1994,11140000,376.193895870736,4446.22980251347,484.11131059246,3962.118491921,14100,12714.8571560879,25400000
"751","Oklahoma",1994,3232000,514.57301980198,5614.94430693069,656.714108910891,4958.2301980198,16700,13617.49246639,19900000
"752","Oregon",1994,3152000,220.05076142132,6164.56218274112,509.739847715736,5654.82233502538,11800,5658.88036849152,27800000
"753","Pennsylvania",1994,11970000,236.441102756892,3294.28571428571,429.615705931495,2864.67000835422,12500,9972.30213955782,21400000
"754","Rhode Island",1994,968000,301.54958677686,4242.45867768595,386.776859504132,3855.68181818182,10300,4606.03745108699,28500000
"755","South Carolina",1994,3633000,522.956234516928,6052.02312138728,1039.2513074594,5012.77181392788,13800,31541.1459882595,20100000
"756","South Dakota",1994,737000,231.750339213026,3034.8710990502,222.659430122117,2812.21166892809,14500,7294.16955954643,18400000
"757","Tennessee",1994,5338000,269.782690146122,4963.50693143499,725.084301236418,4238.42263019858,14600,22705.4849930621,20300000
"758","Texas",1994,18890000,625.701429327687,5713.20804658549,687.337215457914,5025.87083112758,19100,16378.9026788343,23600000
"759","Utah",1994,1926000,158.09968847352,5251.40186915888,301.661474558671,4949.74039460021,8000,3360.0768312653,21700000
"760","Vermont",1994,589000,220.88285229202,3200.67911714771,95.4159592529711,3105.26315789474,7600,1454.73137367809,18800000
"761","Virginia",1994,6616000,407.617896009674,4008.46432889964,354.247279322854,3654.21704957678,10700,23002.9252726231,24700000
"762","Washington",1994,5259000,205.989731888192,6123.80680737783,519.433352348355,5604.37345502947,11700,8485.24459428946,26800000
"763","West Virginia",1994,1804000,129.268292682927,2553.60310421286,217.90465631929,2335.69844789357,18600,5164.47012118614,12600000
"764","Wisconsin",1994,5003000,200.319808115131,4006.63601838897,274.795122926244,3731.84089546272,9000,9216.10798075717,30500000
"765","Wyoming",1994,485000,250.927835051546,4210.1030927835,267.422680412371,3942.68041237113,9300,2626.48690458932,27900000
"766","Alabama",1995,4396000,471.292083712466,4690.35486806187,611.783439490446,4078.57142857143,20100,26011.5255588684,21400000
"767","Alaska",1995,630000,559.047619047619,5516.34920634921,739.047619047619,4777.30158730159,7100,20266.5241198577,47300000
"768","Arizona",1995,4337000,492.068249942356,7988.24071939128,693.912842979018,7294.32787641227,16100,6860.5385668735,30900000
"769","Arkansas",1995,2532000,351.895734597156,4601.93522906793,542.693522906793,4059.24170616114,14900,17439.8051734549,17500000
"770","California",1995,32060000,423.100436681223,5745.42732376793,951.821584529008,4793.60573923893,16700,18979.8335001462,38800000
"771","Colorado",1995,3793000,291.668863696283,5330.84629580807,434.853677827577,4895.99261798049,8800,8966.79642182097,28600000
"772","Connecticut",1995,3276000,451.831501831502,4501.86202686203,405.769230769231,4096.0927960928,9700,9197.45318818062,30100000
"773","Delaware",1995,713000,678.260869565217,5187.65778401122,729.032258064516,4458.6255259467,10300,19064.2105798702,30600000
"774","Florida",1995,14310000,446.394129979036,7624.0321453529,1060.17470300489,6563.85744234801,16200,18972.7674578575,37900000
"775","Georgia",1995,7262000,471.853483888736,5953.20848251171,651.56981547783,5301.63866703388,12100,36103.48751618,23600000
"776","Hawaii",1995,1187000,299.915754001685,7198.56781802864,295.619208087616,6902.94860994103,10300,67620.8274680407,30900000
"777","Idaho",1995,1154000,288.388214904679,4435.78856152513,324.523396880416,4111.26516464471,14500,2081.52666527214,23700000
"778","Illinois",1995,11760000,320.221088435374,5488.16326530612,1002.00680272109,4486.15646258503,12400,19628.9089653355,33700000
"779","Indiana",1995,5673000,284.241142252776,4737.66966331747,536.770668076855,4200.89899524061,9600,8234.84108989166,18100000
"780","Iowa",1995,2894000,204.077401520387,4028.16171389081,347.995853489979,3680.16586040083,12200,3803.87062761988,23300000
"781","Kansas",1995,2535000,278.264299802761,4944.77317554241,425.719921104536,4519.05325443787,10800,13586.5218254486,25400000
"782","Kentucky",1995,3876000,311.145510835913,3337.89989680083,363.235294117647,2974.66460268318,14700,7083.2022347187,17500000
"783","Louisiana",1995,4306000,585.113794705063,6731.83929400836,1015.8151416628,5716.02415234556,19700,31452.622521939,27600000
"784","Maine",1995,1225000,113.959183673469,3327.59183673469,133.142857142857,3194.44897959184,11200,1047.88831812467,18500000
"785","Maryland",1995,5133000,417.942723553477,6183.16773816482,969.355152932009,5213.81258523281,10100,33500.1400999394,30900000
"786","Massachusetts",1995,6065000,192.695795548228,4348.06265457543,688.194558944765,3659.86809563067,11000,8824.26940828269,31300000
"787","Michigan",1995,9637000,426.605790183667,5135.44671578292,681.539898308602,4453.90681747432,12200,17602.4883212475,27700000
"788","Minnesota",1995,4628000,104.710458081245,4479.84010371651,354.710458081245,4125.12964563526,9200,5520.5009244552,25200000
"789","Mississippi",1995,2685000,472.402234636872,4534.63687150838,505.027932960894,4029.60893854749,23500,37444.3438791033,18700000
"790","Missouri",1995,5140000,372.256809338521,5303.8326848249,687.529182879377,4616.30350194553,9400,11281.5141079847,23700000
"791","Montana",1995,870000,229.770114942529,4797.35632183908,171.379310344828,4625.97701149425,15300,5197.60120562377,19300000
"792","National",1995,263189000,427.781556220055,5267.21367534357,683.460175007314,4583.75350033626,13793.8895622537,279.279574586142,38025000
"793","Nebraska",1995,1648000,186.529126213592,4514.13834951456,379.429611650485,4134.70873786408,9600,4409.14022463785,2e+07
"794","Nevada",1995,1558000,495.057766367137,6461.10397946085,928.177150192555,5532.92682926829,11100,14259.8537480145,3.7e+07
"795","New Hampshire",1995,1139000,176.909569798068,2676.38279192274,115.364354697103,2561.01843722564,5300,1599.79101195922,23200000
"796","New Jersey",1995,7879000,343.520751364386,4743.08922452088,604.797563142531,4138.29166137835,7800,17610.6309989847,41900000
"797","New Mexico",1995,1806000,225.802879291251,5997.34219269103,764.341085271318,5233.00110741971,25300,12596.9789032552,28400000
"798","New York",1995,18260000,375.060240963855,4529.16210295728,836.161007667032,3693.00109529025,16500,22124.5028053438,44300000
"799","North Carolina",1995,6935000,421.816870944485,5850.95890410959,670.627253064167,5180.33165104542,12600,23015.1044563351,2.4e+07
"800","North Dakota",1995,635000,95.748031496063,2893.38582677165,87.5590551181102,2805.82677165354,12000,4885.52688117312,14900000
"801","Ohio",1995,11210000,398.421052631579,4382.00713648528,479.919714540589,3902.08742194469,11500,12608.2211419316,27300000
"802","Oklahoma",1995,3204000,566.510611735331,5726.06117353308,679.463171036205,5046.59800249688,17100,13687.4059302624,21700000
"803","Oregon",1995,3208000,245.822942643392,6426.8391521197,511.471321695761,5915.36783042394,11200,6296.82670772465,28200000
"804","Pennsylvania",1995,12030000,269.459684123026,3376.63341645885,428.811305070657,2947.8221113882,12200,11096.4226632389,21900000
"805","Rhode Island",1995,962000,301.663201663202,4368.08731808732,378.690228690229,3989.39708939709,10600,7318.41829869565,29400000
"806","South Carolina",1995,3741000,524.218123496391,5953.56856455493,964.100507885592,4989.46805666934,19900,30437.6518392464,20700000
"807","South Dakota",1995,713000,262.412342215989,3129.31276297335,212.201963534362,2917.11079943899,14500,5843.1723464168,19100000
"808","Tennessee",1995,5462000,278.396191871109,5160.45404613695,742.383742218967,4418.07030391798,15500,21766.9288017111,21200000
"809","Texas",1995,18760000,681.055437100213,5673.4328358209,662.595948827292,5010.8368869936,17400,18510.8288948877,23900000
"810","Utah",1995,1999000,173.636818409205,5944.57228614307,320.910455227614,5623.66183091546,8400,2898.04580363516,22700000
"811","Vermont",1995,593000,215.682967959528,3387.35244519393,116.694772344013,3270.65767284992,10300,1562.30734898458,19700000
"812","Virginia",1995,6371000,430.309213624235,4143.85496782295,375.466959660964,3768.38800816198,10200,22911.2339643411,24500000
"813","Washington",1995,5424000,214.01179941003,6277.89454277286,484.882005899705,5793.01253687316,12500,9424.02584461793,26600000
"814","West Virginia",1995,1793000,140.100390407139,2506.13496932515,214.277746793084,2291.85722253207,16700,2727.92550762226,1.3e+07
"815","Wisconsin",1995,5300000,211.301886792453,3755.92452830189,271.679245283019,3484.24528301887,8500,8510.43776964026,30500000
"816","Wyoming",1995,482000,289.419087136929,4302.28215767635,253.112033195021,4049.17012448133,12200,3157.72791872335,28300000
"817","Alabama",1996,4258000,511.038046031,4837.05965241898,567.379051197745,4269.68060122123,14000,32910.457295743,21600000
"818","Alaska",1996,657000,565.601217656012,5035.61643835616,672.298325722983,4363.31811263318,8200,23468.851428001,44700000
"819","Arizona",1996,4786000,469.974926870038,6538.38278311743,584.2666109486,5954.11617216883,20500,9944.96815447847,31600000
"820","Arkansas",1996,2606000,360.974673829624,4526.13200306984,505.026861089793,4021.10514198005,17200,18635.8123207494,18400000
"821","California",1996,32310000,452.024141132776,5138.13370473538,851.117301145156,4287.01640359022,16900,19589.0637855128,4.2e+07
"822","Colorado",1996,3869000,321.478418195916,5057.66347893513,399.663995864565,4657.99948307056,10600,7191.72186034867,28600000
"823","Connecticut",1996,3341000,495.989224782999,4142.89134989524,403.771325950314,3739.12002394493,11700,11208.282895039,31300000
"824","Delaware",1996,732000,698.087431693989,4848.08743169399,661.885245901639,4186.20218579235,8600,22901.5944195247,32100000
"825","Florida",1996,14340000,444.651324965132,7528.75174337517,1055.43933054393,6473.31241283124,14200,16837.0540774191,38100000
"826","Georgia",1996,7390000,475.493910690122,6278.10554803789,635.53450608931,5642.57104194858,14800,33255.8280408991,2.5e+07
"827","Hawaii",1996,1172000,342.235494880546,6651.96245733788,283.447098976109,6368.51535836177,12100,72701.2621105127,2.8e+07
"828","Idaho",1996,1185000,323.37552742616,4026.07594936709,268.101265822785,3757.9746835443,11900,2726.90371501297,23900000
"829","Illinois",1996,11810000,328.975444538527,5336.65537679932,893.1583403895,4443.49703640982,12100,19574.6324236946,35100000
"830","Indiana",1996,5681000,298.538989614504,4624.92518922725,552.121105439183,4072.80408378807,7500,7503.64034244699,19600000
"831","Iowa",1996,2898000,218.840579710145,3590.99378881988,268.150448585231,3322.84334023464,9600,4751.4380352914,21600000
"832","Kansas",1996,2569000,301.907356948229,4687.19346049046,414.24678863371,4272.94667185675,11200,10793.994646774,2.6e+07
"833","Kentucky",1996,3877000,332.989424813,3172.01444415785,321.072994583441,2850.94144957441,17000,9324.72690179983,17700000
"834","Louisiana",1996,4263000,628.172648369693,6979.9671592775,948.299319727891,6031.66783954961,20500,32442.8705500758,28900000
"835","Maine",1996,1203000,118.536990856193,3506.9825436409,129.093931837074,3377.88861180382,11200,1066.07194047449,19300000
"836","Maryland",1996,5085000,433.628318584071,6046.43067846608,928.810226155359,5117.62045231072,10300,31243.3932013638,32600000
"837","Massachusetts",1996,6150000,191.80487804878,3800.94308943089,636.130081300813,3164.81300813008,10100,10833.1915671994,33700000
"838","Michigan",1996,9572000,442.425825323861,5129.24153781864,636.763476807355,4492.47806101128,11200,15391.4042032303,27900000
"839","Minnesota",1996,4690000,109.97867803838,4432.64392324094,336.503198294243,4096.1407249467,9800,5772.84992054973,25800000
"840","Mississippi",1996,2797000,495.495173400072,4391.91991419378,474.115123346443,3917.80479084734,20600,40385.5758231014,19500000
"841","Missouri",1996,5268000,417.672741078208,5171.79195140471,601.157934700076,4570.63401670463,9500,12341.2636265119,24700000
"842","Montana",1996,908000,245.594713656388,4350.11013215859,155.837004405286,4194.2731277533,17000,10119.6710801636,21400000
"843","National",1996,265682000,444.862278965079,5078.95265768851,635.549265663462,4443.40339202505,13699.8366468184,291.07369105225,37212500
"844","Nebraska",1996,1666000,197.298919567827,4399.27971188475,431.09243697479,3968.18727490996,10200,5620.71304694584,19700000
"845","Nevada",1996,1634000,509.485924112607,5878.33537331701,795.899632802938,5082.43574051408,8100,13903.1240446921,38300000
"846","New Hampshire",1996,1142000,180.560420315236,2872.94220665499,120.227670753065,2752.71453590193,6400,1689.76351117739,23200000
"847","New Jersey",1996,7858000,349.834563502163,4404.63222193942,540.328327818783,3864.30389412064,9200,16729.0563130726,41100000
"848","New Mexico",1996,1847000,255.766107200866,6123.28099621007,779.58852192745,5343.69247428262,25500,11500.3309256218,3e+07
"849","New York",1996,18350000,379.885558583106,4095.1280653951,720.468664850136,3374.65940054496,16700,22120.7150423077,46400000
"850","North Carolina",1996,7254000,422.484146677695,5578.77033360904,593.713813068652,4985.05652054039,12200,25783.4736595334,24800000
"851","North Dakota",1996,628000,114.968152866242,2737.10191082803,86.1464968152866,2650.95541401274,11000,4231.63038197416,15400000
"852","Ohio",1996,11250000,410.435555555556,4425.16444444444,425.742222222222,3999.42222222222,12700,13033.8775081843,28600000
"853","Oklahoma",1996,3344000,585.915071770335,5580.2033492823,589.413875598086,4990.78947368421,16600,17689.1158154029,22400000
"854","Oregon",1996,3234000,267.810760667904,5941.00185528757,458.78169449598,5482.22016079159,11800,5503.82743592583,30600000
"855","Pennsylvania",1996,11890000,290.470984020185,3606.02186711522,487.005887300252,3119.01597981497,11600,12426.3522521568,26500000
"856","Rhode Island",1996,940000,347.978723404255,4205.95744680851,365.63829787234,3840.31914893617,11000,7113.40209825935,3e+07
"857","South Carolina",1996,3698000,552.89345592212,6215.8193618172,997.160627366144,5218.65873445105,13000,34434.6894701016,2.2e+07
"858","South Dakota",1996,701000,294.293865905849,3101.28388017118,185.021398002853,2916.26248216833,11800,6829.27424272204,20200000
"859","Tennessee",1996,5528000,282.67004341534,5244.28364688857,744.844428364689,4499.43921852388,15900,20935.7122044197,22700000
"860","Texas",1996,19180000,690.213764337852,5693.44108446298,642.700729927007,5050.74035453597,16600,13807.5463676022,24900000
"861","Utah",1996,1998000,200.3003003003,5991.84184184184,332.232232232232,5659.60960960961,7700,4749.22021892554,23900000
"862","Vermont",1996,586000,190.955631399317,3018.25938566553,121.843003412969,2896.41638225256,12600,1777.22212721872,21200000
"863","Virginia",1996,6481000,426.708841228206,4087.05446690326,351.519827187162,3735.53463971609,12300,24964.6662676967,25200000
"864","Washington",1996,5620000,222.900355871886,5817.9359430605,424.501779359431,5393.43416370107,11900,10265.8510660847,2.7e+07
"865","West Virginia",1996,1745000,157.535816618911,2598.62464183381,219.828080229226,2378.79656160458,18500,2582.8603500046,13600000
"866","Wisconsin",1996,5205000,249.586935638809,3788.31892411143,250.509125840538,3537.80979827089,8800,9089.75461668364,31200000
"867","Wyoming",1996,486000,303.909465020576,4210.28806584362,247.119341563786,3963.16872427984,11900,3631.70052880717,29700000
"868","Alabama",1997,4243000,525.335847277869,4977.32736271506,574.569879802027,4402.75748291303,15700,29849.6755783423,22600000
"869","Alaska",1997,640000,650.78125,5017.1875,667.1875,4350,8800,21876.9233431612,45100000
"870","Arizona",1997,4643000,505.793667887142,7058.66896403188,611.910402756838,6446.75856127504,17200,9880.13711170235,33500000
"871","Arkansas",1997,2621000,382.334986646318,4542.23578786723,507.172834795879,4035.06295307135,19700,18579.9135454036,20500000
"872","California",1997,32880000,473.813868613139,4774.78406326034,783.400243309002,3991.38381995134,16600,19466.4054046602,43300000
"873","Colorado",1997,3921000,343.305279265493,4617.21499617445,360.596786534047,4256.6182096404,8200,8408.08226075526,29500000
"874","Connecticut",1997,3296000,523.08859223301,3952.85194174757,387.773058252427,3565.07888349515,8600,13535.456908365,32300000
"875","Delaware",1997,749000,725.634178905207,5651.66889185581,768.090787716956,4883.57810413885,9600,26109.4617126464,3.2e+07
"876","Florida",1997,14350000,450.355400696864,7425.84668989547,1045.26829268293,6380.57839721254,14300,15929.0361569907,38800000
"877","Georgia",1997,7631000,478.37767003014,5681.60136286201,595.046520770541,5086.55484209147,14500,35106.8394741221,24900000
"878","Hawaii",1997,1182000,421.150592216582,6048.39255499154,279.103214890017,5769.28934010152,13900,70293.9562198473,28900000
"879","Idaho",1997,1251000,312.629896083134,3796.56274980016,248.361310951239,3548.20143884892,14700,3193.84844586739,24800000
"880","Illinois",1997,12070000,337.928748964374,5067.0173985087,849.014084507042,4218.00331400166,11200,19304.7063344636,3.6e+07
"881","Indiana",1997,5849000,306.086510514618,4477.72268763891,515.968541631048,3961.75414600786,8800,7503.78195577392,19700000
"882","Iowa",1997,2820000,246.028368794326,3859.11347517731,313.510638297872,3545.60283687943,9600,4247.56787746513,22100000
"883","Kansas",1997,2583000,306.271777003484,5176.30662020906,431.707317073171,4744.59930313589,9700,10593.3685800547,26100000
"884","Kentucky",1997,3913000,373.115256836187,3123.05136723741,316.534628162535,2806.51673907488,15900,7658.90157684751,1.8e+07
"885","Louisiana",1997,4241000,690.049516623438,6618.03819853808,878.283423720821,5739.75477481726,16300,34507.1879829931,31300000
"886","Maine",1997,1222000,132.569558101473,3182.97872340426,122.749590834697,3060.22913256956,10100,902.937625465053,2e+07
"887","Maryland",1997,5043000,440.848701169939,5710.27166369225,855.185405512592,4855.08625817965,8400,29937.9240679586,31300000
"888","Massachusetts",1997,5991000,199.415790352195,3753.09631113337,657.836755132699,3095.25955600067,12200,8854.02531166306,32600000
"889","Michigan",1997,9783000,457.640805478892,4912.38883777982,589.420423183073,4322.96841459675,10300,14513.7998832746,29100000
"890","Minnesota",1997,4748000,112.173546756529,4356.21314237574,333.340353833193,4022.87278854254,9600,7082.52449063218,26900000
"891","Mississippi",1997,2731000,523.471255950201,4630.24533138045,468.985719516661,4161.25961186379,16700,42476.607067118,2.1e+07
"892","Missouri",1997,5315000,445.230479774224,4893.33960489182,586.8673565381,4306.47224835372,11800,13302.8228145903,25400000
"893","Montana",1997,892000,284.865470852018,4344.5067264574,130.156950672646,4214.34977578475,15600,9781.74109848212,22900000
"894","National",1997,267963000,462.996383829111,4924.21491026746,610.56899646593,4313.64591380153,13233.1702511168,291.812240638112,36300000
"895","Nebraska",1997,1658000,205.18697225573,4281.18214716526,438.178528347407,3843.00361881785,9800,6270.88871448545,2.1e+07
"896","Nevada",1997,1723000,523.737666860128,5902.61172373767,777.423099245502,5125.18862449217,11000,13056.5191487161,38500000
"897","New Hampshire",1997,1197000,181.119465329992,2586.71679197995,110.9440267335,2475.77276524645,9100,2648.94761396986,23200000
"898","New Jersey",1997,7967000,355.980921300364,4100.80331366888,497.966612275637,3602.83670139325,9300,19281.9231333485,39100000
"899","New Mexico",1997,1823000,257.158529895776,6554.19637959408,809.764125068568,5744.43225452551,21200,14589.2667539764,30600000
"900","New York",1997,18100000,381.812154696133,3918.93922651934,690,3228.93922651934,16500,23292.1061436639,47900000
"901","North Carolina",1997,7345000,430.388019060585,5551.30020422056,613.628318584071,4937.67188563649,11400,25384.6116659839,24500000
"902","North Dakota",1997,638000,124.921630094044,2724.13793103448,87.6175548589342,2636.52037617555,13600,5560.19030794867,15900000
"903","Ohio",1997,11210000,428.331846565566,4500.49063336307,434.487065120428,4066.00356824264,11000,12674.9316687745,29300000
"904","Oklahoma",1997,3321000,618.548629930744,5488.04576934658,558.867810900331,4929.17795844625,13700,19198.026049789,21700000
"905","Oregon",1997,3284000,243.57490864799,6191.47381242387,438.855054811206,5752.61875761267,11600,6899.52424762587,32100000
"906","Pennsylvania",1997,11900000,293.81512605042,3466.0756302521,446.554621848739,3019.52100840336,11200,13045.5882293578,27400000
"907","Rhode Island",1997,943000,357.476139978791,3824.92046659597,349.098621420997,3475.82184517497,12700,6546.96434623081,31100000
"908","South Carolina",1997,3813000,555.284552845528,6048.70180959874,976.527668502491,5072.17414109625,13100,29241.9628951663,23300000
"909","South Dakota",1997,708000,316.666666666667,3382.48587570621,205.790960451977,3176.69491525424,16500,7133.63924878986,18500000
"910","Tennessee",1997,5536000,300.921242774566,5344.52673410405,765.69725433526,4578.82947976879,14300,21177.54846975,24700000
"911","Texas",1997,19690000,712.803453529711,5410.6500761808,594.850177755206,4815.7998984256,16700,14967.1604767697,25500000
"912","Utah",1997,2085000,206.282973621103,5920.71942446043,329.880095923261,5590.83932853717,8900,4816.73371424482,26300000
"913","Vermont",1997,580000,218.965517241379,2872.06896551724,121.551724137931,2750.51724137931,9300,1608.21689292605,19900000
"914","Virginia",1997,6747000,420.705498740181,3868.71202015711,344.582777530754,3524.12924262635,12700,26602.671945585,26200000
"915","Washington",1997,5735000,230.409764603313,5797.14036617262,431.107236268527,5366.0331299041,9200,9951.7866732505,27800000
"916","West Virginia",1997,1742000,180.711825487945,2573.9954075775,227.956371986223,2346.03903559127,16400,3023.65333168886,1.4e+07
"917","Wisconsin",1997,5120000,317.96875,3713.53515625,273.203125,3440.33203125,8200,7604.69385424042,31700000
"918","Wyoming",1997,490000,316.122448979592,4095.51020408163,250,3845.51020408163,13500,4473.64602617579,29400000
"919","Alabama",1998,4190000,541.193317422434,4774.82100238663,531.885441527446,4242.93556085919,14500,29696.4285280765,24800000
"920","Alaska",1998,641000,639.157566302652,4575.81903276131,626.365054602184,3949.45397815913,9400,23179.4313184599,47300000
"921","Arizona",1998,4887000,522.099447513812,6281.6656435441,552.158788622877,5729.50685492122,16600,8438.46089071304,34300000
"922","Arkansas",1998,2559000,415.709261430246,4248.26103946854,486.205549042595,3762.05549042595,14700,18788.3707829172,21500000
"923","California",1998,33290000,486.344247521778,4261.56203063983,690.546710723941,3571.01531991589,15400,19930.843747944,4.5e+07
"924","Colorado",1998,3966000,360.867372667675,4493.11649016641,378.416540595058,4114.69994957136,9200,7342.2769105379,32700000
"925","Connecticut",1998,3275000,537.557251908397,3785.37404580153,366.198473282443,3419.17557251908,9500,12850.9167032254,33300000
"926","Delaware",1998,781000,711.651728553137,5109.09090909091,726.248399487836,4382.84250960307,10300,24854.9436598106,3.3e+07
"927","Florida",1998,14630000,459.494190020506,7020.66302118934,957.047163362953,6063.61585782638,13100,16554.3191058894,38800000
"928","Georgia",1998,7634000,514.304427560912,5468.67959130207,573.251244432801,4895.42834686927,13500,36518.786303743,24600000
"929","Hawaii",1998,1201000,409.991673605329,5297.50208159867,245.295587010824,5052.20649458784,10900,70780.4145815153,30700000
"930","Idaho",1998,1273000,320.738413197172,3586.25294579733,272.427336999214,3313.82560879811,13000,2763.43113046506,25700000
"931","Illinois",1998,12260000,351.150081566069,4773.29526916803,793.564437194127,3979.7308319739,10100,18489.1524900788,39200000
"932","Indiana",1998,5830000,329.279588336192,4218.73070325901,436.072041166381,3782.65866209262,9400,7879.46111089466,21200000
"933","Iowa",1998,2834000,260.90331686662,3535.21524347212,314.608327452364,3220.60691601976,9100,4467.6967061604,22700000
"934","Kansas",1998,2615000,312.925430210325,4898.12619502868,419.579349904398,4478.54684512428,9600,11050.7901867924,28200000
"935","Kentucky",1998,3860000,388.264248704663,3176.94300518135,334.430051813471,2842.51295336788,13500,5072.73026318523,18800000
"936","Louisiana",1998,4305000,748.617886178862,6188.96631823461,791.103368176539,5397.86295005807,19100,32054.9160275081,31100000
"937","Maine",1998,1263000,133.887569279493,2995.01187648456,123.990498812352,2871.02137767221,10400,376.496538520385,21300000
"938","Maryland",1998,5014000,450.17949740726,5495.15357000399,815.775827682489,4679.3777423215,7200,33220.4542727019,32700000
"939","Massachusetts",1998,6100000,193.426229508197,3462.34426229508,626.098360655738,2836.24590163934,8700,7492.95055017115,3.4e+07
"940","Michigan",1998,10010000,458.331668331668,4592.60739260739,608.861138861139,3983.74625374625,11000,16062.2923364461,29800000
"941","Minnesota",1998,4815000,115.721703011423,3970.86188992731,304.382139148494,3666.47975077882,10300,8431.36384147825,29500000
"942","Mississippi",1998,2758000,604.713560551124,4374.43799854967,409.789702683104,3964.64829586657,17600,38227.5983703594,21800000
"943","Missouri",1998,5399000,464.160029635118,4862.12261529913,559.770327838489,4302.35228746064,9800,13657.3686536767,26400000
"944","Montana",1998,922000,296.529284164859,4160.62906724512,194.902386117137,3965.72668112798,16600,7873.50413683024,20500000
"945","National",1998,270550000,483.146922934762,4614.93771946036,566.951395305858,4047.9863241545,12700.0554426169,287.630091260802,35500000
"946","Nebraska",1998,1713000,214.594279042615,4276.64915353182,438.237011091652,3838.41214244016,12300,6388.45422227114,20100000
"947","Nevada",1998,1845000,523.089430894309,5000,609.430894308943,4390.56910569106,10600,13657.6854978361,40800000
"948","New Hampshire",1998,1216000,178.371710526316,2358.14144736842,104.440789473684,2253.70065789474,9800,1750.35066317146,24500000
"949","New Jersey",1998,8072000,385.542616451933,3673.56293359762,442.517343904856,3231.04558969277,8600,21823.479224139,41500000
"950","New Mexico",1998,1823000,278.55183763028,6402.13933077345,916.072408118486,5486.06692265496,20400,16144.7661405198,30400000
"951","New York",1998,18370000,393.516603157322,3550.36472509526,631.001633097441,2919.36309199782,16700,22129.8193950078,49200000
"952","North Carolina",1998,7412000,431.206152185645,5418.44306529951,589.894765245548,4828.54830005397,14000,25415.0040869559,25900000
"953","North Dakota",1998,644000,142.080745341615,2656.05590062112,88.5093167701863,2567.54658385093,15100,7008.27158895074,17100000
"954","Ohio",1998,11200000,432.589285714286,4330.94642857143,362.75,3968.19642857143,11200,12686.3004117414,30600000
"955","Oklahoma",1998,3251000,642.633035988927,5151.61488772685,555.306059673946,4596.30882805291,14100,16152.2808002549,20900000
"956","Oregon",1998,3352000,269.510739856802,5528.72911694511,411.038186157518,5117.69093078759,15000,8562.14365957315,31400000
"957","Pennsylvania",1998,11890000,305.946173254836,3303.51555929352,424.474348191758,2879.04121110177,11300,12577.8830633346,28900000
"958","Rhode Island",1998,965000,356.99481865285,3601.65803108808,319.585492227979,3282.0725388601,11600,6991.71067740761,30200000
"959","South Carolina",1998,3851000,565.15190859517,5754.53129057388,899.688392625292,4854.84289794859,13700,28895.3192288742,24600000
"960","South Dakota",1998,710000,341.12676056338,2727.60563380282,160.422535211268,2567.18309859155,10800,7456.43292927768,19600000
"961","Tennessee",1998,5569000,384.952415155324,4909.67857784162,697.288561680733,4212.39001616089,13400,21325.9864391525,2.6e+07
"962","Texas",1998,19890000,726.546003016591,5078.24032176973,560.915032679738,4517.32528908999,15100,17240.714019891,2.6e+07
"963","Utah",1998,2106000,233.000949667616,5490.21842355176,313.342830009497,5176.87559354226,9000,5781.06084142112,27400000
"964","Vermont",1998,592000,248.817567567568,3133.78378378378,106.081081081081,3027.7027027027,9900,1674.0434414853,2.1e+07
"965","Virginia",1998,6679000,453.301392424016,3721.75475370564,331.112441982333,3390.64231172331,8800,24487.6935367211,27300000
"966","Washington",1998,5729000,247.181008902077,5826.47931576191,425.554197940304,5400.92511782161,8900,8968.00998269145,2.8e+07
"967","West Virginia",1998,1748000,198.970251716247,2639.01601830664,257.608695652174,2381.40732265446,17800,4558.75981273122,14300000
"968","Wisconsin",1998,5127000,358.942851570119,3610.16188804369,253.735127755022,3356.42676028867,8800,7145.43391788628,32500000
"969","Wyoming",1998,484000,324.586776859504,3784.09090909091,246.074380165289,3538.01652892562,10600,3306.2091767044,3e+07
"970","Alabama",1999,4388000,561.941659070191,4394.23427529626,488.172288058341,3906.06198723792,15200,28124.6960194072,25600000
"971","Alaska",1999,630000,626.825396825397,4286.8253968254,620.31746031746,3666.50793650794,7600,25270.5527317872,5e+07
"972","Arizona",1999,5057000,513.861973502076,5571.18845165118,520.743523828357,5050.44492782282,12200,6666.19735426616,36200000
"973","Arkansas",1999,2616000,436.353211009174,3942.31651376147,414.678899082569,3527.6376146789,14700,19306.1768331171,22300000
"974","California",1999,33710000,483.734796796203,3741.21625630377,616.668644319193,3124.54761198457,14000,20124.4720604021,42600000
"975","Colorado",1999,4319000,362.815466543181,3815.99907385969,319.773095623987,3496.2259782357,8500,6532.16878386907,32300000
"976","Connecticut",1999,3418000,545.318899941486,3254.41778818022,331.831480397894,2922.58630778233,7200,14025.1472865254,34200000
"977","Delaware",1999,768000,909.244791666667,4746.875,720.572916666667,4026.30208333333,10400,27418.7510494731,34500000
"978","Florida",1999,15570000,446.987797045601,6022.59473346179,828.798972382787,5193.795761079,12400,18069.2157755089,39900000
"979","Georgia",1999,7877000,534.353180144725,5090.36435191063,527.929414751809,4562.43493715882,12800,35252.534297729,25800000
"980","Hawaii",1999,1225000,400.244897959184,4679.51020408163,227.34693877551,4452.16326530612,10800,75129.2228445744,32100000
"981","Idaho",1999,1240000,390.483870967742,3179.75806451613,247.258064516129,2932.5,14100,2575.65143681331,26600000
"982","Illinois",1999,12250000,364.571428571429,4469.87755102041,682.620408163265,3787.25714285714,9900,19022.1128828127,39600000
"983","Indiana",1999,5914000,326.496449103821,3784.37605681434,376.411903956713,3407.96415285763,6700,6702.15894139683,2.2e+07
"984","Iowa",1999,2856000,253.221288515406,3238.69047619048,281.302521008403,2957.38795518207,7400,4106.92155214858,23900000
"985","Kansas",1999,2605000,328.867562380038,4522.18809980806,389.980806142035,4132.20729366603,12300,11614.0630679797,28100000
"986","Kentucky",1999,3859000,396.916299559471,3031.35527338689,316.455040165846,2714.90023322104,12100,9692.11963648997,19400000
"987","Louisiana",1999,4289000,794.264397295407,5858.05549079039,746.864070878993,5111.1914199114,19200,37025.758493738,32300000
"988","Maine",1999,1260000,136.190476190476,2858.88888888889,111.428571428571,2747.46031746032,10600,1493.75733034982,21700000
"989","Maryland",1999,5049000,457.417310358487,5039.01762725292,761.47752030105,4277.54010695187,7300,33386.2853643242,33900000
"990","Massachusetts",1999,6262000,181.347812200575,3217.18300862344,543.324816352603,2673.85819227084,11800,11078.0879397578,38600000
"991","Michigan",1999,10050000,463.850746268657,4244.73631840796,564.268656716418,3680.46766169154,9700,16842.9637603637,30400000
"992","Minnesota",1999,4868000,122.617091207888,3529.21117502054,268.79622021364,3260.4149548069,7300,7784.77631943223,29600000
"993","Mississippi",1999,2755000,662.323049001815,4291.50635208711,351.034482758621,3940.47186932849,16200,37384.8348702107,24500000
"994","Missouri",1999,5511000,474.596262021412,4542.96860823807,496.334603520232,4046.63400471784,11700,13024.6181503858,27200000
"995","Montana",1999,891000,331.200897867565,3500.89786756453,234.567901234568,3266.32996632997,15800,9994.23620813165,23700000
"996","National",1999,275673000,494.675213024126,4220.35455050005,517.295491397417,3703.05905910263,11865.5073220809,289.905537747022,34725000
"997","Nebraska",1999,1683000,219.132501485443,4066.78550207962,425.846702317291,3640.93879976233,11000,7080.60816797314,22700000
"998","Nevada",1999,2033000,466.994589276931,4140.92474176094,507.181505164781,3633.74323659616,11300,12233.0368943943,4.2e+07
"999","New Hampshire",1999,1255000,179.840637450199,2183.74501992032,92.3505976095618,2091.39442231076,7600,2383.43581131746,25200000
"1000","New Jersey",1999,8232000,382.568027210884,3363.37463556851,407.434402332362,2955.94023323615,7800,19474.0815768214,41700000
"1001","New Mexico",1999,1831000,282.577826324413,5665.75641725833,793.009284543965,4872.74713271436,20900,13369.0790972571,34300000
"1002","New York",1999,18860000,386.52704135737,3164.06680805938,568.117709437964,2595.94909862142,14200,22819.6984569772,51600000
"1003","North Carolina",1999,7766000,400.28328611898,5098.77671903168,534.045840844708,4564.73087818697,13800,28106.4595791524,27600000
"1004","North Dakota",1999,621000,151.851851851852,2443.15619967794,68.2769726247987,2374.87922705314,13100,7892.53758325802,1.8e+07
"1005","Ohio",1999,11220000,417.486631016043,4009.6256684492,317.433155080214,3692.19251336898,12000,12478.7999108798,31600000
"1006","Oklahoma",1999,3300000,678.575757575758,4766.24242424242,517.151515151515,4249.09090909091,12800,18006.5111517688,21100000
"1007","Oregon",1999,3421000,288.219818766443,4848.46536100555,363.402513884829,4485.06284712072,12600,8102.93595175093,32600000
"1008","Pennsylvania",1999,11950000,305.648535564854,3125.12133891213,422.016736401674,2703.10460251046,9300,13046.7398048563,30100000
"1009","Rhode Island",1999,1033000,290.706679574056,3436.30203291384,274.927395934172,3161.37463697967,10000,9981.19460626595,31700000
"1010","South Carolina",1999,3800000,579.157894736842,5444.92105263158,866.315789473684,4578.6052631579,11700,28013.3016179992,26100000
"1011","South Dakota",1999,709000,353.45557122708,2734.2736248237,173.060648801128,2561.21297602257,7700,7516.57158229637,20400000
"1012","Tennessee",1999,5583000,403.044957907935,4610.65735267777,682.625828407666,3928.03152427011,11900,17082.0740046832,26800000
"1013","Texas",1999,20170000,809.072880515617,5000.33217649975,556.797223599405,4443.53495290035,15200,16315.0766089252,26500000
"1014","Utah",1999,2194000,242.57064721969,4831.31267092069,267.502278942571,4563.81039197812,5700,5497.62069671937,28700000
"1015","Vermont",1999,599000,256.427378964942,2793.82303839733,112.854757929883,2680.96828046745,9600,1884.94167165997,18100000
"1016","Virginia",1999,6831000,436.085492607232,3394.61279461279,316.58615136876,3078.02664324403,7900,24510.5400452778,27800000
"1017","Washington",1999,5698000,256.054756054756,5309.03825903826,381.116181116181,4927.92207792208,9600,7377.96836147691,28700000
"1018","West Virginia",1999,1734000,203.690888119954,2835.12110726644,365.397923875433,2469.723183391,15700,5405.68968691,15300000
"1019","Wisconsin",1999,5429000,375.575612451649,3187.73254743047,237.760176828145,2949.97237060232,8600,9773.8831281794,34700000
"1020","Wyoming",1999,484000,353.305785123967,3426.23966942149,230.371900826446,3195.86776859504,11600,3191.02608555181,33400000
"1021","Alabama",2000,4376000,603.427787934186,4619.72120658135,494.058500914077,4125.66270566728,13300,27402.5960649049,2.5e+07
"1022","Alaska",2000,620000,673.064516129032,4296.93548387097,573.225806451613,3723.70967741935,7600,25485.7923108936,47900000
"1023","Arizona",2000,5181000,511.677282377919,5772.86238177958,526.558579424821,5246.30380235476,11700,6843.05993461712,36100000
"1024","Arkansas",2000,2650000,449.622641509434,4151.66037735849,449.207547169811,3702.45283018868,16500,20018.493460134,22300000
"1025","California",2000,33890000,480.970787843022,3737.72204190027,621.218648568899,3116.50339333137,12700,19602.4400730646,43500000
"1026","Colorado",2000,4334000,388.394093216428,3952.56114443932,331.495154591601,3621.06598984772,9800,8074.85139795229,32600000
"1027","Connecticut",2000,3365000,545.468053491828,3271.64933135215,328.618127786033,2943.03120356612,7700,15016.521021869,3.4e+07
"1028","Delaware",2000,777000,890.733590733591,4516.08751608752,690.21879021879,3825.86872586873,8400,25926.3737250501,35900000
"1029","Florida",2000,15990000,446.022514071295,5692.02001250782,811.613508442777,4880.40650406504,11000,16636.417842393,39600000
"1030","Georgia",2000,8112000,545.266272189349,4794.73619329389,509.35650887574,4285.37968441815,12100,36719.4045268842,26400000
"1031","Hawaii",2000,1195000,422.845188284519,5270.87866108787,247.196652719665,5023.6820083682,8900,73872.5992614101,31100000
"1032","Idaho",2000,1289000,429.402637703646,3198.44840961986,253.452288595811,2944.99612102405,12500,3513.59357028574,27100000
"1033","Illinois",2000,12270000,369.038304808476,4290.74164629177,661.744091279544,3628.99755501222,10700,19551.2874563901,41700000
"1034","Indiana",2000,6007000,335.025803229565,3797.81921092059,353.42100882304,3444.39820209755,8500,9893.59628513583,23500000
"1035","Iowa",2000,2858000,278.341497550735,3311.0566829951,272.778166550035,3038.27851644507,8300,3942.55755364292,24800000
"1036","Kansas",2000,2649000,314.986787466969,4474.40543601359,395.24348810872,4079.16194790487,8000,10535.8129592201,27100000
"1037","Kentucky",2000,3995000,373.441802252816,2994.39299123905,297.947434292866,2696.44555694618,12600,10877.5646922932,20500000
"1038","Louisiana",2000,4354000,808.612769866789,5566.00826825907,699.127239320165,4866.88102893891,17200,35199.0121852324,31500000
"1039","Maine",2000,1267000,132.517758484609,2636.14838200474,110.26045777427,2525.88792423047,10100,1411.93500249372,21800000
"1040","Maryland",2000,5241000,449.112764739553,4867.10551421484,794.943713031864,4072.16180118298,7400,32777.197386832,35800000
"1041","Massachusetts",2000,6284000,170.62380649268,3057.46339910885,481.063017186505,2576.40038192234,9800,12028.27171559,39500000
"1042","Michigan",2000,9813000,486.273310914094,4162.39682054418,562.101294201569,3600.29552634261,9900,17645.5373681298,30600000
"1043","Minnesota",2000,4890000,127.566462167689,3509.42740286299,282.474437627812,3226.95296523517,5700,7989.84732235928,30100000
"1044","Mississippi",2000,2794000,724.44523979957,4076.98639942734,367.465998568361,3709.52040085898,14900,37820.2890313634,24100000
"1045","Missouri",2000,5517000,499.238716693855,4591.95214790647,496.991118361428,4094.96102954504,9200,12866.794386118,26800000
"1046","Montana",2000,888000,349.662162162162,3942.0045045045,316.103603603604,3625.9009009009,14100,8224.91714706532,25500000
"1047","National",2000,278393000,500.813957247488,4169.67021440913,512.040891832769,3657.62932257636,11314.5804671813,289.513822436094,33975000
"1048","Nebraska",2000,1679000,231.98332340679,4174.21083978559,333.889219773675,3840.32162001191,8600,6635.6234137711,23300000
"1049","Nevada",2000,2045000,492.078239608802,4171.00244498778,512.176039119804,3658.82640586797,8800,11608.9367949209,45400000
"1050","New Hampshire",2000,1231000,183.346872461413,2442.567018684,176.035743298132,2266.53127538587,4500,2903.83492374772,25600000
"1051","New Jersey",2000,8384000,355.248091603053,3171.93463740458,385.233778625954,2786.70085877863,7300,20879.033103941,4.5e+07
"1052","New Mexico",2000,1790000,298.435754189944,5608.43575418994,770.167597765363,4838.26815642458,17500,16603.0453999129,35700000
"1053","New York",2000,18750000,374.394666666667,3137.008,560.592,2576.416,13900,22619.818083341,51100000
"1054","North Carolina",2000,7983000,391.657271702367,4960.1904046098,501.70362019291,4458.48678441689,12500,26244.0297574647,2.9e+07
"1055","North Dakota",2000,622000,172.990353697749,2362.37942122186,84.0836012861736,2278.29581993569,10400,8375.15759353313,1.8e+07
"1056","Ohio",2000,11160000,410.689964157706,4111.77419354839,339.91935483871,3771.85483870968,10000,14578.1843517932,31800000
"1057","Oklahoma",2000,3378000,686.234458259325,4656.66074600355,508.496151568976,4148.16459443458,14900,19417.0172435978,25500000
"1058","Oregon",2000,3415000,309.809663250366,4854.46559297218,351.390922401171,4503.07467057101,10900,6506.04734310726,34500000
"1059","Pennsylvania",2000,12040000,306.038205980066,3055.29900332226,428.43853820598,2626.86046511628,8600,12131.703246676,30700000
"1060","Rhode Island",2000,1035000,317.487922705314,3521.15942028986,301.545893719807,3219.61352657005,10200,8860.75682817438,34200000
"1061","South Carolina",2000,3964000,549.394550958628,5411.57921291625,838.168516649849,4573.4106962664,11100,26532.6755436814,27600000
"1062","South Dakota",2000,737000,354.952510176391,2375.98371777476,170.827679782904,2205.15603799186,10700,8293.14790871648,19800000
"1063","Tennessee",2000,5630000,393.712255772647,4941.70515097691,714.61811722913,4227.08703374778,13500,18999.9420471482,2.8e+07
"1064","Texas",2000,20700000,805.405797101449,4991.84057971014,549.048309178744,4442.7922705314,15500,16536.5284071337,2.6e+07
"1065","Utah",2000,2239000,251.764180437695,4464.40375167485,255.069227333631,4209.33452434122,7600,4043.53545270587,28800000
"1066","Vermont",2000,599000,283.30550918197,3035.89315525876,115.358931552588,2920.53422370618,10000,2710.55842192456,21700000
"1067","Virginia",2000,6977000,432.392145621327,3072.20868568152,285.839185896517,2786.36949978501,8300,23946.0103847103,28100000
"1068","Washington",2000,5863000,254.391949513901,5132.7306839502,371.618625277162,4761.11205867303,10800,10349.0596247415,2.9e+07
"1069","West Virginia",2000,1773000,217.484489565708,2654.65313028765,322.786238014664,2331.86689227298,14700,4022.85828941331,16100000
"1070","Wisconsin",2000,5308000,390.994724943482,3242.72795779955,239.261492087415,3003.46646571213,9300,10435.479530477,35600000
"1071","Wyoming",2000,485000,346.39175257732,3357.73195876289,271.340206185567,3086.39175257732,10800,2876.46831855584,3.4e+07
"1072","Alabama",2001,4378000,610.804020100502,4404.63682046597,447.281863864778,3957.35495660119,15900,28216.6033244244,19450000
"1073","Alaska",2001,632000,723.259493670886,4255.53797468354,590.981012658228,3664.55696202532,8500,26286.5747555463,23450000
"1074","Arizona",2001,5314000,521.452766277757,6069.79676326684,539.612344749718,5530.18441851712,14600,10241.0595170286,53500000
"1075","Arkansas",2001,2650000,475.245283018868,4199.84905660377,460,3739.84905660377,17800,19690.3443374342,14150000
"1076","California",2001,34390000,463.634777551614,3916.99912765339,618.979354463507,3298.01977318988,12600,21072.4668657293,17250000
"1077","Colorado",2001,4402000,396.365288505225,4233.96183552931,351.930940481599,3882.03089504771,8700,9154.3131082415,21450000
"1078","Connecticut",2001,3385000,567.090103397341,3154.83013293944,339.497784342688,2815.33234859675,7300,14126.4776591893,25800000
"1079","Delaware",2001,790000,886.455696202532,4084.43037974684,616.20253164557,3468.22784810127,6700,22063.9603210439,36900000
"1080","Florida",2001,16320000,443.651960784314,5595.77205882353,800.9375,4794.83455882353,12700,16871.3483002761,15750000
"1081","Georgia",2001,8261000,556.070693620627,4715.44607190413,504.430456361215,4211.01561554291,12900,37767.9963430245,19050000
"1082","Hawaii",2001,1205000,450.705394190871,5472.78008298755,258.672199170124,5214.10788381743,11400,72566.0915684797,22450000
"1083","Idaho",2001,1314000,455.403348554034,3150.07610350076,244.368340943683,2905.70776255708,11500,3406.99552562409,29200000
"1084","Illinois",2001,12310000,360.259951259139,4174.80097481722,643.948009748172,3530.85296506905,10100,20670.1442883849,35550000
"1085","Indiana",2001,6030000,347.694859038143,3885.2736318408,377.014925373134,3508.25870646766,8500,10657.4535222951,17150000
"1086","Iowa",2001,2858000,278.586424072778,3376.45206438069,275.19244226732,3101.25962211337,7400,4324.6832382503,2e+07
"1087","Kansas",2001,2635000,325.50284629981,4419.20303605313,414.003795066414,4005.19924098672,10100,9057.94394645453,25400000
"1088","Kentucky",2001,3989000,386.663324141389,2954.77563299072,263.474555026322,2691.3010779644,12600,9650.59963675259,28250000
"1089","Louisiana",2001,4372000,819.07593778591,5452.2186642269,701.692589204026,4750.52607502287,16200,34214.9917310013,37850000
"1090","Maine",2001,1277000,133.437744714174,2708.61393891934,112.372748629601,2596.24119028974,10300,1600.70763787183,17100000
"1091","Maryland",2001,5318000,446.634072959759,4919.14253478751,791.425347875141,4127.71718691237,7200,33873.4103284459,22200000
"1092","Massachusetts",2001,6302000,168.010155506189,3136.5280863218,485.322119961917,2651.20596635989,8900,10374.0822281462,26150000
"1093","Michigan",2001,9880000,494.423076923077,4127.2975708502,560.971659919028,3566.32591093117,9400,17447.9177262097,30950000
"1094","Minnesota",2001,4910000,134.541751527495,3629.14460285132,267.718940936864,3361.42566191446,7400,7099.86523379892,39800000
"1095","Mississippi",2001,2794000,768.0744452398,4281.1381531854,358.124552612742,3923.01360057266,19300,37242.325921503,20050000
"1096","Missouri",2001,5513000,521.621621621622,4877.25376383094,552.729911119173,4324.52385271177,9700,12373.9806276204,25500000
"1097","Montana",2001,891000,373.51290684624,3744.33221099888,357.687991021324,3386.64421997755,13300,7252.9887697485,28750000
"1098","National",2001,280922000,499.794248937427,4227.74613593809,512.412698186685,3715.3334377514,11678.6866105182,287.793093531404,33300000
"1099","Nebraska",2001,1680000,234.345238095238,4415.29761904762,310.357142857143,4104.94047619048,9400,6559.38939640096,41350000
"1100","Nevada",2001,2129000,480.648191639267,4220.05636449037,580.50728041334,3639.54908407703,7100,14582.4039069688,22150000
"1101","New Hampshire",2001,1254000,190.749601275917,2331.18022328549,170.97288676236,2160.20733652313,6500,2117.19817254153,22300000
"1102","New Jersey",2001,8456000,332.805108798486,3236.10454115421,391.367076631977,2844.73746452223,8100,21982.1187773325,29700000
"1103","New Mexico",2001,1795000,315.766016713092,5425.23676880223,795.988857938719,4629.24791086351,18000,17535.0899808264,35650000
"1104","New York",2001,18780000,359.600638977636,2960.72949946752,521.948881789137,2438.78061767838,14200,24725.1169187405,44750000
"1105","North Carolina",2001,8084000,398.973280554181,5000.51954477981,500.556655121227,4499.96288965858,12500,26872.3296488722,23300000
"1106","North Dakota",2001,620000,179.193548387097,2474.03225806452,81.4516129032258,2392.58064516129,13800,7502.8207534184,28400000
"1107","Ohio",2001,11180000,405.017889087656,4249.89266547406,357.98747763864,3891.90518783542,10500,14101.4321006072,32550000
"1108","Oklahoma",2001,3372000,675.563463819691,4727.31316725979,525.682087781732,4201.63107947805,15100,17138.804341499,39950000
"1109","Oregon",2001,3446000,331.108531630876,5083.4010446895,309.053975623912,4774.34706906558,11800,8047.94652736677,47500000
"1110","Pennsylvania",2001,12090000,314.822167080232,3009.42928039702,417.138130686518,2592.2911497105,9600,10950.646763944,23150000
"1111","Rhode Island",2001,1043000,310.738255033557,3741.13135186961,314.285714285714,3426.84563758389,9600,8880.82931329089,30100000
"1112","South Carolina",2001,3995000,565.106382978723,5486.05757196496,828.886107634543,4657.17146433041,15100,26269.950060193,32450000
"1113","South Dakota",2001,737000,378.561736770692,2394.02985074627,158.887381275441,2235.14246947083,8400,7407.74486113001,37950000
"1114","Tennessee",2001,5670000,417.477954144621,5216.36684303351,754.426807760141,4461.94003527337,14100,19801.8116451262,45700000
"1115","Texas",2001,21030000,770.660960532573,5224.95958155017,580.860675225868,4644.0989063243,14900,14689.265833382,44250000
"1116","Utah",2001,2257000,236.552946389012,4267.03588834736,235.445281346921,4031.59060700044,10500,4848.72314830396,29700000
"1117","Vermont",2001,605000,287.768595041322,2806.28099173554,106.446280991736,2699.8347107438,9700,2294.1464395224,33650000
"1118","Virginia",2001,7080000,447.203389830509,3226.62429378531,295.748587570621,2930.87570621469,8000,27680.2870198728,38450000
"1119","Washington",2001,5920000,256.064189189189,5211.01351351351,359.087837837838,4851.92567567568,10700,12265.6025582592,43800000
"1120","West Virginia",2001,1769000,238.270209157716,2607.12266817411,284.624081401922,2322.49858677219,16400,3588.33116353488,40400000
"1121","Wisconsin",2001,5323000,403.813638925418,3370.46778132632,234.566973511178,3135.90080781514,7900,8405.06545297113,30800000
"1122","Wyoming",2001,487000,345.790554414784,3571.25256673511,261.190965092402,3310.06160164271,8700,2921.73296366205,36150000
"1123","Alabama",2002,4432000,630.573104693141,4520.10379061372,449.706678700361,4070.39711191336,14500,28195.6449641562,25800000
"1124","Alaska",2002,632000,695.886075949367,4390.03164556962,573.892405063291,3816.13924050633,8800,29319.4586445898,66900000
"1125","Arizona",2002,5424000,541.279498525074,6424.53908554572,556.25,5868.28908554572,13500,10517.4108154013,3.8e+07
"1126","Arkansas",2002,2690000,486.654275092937,4188.55018587361,427.546468401487,3761.00371747212,19800,20882.3048741917,24200000
"1127","California",2002,35070000,460.11120615911,3948.87938408897,594.205873966353,3354.67351012261,13100,20951.1626905322,4.7e+07
"1128","Colorado",2002,4470000,421.319910514541,4383.35570469799,355.302013422819,4028.05369127517,9800,8154.83714245966,38800000
"1129","Connecticut",2002,3377000,613.56233343204,3086.55611489488,320.017767249038,2766.53834764584,8300,13935.7292463107,36700000
"1130","Delaware",2002,796000,851.507537688442,3995.35175879397,607.537688442211,3387.81407035176,9100,21831.709371055,38500000
"1131","Florida",2002,16390000,458.877364246492,5527.49847467968,785.363026235509,4742.13544844417,12600,18097.4568446102,42800000
"1132","Georgia",2002,8413000,563.948650897421,4586.11672411744,466.789492452157,4119.32723166528,11200,34409.0324411546,29700000
"1133","Hawaii",2002,1219000,444.87284659557,6172.1082854799,267.596390484003,5904.5118949959,11300,74314.8899848793,33400000
"1134","Idaho",2002,1296000,443.364197530864,3282.9475308642,263.811728395062,3019.13580246914,11300,3586.058887401,29200000
"1135","Illinois",2002,12500000,341.544,4049.904,606.072,3443.832,12800,20324.5521121643,41900000
"1136","Indiana",2002,6086000,355.093657574762,3795.03779165297,361.501807426881,3433.53598422609,9100,7897.54238794059,23700000
"1137","Iowa",2002,2899000,289.686098654709,3493.10106933425,289.341152121421,3203.75991721283,9200,5074.76177981774,25400000
"1138","Kansas",2002,2681000,333.271167474823,4140.13427825438,381.53674002238,3758.597538232,10100,9253.65295195213,28600000
"1139","Kentucky",2002,4033000,392.263823456484,2967.79072650632,275.254153235805,2692.53657327052,14200,8131.3238750082,21600000
"1140","Louisiana",2002,4445000,810.618672665917,5141.23734533183,667.941507311586,4473.29583802025,17500,34420.4405132577,32200000
"1141","Maine",2002,1265000,150.197628458498,2717.86561264822,110.355731225296,2607.50988142292,13400,2775.31236682871,22700000
"1142","Maryland",2002,5419000,445.875622808636,4781.69403949068,775.32755120871,4006.36648828197,7400,33561.8333316153,39900000
"1143","Massachusetts",2002,6469000,159.66919152883,3074.50919771217,481.326325552636,2593.18287215953,10000,12161.4882758629,36500000
"1144","Michigan",2002,9897000,511.175103566737,3934.18207537638,548.711730827524,3385.47034454885,11600,17427.5708315907,32600000
"1145","Minnesota",2002,5044000,141.336241078509,3518.12053925456,266.217287866772,3251.90325138779,6500,7716.18126859964,3.3e+07
"1146","Mississippi",2002,2785000,815.260323159785,4288.76122082585,353.967684021544,3934.79353680431,18400,40295.8215219755,26200000
"1147","Missouri",2002,5581000,539.311951263214,4677.96093889984,547.51836588425,4130.44257301559,9900,13638.1251829244,29200000
"1148","Montana",2002,902000,368.40354767184,3541.90687361419,354.434589800443,3187.47228381375,13500,6596.55413850132,30400000
"1149","National",2002,284749000,505.759107143484,4171.72808332953,499.97611931912,3671.75196401041,12105.3980874384,288.318381895329,32700000
"1150","Nebraska",2002,1700000,238.705882352941,4329.76470588235,319.294117647059,4010.47058823529,10600,6657.90201831079,25200000
"1151","Nevada",2002,2114000,495.648060548723,4624.0302743614,655.439924314097,3968.5903500473,8900,15851.331600076,48600000
"1152","New Hampshire",2002,1264000,193.908227848101,2239.39873417722,162.658227848101,2076.74050632911,5800,3396.63062629595,27200000
"1153","New Jersey",2002,8585000,324.88060570763,3028.15375655213,375.678509027373,2652.47524752475,7900,20506.5412065637,4.6e+07
"1154","New Mexico",2002,1837000,326.129559063691,5127.70821992379,746.815459989113,4380.89275993468,17900,13575.0899719943,35900000
"1155","New York",2002,19220000,348.933402705515,2794.59417273673,494.432882414152,2300.16129032258,14000,24165.4340580037,57100000
"1156","North Carolina",2002,8146000,403.044438988461,4822.3177019396,480.211146575006,4342.1065553646,14300,28538.4046232268,29400000
"1157","North Dakota",2002,632000,175.949367088608,2414.24050632911,78.4810126582278,2335.75949367089,11600,9119.26941713946,19600000
"1158","Ohio",2002,11250000,405.742222222222,4169.81333333333,356.693333333333,3813.12,9800,13873.8978114881,34400000
"1159","Oklahoma",2002,3473000,656.55053268068,4771.52317880795,506.392168154333,4265.13101065361,14100,17413.7236580798,26500000
"1160","Oregon",2002,3503000,344.990008564088,4894.17642021125,293.976591493006,4600.19982871824,10900,7364.70594454948,35700000
"1161","Pennsylvania",2002,12170000,330.057518488085,2879.58915365653,407.378800328677,2472.21035332786,9500,11247.188530255,32300000
"1162","Rhode Island",2002,1055000,333.649289099526,3639.14691943128,289.194312796209,3349.95260663507,11000,8547.11695809632,36400000
"1163","South Carolina",2002,3989000,594.509902231136,5454.22411631988,846.352469290549,4607.87164702933,14300,29342.6369714191,28600000
"1164","South Dakota",2002,743000,392.732166890983,2334.05114401077,181.695827725437,2152.35531628533,11500,8148.6331360033,22600000
"1165","Tennessee",2002,5655000,441.892130857648,5145.19893899204,734.960212201592,4410.23872679045,14800,20067.7106710164,27400000
"1166","Texas",2002,21480000,754.203910614525,5262.06703910615,586.675977653631,4675.39106145251,15600,15463.0124226543,2.8e+07
"1167","Utah",2002,2308000,240.987868284229,4468.32755632582,237.781629116118,4230.54592720971,9900,5970.04087669729,30800000
"1168","Vermont",2002,616000,302.435064935065,2532.46753246753,106.818181818182,2425.64935064935,9900,2199.8656760855,24300000
"1169","Virginia",2002,7108000,492.02307259426,3222.2706809229,299.043331457513,2923.22734946539,9900,27054.9604808291,29200000
"1170","Washington",2002,5988000,268.236472945892,5175.86840347361,350.100200400802,4825.76820307281,11000,13273.4618053811,29300000
"1171","West Virginia",2002,1747000,260.103033772181,2594.16141957642,241.614195764167,2352.54722381225,16800,4073.15050784632,17300000
"1172","Wisconsin",2002,5463000,404.777594728171,3239.74006955885,224.016108365367,3015.72396119348,8600,8449.78758833318,3.8e+07
"1173","Wyoming",2002,488000,355.94262295082,3659.4262295082,279.508196721311,3379.91803278689,9000,3212.35625800487,39500000
"1174","Alabama",2003,4417000,631.944758886122,4563.5499207607,437.6499886801,4125.8999320806,15000,29764.3202722739,18650000
"1175","Alaska",2003,643000,704.043545878694,4395.4898911353,602.954898911353,3792.53499222395,9600,31333.7226309648,22550000
"1176","Arizona",2003,5558000,560.813242173444,6170.79884850666,515.257286793811,5655.54156171285,13500,10365.0803819274,29950000
"1177","Arkansas",2003,2670000,498.689138576779,4177.265917603,466.25468164794,3711.01123595506,17800,20050.5165935415,13650000
"1178","California",2003,35310000,465.836873406967,4023.32766921552,582.132540356839,3441.19512885868,13100,22253.9869736763,16950000
"1179","Colorado",2003,4478000,439.280928986155,4364.96203662349,351.875837427423,4013.08619919607,9700,11082.735112846,2e+07
"1180","Connecticut",2003,3417000,580.801872988001,3044.36640327773,323.236757389523,2721.12964588821,8100,15104.8145622356,2.5e+07
"1181","Delaware",2003,818000,830.562347188264,4091.44254278729,675.427872860636,3416.01466992665,7300,23165.5104227826,33050000
"1182","Florida",2003,16880000,485.85308056872,5224.97630331754,736.255924170616,4488.72037914692,12700,18842.1736521796,14950000
"1183","Georgia",2003,8559000,551.559761654399,4778.8760369202,460.74307746232,4318.13295945788,11900,31390.4494001126,18350000
"1184","Hawaii",2003,1250000,466.24,5541.36,272,5269.36,9300,82228.1097864092,21950000
"1185","Idaho",2003,1356000,423.082595870206,3200.88495575221,247.935103244838,2952.94985250737,10200,4164.02805162398,27650000
"1186","Illinois",2003,12620000,344.041204437401,3853.09825673534,557.654516640254,3295.44374009509,12600,19320.4441040766,33550000
"1187","Indiana",2003,6130000,376.329526916803,3750.09787928222,356.3132137031,3393.78466557912,9900,10776.703879785,15650000
"1188","Iowa",2003,2916000,293.072702331962,3282.88751714678,280.349794238683,3002.53772290809,8900,5167.05734587434,19150000
"1189","Kansas",2003,2676000,341.255605381166,4488.30343796712,404.745889387145,4083.55754857997,10800,12496.3536142462,24500000
"1190","Kentucky",2003,4100000,405.414634146341,2770.78048780488,249.560975609756,2521.21951219512,14400,10257.000343916,27800000
"1191","Louisiana",2003,4422000,815.174129353234,5027.58932609679,647.26368159204,4380.32564450475,17000,34119.5982563641,33500000
"1192","Maine",2003,1279000,157.3885848319,2619.2337763878,111.180609851446,2508.05316653636,11600,2975.53312979352,16200000
"1193","Maryland",2003,5485000,433.746581586144,4524.99544211486,706.982680036463,3818.0127620784,8600,34820.9050697171,21450000
"1194","Massachusetts",2003,6357000,160.956425987101,3066.2262073305,477.851187667139,2588.37501966336,10300,11065.0792647729,25400000
"1195","Michigan",2003,9893000,498.918427170727,3862.47852016577,521.075507934903,3341.40301223087,11400,18103.6104263668,3e+07
"1196","Minnesota",2003,5075000,154.975369458128,3369.04433497537,262.384236453202,3106.66009852217,7400,8583.71766355432,36400000
"1197","Mississippi",2003,2851000,722.16766047001,4075.86811645037,327.46404770256,3748.40406874781,16000,39072.5468376327,18350000
"1198","Missouri",2003,5606000,540.545843738851,4666.9818052087,500.660007135212,4166.32179807349,10700,14677.0285073377,24550000
"1199","Montana",2003,915000,395.628415300546,3473.11475409836,366.229508196721,3106.88524590164,15100,8983.42439602803,28250000
"1200","National",2003,287162000,511.418989977783,4118.42026451968,481.845090924287,3636.57517359539,12455.6870337997,303.935400655826,32050000
"1201","Nebraska",2003,1725000,234.202898550725,4075.01449275362,295.942028985507,3779.07246376812,9800,8168.18362523477,39350000
"1202","Nevada",2003,2242000,470.249776984835,4903.70205173952,616.101694915254,4287.60035682426,10900,18287.144849743,19450000
"1203","New Hampshire",2003,1263000,192.715756136184,2248.06017418844,153.365003958828,2094.69517022961,5800,3952.19433269728,20925000
"1204","New Jersey",2003,8574000,317.77466759972,2937.22883135059,367.249825052484,2569.97900629811,8600,21731.0426703033,29250000
"1205","New Mexico",2003,1867000,333.315479378682,4785.80610605249,671.39796464917,4114.40814140332,18100,15289.0977839647,34550000
"1206","New York",2003,18920000,344.598308668076,2756.68604651163,472.970401691332,2283.7156448203,14300,25710.6509207435,42050000
"1207","North Carolina",2003,8223000,408.123555879849,4838.90307673598,465.073574121367,4373.82950261462,15700,26739.8778984433,39600000
"1208","North Dakota",2003,631000,196.35499207607,2198.41521394612,80.5071315372425,2117.90808240887,9700,6853.14438701805,28050000
"1209","Ohio",2003,11230000,398.73552983081,4057.59572573464,340.026714158504,3717.56901157614,10900,14983.3339606988,3.2e+07
"1210","Oklahoma",2003,3430000,665.33527696793,4926.12244897959,517.725947521866,4408.39650145773,12800,23257.3275030889,38250000
"1211","Oregon",2003,3560000,357.162921348315,5066.54494382022,295.112359550562,4771.43258426966,12500,9183.54021857821,44800000
"1212","Pennsylvania",2003,12140000,336.820428336079,2881.78747940692,405.354200988468,2476.43327841845,10500,13009.9787543493,40050000
"1213","Rhode Island",2003,1051000,335.58515699334,3359.18173168411,292.483349191246,3066.69838249286,11500,10137.7323531686,29350000
"1214","South Carolina",2003,4060000,584.211822660099,5444.50738916256,824.014778325123,4620.49261083744,12700,31313.5125326187,32150000
"1215","South Dakota",2003,749000,404.005340453939,2223.36448598131,177.436582109479,2045.92790387183,12700,9482.8172753807,3.6e+07
"1216","Tennessee",2003,5901000,430.486358244365,5032.6046432808,684.782240298255,4347.82240298255,14000,19192.2464329878,43100000
"1217","Texas",2003,21830000,764.594594594595,5217.50343563903,559.990838295923,4657.51259734311,17000,16967.8462239078,59300000
"1218","Utah",2003,2346000,245.652173913043,4517.17817561807,251.023017902813,4266.15515771526,9100,5781.18167113003,28800000
"1219","Vermont",2003,610000,318.688524590164,2378.68852459016,115.901639344262,2262.7868852459,8500,2825.24195710852,32500000
"1220","Virginia",2003,7367000,476.001085923714,2999.03624270395,278.132211212162,2720.90403149179,10000,26223.9999060409,37750000
"1221","Washington",2003,6078000,265.679499835472,5146.66008555446,349.98354721948,4796.67653833498,12600,13623.0370805643,41600000
"1222","West Virginia",2003,1785000,266.554621848739,2632.88515406162,259.21568627451,2373.66946778711,17400,5630.64082915207,57900000
"1223","Wisconsin",2003,5412000,417.664449371766,3137.25055432372,223.651145602365,2913.59940872136,9800,9284.48913835142,29500000
"1224","Wyoming",2003,487000,384.394250513347,3688.29568788501,269.815195071869,3418.48049281314,9800,4994.26224597164,34900000
"1225","Alabama",2004,4508000,574.24578527063,4473.4693877551,428.66015971606,4044.80922803904,16900,30198.663933265,26300000
"1226","Alaska",2004,648000,702.777777777778,4063.42592592593,641.820987654321,3421.60493827161,9100,31359.7401991135,44100000
"1227","Arizona",2004,5763000,564.20267221933,5555.35311469721,502.377234079472,5052.97588061773,14400,9830.57625313165,38800000
"1228","Arkansas",2004,2723000,507.051046639736,4580.42600073448,507.308116048476,4073.11788468601,15100,19345.1519048705,24800000
"1229","California",2004,35770000,465.630416550182,3959.65613642717,528.864970645793,3430.79116578138,13200,22748.6873480929,50100000
"1230","Colorado",2004,4517000,449.258357316803,4371.10914323666,379.034757582466,3992.07438565419,10000,10663.5767762605,37200000
"1231","Connecticut",2004,3487000,559.133926010898,2984.08373960424,290.020074562661,2694.06366504158,10100,13935.319062276,35700000
"1232","Delaware",2004,825000,839.636363636364,3922.54545454545,618.787878787879,3303.75757575758,9000,22905.4177144065,37600000
"1233","Florida",2004,17420000,491.004592422503,4884.58668197474,710.413318025258,4174.17336394948,11600,19286.1762928722,44600000
"1234","Georgia",2004,8700000,587.402298850575,4791.64367816092,462.264367816092,4329.37931034483,13000,31733.7527169078,29400000
"1235","Hawaii",2004,1244000,479.099678456592,5123.63344051447,258.279742765273,4865.3536977492,8600,80497.6975989246,32100000
"1236","Idaho",2004,1372000,464.650145772595,3079.51895043732,251.603498542274,2827.91545189504,9900,5365.69598067535,27900000
"1237","Illinois",2004,12560000,350.748407643312,3764.7372611465,552.269108280255,3212.46815286624,12300,19629.4631445556,42700000
"1238","Indiana",2004,6121000,392.223492893318,3793.87355007352,331.547132821434,3462.32641725208,11600,11364.8691886351,2.3e+07
"1239","Iowa",2004,2901000,293.864184763875,3249.70699758704,292.967942088935,2956.7390554981,10900,5380.86017536144,25800000
"1240","Kansas",2004,2669000,335.931060322218,4499.85013113526,387.0363431997,4112.81378793556,11400,13728.3708530968,30800000
"1241","Kentucky",2004,4068000,437.905604719764,2835.81612586037,249.557522123894,2586.25860373648,17800,10844.2892591246,22300000
"1242","Louisiana",2004,4419000,835.913102511881,5159.47046843177,652.726861280833,4506.74360715094,16800,33899.8580135794,33600000
"1243","Maine",2004,1290000,156.899224806202,2566.2015503876,105.736434108527,2460.46511627907,11600,4698.4632677331,24400000
"1244","Maryland",2004,5539000,420.382740566889,4358.81928145875,703.394114461094,3655.42516699765,9900,34304.843671869,39900000
"1245","Massachusetts",2004,6363000,159.421656451359,2948.90774791765,463.444915920163,2485.46283199749,9300,11565.6040420926,35800000
"1246","Michigan",2004,9939000,491.830164000402,3617.48666867894,500.422577724117,3117.06409095482,13300,18768.6199608391,34600000
"1247","Minnesota",2004,5120000,171.0546875,3296.2890625,268.57421875,3027.71484375,7000,8912.24091400617,35400000
"1248","Mississippi",2004,2862000,733.158630328442,3827.67295597484,299.37106918239,3528.30188679245,18700,38886.3260284224,27200000
"1249","Missouri",2004,5609000,554.127295418078,4508.02282046711,503.22695667677,4004.79586379034,12200,15434.6481615921,29100000
"1250","Montana",2004,908000,348.458149779736,3297.13656387665,299.88986784141,2997.24669603524,14200,8575.64479531725,27900000
"1251","National",2004,290066000,516.123916625871,4026.48845435177,468.889149366006,3557.59930498576,12738.1354588266,304.034417233206,31600000
"1252","Nebraska",2004,1724000,239.559164733179,3880.80046403712,312.819025522042,3567.98143851508,9500,9106.59390914579,2.5e+07
"1253","Nevada",2004,2385000,476.519916142558,4720.92243186583,602.893081761006,4118.02935010482,10900,17208.1255150614,46600000
"1254","New Hampshire",2004,1291000,189.620449264136,2235.47637490318,170.565453137103,2064.91092176607,5500,4028.93334493256,28700000
"1255","New Jersey",2004,8652000,309.257975034674,2800,357.639852057328,2442.36014794267,8000,21735.5729501588,48100000
"1256","New Mexico",2004,1899000,335.913638757241,4896.05055292259,688.836229594523,4207.21432332807,16500,17364.6978936887,36200000
"1257","New York",2004,19010000,335.355076275644,2670.42609153077,446.680694371383,2223.74539715939,15000,25093.3884244005,55500000
"1258","North Carolina",2004,8421000,420.781379883624,4673.69671060444,454.150338439615,4219.54637216483,14600,26761.1431126815,29400000
"1259","North Dakota",2004,627000,211.642743221691,2081.49920255183,88.9952153110048,1992.50398724083,9700,7564.94559902653,20500000
"1260","Ohio",2004,11260000,397.921847246892,4068.59680284192,344.467140319716,3724.1296625222,11600,14844.2840699166,34200000
"1261","Oklahoma",2004,3444000,711.614401858304,4852.11962833914,512.049941927991,4340.06968641115,10800,22144.1066025772,25600000
"1262","Oregon",2004,3572000,369.064949608063,4960.77827547592,300.223964165733,4660.55431131019,11800,10198.4550942522,3.6e+07
"1263","Pennsylvania",2004,12140000,337.421746293245,2888.04777594728,420.0823723229,2467.96540362438,11400,12649.7275977456,29100000
"1264","Rhode Island",2004,1055000,325.118483412322,3207.48815165877,253.364928909953,2954.12322274881,11500,9910.64079206098,40900000
"1265","South Carolina",2004,4120000,568.640776699029,5427.57281553398,804.854368932039,4622.71844660194,14900,31721.1107481088,26900000
"1266","South Dakota",2004,751000,412.117177097204,2157.65645805593,175.632490013316,1982.02396804261,13500,11584.4400235254,24900000
"1267","Tennessee",2004,5846000,442.764283270612,5065.07013342456,703.267191241875,4361.80294218269,15900,19060.732433384,28600000
"1268","Texas",2004,22290000,754.172274562584,5079.65903992822,545.329744279946,4534.32929564827,16500,17035.2370914123,29700000
"1269","Utah",2004,2390000,250.669456066946,4326.73640167364,236.276150627615,4090.46025104602,10100,5276.68970291004,30300000
"1270","Vermont",2004,616000,319.480519480519,2479.22077922078,115.746753246753,2363.47402597403,7800,3471.85404941509,28600000
"1271","Virginia",2004,7369000,482.616365856968,2998.7243859411,279.658026869317,2719.06635907179,9400,25514.6371032626,31200000
"1272","Washington",2004,6116000,271.648136036625,5267.60954872466,348.757357750164,4918.85219097449,11400,16084.0859238659,3e+07
"1273","West Virginia",2004,1791000,282.914572864322,2871.91513121161,285.315466219989,2586.59966499162,14200,4855.78823501661,18600000
"1274","Wisconsin",2004,5456000,420.802785923754,2900.62316715543,211.656891495601,2688.96627565982,12400,9665.18480511337,3.9e+07
"1275","Wyoming",2004,496000,399.193548387097,3639.51612903226,234.475806451613,3405.04032258064,10000,5155.54041298773,4.2e+07
"1276","Alabama",2005,4501000,619.595645412131,4378.38258164852,437.191735169962,3941.19084647856,16700,29117.6385871368,26900000
"1277","Alaska",2005,657000,732.420091324201,4287.51902587519,638.356164383562,3649.16286149163,10000,27359.9500750892,46300000
"1278","Arizona",2005,6025000,555.535269709544,5275.07053941909,505.858921161826,4769.21161825726,15200,10880.3262476953,39300000
"1279","Arkansas",2005,2756000,490.239477503628,4629.31785195936,532.293178519594,4097.02467343977,13800,19289.5550684673,2.4e+07
"1280","California",2005,35840000,476.216517857143,3880.32645089286,530.630580357143,3349.69587053571,13200,22171.199044472,49900000
"1281","Colorado",2005,4629000,463.51263771873,4470.66321019659,399.611147116008,4071.05206308058,11400,9568.58185127706,38600000
"1282","Connecticut",2005,3483000,558.196956646569,2865.69049669825,273.959230548378,2591.73126614987,9300,13780.5427067566,35800000
"1283","Delaware",2005,842000,824.703087885986,3750.23752969121,633.254156769596,3116.98337292162,9200,24442.1162767976,42100000
"1284","Florida",2005,17850000,502.901960784314,4700.02801120448,705.641456582633,3994.38655462185,11100,19187.7459406238,47300000
"1285","Georgia",2005,9014000,540.814288883958,4651.19813623253,451.797204348791,4199.40093188374,14400,34173.9503204626,2.9e+07
"1286","Hawaii",2005,1274000,482.417582417582,5052.43328100471,255.337519623234,4797.09576138148,8600,78919.2643245768,31100000
"1287","Idaho",2005,1441000,473.143650242887,2930.32616238723,254.684247050659,2675.64191533657,9900,5134.67482330309,27400000
"1288","Illinois",2005,12570000,357.350835322196,3700.6046141607,560.827366746221,3139.77724741448,11500,20623.4716482181,42400000
"1289","Indiana",2005,6131000,398.874571847986,3866.90588810961,331.136845539064,3535.76904257054,12600,11383.5712547323,25100000
"1290","Iowa",2005,2902000,301.068228807719,3206.99517574087,299.689869055824,2907.30530668504,11300,6281.27257122414,2.7e+07
"1291","Kansas",2005,2693000,336.724842183439,4281.06201262533,397.363535090977,3883.69847753435,12500,11555.8515516843,32400000
"1292","Kentucky",2005,4049000,485.601383057545,2883.23042726599,274.981476907878,2608.24895035811,14800,9496.2555451614,21600000
"1293","Louisiana",2005,4086000,883.088595203133,4735.68281938326,658.076358296623,4077.60646108664,18300,35482.3936200368,34700000
"1294","Maine",2005,1314000,153.957382039574,2539.72602739726,112.861491628615,2426.86453576865,12600,3879.75549218579,24600000
"1295","Maryland",2005,5560000,408.938848920863,4277.91366906475,708.075539568345,3569.8381294964,9700,34630.6183359546,4e+07
"1296","Massachusetts",2005,6318000,169.373219373219,2870.70275403609,469.199113643558,2401.50364039253,10100,13152.1043570438,36800000
"1297","Michigan",2005,9964000,497.250100361301,3701.60578081092,561.380971497391,3140.22480931353,12000,19048.9933721091,33900000
"1298","Minnesota",2005,5113000,181.517699980442,3394.17171914727,298.122433013886,3096.04928613339,8100,11032.1988469525,34700000
"1299","Mississippi",2005,2843000,721.596904678157,3635.66654941963,286.000703482237,3349.66584593739,20100,39572.612202819,26600000
"1300","Missouri",2005,5697000,541.039143408812,4533.71950149201,534.965771458663,3998.75373003335,11600,15152.0864577168,3e+07
"1301","Montana",2005,926000,378.941684665227,3460.15118790497,284.449244060475,3175.70194384449,13800,7471.97523819564,28600000
"1302","National",2005,292610000,521.482519394416,3952.53033047401,475.289634667305,3477.24069580671,12589.1117870203,301.849658190179,31075000
"1303","Nebraska",2005,1760000,253.125,3715.90909090909,287.045454545455,3428.86363636364,9500,9103.74681044609,25400000
"1304","Nevada",2005,2447000,481.487535758071,4784.55251328157,598.855741724561,4185.69677155701,10600,16980.5459351905,48300000
"1305","New Hampshire",2005,1298000,194.915254237288,1987.05701078582,135.670261941448,1851.38674884438,5600,3692.57580640311,29200000
"1306","New Jersey",2005,8692000,314.760699493787,2695.69719282099,355.717901518638,2339.97929130235,6800,21686.7398303478,4.9e+07
"1307","New Mexico",2005,1938000,339.0608875129,4748.34881320949,642.311661506708,4106.03715170279,17900,15994.9483390057,36800000
"1308","New York",2005,1.9e+07,330.226315789474,2588.57368421053,451.784210526316,2136.78947368421,14500,25423.8103644345,57700000
"1309","North Carolina",2005,8538000,425.919419067697,4620.57858983368,476.10681658468,4144.471773249,13100,27780.7847069424,29400000
"1310","North Dakota",2005,625000,221.6,2168.64,112.96,2055.68,11200,9034.89633539309,23200000
"1311","Ohio",2005,11310000,405.428824049514,4074.86295313882,355.101679929266,3719.76127320955,12300,14875.3982584388,34400000
"1312","Oklahoma",2005,3486000,712.162937464142,4631.38267355135,517.613310384395,4113.76936316695,15600,22945.5681814675,26500000
"1313","Oregon",2005,3619000,370.571981210279,4715.19756838906,288.588007736944,4426.60956065211,12000,11004.242546084,37700000
"1314","Pennsylvania",2005,12240000,346.241830065359,2885.66176470588,431.053921568627,2454.60784313725,11200,13097.5443035567,28800000
"1315","Rhode Island",2005,1052000,347.338403041825,3041.53992395437,257.604562737643,2783.93536121673,12100,10344.7442121417,40900000
"1316","South Carolina",2005,4164000,556.195965417867,5240.05763688761,782.660902977906,4457.3967339097,15000,31291.1423545839,26200000
"1317","South Dakota",2005,765000,452.679738562092,1971.37254901961,181.307189542484,1790.06535947712,11800,12276.9818551438,25100000
"1318","Tennessee",2005,5853000,450.521100290449,5146.02767811379,770.613360669742,4375.41431744405,14900,18671.2395122908,29400000
"1319","Texas",2005,22780000,741.892010535557,4878.77085162423,531.567164179104,4347.20368744513,16200,17130.0781731503,30200000
"1320","Utah",2005,2521000,253.153510511702,4012.61404204681,222.610075366918,3790.00396667989,9200,5595.01457901403,32200000
"1321","Vermont",2005,621000,334.621578099839,2500.96618357488,125.925925925926,2375.04025764895,7600,3508.10707585501,32400000
"1322","Virginia",2005,7442000,474.926095135716,2980.89223327063,288.013974737974,2692.87825853265,9200,25576.7743699234,3.2e+07
"1323","Washington",2005,6237000,278.691678691679,5281.48148148148,348.645181978515,4932.83629950297,10200,15642.4106356363,30900000
"1324","West Virginia",2005,1795000,295.933147632312,2937.32590529248,276.768802228412,2660.55710306407,15400,4376.48523876505,18400000
"1325","Wisconsin",2005,5440000,417.224264705882,2958.14338235294,245.716911764706,2712.42647058824,10200,9805.48144393164,36600000
"1326","Wyoming",2005,509000,402.161100196464,3387.42632612967,230.255402750491,3157.17092337917,10600,4614.31820144321,4.3e+07
"1327","Alabama",2006,4532000,623.146513680494,4430.75904677846,431.443071491615,3999.31597528685,14300,28596.5420957381,28900000
"1328","Alaska",2006,658000,770.364741641337,4344.22492401216,700.607902735562,3643.6170212766,8900,26027.6333834808,46200000
"1329","Arizona",2006,6256000,572.266624040921,5240.48913043478,534.782608695652,4705.70652173913,14400,12254.7119696699,40800000
"1330","Arkansas",2006,2748000,499.599708879185,4642.03056768559,565.429403202329,4076.60116448326,17700,19876.1755158947,24200000
"1331","California",2006,36160000,485.37610619469,3745.77157079646,537.840154867257,3207.9314159292,12200,22554.5621144102,50800000
"1332","Colorado",2006,4797000,468.647071086095,3798.89514279758,391.786533249948,3407.10860954763,9700,9513.18559406813,3.7e+07
"1333","Connecticut",2006,3457000,594.908880532253,2925.74486549031,303.876193231125,2621.86867225918,8000,15051.7418953858,37400000
"1334","Delaware",2006,858000,837.529137529138,4155.36130536131,697.319347319347,3458.04195804196,9300,26333.4428342468,48300000
"1335","Florida",2006,18030000,515.635052689961,4718.26400443705,718.813089295618,3999.45091514143,11500,18848.4523353162,47400000
"1336","Georgia",2006,9334000,565.588172273409,4365.39532890508,479.472894793229,3885.92243411185,12600,33171.8614411257,31100000
"1337","Hawaii",2006,1254000,475.837320574163,4613.63636363636,287.719298245614,4325.91706539075,9200,76296.1082158229,30900000
"1338","Idaho",2006,1472000,483.967391304348,2635.9375,249.048913043478,2386.88858695652,9500,6022.4677783402,27300000
"1339","Illinois",2006,12630000,357.133808392716,3618.17893903405,550.261282660333,3067.91765637371,10600,21127.4791281448,43300000
"1340","Indiana",2006,6334000,411.919797916009,3758.85696242501,320.539943163877,3438.31701926113,10600,10246.2069313817,23800000
"1341","Iowa",2006,2913000,303.398558187436,3183.07586680398,292.516306213526,2890.55956059046,10300,5846.4961876428,27700000
"1342","Kansas",2006,2719000,324.236851783744,4274.36557557926,439.867598381758,3834.4979771975,12800,11539.7427422256,33400000
"1343","Kentucky",2006,4106000,487.092060399416,2941.76814417925,276.692644909888,2665.07549926936,16800,10025.7734857262,22800000
"1344","Louisiana",2006,4206000,879.980979553019,4895.33999048978,735.211602472658,4160.12838801712,17000,34338.4769658919,39400000
"1345","Maine",2006,1313000,161.462300076161,2680.19801980198,116.755521706017,2563.44249809596,10200,3967.53802912769,24300000
"1346","Maryland",2006,5607000,409.220617085786,4166.1316211878,679.703941501694,3486.42767968611,8400,35915.5576651765,41400000
"1347","Massachusetts",2006,6324000,174.446552814674,2943.70651486401,509.440227703985,2434.26628716003,12000,13508.1006472726,37800000
"1348","Michigan",2006,9953000,518.205566160956,3843.815934894,572.500753541646,3271.31518135236,13300,18721.532213872,32800000
"1349","Minnesota",2006,5145000,177.026239067055,3407.54130223518,311.797862001944,3095.74344023324,8200,10178.9233471994,36600000
"1350","Mississippi",2006,2887000,729.754069968826,3530.62002078282,314.374783512296,3216.24523727052,20600,39239.1865930463,2.8e+07
"1351","Missouri",2006,5797000,520.389856822494,4414.42125237192,550.232879075384,3864.18837329653,11400,14566.969162169,29300000
"1352","Montana",2006,930000,383.118279569892,3284.94623655914,383.225806451613,2901.72043010753,13500,7982.46496863304,29100000
"1353","National",2006,295885000,530.163408080842,3871.34325836051,485.027291008331,3386.31596735218,12287.2061780759,300.297569887268,30600000
"1354","Nebraska",2006,1765000,249.688385269122,3660.50991501416,294.447592067989,3366.06232294618,10200,9329.99746931186,27400000
"1355","Nevada",2006,2530000,507.470355731225,4783.59683794466,738.616600790514,4044.98023715415,9500,20336.7366022269,51200000
"1356","New Hampshire",2006,1308000,214.449541284404,2128.82262996942,136.467889908257,1992.35474006116,5400,4552.05541197953,30400000
"1357","New Jersey",2006,8650000,316.42774566474,2651.67630057803,353.179190751445,2298.49710982659,8800,21739.4584823303,50500000
"1358","New Mexico",2006,1939000,342.392986075297,4579.525528623,659.979370809696,3919.54615781331,16900,14640.4906886608,37600000
"1359","New York",2006,19020000,332.88643533123,2537.29232386961,441.724500525762,2095.56782334385,14000,26644.9857629309,57600000
"1360","North Carolina",2006,8847000,423.420368486493,4596.32643834068,475.731886515203,4120.59455182548,13800,26231.9145245529,31100000
"1361","North Dakota",2006,615000,221.626016260163,2376.26016260163,204.065040650407,2172.19512195122,11400,9917.51552122051,23700000
"1362","Ohio",2006,11300000,435.097345132743,4113.49557522124,367.176991150443,3746.3185840708,12100,14415.1790644384,3.4e+07
"1363","Oklahoma",2006,3489000,696.130696474635,4231.38435081685,513.184293493838,3718.20005732302,15200,23003.8460827394,27200000
"1364","Oregon",2006,3705000,369.959514170041,4005.18218623482,284.318488529015,3720.8636977058,11800,11469.2986512676,37100000
"1365","Pennsylvania",2006,12330000,360.07299270073,2916.60178426602,446.293592862936,2470.30819140308,11300,13465.8612136963,29400000
"1366","Rhode Island",2006,1054000,379.127134724858,2881.78368121442,233.396584440228,2648.38709677419,10500,10927.845301871,39100000
"1367","South Carolina",2006,4224000,559.090909090909,5161.78977272727,788.873106060606,4372.91666666667,11200,31828.5527286728,28500000
"1368","South Dakota",2006,770000,436.233766233766,2062.72727272727,268.961038961039,1793.76623376623,10700,9694.7460180952,24500000
"1369","Tennessee",2006,5916000,435.175794455713,5001.74104124408,778.279242731575,4223.46179851251,14900,19953.0272092888,28900000
"1370","Texas",2006,23210000,741.559672554933,4659.40542869453,523.920723825937,4135.48470486859,16400,17324.2281173455,30300000
"1371","Utah",2006,2536000,253.667192429022,3759.58201892744,227.56309148265,3532.0189274448,9300,6314.51852472091,32200000
"1372","Vermont",2006,618000,358.414239482201,2560.67961165049,146.440129449838,2414.23948220065,7800,4012.74367333698,31700000
"1373","Virginia",2006,7532000,487.095061072756,2813.86086032926,287.878385554965,2525.9824747743,8600,25529.4906050314,32900000
"1374","Washington",2006,6310000,278.304278922345,4924.86529318542,353.454833597464,4571.41045958796,8000,17175.4645067662,30300000
"1375","West Virginia",2006,1810000,316.740331491713,2931.16022099448,282.486187845304,2648.67403314917,15300,4365.7087567324,18800000
"1376","Wisconsin",2006,5471000,427.983915189179,3155.67537927253,290.605008225187,2865.07037104734,10100,9445.84349622683,37300000
"1377","Wyoming",2006,516000,409.68992248062,3234.10852713178,253.294573643411,2980.81395348837,10000,4464.62300649068,4.6e+07
"1378","Alabama",2007,4566000,644.152431011827,4486.57468243539,454.993429697766,4031.58125273763,14500,29357.1161444753,29700000
"1379","Alaska",2007,675000,765.481481481482,4091.25925925926,669.62962962963,3421.62962962963,7600,25549.9364532574,48900000
"1380","Arizona",2007,6365000,593.024351924588,5029.74076983504,515.868028279654,4513.87274155538,14300,11339.530272359,46700000
"1381","Arkansas",2007,2803000,510.667142347485,4543.56047092401,543.203710310382,4000.35676061363,13800,20356.551660505,23700000
"1382","California",2007,36250000,480.777931034483,3597.43724137931,528.444137931035,3068.99310344828,12700,22102.0635114689,53900000
"1383","Colorado",2007,4872000,468.82183908046,3343.78078817734,351.005747126437,2992.7750410509,9800,9240.78755985454,38400000
"1384","Connecticut",2007,3471000,602.82339383463,2796.74445404783,303.860558916739,2492.88389513109,8900,14432.6030995308,36500000
"1385","Delaware",2007,861000,842.857142857143,4101.74216027875,708.478513356562,3393.26364692218,9300,26152.7979549303,50400000
"1386","Florida",2007,18040000,544.451219512195,4867.66629711752,731.031042128603,4136.63525498891,12500,19133.6879031276,48300000
"1387","Georgia",2007,9486000,571.958675943496,4408.23318574742,494.592030360531,3913.64115538689,13600,33842.7197786399,32300000
"1388","Hawaii",2007,1264000,472.943037974684,4462.8164556962,280.379746835443,4182.43670886076,7500,78498.1082092498,32800000
"1389","Idaho",2007,1501000,487.608261159227,2529.31379080613,255.896069287142,2273.41772151899,9900,4059.75137471298,28100000
"1390","Illinois",2007,12680000,356.585173501577,3516.16719242902,540.441640378549,2975.72555205047,10000,21875.0805147049,45100000
"1391","Indiana",2007,6258000,433.557046979866,3758.34132310642,340.524129114733,3417.81719399169,11800,10618.5030879199,24700000
"1392","Iowa",2007,2965000,294.502529510961,2971.43338954469,302.529510961214,2668.90387858347,8900,6399.92368644694,27600000
"1393","Kansas",2007,2720000,319.705882352941,4253.34558823529,468.014705882353,3785.33088235294,11700,11121.8882577557,34400000
"1394","Kentucky",2007,4202000,534.435982865302,2863.30318895764,293.407900999524,2569.89528795812,15500,9567.3604149998,20800000
"1395","Louisiana",2007,4186000,896.798853320593,5071.78690874343,759.412326803631,4312.3745819398,16100,32716.3303063519,39100000
"1396","Maine",2007,1312000,163.719512195122,2577.28658536585,119.283536585366,2458.00304878049,10900,4069.45551217096,24600000
"1397","Maryland",2007,5560000,421.456834532374,4116.1690647482,648.615107913669,3467.55395683453,8800,35588.6867243992,44400000
"1398","Massachusetts",2007,6336000,180.492424242424,2891.88762626263,449.605429292929,2442.2821969697,11200,13982.5949486307,4e+07
"1399","Michigan",2007,9919000,506.432100010082,3652.7371710858,542.04052827906,3110.69664280673,10800,18045.3180731377,32700000
"1400","Minnesota",2007,5188000,182.498072474942,3340.61295296839,290.169622205089,3050.4433307633,9300,10494.3716874749,38300000
"1401","Mississippi",2007,2895000,774.818652849741,3433.12607944732,293.678756476684,3139.44732297064,22600,39677.7736913362,27100000
"1402","Missouri",2007,5783000,516.289123292409,4462.64914404288,569.980978730763,3892.66816531212,12800,15113.3394287059,33200000
"1403","Montana",2007,938000,365.778251599147,3355.54371002132,387.846481876333,2967.69722814499,13000,9422.51130208653,30100000
"1404","National",2007,298120000,535.634979203006,3792.15819133235,477.314504226486,3314.84368710586,12468.4690728566,301.658147587155,30200000
"1405","Nebraska",2007,1751000,257.281553398058,3500.22844089092,315.476870359794,3184.75157053113,9900,9542.43648957471,28200000
"1406","Nevada",2007,2566000,522.213561964146,4539.47778643804,754.676539360873,3784.80124707716,9700,19125.181135789,53400000
"1407","New Hampshire",2007,1312000,224.314024390244,2156.25,144.512195121951,2011.73780487805,5800,4329.38879731659,31800000
"1408","New Jersey",2007,8548000,313.839494618624,2584.01965372017,333.926064576509,2250.09358914366,8700,24429.596642109,49700000
"1409","New Mexico",2007,1941000,333.127253992787,4558.42349304482,685.780525502318,3872.6429675425,14000,16466.5176639355,42500000
"1410","New York",2007,19020000,329.232386961094,2437.36067297581,420.410094637224,2016.95057833859,14500,26938.7829303493,56400000
"1411","North Carolina",2007,9170000,414.067611777535,4494.2639040349,460.534351145038,4033.72955288986,15500,26794.4748945835,31500000
"1412","North Dakota",2007,614000,230.618892508143,2302.76872964169,218.729641693811,2084.03908794788,9300,11826.5518703863,22500000
"1413","Ohio",2007,11280000,449.742907801418,3886.87943262411,361.338652482269,3525.54078014184,12800,14617.816512018,36300000
"1414","Oklahoma",2007,3551000,692.847085328077,4138.21458744016,513.489157983667,3624.72542945649,13400,25975.498258256,27900000
"1415","Oregon",2007,3761000,370.858814145174,3823.13214570593,292.874235575645,3530.25791013028,12800,12036.9897437326,36400000
"1416","Pennsylvania",2007,12300000,373.731707317073,2810.21138211382,421.186991869919,2389.0243902439,10400,13014.2388874616,3e+07
"1417","Rhode Island",2007,1042000,385.604606525912,2879.07869481766,232.629558541267,2646.44913627639,9500,11547.8285964168,43700000
"1418","South Carolina",2007,4380000,553.401826484018,5112.64840182648,790.639269406393,4322.00913242009,14100,31664.9642842834,28600000
"1419","South Dakota",2007,787000,420.711562897077,2001.90597204574,244.726810673443,1757.1791613723,9400,7630.48830444121,24500000
"1420","Tennessee",2007,6137000,428.010428548151,4869.21948834936,757.405898647548,4111.81358970181,14800,20031.161931692,31100000
"1421","Texas",2007,23650000,726.384778012685,4682.60042283298,515.915433403806,4166.68498942918,16500,16970.8598451303,31100000
"1422","Utah",2007,2651000,245.756318370426,3750.622406639,239.419087136929,3511.20331950207,9600,6926.08895366596,31500000
"1423","Vermont",2007,613000,345.187601957586,2529.20065252855,130.831973898858,2398.36867862969,9900,4416.14876882121,31900000
"1424","Virginia",2007,7678000,494.712164626205,2771.52904402188,273.964574107841,2497.56446991404,8600,26643.1297580584,34700000
"1425","Washington",2007,6503000,273.28925111487,4360.20298323851,334.737813316931,4025.46516992157,10200,16385.4587805403,30900000
"1426","West Virginia",2007,1793000,337.757947573898,2824.09369771333,279.754601226994,2544.33909648634,14800,4743.48259931766,20700000
"1427","Wisconsin",2007,5458000,435.0128252107,3217.93697325027,299.193843898864,2918.74312935141,11000,10061.2008209026,37600000
"1428","Wyoming",2007,518000,402.316602316602,3165.44401544402,259.459459459459,2905.98455598456,10900,4426.19155981352,46300000
"1429","Alabama",2008,4716000,646.904156064461,4485.28413910093,447.625106022053,4037.65903307888,14300,29171.6290084166,30300000
"1430","Alaska",2008,672000,746.130952380952,3655.50595238095,665.922619047619,2989.58333333333,8200,26066.7288498986,51800000
"1431","Arizona",2008,6529000,605.023740235871,4567.62138152857,483.489048858937,4084.13233266963,18000,13164.1180601258,46600000
"1432","Arkansas",2008,2822000,521.474131821403,4429.80155917789,519.099929128278,3910.70163004961,15300,18955.119310144,23700000
"1433","California",2008,36640000,473.990174672489,3456.12718340611,505.810589519651,2950.31659388646,14600,22151.1832590971,5.6e+07
"1434","Colorado",2008,4908000,474.205378973105,3195.19152404238,356.153219233904,2839.03830480848,11000,10159.4885888185,39400000
"1435","Connecticut",2008,3433000,601.835129624235,2853.10224293621,312.758520244684,2540.34372269152,8100,14473.6849372965,38300000
"1436","Delaware",2008,861000,819.628339140534,4363.76306620209,718.583042973287,3645.1800232288,9600,25029.8778892166,43500000
"1437","Florida",2008,18020000,568.19089900111,4912.01442841287,700.643729189789,4211.37069922309,13100,18967.9030876168,49400000
"1438","Georgia",2008,9541000,552.552143381197,4562.10040876218,496.310659260036,4065.78974950215,15500,34754.3664328168,32800000
"1439","Hawaii",2008,1255000,474.501992031873,3940.5577689243,279.681274900398,3660.8764940239,9900,79494.5622672604,34300000
"1440","Idaho",2008,1515000,481.188118811881,2351.15511551155,242.904290429043,2108.25082508251,12200,4130.89500392229,28400000
"1441","Illinois",2008,12690000,358.345153664303,3515.64223798266,534.121355397951,2981.52088258471,12300,21400.2890897125,45200000
"1442","Indiana",2008,6288000,450.413486005089,3739.88549618321,342.318702290076,3397.56679389313,14300,10538.9021455499,25700000
"1443","Iowa",2008,2986000,293.569993302076,2743.60348292029,289.718687206966,2453.88479571333,9500,5956.4807544315,27600000
"1444","Kansas",2008,2716000,314.39617083947,3918.85125184094,425.40500736377,3493.44624447717,12700,12254.8767722621,33100000
"1445","Kentucky",2008,4246000,511.210551106924,2995.33678756477,298.869524258125,2696.46726330664,17100,9596.22416306221,22200000
"1446","Louisiana",2008,4326000,887.216828478964,4641.5164123902,684.535367545076,3956.98104484512,18200,33341.9506217034,40800000
"1447","Maine",2008,1317000,166.666666666667,2582.00455580866,119.362186788155,2462.6423690205,12000,4001.62300872727,23800000
"1448","Maryland",2008,5528000,421.924746743849,4225,640.249638205499,3584.7503617945,8700,35151.9328326613,43900000
"1449","Massachusetts",2008,6420000,177.694704049844,2898.06853582555,469.423676012461,2428.64485981308,11300,13366.9630482867,38700000
"1450","Michigan",2008,9806000,497.022231286967,3534.69304507444,525.311034060779,3009.38201101366,13000,19236.6447941268,33200000
"1451","Minnesota",2008,5120000,193.5546875,3190.8203125,270.56640625,2920.25390625,9900,10954.694169874,39600000
"1452","Mississippi",2008,2900000,784.620689655172,3256.20689655172,308.344827586207,2947.86206896552,18100,40642.5326121974,27200000
"1453","Missouri",2008,5861000,515.031564579423,4201.04077802423,506.75652619007,3694.28425183416,13300,15375.2978716562,32700000
"1454","Montana",2008,973000,361.459403905447,3012.64131551901,309.660842754368,2702.98047276465,12900,8752.24309983947,31600000
"1455","National",2008,300460000,535.27324768688,3717.17133728283,464.108699993344,3253.06263728949,13223.7236237769,301.257277598067,29725000
"1456","Nebraska",2008,1774000,254.791431792559,3208.56820744081,313.979706877114,2894.5885005637,10600,8314.18229734712,30700000
"1457","Nevada",2008,2581000,493.723363037582,4222.35567609454,735.10267338241,3487.25300271213,10800,19858.6276280087,55200000
"1458","New Hampshire",2008,1300000,207.846153846154,2341.61538461538,158,2183.61538461538,7000,4394.74972905565,32700000
"1459","New Jersey",2008,8515000,304.791544333529,2671.49735760423,332.953611274222,2338.54374633001,9200,24534.8275743161,48200000
"1460","New Mexico",2008,1977000,319.777440566515,4485.83712696004,655.892766818412,3829.94436014163,19300,17349.8434826801,40800000
"1461","New York",2008,19310000,312.51683065769,2414.00828586225,401.584671154842,2012.42361470741,14200,26228.4991606708,57800000
"1462","North Carolina",2008,9234000,427.572016460905,4503.8769763916,467.024041585445,4036.85293480615,13900,26266.3318335971,32400000
"1463","North Dakota",2008,625000,232.32,2315.2,230.56,2084.64,11800,12057.087512288,24500000
"1464","Ohio",2008,11390000,453.784021071115,3793.70500438982,355.013169446883,3438.69183494293,13700,14876.5354326004,36600000
"1465","Oklahoma",2008,3550000,694.647887323944,4109.69014084507,545.323943661972,3564.3661971831,13600,25307.9523891612,28300000
"1466","Oregon",2008,3806000,372.228060956385,3549.08039936942,260.352075669995,3288.72832369942,10600,13393.8559729771,36700000
"1467","Pennsylvania",2008,12180000,404.064039408867,2884.54844006568,419.080459770115,2465.46798029557,11000,13432.5281576513,30900000
"1468","Rhode Island",2008,1042000,388.195777351248,3123.89635316699,254.89443378119,2869.0019193858,12700,11113.5981540676,40900000
"1469","South Carolina",2008,4462000,545.181532944868,4990.94576423129,733.886149708651,4257.05961452264,14000,31549.8289580754,29400000
"1470","South Dakota",2008,794000,420.906801007557,2026.95214105793,280.478589420655,1746.47355163728,13100,9021.42088195537,2.4e+07
"1471","Tennessee",2008,6163000,441.79782573422,4802.88820379685,728.752231056304,4074.13597274055,15000,19105.1328255069,32100000
"1472","Texas",2008,24170000,713.719486967315,4523.99669011171,511.31568059578,4012.68100951593,15900,17559.1604566451,31500000
"1473","Utah",2008,2754000,237.908496732026,3577.99564270152,223.856209150327,3354.1394335512,7600,6032.64686963537,32400000
"1474","Vermont",2008,610000,346.885245901639,2747.04918032787,140,2607.04918032787,9000,4205.19947676356,30300000
"1475","Virginia",2008,7735000,494.065934065934,2802.28829993536,258.965740142211,2543.32255979315,10300,26829.4699426756,34800000
"1476","Washington",2008,6526000,274.685871897027,4155.24057615691,335.396874042292,3819.84370211462,10400,16162.0597002517,3e+07
"1477","West Virginia",2008,1796000,337.360801781737,2838.36302895323,278.730512249443,2559.63251670379,14500,5084.36387898175,2.3e+07
"1478","Wisconsin",2008,5548000,421.395097332372,3081.52487382841,279.506128334535,2802.01874549387,9800,10125.8435383284,37400000
"1479","Wyoming",2008,529000,393.950850661626,2995.2741020794,251.417769376181,2743.85633270321,10100,5263.65873919129,42400000
"1480","Alabama",2009,4655000,684.726100966702,4279.29108485499,455.295381310419,3823.99570354458,16600,28955.6873972243,33600000
"1481","Alaska",2009,688000,768.168604651163,3628.1976744186,643.023255813953,2985.17441860465,11700,24584.09398893,5.9e+07
"1482","Arizona",2009,6508000,622.987092808851,4069.59127228027,432.20651505839,3637.38475722188,21200,14541.594069593,47600000
"1483","Arkansas",2009,2846000,534.364019676739,4356.39494026704,523.717498243148,3832.67744202389,18900,19601.4156115916,24400000
"1484","California",2009,36740000,466.181273816004,3223.64452912357,476.140446379967,2747.5040827436,15300,22433.1256657763,58300000
"1485","Colorado",2009,4969000,458.744214127591,3043.22801368485,342.563896156168,2700.66411752868,12300,9858.41031593099,42500000
"1486","Connecticut",2009,3472000,567.857142857143,2684.70622119816,304.953917050691,2379.75230414747,8400,14655.440569414,37800000
"1487","Delaware",2009,883000,767.27066817667,4008.83352208381,646.998867497169,3361.83465458664,12300,24955.5708124777,43500000
"1488","Florida",2009,18390000,565.062533985862,4489.12996193583,617.406199021207,3871.72376291463,14600,18801.2141596945,54200000
"1489","Georgia",2009,9657000,590.100445272859,4173.73925649788,435.673604639122,3738.06565185876,18400,35453.1499505085,31700000
"1490","Hawaii",2009,1250000,471.28,4085.28,284,3801.28,12500,78088.7062952032,37400000
"1491","Idaho",2009,1524000,485.564304461942,2298.22834645669,249.671916010499,2048.55643044619,13700,3970.86058637521,3.2e+07
"1492","Illinois",2009,12760000,353.926332288401,3272.19435736677,503.01724137931,2769.17711598746,13200,20797.2853137614,48600000
"1493","Indiana",2009,6342000,454.241564175339,3490.41311888994,338.300220750552,3152.11289813939,16100,10944.2981340527,25400000
"1494","Iowa",2009,2987000,295.045195848678,2630.23100100435,284.064278540341,2346.16672246401,10700,6884.25783441404,28100000
"1495","Kansas",2009,2737000,315.710632078919,3740.9572524662,418.706613080015,3322.25063938619,13700,12126.2417812208,33800000
"1496","Kentucky",2009,4276000,506.033676333022,2804.34985968195,257.249766136576,2547.10009354537,17000,9239.44950103842,21500000
"1497","Louisiana",2009,4450000,893.932584269663,4528.02247191011,648.943820224719,3879.07865168539,14300,34791.4492235142,43200000
"1498","Maine",2009,1297000,170.084811102544,2566.38396299152,121.819583654588,2444.56437933693,11400,3823.37325820283,25100000
"1499","Maryland",2009,5662000,393.05898975627,3813.49346520664,593.871423525256,3219.62204168138,9600,37010.430391466,48700000
"1500","Massachusetts",2009,6623000,170.859127283708,2773.38064321305,460.561678997433,2312.81896421561,10800,13095.697315812,40700000
"1501","Michigan",2009,9797000,464.20332754925,3407.61457589058,508.574053281617,2899.04052260896,14000,19208.5207611622,33900000
"1502","Minnesota",2009,5200000,192.038461538462,2926.15384615385,247.576923076923,2678.57692307692,11100,9710.30758212698,45400000
"1503","Mississippi",2009,2847000,754.548647699333,3364.17281348788,296.838777660695,3067.33403582719,23100,38959.1278879704,30100000
"1504","Missouri",2009,5963000,512.544021465705,3878.85292637934,494.935435183632,3383.91749119571,15500,15127.8041472609,37100000
"1505","Montana",2009,971000,371.266735324408,2844.90216271885,288.156539649846,2556.745623069,13500,10446.4738384883,34200000
"1506","National",2009,303227000,532.764892308403,3516.49292444274,437.261853331003,3079.23107111174,14334.4754919582,299.809280757307,29325000
"1507","Nebraska",2009,1778000,251.631046119235,3089.42632170979,292.407199100113,2797.01912260967,9900,8667.61282619628,28700000
"1508","Nevada",2009,2629000,474.781285659947,3789.0833016356,708.976797261316,3080.10650437429,13000,20824.9171129414,58500000
"1509","New Hampshire",2009,1313000,207.996953541508,2354.53160700685,161.843107387662,2192.68849961919,7800,4172.58771882306,33900000
"1510","New Jersey",2009,8660000,293.094688221709,2400.28868360277,313.083140877598,2087.20554272517,9300,25104.1739639022,50800000
"1511","New Mexico",2009,1971000,322.831050228311,4431.65905631659,644.799594114663,3786.85946220193,19300,15341.9555945237,42600000
"1512","New York",2009,19160000,306.299582463466,2362.45824634656,392.014613778706,1970.44363256785,15800,26056.463853564,59400000
"1513","North Carolina",2009,9336000,426.949443016281,4087.97129391602,406.448157669237,3681.52313624679,16900,28056.9126349194,32300000
"1514","North Dakota",2009,632000,235.126582278481,2300,272.626582278481,2027.37341772152,10900,12059.1215701271,29500000
"1515","Ohio",2009,11440000,451.101398601399,3625.4458041958,334.833916083916,3290.61188811189,13300,15044.4204799836,39100000
"1516","Oklahoma",2009,3632000,682.901982378855,4155.01101321586,511.013215859031,3643.99779735683,12900,25850.6959319761,30300000
"1517","Oregon",2009,3821000,376.94320858414,3264.79979063073,260.874116723371,3003.92567390735,13400,10783.8855887403,41400000
"1518","Pennsylvania",2009,12400000,414.75,2623.95161290323,388.612903225806,2235.33870967742,11100,13964.6078579915,33500000
"1519","Rhode Island",2009,1030000,356.699029126214,2935.53398058252,260,2675.53398058252,13000,11958.3207150389,42800000
"1520","South Carolina",2009,4501000,539.613419240169,4645.83425905354,684.270162186181,3961.56409686736,13700,31395.2606326174,30100000
"1521","South Dakota",2009,799000,429.787234042553,2021.90237797247,222.403003754693,1799.49937421777,14100,11079.6840122937,25900000
"1522","Tennessee",2009,6240000,432.13141025641,4472.59615384615,672.003205128205,3800.59294871795,16500,19216.769965241,34700000
"1523","Texas",2009,24630000,695.286236297199,4534.16971173366,494.047909053999,4040.12180267966,17300,17742.6344681095,34600000
"1524","Utah",2009,2794000,234.001431639227,3498.53256979241,214.674302075877,3283.85826771654,9700,5091.22016188618,32800000
"1525","Vermont",2009,617000,359.805510534846,2568.39546191248,135.656401944895,2432.73905996759,9400,3427.76951164831,32600000
"1526","Virginia",2009,7767000,490.009012488734,2732.26470966911,234.260332174585,2498.00437749453,10700,26274.6493990157,35300000
"1527","Washington",2009,6697000,272.256234134687,3996.22218903987,334.657309242945,3661.56487979692,11700,17665.5904506582,31700000
"1528","West Virginia",2009,1801000,353.52581898945,2874.45863409217,308.384230982787,2566.07440310938,15800,5878.47252224271,26400000
"1529","Wisconsin",2009,5545000,417.763751127142,2927.71866546438,264.201983769161,2663.51668169522,10800,9775.95498653867,40800000
"1530","Wyoming",2009,540000,384.259259259259,2859.07407407407,221.481481481481,2637.59259259259,9200,5605.01940977084,5.9e+07
"1531","Alabama",2010,4717000,673.394106423574,3968.43332626669,389.294042823829,3579.13928344287,17200,28562.1592309627,32500000
"1532","Alaska",2010,695000,775.68345323741,3567.76978417266,652.805755395683,2914.96402877698,12500,28532.8250074555,62100000
"1533","Arizona",2010,6426000,625.723622782446,3942.26579520697,412.822906940554,3529.44288826642,18800,17231.8758437072,44900000
"1534","Arkansas",2010,2879000,562.834317471344,4117.08926710663,510.976033344911,3606.11323376172,15300,19522.5205638683,24900000
"1535","California",2010,37240000,443.238453276047,3077.52953813104,440.743823845328,2636.78571428571,16300,24306.9770172304,55700000
"1536","Colorado",2010,4995000,456.756756756757,3029.82982982983,327.107107107107,2702.72272272272,12300,10583.7129942573,42100000
"1537","Connecticut",2010,3541000,545.636825755436,2494.83196837052,284.750070601525,2210.08189776899,8600,17473.6224816871,39200000
"1538","Delaware",2010,890000,743.258426966292,4122.02247191011,630.112359550562,3491.91011235955,12200,26675.2371746191,42300000
"1539","Florida",2010,18760000,556.002132196162,4109.82942430704,543.544776119403,3566.28464818763,16000,20459.8446947988,52800000
"1540","Georgia",2010,9650000,584.787564766839,4067.53367875648,404.849740932643,3662.68393782383,18800,35693.5498513187,31100000
"1541","Hawaii",2010,1311000,450.953470633104,3758.1998474447,274.828375286041,3483.37147215866,12400,81097.0177103578,37900000
"1542","Idaho",2010,1543000,481.594296824368,2261.82760855476,224.49773169151,2037.32987686325,13800,4443.90836209847,31900000
"1543","Illinois",2010,12780000,378.857589984351,3178.37245696401,447.042253521127,2731.33020344288,14100,21916.8551086264,48100000
"1544","Indiana",2010,6390000,438.622848200313,3446.9014084507,328.372456964006,3118.5289514867,16300,12216.23720118,26500000
"1545","Iowa",2010,2977000,317.601612361438,2584.17870339268,275.142761168962,2309.03594222372,10300,8148.21084336615,27700000
"1546","Kansas",2010,2766000,327.223427331887,3604.88069414317,383.297180043384,3221.58351409978,14500,12100.2925626171,34400000
"1547","Kentucky",2010,4270000,481.12412177986,2851.85011709602,248.337236533958,2603.51288056206,17700,9686.47702299534,21400000
"1548","Louisiana",2010,4418000,892.824807605251,4321.14078768674,571.321865097329,3749.81892258941,21500,35434.0369945988,42800000
"1549","Maine",2010,1298000,165.947611710324,2659.5531587057,124.884437596302,2534.6687211094,12600,4747.4469721525,25700000
"1550","Maryland",2010,5786000,391.375734531628,3541.5831316972,546.266851019703,2995.3162806775,10900,37987.261972479,48200000
"1551","Massachusetts",2010,6532000,173.193508879363,2835.77770973668,470.560318432333,2365.21739130435,10900,16196.7595217086,39900000
"1552","Michigan",2010,9751000,452.927904830274,3283.70423546303,499.364167777664,2784.34006768537,15700,20985.9472172596,32400000
"1553","Minnesota",2010,5217000,187.770749472877,2855.01245926778,239.888824995208,2615.12363427257,10800,10915.9992141774,42700000
"1554","Mississippi",2010,2920000,721.472602739726,3308.04794520548,273.938356164384,3034.1095890411,22500,39325.5683784001,28900000
"1555","Missouri",2010,5929000,516.49519311857,3850.53128689492,462.809917355372,3387.72136953955,15000,14907.1795447583,36900000
"1556","Montana",2010,979000,379.570990806946,2874.56588355465,279.162410623085,2595.40347293156,14500,10752.7143993256,34900000
"1557","National",2010,305524000,528.208258598343,3392.1632997735,409.541639936633,2982.62165983687,15129.7443081395,319.159833555324,28900000
"1558","Nebraska",2010,1804000,254.268292682927,2988.91352549889,282.317073170732,2706.59645232816,10200,10046.0225996201,29800000
"1559","Nevada",2010,2696000,469.324925816024,3447.06973293769,665.022255192878,2782.04747774481,16600,21768.5941446888,56300000
"1560","New Hampshire",2010,1294000,213.369397217929,2429.21174652241,170.32457496136,2258.88717156105,6500,5011.44042430467,36600000
"1561","New Jersey",2010,8733000,286.350624069621,2405.78266346044,309.80190083591,2095.98076262453,11100,25032.0740789511,5e+07
"1562","New Mexico",2010,2033000,332.661091982292,4078.84899163797,597.491392031481,3481.35759960649,18300,18600.076787869,42200000
"1563","New York",2010,19120000,296.317991631799,2385.99372384937,400.062761506276,1985.9309623431,16000,27900.7433472721,60500000
"1564","North Carolina",2010,9359000,431.477721978844,3888.03290949888,370.54172454322,3517.49118495566,17400,27951.1218210978,32700000
"1565","North Dakota",2010,653000,227.718223583461,2076.26339969372,237.059724349158,1839.20367534456,12600,13361.2312073498,29400000
"1566","Ohio",2010,11340000,456.014109347443,3643.22751322751,320.15873015873,3323.06878306878,15400,16250.421753627,37500000
"1567","Oklahoma",2010,3697000,710.08926156343,3991.45252907763,489.586150933189,3501.86637814444,16300,30907.0499243508,30600000
"1568","Oregon",2010,3752000,396.481876332623,3366.33795309168,257.142857142857,3109.19509594883,14300,13289.6471370188,3.9e+07
"1569","Pennsylvania",2010,12530000,409.130087789306,2577.63766959298,372.003192338388,2205.63447725459,12200,14931.2878671317,33400000
"1570","Rhode Island",2010,1042000,322.168905950096,2847.21689059501,259.980806142035,2587.23608445298,14000,16178.4199188186,46800000
"1571","South Carolina",2010,4563000,516.721455182994,4580.7801884725,611.943896559281,3968.83629191322,16900,30739.2698248779,3e+07
"1572","South Dakota",2010,799000,429.787234042553,2175.71964956195,274.843554443054,1900.8760951189,13600,13017.6900503935,27100000
"1573","Tennessee",2010,6315000,434.695170229612,4303.46793349169,616.136183689628,3687.33174980206,16700,19918.625888806,35400000
"1574","Texas",2010,25200000,689.083333333333,4224.11507936508,449.329365079365,3774.78571428571,18400,19333.6031527017,3.5e+07
"1575","Utah",2010,2768000,245.917630057803,3404.66040462428,214.053468208092,3190.60693641618,10000,6178.66708448681,31300000
"1576","Vermont",2010,624000,333.173076923077,2400.64102564103,131.410256410256,2269.23076923077,10800,4229.21896911342,34200000
"1577","Virginia",2010,7837000,480.260303687636,2610.52698736762,219.267576878908,2391.25941048871,10700,27344.2713524729,33200000
"1578","Washington",2010,6713000,271.637122002086,4030.44838373306,314.881573067183,3715.56681066587,11600,20736.4153518616,31400000
"1579","West Virginia",2010,1816000,367.896475770925,2581.88325991189,307.599118942731,2274.28414096916,16800,5527.69882741385,24700000
"1580","Wisconsin",2010,5626000,403.999289015286,2789.69072164948,251.813011020263,2537.87771062922,10100,11260.8885699573,40400000
"1581","Wyoming",2010,550000,384,2724.72727272727,203.090909090909,2521.63636363636,9600,5691.17190137557,53700000
"1582","Alabama",2011,4765000,677.229800629591,4057.88037775446,423.210912906611,3634.66946484785,15400,28560.2456700607,31400000
"1583","Alaska",2011,712000,786.095505617978,3301.96629213483,620.224719101124,2681.74157303371,11700,26608.1932289212,58700000
"1584","Arizona",2011,6547000,611.272338475638,3920.65067970063,409.179776997098,3511.47090270353,17200,14849.7652329971,42700000
"1585","Arkansas",2011,2909000,553.729804056377,4283.36198006188,487.212100378137,3796.14987968374,18700,20994.5026068621,24600000
"1586","California",2011,37590000,397.895716945996,3002.83320031923,412.19207235967,2590.64112795956,16900,25094.3314219832,52400000
"1587","Colorado",2011,5016000,438.157894736842,2967.82296650718,320.673843700159,2647.14912280702,13200,9834.83081292105,41100000
"1588","Connecticut",2011,3514000,521.45702902675,2478.48605577689,281.4171883893,2197.06886738759,10100,17920.8751956258,38900000
"1589","Delaware",2011,902000,747.117516629712,4025.16629711752,570.288248337029,3454.87804878049,13700,27591.8263437313,4.2e+07
"1590","Florida",2011,18990000,542.680358083202,4051.59557661927,517.1037388099,3534.49183780937,14900,20310.2022052521,50200000
"1591","Georgia",2011,9681000,577.874186550976,4069.79650862514,379.733498605516,3690.06301001963,18400,36468.4621152089,30700000
"1592","Hawaii",2011,1337000,451.533283470456,3540.68810770381,259.162303664921,3281.52580403889,12100,81558.746358243,36300000
"1593","Idaho",2011,1574000,491.677255400254,2292.0584498094,203.430749682338,2088.62770012707,15700,5515.64846588771,31700000
"1594","Illinois",2011,12700000,381.314960629921,3141.66141732283,429.314960629921,2712.34645669291,14200,21475.5297101737,46700000
"1595","Indiana",2011,6344000,455.643127364439,3588.19356872636,340.77868852459,3247.41488020177,15600,12150.1759395362,25800000
"1596","Iowa",2011,3027000,301.156260323753,2640.4360753221,260.422860918401,2380.0132144037,10400,6873.70863247393,27400000
"1597","Kansas",2011,2807000,332.276451727823,3522.05201282508,363.697898111863,3158.35411471322,14300,13460.1212371174,33300000
"1598","Kentucky",2011,4302000,500.813575081357,3010.27429102743,243.258949325895,2767.01534170153,16000,10360.005671293,20700000
"1599","Louisiana",2011,4494000,883.622607921673,4314.68624833111,564.597240765465,3750.08900756564,21100,34727.7231218583,43400000
"1600","Maine",2011,1328000,161.521084337349,2670.7078313253,123.343373493976,2547.36445783133,13400,4628.31175500432,24200000
"1601","Maryland",2011,5806000,388.529107819497,3370.01377884947,496.331381329659,2873.68239751981,9300,39131.1977851348,48500000
"1602","Massachusetts",2011,6514000,178.431071538225,2718.16088424931,433.404973902364,2284.75591034695,10600,15650.6124716612,41600000
"1603","Michigan",2011,9689000,443.182991020745,3045.3091134276,451.346888223759,2593.96222520384,15000,20729.7278508231,3.1e+07
"1604","Minnesota",2011,5276000,185.746777862017,2814.7460197119,233.567096285064,2581.17892342684,10000,12164.9137376129,40200000
"1605","Mississippi",2011,2932000,729.399727148704,3336.2210095498,273.158253751705,3063.06275579809,17400,39862.6282724293,28900000
"1606","Missouri",2011,5892000,523.302783435166,3835.25118805159,456.347589952478,3378.90359809912,15400,15882.3895488222,3.6e+07
"1607","Montana",2011,986000,373.022312373225,2701.82555780933,279.411764705882,2422.41379310345,16500,9868.7295865006,34900000
"1608","National",2011,307843000,519.410218845321,3332.46947307556,391.768206520856,2940.7012665547,14982.9620943143,318.923441422737,28450000
"1609","Nebraska",2011,1823000,253.208996160176,3048.05266044981,256.280855732309,2791.7718047175,10200,11277.0479938485,29300000
"1610","Nevada",2011,2682000,476.435495898583,3188.92617449664,576.13721103654,2612.7889634601,15500,23505.0130679325,54600000
"1611","New Hampshire",2011,1300000,201.076923076923,2740,220.307692307692,2519.69230769231,7600,5021.26604698019,34700000
"1612","New Jersey",2011,8642000,275.792640592455,2510.09025688498,314.776672066651,2195.31358481833,11400,25112.8506376587,48800000
"1613","New Mexico",2011,2037000,343.544428080511,4195.04172803142,584.388807069219,3610.6529209622,22200,19181.3914022402,40300000
"1614","New York",2011,19330000,286.787377133989,2324.36627004656,400.739782721159,1923.6264873254,16000,27369.5480900493,60100000
"1615","North Carolina",2011,9504000,414.983164983165,3906.007996633,351.651936026936,3554.35606060606,15400,28072.2601189791,32200000
"1616","North Dakota",2011,675000,210.814814814815,2227.11111111111,251.703703703704,1975.40740740741,9900,14598.4205720601,30100000
"1617","Ohio",2011,11310000,450.610079575597,3676.3041556145,311.388152077807,3364.91600353669,15100,16244.8998382838,3.6e+07
"1618","Oklahoma",2011,3763000,690.326866861547,3851.42173797502,460.031889449907,3391.38984852511,13900,30634.8958001638,31200000
"1619","Oregon",2011,3850000,376.883116883117,3415.8961038961,250.467532467532,3165.42857142857,14400,12160.5897228634,3.7e+07
"1620","Pennsylvania",2011,12700000,406.125984251969,2595.51968503937,363.692913385827,2231.82677165354,12600,14813.3076903588,32400000
"1621","Rhode Island",2011,1038000,321.483622350674,2944.31599229287,249.132947976879,2695.18304431599,13400,14566.3590036973,43900000
"1622","South Carolina",2011,4605000,497.589576547231,4584.95114006515,605.732899022801,3979.21824104235,19000,30640.416149784,29800000
"1623","South Dakota",2011,808000,437.5,2153.9603960396,260.519801980198,1893.44059405941,14500,12237.5194045937,25700000
"1624","Tennessee",2011,6324000,450.332068311195,4266.20809614168,615.037950664137,3651.17014547755,16300,19763.790810793,34700000
"1625","Texas",2011,25550000,674.066536203523,3904.28180039139,409.917808219178,3494.36399217221,17400,19795.7550159845,34100000
"1626","Utah",2011,2812000,244.630156472262,3187.4466571835,197.26173541963,2990.18492176387,11000,7658.93079094431,30400000
"1627","Vermont",2011,615000,333.821138211382,2603.41463414634,150.406504065041,2453.0081300813,11600,3971.94256359658,35900000
"1628","Virginia",2011,7971000,478.359051561912,2495.49617362941,200.90327436959,2294.59289925982,11400,27970.3819538581,32600000
"1629","Washington",2011,6812000,261.993540810335,3880.81327069877,295.830886670581,3584.98238402819,12500,20706.1175925436,3.1e+07
"1630","West Virginia",2011,1820000,375.054945054945,2445.38461538462,302.032967032967,2143.35164835165,17500,5390.98890566902,2.5e+07
"1631","Wisconsin",2011,5676000,399.171952078929,2716.34954193094,251.374207188161,2464.97533474278,13100,12612.3526940214,40800000
"1632","Wyoming",2011,562000,388.434163701068,2512.98932384342,221.53024911032,2291.4590747331,10700,6204.038933956,50200000
"1633","Alabama",2012,4808000,674.521630615641,3963.6231281198,451.185524126456,3512.43760399334,16200,29486.7410155541,29800000
"1634","Alaska",2012,702000,802.421652421653,3482.76353276353,628.490028490029,2854.2735042735,10000,27704.9010116309,59700000
"1635","Arizona",2012,6642000,603.432700993677,3911.14122252334,422.719060523939,3488.4221619994,19000,12224.8711876731,40400000
"1636","Arkansas",2012,2909000,503.746992093503,4236.50739085596,476.14300446889,3760.36438638707,20100,19736.5040838322,25800000
"1637","California",2012,37910000,354.877341070958,3192.8488525455,424.542337114218,2768.30651543128,15900,25303.5115076308,5e+07
"1638","Colorado",2012,5153000,397.089074325636,3013.8948185523,309.547836211915,2704.34698234038,11900,10774.1408304709,38300000
"1639","Connecticut",2012,3517000,498.436167187944,2483.70770543076,289.536536821154,2194.17116860961,10300,17658.0540962262,39100000
"1640","Delaware",2012,9e+05,768.222222222222,3972.77777777778,560.888888888889,3411.88888888889,13500,28639.8938632725,43100000
"1641","Florida",2012,19170000,531.716223265519,3792.77516953573,490.803338549817,3301.97183098592,15300,21362.5757407763,48400000
"1642","Georgia",2012,9665000,573.792033109157,3902.20382824625,389.808587687532,3512.39524055872,18100,36662.6026210169,30400000
"1643","Hawaii",2012,1356000,430.014749262537,3451.10619469027,249.115044247788,3201.99115044248,13800,79428.7965840482,3.5e+07
"1644","Idaho",2012,1588000,502.833753148615,2214.92443324937,210.831234256927,2004.09319899244,14400,5085.65990682064,31500000
"1645","Illinois",2012,12730000,387.651217596229,3034.2655145326,420.706991358995,2613.55852317361,12600,21672.5933510018,45200000
"1646","Indiana",2012,6343000,454.532555573073,3476.87214251931,355.415418571654,3121.45672394766,15200,12764.0594685111,22300000
"1647","Iowa",2012,3010000,290.132890365448,2608.7707641196,271.328903654485,2337.44186046512,10300,7988.04263188949,28400000
"1648","Kansas",2012,2828000,342.362093352192,3584.08769448373,363.932107496464,3220.15558698727,14000,13434.2268231583,32500000
"1649","Kentucky",2012,4342000,509.212344541686,2824.78120681714,226.900046061723,2597.88116075541,17900,11413.0859689256,22200000
"1650","Louisiana",2012,4465000,899.708846584546,4154.80403135498,511.511758118701,3643.29227323628,21100,34093.0051547964,4.1e+07
"1651","Maine",2012,1330000,158.496240601504,2633.38345864662,122.255639097744,2511.12781954887,12800,5019.42812815379,23900000
"1652","Maryland",2012,5892000,365.274949083503,3231.41547861507,476.680244399185,2754.73523421589,9900,40356.2712474115,45800000
"1653","Massachusetts",2012,6566000,172.220530003046,2594.7608894304,411.925068534877,2182.83582089552,11300,15454.1411549847,41300000
"1654","Michigan",2012,9731000,448.422567053746,3023.44055081698,462.049121364711,2561.39142945227,13700,19755.0589260486,30100000
"1655","Minnesota",2012,5353000,185.652904913133,2812.83392490192,232.000747244536,2580.83317765739,10000,13539.4160516739,38600000
"1656","Mississippi",2012,2893000,771.48288973384,3169.789146215,268.544763221569,2901.24438299343,22000,39940.491869912,28300000
"1657","Missouri",2012,5956000,524.630624580255,3811.31631967764,456.497649429147,3354.81867024849,15200,17161.4414851328,34400000
"1658","Montana",2012,999000,361.261261261261,2893.39339339339,280.580580580581,2612.81281281281,13400,9119.03093617931,36600000
"1659","National",2012,310019000,506.548630890365,3296.26539018576,392.574971211442,2903.69041897432,14960.0508355939,317.905296300154,2.8e+07
"1660","Nebraska",2012,1849000,254.461871281774,3028.9345592212,259.707950243375,2769.22660897783,12200,10879.6568328459,29600000
"1661","Nevada",2012,2735000,471.042047531993,3446.91042047532,612.90676416819,2834.00365630713,15800,25957.5207251431,50600000
"1662","New Hampshire",2012,1308000,213.302752293578,2669.34250764526,217.201834862385,2452.14067278287,8100,4964.11013767355,33700000
"1663","New Jersey",2012,8720000,266.341743119266,2376.23853211009,295.034403669725,2081.20412844037,9300,24116.5282040712,48600000
"1664","New Mexico",2012,2064000,325.920542635659,4203.1976744186,564.922480620155,3638.27519379845,20400,15980.2539592323,39400000
"1665","New York",2012,19300000,280.880829015544,2356.49222797927,412.098445595855,1944.39378238342,17200,28677.6452322521,59900000
"1666","North Carolina",2012,9634000,385.46813369317,3768.5073697322,357.733028856135,3410.77434087606,17200,29008.8431316187,35600000
"1667","North Dakota",2012,692000,218.49710982659,2315.0289017341,248.988439306358,2066.04046242775,11400,14852.8163693335,27700000
"1668","Ohio",2012,11400000,446.280701754386,3554.9298245614,305.5,3249.4298245614,15400,16267.067984423,35600000
"1669","Oklahoma",2012,3700000,681.756756756757,4028.94594594595,489.243243243243,3539.7027027027,18000,29071.8716021509,28400000
"1670","Oregon",2012,3872000,383.264462809917,3513.81714876033,248.915289256198,3264.90185950413,13500,11871.3109766885,37300000
"1671","Pennsylvania",2012,12660000,403.830963665087,2543.01737756714,358.483412322275,2184.53396524487,13900,14876.1812808154,32500000
"1672","Rhode Island",2012,1034000,320.889748549323,2871.95357833656,256.963249516441,2614.99032882012,13600,12475.4784522524,43200000
"1673","South Carolina",2012,4667000,479.708592243411,4446.60381401329,567.25948146561,3879.34433254768,16700,30337.3120717874,28800000
"1674","South Dakota",2012,822000,444.038929440389,2436.37469586375,328.588807785888,2107.78588807786,12800,14145.9121258192,25900000
"1675","Tennessee",2012,6422000,442.40112114606,4035.16038617253,641.747119277484,3393.41326689505,18600,21013.2125205184,32100000
"1676","Texas",2012,26060000,638.419033000767,3771.81120491174,408.576362240982,3363.23484267076,17000,19572.6253923002,31900000
"1677","Utah",2012,2849000,244.366444366444,3237.03053703054,208.459108459108,3028.57142857143,11000,8314.02192599317,29900000
"1678","Vermont",2012,615000,330.731707317073,2690.08130081301,144.878048780488,2545.20325203252,11200,5550.10322705762,38800000
"1679","Virginia",2012,7994000,463.397548161121,2428.19614711033,196.097072804603,2232.09907430573,10600,28029.0047857977,32400000
"1680","Washington",2012,6856000,251.91073512252,4010.06417736289,299.781213535589,3710.2829638273,11600,19044.7807020167,32400000
"1681","West Virginia",2012,1803000,392.124237382141,2797.72601220189,329.617304492512,2468.10870770937,16700,5559.84149198329,2.5e+07
"1682","Wisconsin",2012,5628000,401.563610518834,2790.22743425729,288.805970149254,2501.42146410803,11400,11911.5325637184,39700000
"1683","Wyoming",2012,577000,381.975736568458,2492.72097053726,201.213171577123,2291.50779896014,9600,7310.64319454855,46900000
"1684","Alabama",2013,4779000,677.568528980958,3822.32684662063,435.948943293576,3386.37790332706,17600,29111.5183279434,3e+07
"1685","Alaska",2013,696000,730.028735632184,3724.13793103448,676.580459770115,3047.55747126437,10300,29806.7058579332,63800000
"1686","Arizona",2013,6588500,624.9829247932,3807.69522653108,418.547469074903,3389.14775745617,19000,15652.0613355909,39100000
"1687","Arkansas",2013,2896000,595.131215469613,4149.93093922652,473.238950276243,3676.69198895028,15500,20426.7413031258,27200000
"1688","California",2013,38130000,356.624704956727,3078.01206399161,405.819564647259,2672.19249934435,15000,25757.7490832142,49500000
"1689","Colorado",2013,5296000,384.648791540786,2946.99773413897,303.98413897281,2643.01359516616,10650,10538.7854692182,39100000
"1690","Connecticut",2013,3591000,489.083820662768,2247.64689501532,262.851573377889,1984.79532163743,11100,18192.2040811968,3.9e+07
"1691","Delaware",2013,909500,770.093457943925,3698.07586586036,509.400769653656,3188.67509620671,12600,26699.2234361723,44400000
"1692","Florida",2013,19415000,530.661859387072,3601.14859644605,473.824362606232,3127.32423383981,14850,22156.8336684535,46100000
"1693","Georgia",2013,9817500,550.078940667176,3843.41227400051,382.164502164502,3461.24777183601,17400,37145.5772207969,29700000
"1694","Hawaii",2013,1353000,416.260162601626,3610.56910569106,264.966740576497,3345.60236511456,10850,77612.0210381219,33900000
"1695","Idaho",2013,1601000,514.803247970019,2104.99687695191,216.801998750781,1888.19487820112,12650,5345.58527366551,31100000
"1696","Illinois",2013,12715000,382.642548171451,2736.95635076681,408.619740464019,2328.33661030279,13450,21369.0880872304,4.7e+07
"1697","Indiana",2013,6477500,461.798533384794,3258.95793130066,364.754920879969,2894.20301042069,14050,13686.1956952156,22300000
"1698","Iowa",2013,3071000,283.197655486812,2488.40768479323,274.926733962879,2213.48095083035,12000,8557.90124890416,2.8e+07
"1699","Kansas",2013,2795000,349.302325581395,3421.53846153846,355.20572450805,3066.33273703041,12300,13714.6974381259,34500000
"1700","Kentucky",2013,4430500,474.664259112967,2566.93375465523,209.457171876763,2357.47658277847,21000,11536.3167769342,22400000
"1701","Louisiana",2013,4519000,869.63930073025,4200.17703031644,533.901305598584,3666.27572471786,20200,34409.8432389095,40500000
"1702","Maine",2013,1320000,164.621212121212,2440.5303030303,133.409090909091,2307.12121212121,11850,4352.54248690916,24200000
"1703","Maryland",2013,5939500,359.205320313158,3134.15270645677,475.376715211718,2658.77599124505,10400,40183.2838807343,48900000
"1704","Massachusetts",2013,6652500,164.599774520857,2473.32581736189,409.830890642616,2063.49492671928,12000,17777.9431799735,41900000
"1705","Michigan",2013,9955000,439.568056253139,2761.34605725766,449.593169261678,2311.75288799598,13600,20101.484497881,3.2e+07
"1706","Minnesota",2013,5373500,191.476691169629,2678.01246859589,236.531124965107,2441.48134363078,11500,13606.3463817863,38300000
"1707","Mississippi",2013,2906500,755.857560639945,3091.38138654739,285.670049888182,2805.71133665921,20800,39547.3440747685,28300000
"1708","Missouri",2013,5976000,527.727576974565,3612.29919678715,438.688085676037,3173.61111111111,15600,17183.0132792954,3.4e+07
"1709","Montana",2013,989000,368.250758341759,2944.28715874621,295.652173913043,2648.63498483316,12500,8218.57493861815,36900000
"1710","National",2013,312379000,504.819466097273,3143.67803213404,374.000172866934,2769.67785926711,14612.2178507518,318.809283472272,27525000
"1711","Nebraska",2013,1853000,271.235833783054,2922.0723151646,267.08041014571,2654.99190501889,10750,11557.422930917,28500000
"1712","Nevada",2013,2767000,471.846765449946,3471.81062522588,610.336104083845,2861.47452114203,15950,24784.1730402762,49400000
"1713","New Hampshire",2013,1309000,230.557677616501,2548.58670741024,225.515660809778,2323.07104660046,7250,5222.2347366894,34500000
"1714","New Jersey",2013,8785000,255.571997723392,2201.27490039841,293.090495162208,1908.1844052362,10500,25408.3245919839,48100000
"1715","New Mexico",2013,2089000,331.785543322164,4401.53183341312,621.828626136908,3779.70320727621,23750,18207.0890133516,39100000
"1716","New York",2013,19415000,275.817666752511,2246.54133402009,399.500386299253,1847.04094772083,15900,28028.3758936526,58800000
"1717","North Carolina",2013,9645500,382.789902026852,3516.85241822612,348.214193147063,3168.63822507905,16650,29778.3621412757,35100000
"1718","North Dakota",2013,713500,220.882971268395,2429.57252978276,277.365101611773,2152.20742817099,11550,14297.3125118865,27100000
"1719","Ohio",2013,11375000,454.76043956044,3271.52527472527,296.457142857143,2975.06813186813,14300,15934.9451367073,3.5e+07
"1720","Oklahoma",2013,3702500,744.010803511141,3878.59554355165,464.199864956111,3414.39567859554,17600,29144.0596856017,28900000
"1721","Oregon",2013,3951500,392.686321650006,3406.78223459446,241.32607870429,3165.45615589017,14550,12430.0858433868,35900000
"1722","Pennsylvania",2013,12770000,402.678151918559,2396.2490211433,335.356303837118,2060.89271730619,11800,16088.8178151125,32400000
"1723","Rhode Island",2013,1040000,323.173076923077,2735.67307692308,260.576923076923,2475.09615384615,11400,14459.108291197,43400000
"1724","South Carolina",2013,4677500,471.619454836986,4222.85408872261,518.717263495457,3704.13682522715,17600,30670.9131254946,28700000
"1725","South Dakota",2013,830000,443.614457831325,2290,329.277108433735,1960.72289156627,11800,11913.83949349,26100000
"1726","Tennessee",2013,6362500,448.267190569745,3862.41257367387,598.239685658153,3264.17288801572,16800,21230.3205180756,33400000
"1727","Texas",2013,26290000,640.091289463674,3693.59452263218,413.682008368201,3279.91251426398,16850,18715.5277219898,31600000
"1728","Utah",2013,2900000,244.034482758621,3275.10344827586,229.103448275862,3046,10250,6752.81134166535,29300000
"1729","Vermont",2013,624000,333.01282051282,2348.87820512821,124.198717948718,2224.67948717949,7750,4405.99878289042,39900000
"1730","Virginia",2013,8202000,450.890026822726,2291.06315532797,199.40258473543,2091.66057059254,10100,28471.7690998211,32800000
"1731","Washington",2013,6865500,261.947418250674,4069.06998761926,294.55975529823,3774.51023232103,12100,20330.07609326,31600000
"1732","West Virginia",2013,1814000,376.185226019846,2513.00992282249,311.852260198456,2201.15766262404,18550,6408.37739145089,24400000
"1733","Wisconsin",2013,5620000,399.839857651245,2523.34519572954,286.797153024911,2236.54804270463,12250,12110.64512252,39400000
"1734","Wyoming",2013,585000,394.871794871795,2396.75213675214,207.179487179487,2189.57264957265,11600,6853.07999443512,47300000
"1735","Alabama",2014,4765000,666.757607555089,3668.7093389297,434.98426023085,3233.72507869885,17800,28938.7574268591,29600000
"1736","Alaska",2014,694000,834.870317002882,3604.89913544669,674.92795389049,2929.9711815562,11900,28634.39116017,62300000
"1737","Arizona",2014,6657000,634.805467928496,3602.64383355866,396.905512993841,3205.73832056482,21200,18384.3183426727,3.8e+07
"1738","Arkansas",2014,2891000,618.263576617087,3932.89519197509,492.839847803528,3440.05534417157,18400,19882.2915129676,26900000
"1739","California",2014,38670000,351.913628135506,2847.0545642617,397.628652702353,2449.42591155935,15800,25843.2138746438,50900000
"1740","Colorado",2014,5376000,384.040178571429,2832.51488095238,306.677827380952,2525.83705357143,12300,11070.7805152171,40800000
"1741","Connecticut",2014,3577000,465.082471344702,2177.83058428851,239.72602739726,1938.10455689125,8600,20467.094216694,38900000
"1742","Delaware",2014,929000,748.654467168999,3496.55543595264,491.711517761033,3004.8439181916,11000,27275.662931433,45400000
"1743","Florida",2014,19690000,522.447943118334,3428.7404773997,463.915693245302,2964.82478415439,16700,21901.7312412956,45200000
"1744","Georgia",2014,9948000,532.257740249296,3800.77402492963,391.586248492159,3409.18777643747,16800,38084.5506585909,29500000
"1745","Hawaii",2014,1365000,429.74358974359,3617.87545787546,246.300366300366,3371.57509157509,10800,79859.1446675447,38900000
"1746","Idaho",2014,1606000,505.417185554172,2109.52677459527,214.134495641345,1895.39227895392,12400,6248.4168430254,31100000
"1747","Illinois",2014,12770000,378.057948316366,2485.68519968677,374.119028974158,2111.56617071261,13700,20871.1760420202,4.7e+07
"1748","Indiana",2014,6470000,452.41112828439,3075.95054095827,372.565687789799,2703.38485316847,14600,12356.8744336241,22500000
"1749","Iowa",2014,3078000,287.134502923977,2390.6432748538,275.633528265107,2115.00974658869,10300,9386.87935951674,28800000
"1750","Kansas",2014,2851000,346.439845668187,3166.04700105226,358.996843212908,2807.05015783935,12100,15845.289838964,32100000
"1751","Kentucky",2014,4299000,503.768318213538,2544.87090020935,220.865317515701,2324.00558269365,20000,11850.9008011836,22400000
"1752","Louisiana",2014,4550000,835.824175824176,4069.78021978022,527.098901098901,3542.68131868132,23100,35205.4603319164,37800000
"1753","Maine",2014,1300000,172.461538461538,2163.46153846154,130.615384615385,2032.84615384615,14600,4094.45301993024,24300000
"1754","Maryland",2014,5934000,354.078193461409,2985.45669025952,451.078530502191,2534.37815975733,9800,40981.6666570595,49800000
"1755","Massachusetts",2014,6653000,161.025101457989,2287.23883962122,401.157372613858,1886.08146700736,13600,18405.7825071507,46400000
"1756","Michigan",2014,9893000,438.592944506217,2478.99524916608,430.152633174972,2048.8426159911,14800,20130.6806366201,29700000
"1757","Minnesota",2014,5417000,196.363300719956,2545.35720878715,230.847332471848,2314.5098763153,8300,14409.0687509991,39300000
"1758","Mississippi",2014,2961000,634.68422830125,3215.73792637622,281.357649442756,2934.38027693347,22100,40561.1896167732,28700000
"1759","Missouri",2014,5950000,536.840336134454,3417.10924369748,451.798319327731,2965.31092436975,10400,15995.2110870904,34800000
"1760","Montana",2014,1008000,366.964285714286,2865.6746031746,333.43253968254,2532.24206349206,12000,9164.10747494102,37500000
"1761","National",2014,315154000,495.731927882876,2970.62134702399,365.859865335677,2604.76148168832,14764.8451233365,319.756298230566,26975000
"1762","Nebraska",2014,1873000,290.496529631607,2815.10945008009,277.682861719167,2537.42658836092,11800,9839.78605097068,2.9e+07
"1763","Nevada",2014,2819000,444.732174529975,3285.45583540263,640.049663001064,2645.40617240156,17000,26431.3497607889,4.9e+07
"1764","New Hampshire",2014,1318000,224.810318664643,2179.28679817906,199.165402124431,1980.12139605463,7200,5441.07744925372,36800000
"1765","New Jersey",2014,8938000,241.552920116357,1994.45066010293,260.897292459163,1733.55336764377,11300,24866.601169533,4.7e+07
"1766","New Mexico",2014,2030000,345.862068965517,4253.30049261084,614.039408866995,3639.26108374384,20000,14733.3858065295,4e+07
"1767","New York",2014,19660000,267.131230925737,2111.31739572737,386.429298067141,1724.88809766022,14000,29291.9167210913,5.8e+07
"1768","North Carolina",2014,9823000,377.644304184058,3239.4991346839,333.075435203095,2906.42369948081,17100,29472.6150873849,35300000
"1769","North Dakota",2014,731000,235.020519835841,2442.95485636115,273.734610123119,2169.22024623803,9700,13948.6988136654,27400000
"1770","Ohio",2014,11510000,447.602085143354,3089.89574283232,287.836663770634,2802.05907906169,15600,16154.3222147139,34800000
"1771","Oklahoma",2014,3728000,741.684549356223,3580.92811158798,430.579399141631,3150.34871244635,17300,27042.1390742951,31700000
"1772","Oregon",2014,3955000,381.163084702908,3373.85587863464,260.278128950695,3113.57774968394,14400,13215.1101439454,36800000
"1773","Pennsylvania",2014,12620000,401.695721077655,2276.38668779715,319.31854199683,1957.06814580032,12500,16299.7087366422,3.4e+07
"1774","Rhode Island",2014,1046000,321.12810707457,2418.9292543021,221.797323135755,2197.13193116635,11300,17735.5338198463,45700000
"1775","South Carolina",2014,4764000,449.223341729639,4036.92275398825,504.575986565911,3532.34676742233,16500,30582.4322137988,28500000
"1776","South Dakota",2014,846000,426.477541371158,2226.59574468085,331.087470449173,1895.50827423168,12800,11924.1599592265,26400000
"1777","Tennessee",2014,6496000,442.872536945813,3708.43596059113,615.59421182266,3092.84174876847,17300,20805.3439402489,33600000
"1778","Texas",2014,26680000,622.350074962519,3460.36731634183,411.210644677661,3049.15667166417,16400,20108.2215732212,32100000
"1779","Utah",2014,2928000,240.129781420765,3139.92486338798,220.765027322404,2919.15983606557,10200,6961.55253028641,30100000
"1780","Vermont",2014,615000,321.788617886179,1685.20325203252,104.552845528455,1580.65040650406,9300,5242.97517920101,40200000
"1781","Virginia",2014,8257000,454.692987767954,2161.26922611118,200.096887489403,1961.17233862178,10200,27595.7342514505,33200000
"1782","Washington",2014,7079000,255.968357112587,3975.73103545699,285.139143946885,3690.5918915101,12000,19448.6538690508,33500000
"1783","West Virginia",2014,1822000,378.485181119649,2422.17343578485,321.075740944018,2101.09769484083,20600,6244.42391703408,24500000
"1784","Wisconsin",2014,5742000,393.538836642285,2391.11807732497,291.936607453849,2099.18146987113,10900,11156.7456306614,37700000
"1785","Wyoming",2014,572000,416.608391608392,2206.11888111888,199.65034965035,2006.46853146853,9700,7333.18226381648,4.6e+07
"1786","Alabama",2015,4820000,639.211618257261,3480.1244813278,476.286307053942,3003.83817427386,16300,30058.5431723918,31200000
"1787","Alaska",2015,703000,759.317211948791,3726.45803698435,766.856330014225,2959.60170697013,9200,37310.5339624603,6.6e+07
"1788","Arizona",2015,6728000,634.943519619501,3495.12485136742,415.695600475624,3079.4292508918,17200,15930.3852337711,38900000
"1789","Arkansas",2015,2951000,600.033886818028,3834.6323280244,534.361233480176,3300.27109454422,16100,21031.4795599932,28200000
"1790","California",2015,39080000,331.609518935517,3049.6340839304,427.029170931423,2622.60491299898,13900,26231.9133265231,52400000
"1791","Colorado",2015,5420000,369.760147601476,2977.71217712177,320.073800738007,2657.63837638376,9900,11383.6408372048,40400000
"1792","Connecticut",2015,3572000,442.777155655095,2059.01455767077,222.228443449048,1836.78611422172,9100,19384.3167670811,40100000
"1793","Delaware",2015,958000,694.572025052192,3163.3611691023,496.868475991649,2666.49269311065,11100,28608.5423231641,47100000
"1794","Florida",2015,20070000,505.351270553064,3307.89735924265,466.492277030394,2841.40508221226,16200,21464.0992569791,46200000
"1795","Georgia",2015,10100000,516.762376237624,3513.90099009901,385.059405940594,3128.84158415842,18100,38290.7508606241,30900000
"1796","Hawaii",2015,1382000,425.397973950796,3588.27785817656,303.979739507959,3284.2981186686,10900,79266.6437504251,38900000
"1797","Idaho",2015,1657000,485.938442969221,1961.67773083887,216.837658418829,1744.84007242004,12300,5803.53301989639,3e+07
"1798","Illinois",2015,12680000,364.668769716088,2418.90378548896,392.389589905363,2026.5141955836,10900,21348.6677360841,47700000
"1799","Indiana",2015,6502000,420.716702553061,3033.69732390034,390.233774223316,2643.46354967702,13500,14327.852125314,22400000
"1800","Iowa",2015,3100000,285.451612903226,2364.74193548387,278.032258064516,2086.70967741935,10400,7136.86683225132,29300000
"1801","Kansas",2015,2849000,345.981045981046,3213.12741312741,403.053703053703,2810.07371007371,14200,15070.0265596628,33200000
"1802","Kentucky",2015,4365000,497.159221076747,2461.21420389462,226.506300114548,2234.70790378007,19500,11701.0593800919,21400000
"1803","Louisiana",2015,4599000,790.976299195477,3977.16894977169,547.988693194173,3429.18025657752,18600,36826.8515674652,40400000
"1804","Maine",2015,1340000,170.074626865672,1946.79104477612,128.805970149254,1817.98507462687,12300,7094.58185205338,24500000
"1805","Maryland",2015,5892000,352.410047522064,2897.69178547183,478.360488798371,2419.33129667346,9600,40272.9421137521,52600000
"1806","Massachusetts",2015,6777000,146.406964733658,2080.56662239929,390.334956470415,1690.23166592888,11500,18793.5311836387,43600000
"1807","Michigan",2015,9852000,432.683719041819,2364.01745838408,423.386114494519,1940.63134388957,12800,20586.8328872163,30100000
"1808","Minnesota",2015,5458000,197.83803591059,2478.98497618175,244.027116159765,2234.95786002199,7800,16332.9128918362,41200000
"1809","Mississippi",2015,2947000,641.703427214116,3188.83610451306,277.90973871734,2910.92636579572,19100,39603.5002389823,30200000
"1810","Missouri",2015,5946000,543.726875210225,3432.22334342415,509.451732256979,2922.77161116717,9800,15653.1487644799,34900000
"1811","Montana",2015,1018000,361.984282907662,3037.62278978389,358.251473477407,2679.37131630648,11900,7532.27817526783,38200000
"1812","National",2015,317783000,480.391650906436,2902.42870134652,377.399042743004,2525.02965860351,13534.7076464128,321.697219664325,26425000
"1813","Nebraska",2015,1858000,289.128094725511,2570.72120559742,278.094725511302,2292.62648008611,10300,10956.4033525837,30100000
"1814","Nevada",2015,2864000,456.389664804469,3395.7751396648,702.444134078212,2693.33100558659,13000,26697.611501205,48600000
"1815","New Hampshire",2015,1293000,224.052590873937,2022.04176334107,208.197989172467,1813.8437741686,7300,5434.34454894039,36800000
"1816","New Jersey",2015,8936000,229.286034019696,1886.52641002686,256.031781557744,1630.49462846911,11200,25681.1339765528,46200000
"1817","New Mexico",2015,2036000,348.919449901768,4463.85068762279,671.512770137525,3792.33791748527,19700,20543.6758198127,39900000
"1818","New York",2015,19650000,263.241730279898,1996.69720101781,382.320610687023,1614.37659033079,14200,30420.8207630866,58800000
"1819","North Carolina",2015,9887000,370.355011631435,3141.99453828259,351.309800748458,2790.68473753414,15300,29816.1287568006,37100000
"1820","North Dakota",2015,763000,235.255570117955,2577.32634338139,255.439056356488,2321.8872870249,10700,9815.9811353325,30900000
"1821","Ohio",2015,11440000,456.582167832168,2955.55944055944,300.463286713287,2655.09615384615,13600,17515.2187224931,36200000
"1822","Oklahoma",2015,3887000,734.422433753537,3365.08875739645,430.82068433239,2934.26807306406,14200,23076.8043539173,31200000
"1823","Oregon",2015,4029000,378.381732439811,3237.3293621246,265.078183172003,2972.25117895259,11900,13212.2325147226,37400000
"1824","Pennsylvania",2015,12560000,396.958598726115,2167.90605095541,321.242038216561,1846.66401273885,12300,17792.7510055636,35400000
"1825","Rhode Island",2015,1044000,311.111111111111,2165.03831417624,245.689655172414,1919.34865900383,11800,14941.0579514461,4.8e+07
"1826","South Carolina",2015,4790000,436.931106471816,3909.77035490605,510.396659707724,3399.37369519833,14300,30600.9947655468,29300000
"1827","South Dakota",2015,848000,420.283018867925,2363.32547169811,389.38679245283,1973.93867924528,13900,13593.0744641673,28300000
"1828","Tennessee",2015,6605000,426.525359576079,3586.11657834973,617.956093868282,2968.16048448145,14700,21010.7112073596,33800000
"1829","Texas",2015,27400000,598.20802919708,3257.03284671533,413.113138686131,2843.9197080292,14700,20227.3042167895,32900000
"1830","Utah",2015,3004000,216.21171770972,3226.86418109188,237.616511318242,2989.24766977364,9300,7026.01879703409,28300000
"1831","Vermont",2015,609000,287.35632183908,1611.00164203612,122.660098522167,1488.34154351396,10700,4584.22768366485,42200000
"1832","Virginia",2015,8216000,467.41723466407,2124.00194741967,203.322784810127,1920.67916260954,10900,29318.572716383,34200000
"1833","Washington",2015,7193000,254.1915751425,3753.35743083553,285.068816905325,3468.28861393021,11400,18802.1391247765,34300000
"1834","West Virginia",2015,1795000,396.545961002785,2512.03342618384,356.378830083565,2155.65459610028,14500,6675.74234687296,2.5e+07
"1835","Wisconsin",2015,5736000,400.540446304045,2296.37377963738,305.944909344491,1990.42887029289,11400,11439.1874357372,38700000
"1836","Wyoming",2015,574000,422.299651567944,2169.1637630662,226.480836236934,1942.68292682927,9800,6071.50402648249,4.7e+07
"1837","Alabama",2016,4821000,599.108068865381,3508.33851897946,536.776602364655,2971.56191661481,16200,31765.2267723543,30900000
"1838","Alaska",2016,708000,626.271186440678,4356.21468926554,842.655367231638,3513.5593220339,12600,37312.8182132377,60400000
"1839","Arizona",2016,6878000,615.295143937191,3487.33643501018,473.131724338471,3014.20471067171,16100,14783.5360838243,40600000
"1840","Arkansas",2016,2941000,596.293777626658,3898.50391023461,563.175790547433,3335.32811968718,16000,20239.7067078725,27800000
"1841","California",2016,39140000,332.355646397547,3006.81144609096,446.591722023505,2560.21972406745,13900,27583.5228574678,54600000
"1842","Colorado",2016,5502000,363.15885132679,3111.15957833515,345.874227553617,2765.28535078153,8500,11359.6347487714,40300000
"1843","Connecticut",2016,3567000,419.315951780207,2047.77123633305,229.015979814971,1818.75525651808,9800,18570.8678252116,42200000
"1844","Delaware",2016,947000,695.353748680042,3297.67687434002,513.093980992608,2784.58289334741,11600,27669.2473692755,45300000
"1845","Florida",2016,20520000,487.202729044834,3131.15009746589,432.261208576998,2698.88888888889,13000,22143.295361926,46700000
"1846","Georgia",2016,10270000,522.171372930867,3384.35248296008,392.093476144109,2992.25900681597,15400,39035.8683392001,31500000
"1847","Hawaii",2016,1392000,402.442528735632,3290.58908045977,247.988505747126,3042.60057471264,9300,79027.7491896789,38300000
"1848","Idaho",2016,1679000,491.483025610482,1979.33293627159,230.851697438952,1748.48123883264,11100,4353.35538853004,3.1e+07
"1849","Illinois",2016,12580000,347.034976152623,2538.23529411765,445.580286168521,2092.65500794913,12100,21804.1713030505,4.9e+07
"1850","Indiana",2016,6493000,393.439088248883,3002.86462344063,408.378253503773,2594.48636993686,11800,13096.5616242822,2.3e+07
"1851","Iowa",2016,3099000,291.416585995482,2422.00709906421,295.901903839948,2126.10519522427,9800,7847.33437854374,30200000
"1852","Kansas",2016,2859000,346.974466596712,3286.3938440014,408.009793634138,2878.38405036726,11200,13902.6663365843,32900000
"1853","Kentucky",2016,4383000,525.256673511294,2467.8302532512,238.466803559206,2229.36344969199,15200,12312.2067201195,20800000
"1854","Louisiana",2016,4573000,780.275530286464,3957.75202274218,578.985348786355,3378.76667395583,20200,37646.9327940839,41600000
"1855","Maine",2016,1317000,182.536066818527,1788.68640850418,125.208807896735,1663.47760060744,12700,7174.83721079172,26400000
"1856","Maryland",2016,5930000,337.16694772344,2845.44688026981,489.359190556492,2356.08768971332,7100,41199.6168911676,53300000
"1857","Massachusetts",2016,6775000,138.789667896679,1954.31734317343,383.394833948339,1570.92250922509,9600,17633.3717724706,44400000
"1858","Michigan",2016,9875000,416.425316455696,2390.18734177215,463.615189873418,1926.57215189873,11100,20052.8954680738,30500000
"1859","Minnesota",2016,5430000,195.064456721915,2414.14364640884,246.132596685083,2168.01104972376,8700,13525.8122648064,41900000
"1860","Mississippi",2016,2943000,652.123683316344,3089.77234114849,285.796805980292,2803.9755351682,21100,42225.995562554,30900000
"1861","Missouri",2016,5878000,552.245661789724,3443.0248383804,539.639333106499,2903.3855052739,13000,15806.8608038538,3.6e+07
"1862","Montana",2016,1031000,369.932104752667,3107.8564500485,376.915615906887,2730.94083414161,11700,7563.94262982354,34300000
"1863","National",2016,319222000,472.438929647706,2886.43514544737,402.731014779683,2483.70413066769,12688.6618090232,322.975407657607,25850000
"1864","Nebraska",2016,1870000,283.529411764706,2612.72727272727,302.727272727273,2310,9600,10644.1965535367,31300000
"1865","Nevada",2016,2941000,467.766065963958,3258.95953757225,677.456647398844,2581.50289017341,10100,27420.1356074337,49600000
"1866","New Hampshire",2016,1316000,214.133738601824,1747.03647416413,202.73556231003,1544.3009118541,6400,6784.61765417591,35500000
"1867","New Jersey",2016,8836000,223.924852874604,1809.3368039837,247.408329560887,1561.92847442282,9400,27246.463546613,4.7e+07
"1868","New Mexico",2016,2043000,345.325501713167,4724.18012726383,713.901125795399,4010.27900146843,17800,21906.5950888459,39900000
"1869","New York",2016,19460000,260.616649537513,1950.35457348407,381.88591983556,1568.46865364851,11900,28761.0826221898,6e+07
"1870","North Carolina",2016,10060000,354.840954274354,3136.50099403579,375.417495029821,2761.08349900596,13600,28180.056178448,3.7e+07
"1871","North Dakota",2016,749000,239.118825100134,2584.24566088117,254.3391188251,2329.90654205607,11100,12289.5258425417,31200000
"1872","Ohio",2016,11440000,456.075174825175,2943.21678321678,312.578671328671,2630.63811188811,13700,17917.8658271992,38100000
"1873","Oklahoma",2016,3911000,764.919457939146,3473.91971362823,456.532856047047,3017.38685758118,14600,26096.8732381371,31900000
"1874","Oregon",2016,4124000,367.749757516974,3217.72550921436,266.319107662464,2951.40640155189,11800,11173.1784049912,39200000
"1875","Pennsylvania",2016,12530000,393.008778930567,2097.23064644852,322.338387869114,1774.89225857941,11100,18611.6073299497,35300000
"1876","Rhode Island",2016,1052000,294.961977186312,2037.92775665399,240.399239543726,1797.52851711027,11400,14902.1532663344,49500000
"1877","South Carolina",2016,4898000,425.847284605962,3811.16782360147,513.20947325439,3297.95835034708,14100,31040.9526511474,30700000
"1878","South Dakota",2016,855000,448.070175438597,2437.77777777778,425.263157894737,2012.51461988304,14500,14564.2676052385,28500000
"1879","Tennessee",2016,6652000,423.977751052315,3512.59771497294,638.289236319904,2874.30847865304,14900,21414.7816550226,33100000
"1880","Texas",2016,27660000,591.840202458424,3221.09906001446,437.686189443239,2783.41287057122,13800,20579.9342872316,33700000
"1881","Utah",2016,3077000,200.682482937927,3183.84790380241,240.688982775431,2943.15892102697,8600,6726.78438618584,26500000
"1882","Vermont",2016,622000,278.938906752412,1697.10610932476,136.816720257235,1560.28938906752,9600,4440.10549111489,39900000
"1883","Virginia",2016,8163000,463.224304789906,2153.46073747397,226.571113561191,1926.88962391278,11400,28700.4140818723,34200000
"1884","Washington",2016,7289000,262.093565646865,3801.55028124571,303.210316915901,3498.33996432981,11000,20057.0428335089,34900000
"1885","West Virginia",2016,1808000,396.128318584071,2428.92699115044,366.869469026549,2062.05752212389,18000,6173.53767121805,25800000
"1886","Wisconsin",2016,5764000,405.569049271339,2248.90700902151,307.35600277585,1941.55100624566,10700,13709.9509496746,39700000
"1887","Wyoming",2016,571000,415.761821366024,2257.61821366025,250.61295971979,2007.00525394046,10900,6028.39844259938,48900000
"1888","Alabama",2017,4803500,574.747579889664,3523.32674091808,530.217549703341,2993.10919121474,15150,30097.6928120003,30900000
"1889","Alaska",2017,718000,612.674094707521,4532.17270194986,882.729805013927,3649.44289693593,13250,35531.8503676334,58800000
"1890","Arizona",2017,6985500,601.674898003006,3444.93593873023,510.299906950111,2934.63603178012,13400,13039.8291236542,42600000
"1891","Arkansas",2017,2922500,618.30624465355,3812.31822070145,581.556886227545,3230.76133447391,14850,20958.5486389142,27100000
"1892","California",2017,39245000,333.899859854759,2970.21276595745,455.082176073385,2515.13058988406,12250,28127.3604071163,57200000
"1893","Colorado",2017,5527000,360.882938302877,3128.87642482359,378.161751402207,2750.71467342139,8300,12694.9671584448,40300000
"1894","Connecticut",2017,3554000,395.047833427124,2021.27180641531,230.444569499156,1790.82723691615,10750,20162.59424177,3.9e+07
"1895","Delaware",2017,967000,666.287487073423,2875.59462254395,452.637021716649,2422.9576008273,9000,27706.4500819503,47100000
"1896","Florida",2017,20900000,471.311004784689,2931.72727272727,409.598086124402,2522.12918660287,13550,21407.8090175666,48700000
"1897","Georgia",2017,10230000,524.604105571848,3272.42424242424,362.834799608993,2909.58944281525,13200,39056.375623779,31400000
"1898","Hawaii",2017,1402000,401.569186875892,3136.16262482168,255.135520684736,2881.02710413695,10450,78158.0488101117,39500000
"1899","Idaho",2017,1731000,495.609474292317,1887.23281340266,237.492778740612,1649.74003466204,11600,5378.41613789101,31300000
"1900","Illinois",2017,12600000,328.785714285714,2467.34126984127,442.674603174603,2024.66666666667,11200,22927.9492357022,48600000
"1901","Indiana",2017,6532500,398.377344048986,2835.65250669728,402.709529276693,2432.94297742059,11550,13275.6264162083,2.4e+07
"1902","Iowa",2017,3053500,295.52971999345,2446.04552153267,295.988210250532,2150.05731128214,8300,8349.19534619682,30600000
"1903","Kansas",2017,2869000,349.076333217149,3173.26594632276,406.204252352736,2767.06169397002,14500,14093.8880448033,35200000
"1904","Kentucky",2017,4398000,535.31150522965,2414.52933151432,234.015461573442,2180.51386994088,13950,11891.1912797551,20300000
"1905","Louisiana",2017,4536500,743.723134575113,4039.6340791359,572.820456298909,3466.81362283699,20950,37002.4046655355,41700000
"1906","Maine",2017,1316000,182.674772036474,1652.88753799392,122.340425531915,1530.54711246201,12200,6337.98578674549,27200000
"1907","Maryland",2017,5972000,324.296718017415,2763.3288680509,507.71935699933,2255.60951105157,7700,39448.7655224024,51800000
"1908","Massachusetts",2017,6790000,134.506627393225,1801.10456553756,358.144329896907,1442.96023564065,10900,18984.645328364,38300000
"1909","Michigan",2017,9892000,400.990699555196,2271.75495349778,453.730287100687,1818.02466639709,12100,19760.2252551758,30700000
"1910","Minnesota",2017,5619000,190.567716675565,2416.35522334935,237.497775404876,2178.85744794447,8850,14553.0548269074,42500000
"1911","Mississippi",2017,2947500,648.108566581849,3067.85411365564,259.91518235793,2807.93893129771,18400,40247.9054605303,3.1e+07
"1912","Missouri",2017,5983500,544.848332915518,3439.95988969667,542.324726330743,2897.63516336592,11250,17306.9307408869,35100000
"1913","Montana",2017,1040000,355.576923076923,3002.98076923077,378.557692307692,2624.42307692308,10000,8506.20724713996,37600000
"1914","National",2017,321861500,462.680065804702,NA,NA,NA,12283.5443195287,321.336848140883,25275000
"1915","Nebraska",2017,1876500,283.133493205436,2655.74207300826,318.625099920064,2337.1169730882,10950,9717.47643869102,30800000
"1916","Nevada",2017,2980500,460.359000167757,3186.81429290387,559.067270592182,2627.74702231169,13450,24806.9377208537,51400000
"1917","New Hampshire",2017,1333500,206.224221972253,1589.20134983127,198.125234345707,1391.07611548556,6900,5818.69007369813,36900000
"1918","New Jersey",2017,9011000,217.34546665187,1783.26489845744,228.653867495284,1554.61103096216,9250,26685.4123889804,45900000
"1919","New Mexico",2017,2037500,357.104294478528,4817.91411042945,800,4017.91411042945,19150,20658.8003936983,40100000
"1920","New York",2017,19735000,250.625791740562,1845.12794527489,358.479858120091,1486.6480871548,13050,30003.9008798164,61400000
"1921","North Carolina",2017,10295000,353.511413307431,2948.2855755221,369.528897523069,2578.75667799903,14850,29043.749905986,37100000
"1922","North Dakota",2017,741000,232.523616734143,2535.22267206478,287.854251012146,2247.36842105263,11850,12689.8834578481,37900000
"1923","Ohio",2017,11495000,447.82949108308,2741.8703784254,301.183123096999,2440.6872553284,12800,18287.5581830999,39100000
"1924","Oklahoma",2017,3817000,737.306785433587,3447.73382237359,471.286350537071,2976.44747183652,12700,26220.0828559537,30700000
"1925","Oregon",2017,4200500,362.290203547197,3193.73884061421,276.847994286394,2916.89084632782,10850,11469.2240590742,39600000
"1926","Pennsylvania",2017,12570000,384.510739856802,1991.61495624503,318.456642800318,1673.15831344471,11050,18384.2019449947,35800000
"1927","Rhode Island",2017,1045500,273.648971783835,2014.25155428025,236.63318986131,1777.61836441894,11750,16347.5922681222,49800000
"1928","South Carolina",2017,4957000,401.573532378455,3747.83134960662,512.648779503732,3235.18257010288,15400,31059.0060579441,31400000
"1929","South Dakota",2017,870500,456.059735784032,2336.70304422746,431.131533601379,1905.57151062608,10550,14849.2812762588,29100000
"1930","Tennessee",2017,6699000,432.601880877743,3612.00179131214,655.918793849828,2956.08299746231,11400,21959.2010901602,34700000
"1931","Texas",2017,28085000,578.682570767314,3016.29695567029,441.459854014599,2574.83710165569,13300,20646.7578778504,34500000
"1932","Utah",2017,3128500,198.785360396356,2995.55697618667,240.210963720633,2755.34601246604,8650,8143.42145481405,29400000
"1933","Vermont",2017,613000,252.202283849918,1700,176.508972267537,1523.49102773246,9400,5507.56751390566,36200000
"1934","Virginia",2017,8245500,450.645806803711,2065.68431265539,216.008732035656,1849.67558061973,10400,29600.0654098263,35100000
"1935","Washington",2017,7428000,264.620355411955,3469.15724286484,302.679052234787,3166.47819063005,10400,22304.1997421094,3.3e+07
"1936","West Virginia",2017,1793500,395.427934206858,2181.43295232785,365.988291051018,1815.44466127683,17200,6069.69525727304,25800000
"1937","Wisconsin",2017,5808500,412.24068175949,2126.98631316175,320.874580356374,1806.11173280537,9350,13086.434989467,37900000
"1938","Wyoming",2017,560000,441.607142857143,2122.5,242.5,1880,12700,5894.54066135579,46200000
"1939","Alabama",2018,4877000,550.358827147837,3368.23867131433,524.236210785319,2844.00246052901,16000,31123.9500144083,30500000
"1940","Alaska",2018,720000,608.333333333333,4291.66666666667,910.416666666667,3381.25,13100,38470.2813073969,70300000
"1941","Arizona",2018,7241000,580.099433779865,3131.92929153432,470.28034801823,2661.64894351609,12800,17527.3177042738,40100000
"1942","Arkansas",2018,2912000,611.229395604396,3642.89148351648,580.494505494505,3062.39697802198,15900,21119.084410402,28200000
"1943","California",2018,39150000,328.544061302682,2856.31673052363,451.095785440613,2405.22094508301,11900,27375.6309590912,6e+07
"1944","Colorado",2018,5739000,354.974734274264,3086.65272695592,398.170412963931,2688.48231399198,9100,11406.8056329836,42100000
"1945","Connecticut",2018,3413000,400.849692352769,1958.42367418693,219.308526223264,1739.11514796367,10200,19767.9314675289,39600000
"1946","Delaware",2018,976000,621.618852459016,2713.52459016393,417.930327868852,2295.59426229508,7400,32214.0899753721,43100000
"1947","Florida",2018,21120000,461.827651515152,2689.37973484848,388.162878787879,2301.21685606061,13700,20991.1778316659,48900000
"1948","Georgia",2018,10420000,514.846449136276,3007.8886756238,341.833013435701,2666.0556621881,14800,39601.5209113624,30700000
"1949","Hawaii",2018,1393000,385.857860732233,3205.24048815506,260.014357501795,2945.22613065327,9200,78713.1518756416,38900000
"1950","Idaho",2018,1766000,490.600226500566,1699.77349943375,237.599093997735,1462.17440543601,11500,6311.19217180593,30100000
"1951","Illinois",2018,12590000,317.434471803018,2375.07545671168,415.750595710882,1959.32486100079,10300,23153.2079475229,51500000
"1952","Indiana",2018,6582000,408.340929808569,2612.53418413856,379.960498328775,2232.57368580978,11600,13655.6200479882,26200000
"1953","Iowa",2018,3110000,302.861736334405,2100.54662379421,266.977491961415,1833.5691318328,8900,9072.0911812649,30800000
"1954","Kansas",2018,2835000,360.42328042328,3185.53791887125,453.650793650794,2731.88712522046,7500,13921.0493471372,33800000
"1955","Kentucky",2018,4445000,527.131608548931,2226.18672665917,218.650168728909,2007.53655793026,15700,11607.3690761621,20100000
"1956","Louisiana",2018,4510000,718.337028824834,3953.65853658537,561.286031042129,3392.37250554324,19000,37202.3884215398,38800000
"1957","Maine",2018,1321000,183.573050719152,1491.37017411052,113.550340651022,1377.8198334595,11600,6858.22388746846,26900000
"1958","Maryland",2018,6030000,312.703150912106,2508.70646766169,469.817578772803,2038.88888888889,8000,40118.1231320166,52700000
"1959","Massachusetts",2018,6883000,126.282144413773,1613.86023536249,340.316722359436,1273.54351300305,8700,20334.2245973998,38800000
"1960","Michigan",2018,9913000,391.011802683345,2132.16987793806,455.724805810552,1676.44507212751,10500,20087.3612529036,31700000
"1961","Minnesota",2018,5746000,175.79185520362,2168.273581622,215.854507483467,1952.41907413853,7900,15635.5728309866,44600000
"1962","Mississippi",2018,2899000,664.884442911349,2746.80924456709,273.508106243532,2473.30113832356,19600,41141.3881522613,30100000
"1963","Missouri",2018,6026000,503.966146697644,3209.32625290408,509.392631928311,2699.93362097577,12400,17326.0792388912,35700000
"1964","Montana",2018,1041000,361.671469740634,2961.28722382325,388.088376560999,2573.19884726225,10300,8388.94946879581,37700000
"1965","National",2018,323156000,453.151109680773,NA,NA,NA,11771.404522893,329.026663580286,24800000
"1966","Nebraska",2018,1893000,290.068674062335,2418.17221341786,294.928684627575,2123.24352879028,10500,9795.10427933772,31700000
"1967","Nevada",2018,3008000,453.490691489362,3015.72473404255,555.684840425532,2460.03989361702,13000,25126.0128712407,52600000
"1968","New Hampshire",2018,1349000,201.77909562639,1453.29873980726,178.206078576723,1275.09266123054,6100,8080.27724203775,39600000
"1969","New Jersey",2018,8790000,220.273037542662,1634.70989761092,210.875995449374,1423.83390216155,8200,26243.5234630043,44200000
"1970","New Mexico",2018,2054000,342.259006815969,4301.80136319377,858.666017526777,3443.13534566699,16600,20427.252712272,39700000
"1971","New York",2018,19340000,241.137538779731,1810.00517063082,354.250258531541,1455.75491209928,11100,30535.565271895,61700000
"1972","North Carolina",2018,10370000,336.538090646095,2703.01832208293,356.605593056895,2346.41272902604,13100,29913.7229850679,37100000
"1973","North Dakota",2018,745000,227.51677852349,2385.90604026846,289.127516778523,2096.77852348993,9700,13761.468791687,34400000
"1974","Ohio",2018,11450000,440.445414847162,2552.61135371179,300.663755458515,2251.94759825327,11900,17594.9545214872,37900000
"1975","Oklahoma",2018,3858000,698.703991705547,3449.87039917056,484.733022291343,2965.13737687921,13400,25553.0393662631,30500000
"1976","Oregon",2018,4172000,365.963566634708,3225,291.131351869607,2933.86864813039,9700,13110.3629902315,4e+07
"1977","Pennsylvania",2018,12520000,377.308306709265,1834.92012779553,312.292332268371,1522.62779552716,11800,18251.2902076609,34600000
"1978","Rhode Island",2018,1036000,267.084942084942,1925.7722007722,224.517374517375,1701.25482625483,8900,15691.0818725071,50800000
"1979","South Carolina",2018,5036000,377.938840349484,3609.86894360604,505.619539316918,3104.24940428912,12800,30048.9391499788,30700000
"1980","South Dakota",2018,853000,462.837045720985,2189.21453692849,408.323563892145,1780.89097303634,10600,16836.3239015083,29300000
"1981","Tennessee",2018,6665000,394.913728432108,3534.64366091523,640.46511627907,2894.17854463616,12000,21473.5976975661,37300000
"1982","Texas",2018,28500000,574.133333333333,2804.70175438596,414.726315789474,2389.97543859649,13700,21216.8662514401,34900000
"1983","Utah",2018,3173000,209.612354238891,2642.45193822881,237.976678222502,2404.4752600063,6900,7504.33395170447,29700000
"1984","Vermont",2018,616000,269.318181818182,1520.45454545455,187.5,1332.95454545455,9700,6800.40682682655,37500000
"1985","Virginia",2018,8393000,436.792565232932,1909.78196115811,206.803288454665,1702.97867270344,9800,30749.9875483184,3.5e+07
"1986","Washington",2018,7555000,258.411647915288,3269.02713434811,313.951025810721,2955.07610853739,8600,23669.4440852968,34700000
"1987","West Virginia",2018,1762000,384.506242905789,1889.84108967083,307.094211123723,1582.74687854711,15900,7081.47476403771,26300000
"1988","Wisconsin",2018,5795000,415.254529767041,1874.08110440034,299.654874892148,1574.4262295082,8600,12342.5189475957,37100000
"1989","Wyoming",2018,565000,450.088495575221,2043.00884955752,218.58407079646,1824.42477876106,9500,8338.07241627293,44500000
"1990","Alabama",2019,4873000,580.833162323004,3149.90765442233,508.290580751077,2641.61707367125,12900,31260.5706901586,31100000
"1991","Alaska",2019,701000,638.373751783167,3942.79600570613,905.27817403709,3037.51783166904,10200,38269.7993474082,60700000
"1992","Arizona",2019,7285000,582.58064516129,2885.8064516129,447.536032944406,2438.2704186685,9900,16771.3404413503,45900000
"1993","Arkansas",2019,2915000,609.228130360206,3553.20754716981,601.955403087479,2951.25214408233,14100,19502.5773014652,2.7e+07
"1994","California",2019,39370000,311.625603251206,2782.62128524257,442.827025654051,2339.79425958852,10100,27198.1695581271,59700000
"1995","Colorado",2019,5768000,343.013176144244,2994.33079056865,383.997919556172,2610.33287101248,9300,12007.4481419032,42300000
"1996","Connecticut",2019,3490000,367.421203438395,1652.12034383954,188.624641833811,1463.49570200573,8300,20948.5348595099,39600000
"1997","Delaware",2019,971000,586.199794026777,2683.83110195675,425.128733264676,2258.70236869207,6500,31341.3828834368,43500000
"1998","Florida",2019,21400000,448.640186915888,2533.91121495327,379.864485981308,2154.04672897196,11500,22074.3823404047,49700000
"1999","Georgia",2019,10350000,529.623188405797,3183.41062801932,334.937198067633,2848.47342995169,12100,41376.8504605535,31700000
"2000","Hawaii",2019,1365000,386.739926739927,3249.96336996337,274.358974358974,2975.6043956044,8400,78086.8190120693,39800000
"2001","Idaho",2019,1794000,526.03121516165,1471.90635451505,231.995540691193,1239.91081382386,7100,5397.72442631625,30300000
"2002","Illinois",2019,12500000,306.072,2301.072,420.808,1880.264,9300,23122.1626739246,49900000
"2003","Indiana",2019,6691000,406.21730683007,2333.02944253475,373.725900463309,1959.30354207144,10100,15209.3808982404,26300000
"2004","Iowa",2019,3137000,295.887790883009,2152.75741153969,289.639783232388,1863.1176283073,9500,8358.11546606582,31400000
"2005","Kansas",2019,2813000,361.78457163171,2776.99964450764,419.872022751511,2357.12762175613,9500,13158.9966536394,3.9e+07
"2006","Kentucky",2019,4399000,524.710161400318,2165.46942486929,224.414639690839,1941.05478517845,13600,11915.963118128,20800000
"2007","Louisiana",2019,4563000,692.724085031777,3824.26035502959,571.378479070787,3252.8818759588,17900,37576.3623881891,3.9e+07
"2008","Maine",2019,1340000,163.059701492537,1369.62686567164,116.567164179104,1253.05970149254,10400,7593.35854801393,27700000
"2009","Maryland",2019,6067000,306.49414867315,2399.90110433493,453.453106972144,1946.44799736278,7000,40622.7336856439,55100000
"2010","Massachusetts",2019,6897000,118.964767290126,1508.78642888212,328.577642453241,1180.20878642888,7500,19439.6780052201,38400000
"2011","Michigan",2019,9901000,384.334915665084,2041.30895869104,442.308857691142,1599.0001009999,10200,20224.5262065338,31700000
"2012","Minnesota",2019,5681000,175.708502024292,2312.3745819398,235.785953177258,2076.58862876254,5700,15110.2838176166,46900000
"2013","Mississippi",2019,2911000,667.021642047406,2662.52147028513,267.22775678461,2395.29371350052,19200,40298.1836381388,30200000
"2014","Missouri",2019,6063000,429.556325251526,3198.13623618671,506.020122051789,2692.11611413492,9400,17551.6357486849,3.9e+07
"2015","Montana",2019,1053000,448.528015194682,2697.150997151,424.691358024691,2272.45963912631,9700,7996.62251922646,37300000
"2016","National",2019,324031000,441.366721085328,NA,NA,NA,10461.6533603266,327.568705401968,24225000
"2017","Nebraska",2019,1885000,301.432360742706,2410.6100795756,312.307692307692,2098.3023872679,8700,10622.8854761457,32600000
"2018","Nevada",2019,3105000,413.526570048309,2813.59098228663,493.848631239936,2319.7423510467,10400,28200.7556193715,52300000
"2019","New Hampshire",2019,1351000,199.185788304959,1384.45595854922,159.289415247964,1225.16654330126,3700,6466.9660290422,40600000
"2020","New Jersey",2019,8738000,213.012130922408,1568.08194094759,210.368505378805,1357.71343556878,6300,26525.6298048147,45800000
"2021","New Mexico",2019,2058000,326.67638483965,4083.86783284742,840.719144800777,3243.14868804665,15300,18526.3419856497,41600000
"2022","New York",2019,19070000,228.106974305191,1783.15154693235,368.432092291557,1414.7194546408,12500,30669.983445396,60800000
"2023","North Carolina",2019,10470000,325.49188156638,2778.49092645654,379.875835721108,2398.61509073543,12700,30722.5652245337,37500000
"2024","North Dakota",2019,749000,239.519359145527,2346.06141522029,307.343124165554,2038.71829105474,8100,13596.7365017286,34300000
"2025","Ohio",2019,11510000,437.341442224153,2390.59947871416,300.764552562989,2089.83492615117,12400,18357.0131475741,38200000
"2026","Oklahoma",2019,3899000,642.036419594768,3354.27032572454,443.164914080533,2911.10541164401,10800,25532.4167697155,31800000
"2027","Oregon",2019,4135000,361.813784764208,3142.66021765417,299.44377267231,2843.21644498186,8100,14627.6899365499,4.1e+07
"2028","Pennsylvania",2019,12550000,364.159362549801,1743.66533864542,312.03187250996,1431.63346613546,8700,18223.9248904111,39100000
"2029","Rhode Island",2019,1047000,261.700095510984,1783.09455587393,225.119388729704,1557.97516714422,9200,16178.7542314736,52100000
"2030","South Carolina",2019,5144000,361.741835147745,3465.72706065319,511.411353032659,2954.31570762053,15100,29806.9578989846,31300000
"2031","South Dakota",2019,860000,441.976744186047,2233.60465116279,409.651162790698,1823.95348837209,10600,14919.6357000762,28700000
"2032","Tennessee",2019,6721000,392.039875018598,3313.62892426722,608.659425680702,2704.96949858652,13100,22024.4257227717,37800000
"2033","Texas",2019,28670000,552.595047087548,2858.62574119288,426.449250087199,2432.17649110569,11100,21770.6681582349,34900000
"2034","Utah",2019,3232000,206.404702970297,2384.18935643564,234.777227722772,2149.41212871287,7300,7728.70236093267,3.2e+07
"2035","Vermont",2019,615000,261.463414634146,1668.45528455285,210.243902439024,1458.21138211382,8600,5760.06756358952,38100000
"2036","Virginia",2019,8335000,433.005398920216,1905.93881223755,214.94901019796,1690.98980203959,8800,31483.8448153667,34100000
"2037","Washington",2019,7549000,255.146377003577,3055.15962379123,305.934560868989,2749.22506292224,7000,21767.5839222041,35200000
"2038","West Virginia",2019,1745000,389.684813753582,1894.09742120344,328.080229226361,1566.01719197708,13900,6700.40060653394,27600000
"2039","Wisconsin",2019,5730000,418.080279232112,1799.31937172775,302.006980802792,1497.31239092496,8400,11710.9154238984,3.7e+07
"2040","Wyoming",2019,565000,438.761061946903,1830.79646017699,220.70796460177,1610.08849557522,9200,7085.68373608447,4.5e+07
"2041","Alabama",2020,5001000,506.458708258348,2549.15016996601,446.350729854029,2102.79944011198,14900,30916.5773553815,3.3e+07
"2042","Alaska",2020,708000,646.610169491525,3199.71751412429,865.254237288136,2334.46327683616,13400,38538.9961326346,62100000
"2043","Arizona",2020,7203000,524.698042482299,2794.71053727613,499.514091350826,2295.19644592531,10900,15622.3761873128,4.7e+07
"2044","Arkansas",2020,2974000,541.156691324815,3347.78076664425,684.700739744452,2663.0800268998,14100,19527.1565566225,27500000
"2045","California",2020,39200000,256.112244897959,2592.04081632653,443.94387755102,2148.09693877551,11100,27890.7530679915,63400000
"2046","Colorado",2020,5717000,284.397411229666,3308.58842050026,429.77085884205,2878.81756165821,9500,11310.1776080524,44500000
"2047","Connecticut",2020,3545000,269.647390691114,1752.58110014104,182.200282087447,1570.3808180536,11200,21493.3638278067,4.2e+07
"2048","Delaware",2020,991000,475.277497477296,2383.14833501514,430.070635721493,1953.07769929364,10500,29266.7950529612,44400000
"2049","Florida",2020,21510000,376.694560669456,2175.37889353789,387.577870757787,1787.8010227801,13300,23119.8134821817,52100000
"2050","Georgia",2020,10560000,446.410984848485,2441.64772727273,405.776515151515,2035.87121212121,13300,41343.608198441,3.2e+07
"2051","Hawaii",2020,1427000,292.29152067274,2628.1709880869,250.595655220743,2377.57533286615,10900,75842.8186646494,42300000
"2052","Idaho",2020,1862000,448.764769065521,1328.94736842105,238.023630504834,1090.92373791622,9100,6091.17874072532,32800000
"2053","Illinois",2020,12640000,235.197784810127,1977.04905063291,424.145569620253,1552.90348101266,8000,23453.1732631817,51200000
"2054","Indiana",2020,6685000,389.693343305909,2163.26103216156,361.421091997008,1801.83994016455,12100,16870.6239596886,27100000
"2055","Iowa",2020,3163000,262.630414163769,2002.0866266203,303.540942143535,1698.54568447676,9200,10448.607547145,32500000
"2056","Kansas",2020,2891000,303.666551366309,2644.82877896921,428.398478035282,2216.43030093393,9300,14414.9146109947,39600000
"2057","Kentucky",2020,4454000,416.524472384374,2049.23664122137,260.440053884149,1788.79658733722,13900,11547.8505689532,2.1e+07
"2058","Louisiana",2020,4545000,593.267326732673,3601.60616061606,653.553355335534,2948.05280528053,15500,37064.911442172,36200000
"2059","Maine",2020,1366000,125.475841874085,1250.07320644217,107.320644216691,1142.75256222548,8000,5760.31475214589,28200000
"2060","Maryland",2020,6077000,257.084087543196,2002.66578904064,398.469639624815,1604.19614941583,9400,43100.012800918,55700000
"2061","Massachusetts",2020,6943000,97.3930577560132,1352.29727783379,306.610975082817,1045.68630275097,8400,21452.5877113094,39300000
"2062","Michigan",2020,9891000,339.874633505207,1852.93701344657,481.660095035891,1371.27691841068,11200,20874.5581945731,32800000
"2063","Minnesota",2020,5602000,145.448054266333,2426.09782220635,280.221349518029,2145.87647268833,8500,15188.7517909953,47400000
"2064","Mississippi",2020,2937000,598.467824310521,2417.0582226762,294.109635682669,2122.94858699353,17600,39554.0440138426,30100000
"2065","Missouri",2020,6044000,381.568497683653,3128.44142951688,552.365982792852,2576.07544672402,10700,16438.3925967291,39300000
"2066","Montana",2020,1080000,363.611111111111,2592.03703703704,470.092592592593,2121.94444444444,10900,7867.78696694926,3.9e+07
"2067","National",2020,326884000,373.57717110657,NA,NA,NA,11452.9924988681,325.416357401639,23650000
"2068","Nebraska",2020,1953000,271.68458781362,2225.49923195084,331.438812083973,1894.06041986687,8300,12296.7599188885,33700000
"2069","Nevada",2020,3123000,360.198527057317,2398.5590778098,462.536023054755,1936.02305475504,12900,27849.1649722894,53400000
"2070","New Hampshire",2020,1387000,169.57462148522,1226.67627974045,144.196106705119,1082.48017303533,6200,6538.88369502938,40400000
"2071","New Jersey",2020,9119000,140.695251672332,1318.43403882005,190.29498848558,1128.13905033447,8200,28747.1449174825,49800000
"2072","New Mexico",2020,2064000,266.472868217054,3694.37984496124,794.234496124031,2900.14534883721,16600,18983.9962593919,40800000
"2073","New York",2020,19580000,174.300306435138,1752.43615934627,359.239019407559,1393.19713993871,11800,29882.5551265024,62300000
"2074","North Carolina",2020,10410000,283.006724303554,2694.30355427474,427.00288184438,2267.30067243036,13800,30817.9054392851,38800000
"2075","North Dakota",2020,761000,184.099868593955,2467.01708278581,330.880420499343,2136.13666228647,10700,12826.2830885303,36100000
"2076","Ohio",2020,11700000,384.923076923077,2157.83760683761,308.581196581197,1849.25641025641,12700,20289.2029028096,38900000
"2077","Oklahoma",2020,3885000,578.172458172458,3242.21364221364,469.88416988417,2772.32947232947,15500,24996.57356098,32500000
"2078","Oregon",2020,4114000,309.990277102577,3042.34321827905,300.923675255226,2741.41954302382,9400,13829.9895010054,42300000
"2079","Pennsylvania",2020,12690000,310.141843971631,2048.54215918046,392.379826635146,1656.16233254531,10700,18924.2419829838,37400000
"2080","Rhode Island",2020,1086000,205.064456721915,1437.01657458564,224.677716390424,1212.33885819521,8500,16215.6128907814,5.3e+07
"2081","South Carolina",2020,5110000,316.183953033268,3320.50880626223,541.898238747554,2778.61056751468,13400,30565.552220211,31300000
"2082","South Dakota",2020,878000,370.159453302961,2499.31662870159,509.794988610478,1989.52164009112,11600,16224.4754617407,29700000
"2083","Tennessee",2020,6934000,327.156042688203,3143.97173348717,668.128064609172,2475.84366887799,13100,21197.2336087815,37400000
"2084","Texas",2020,28920000,469.9377593361,2732.51728907331,453.264177040111,2279.2531120332,14000,22572.8779814354,36200000
"2085","Utah",2020,3272000,166.503667481663,2706.66259168704,258.893643031785,2447.76894865526,7400,7857.041757026,30900000
"2086","Vermont",2020,639000,200.93896713615,1356.33802816901,169.170579029734,1187.16744913928,8600,4168.09397405869,38600000
"2087","Virginia",2020,8501000,374.520644630043,1682.61381013998,210.857546171039,1471.75626396894,7800,29862.5856233586,35500000
"2088","Washington",2020,7585000,207.303889255109,3069.46605141727,297.903757415953,2771.56229400132,8200,18581.5500954974,37100000
"2089","West Virginia",2020,1760000,343.409090909091,1780,360.909090909091,1419.09090909091,14200,6173.56463142132,28900000
"2090","Wisconsin",2020,5836000,347.806716929404,1808.00205620288,323.183687457162,1484.81836874572,8000,12207.0609403774,36900000
"2091","Wyoming",2020,561000,372.014260249554,1914.97326203209,243.137254901961,1671.83600713012,9700,7125.51008454781,45300000
