,State,year,tot_pop,incar_rate,tot_crime_rate,violent_crime_rate,prop_crime_rate,pov_rate,non_white_rate,spending_rate,incarceration_rate_national
0,Alabama,1980.0,3831000.0,-1.0042461136554048,0.6058883101101138,0.06299098502794113,0.6607743620703558,2.2291478862208765,1.2267739320210171,-1.4688339408651092,-1.1418813599730089
1,Alaska,1980.0,379000.0,-0.7378814452991388,1.7463044554822669,0.31558041928933905,1.8815290909010467,-0.874163000239218,0.4823219553476746,1.780684159782402,-1.1418813599730089
2,Arizona,1980.0,2774000.0,-1.0804334711203551,2.784462239388452,0.9246230663469144,2.9278520271752346,-0.01807723845712298,-0.8981064486898888,-0.21829053186956565,-1.1418813599730089
3,Arkansas,1980.0,2249000.0,-1.2432204896556076,-0.1880375794846068,-0.45718999186749226,-0.13006963558295126,2.309405926387948,0.029182365566703606,-1.8004174205230186,-1.1418813599730089
4,California,1980.0,23750000.0,-1.3933863082790026,2.6140352242613485,2.0812886843327227,2.540723231686801,-0.49962547945955144,-0.17030610053956183,-0.27513341409663583,-1.1418813599730089
5,Colorado,1980.0,2869000.0,-1.461652081626765,2.32317701776107,0.4273251895109079,2.5017869444973533,-1.1416898007961227,-0.9183880925596816,-0.7298764719131972,-1.1418813599730089
6,Connecticut,1980.0,3090000.0,-1.1855382785293014,1.2675165832890842,-0.11817918459237783,1.4251749429857599,-1.221947840963194,-0.6899155877507063,-0.919352746003431,-1.1418813599730089
7,Delaware,1980.0,578000.0,-0.5175419648418076,2.0465285174898953,0.2329019569147744,2.2284681724434905,-0.2856040390140277,0.16031697804335823,-0.7582979130267322,-1.1418813599730089
8,Florida,1980.0,10100000.0,-0.804851723990181,2.7560956095223084,2.296481484618548,2.6613044292763917,1.0252772837148054,0.16758653764408135,-0.5877692663455217,-1.1418813599730089
9,Georgia,1980.0,5243000.0,-0.6489785327781481,1.1816353231538372,0.6217064447983168,1.2031838607676049,0.2762022421554722,0.3235693847825524,-1.4309386860470625,-1.1418813599730089
10,Hawaii,1980.0,954000.0,-1.394535917582039,2.4733469466262954,-0.6322604162948907,2.8498253397973263,-1.1684424808518132,3.8379390520412393,-0.8530360500718491,-1.1418813599730089
11,Idaho,1980.0,934000.0,-1.485699306422975,0.5040581745361581,-0.5681474971800997,0.6560683702312121,0.49022368260099597,-1.175160949686196,-1.4025172449335275,-1.1418813599730089
12,Illinois,1980.0,11260000.0,-1.3805202259762788,1.5774732490369003,1.7525817242241444,1.4481258238328356,-0.15184063873557532,0.038795906888222154,-0.37934536484626447,-1.1418813599730089
13,Indiana,1980.0,5490000.0,-1.2877433528054483,0.5565789458189635,-0.29225906366001675,0.667001539795896,-0.2856040390140277,-0.6158237197239637,-1.5635720779102262,-1.1418813599730089
14,Iowa,1980.0,2868000.0,-1.4912868916938817,0.49047943365147095,-1.0965906583458958,0.731580978473068,-0.5531308395709323,-1.093620906287569,-1.4593601271605976,-1.1418813599730089
15,Kansas,1980.0,2286000.0,-1.3607350984488913,1.0147908451471768,-0.17478824232396478,1.1547540084886159,-0.927668360350599,-0.7158907776323667,-1.506729195683156,-1.1418813599730089
16,Kentucky,1980.0,3641000.0,-1.4217245640196015,-0.5021931821378831,-0.8004839764177254,-0.4194483450406626,1.7208469651627576,-0.6843316015793937,-1.4404124997515741,-1.1418813599730089
17,Louisiana,1980.0,4273000.0,-0.789075675701945,0.8846592366199828,1.0012462717407358,0.8089694455682102,1.9883737657196623,0.982822048013086,-0.9667218145259895,-1.1418813599730089
18,Maine,1980.0,1077000.0,-1.554422811583626,0.3062672931546534,-1.1029898663338125,0.5284960090818775,0.4634710025453055,-1.1705028154722763,-1.5825197053192497,-1.1418813599730089
19,Maryland,1980.0,4104000.0,-0.9026233990528174,1.9019803962526698,2.012841311235655,1.7632084773429018,-0.9009156802949085,0.5967874031896235,-0.57829545264101,-1.1418813599730089
20,Massachusetts,1980.0,5725000.0,-1.6696877601481843,1.4050788937454632,0.7594978632401279,1.4272354524862882,-0.9009156802949085,-0.8790766391004586,-0.5877692663455217,-1.1418813599730089
21,Michigan,1980.0,9227000.0,-1.0440061282470996,1.8329379055591053,0.9361975250357587,1.8711941299921904,0.008675441598567491,-0.14204230174811036,-0.37934536484626447,-1.1418813599730089
22,Minnesota,1980.0,3920000.0,-1.6961954044686076,0.6055417858288373,-0.9436741362852491,0.8329101850062236,-1.1149371207404324,-1.1088144756662013,-1.2130409708432934,-1.1418813599730089
23,Mississippi,1980.0,2429000.0,-1.062890480485832,-0.4308771553108572,-0.3959737896088214,-0.40972531597056516,3.0584809679472813,1.1791088131096716,-1.7341007245914366,-1.1418813599730089
24,Missouri,1980.0,4800000.0,-1.3018357402859382,1.019880554373537,0.5943638369518345,1.028579984476577,0.03542812165425796,-0.3301485860948743,-0.9667218145259895,-1.1418813599730089
25,Montana,1980.0,774000.0,-1.4394433650451384,0.67854656364512,-0.9956682687949582,0.9227396757489773,0.08893348176563891,-0.8379881397879994,-1.260410039365852,-1.1418813599730089
26,National,1980.0,224410000.0,-1.1418813599730089,1.327474844776405,0.7478238987122284,1.3432193962150434,0.03169674210012439,-1.252270326936589,,-1.1418813599730089
27,Nebraska,1980.0,1532000.0,-1.4457512776314208,0.18966384284800256,-0.9750040860796817,0.3773182626776438,0.03542812165425796,-0.9615423208095624,-1.3362005490019455,-1.1418813599730089
28,Nevada,1980.0,840000.0,-0.7260815390165671,3.099642996940289,2.0071959785250284,3.091671131238388,-1.221947840963194,-0.5949307011029574,-0.2846072278011475,-1.1418813599730089
29,New Hampshire,1980.0,907000.0,-1.7834698917069347,0.43970526029213075,-1.1938837008399676,0.6919764866421009,-1.5697326816871704,-1.1969600874394857,-1.355148176410969,-1.1418813599730089
30,New Jersey,1980.0,7316000.0,-1.5264192378170807,1.6510695338083807,0.7822180066110248,1.6959989736684837,-1.0346790805733608,-0.2612543827244337,-0.4172406196643112,-1.1418813599730089
31,New Mexico,1980.0,1304000.0,-1.424391548303374,1.3023255719732427,0.8029272898183542,1.3059003272509033,2.0686318058867337,-0.5289908472473306,-1.0519861378665947,-1.1418813599730089
32,New York,1980.0,17320000.0,-1.2633450571538534,2.055670372496302,2.804090571225964,1.7979567636124782,0.24944956209978172,-0.029196511879177902,0.06592387926578518,-1.1418813599730089
33,North Carolina,1980.0,5836000.0,-0.4551435830794939,0.3708995063895172,0.07930146192140038,0.39751635454535245,0.5704817227680674,0.499452851562342,-1.383569617524504,-1.1418813599730089
34,North Dakota,1980.0,640000.0,-1.7627331868752958,-0.7995740133775641,-1.7865648804319265,-0.580074496945782,0.7042451230465198,-0.9881982831095194,-1.5919935190237613,-1.1418813599730089
35,Ohio,1980.0,10630000.0,-1.257896356338753,0.9864216060346839,0.30781885685337207,1.040601328065662,-0.8206576401278372,-0.5380651961688959,-1.1656719023207351,-1.1418813599730089
36,Oklahoma,1980.0,2916000.0,-1.0407608173707297,0.7698935344519481,-0.03193057432033017,0.8588260012612285,0.2762022421554722,-0.2969558959254626,-1.4309386860470625,-1.1418813599730089
37,Oregon,1980.0,2684000.0,-1.307172549827463,1.7083516776236716,0.17884232757687943,1.8628958976743473,-0.3658620791810991,-0.8963787547395519,-0.8340884226628258,-1.1418813599730089
38,Pennsylvania,1980.0,11670000.0,-1.586569765152426,-0.24904550999635264,-0.3252743897968977,-0.22029851561864686,-0.8206576401278372,-0.5013682485379968,-1.1088290200936648,-1.1418813599730089
39,Rhode Island,1980.0,911000.0,-1.4754750344221845,1.4604276924678263,-0.06719940841695098,1.6302617790072098,-0.5798835196266229,-0.9635141640528121,-0.9572480008214778,-1.1418813599730089
40,South Carolina,1980.0,3174000.0,-0.5598247971445235,0.8066135493000977,0.9251546020178092,0.7355036306897563,1.052029963770496,1.1343848548709778,-1.5540982642057146,-1.1418813599730089
41,South Dakota,1980.0,677000.0,-1.449162128877054,-0.6010665295787052,-1.4421263564075104,-0.41907688482486694,1.5870835648843054,-0.7732792793960674,-1.5730458916147378,-1.1418813599730089
42,Tennessee,1980.0,4519000.0,-1.0932501460620447,0.28289076570326366,0.10355269349530952,0.29581091032451895,1.801105005329829,-0.06528780335123954,-1.4877815682741327,-1.1418813599730089
43,Texas,1980.0,14330000.0,-0.7857807556923905,1.399128943565418,0.4917634524716354,1.4665241948062142,0.7577504831579007,-0.30723554322659435,-1.3930434312290156,-1.1418813599730089
44,Utah,1980.0,1488000.0,-1.6292310406618318,1.176274686428494,-0.6576499550964854,1.416495209617212,-0.7671522800164562,-1.0968033630741225,-1.1656719023207351,-1.1418813599730089
45,Vermont,1980.0,520000.0,-1.4577632717688769,0.5570052630923098,-1.2240649567937152,0.8271647848452622,-0.23209867890264674,-1.2308019495858544,-1.5825197053192497,-1.1418813599730089
46,Virginia,1980.0,5204000.0,-1.0006883108532683,0.4281120101671119,-0.5789430289696323,0.5737393777313198,-0.12508795867988487,0.19873124848038687,-1.2983052941838988,-1.1418813599730089
47,Washington,1980.0,4223000.0,-1.3892302076388185,1.8751656192004849,0.06362659787017474,2.067538700399746,-0.04482991851281345,-0.7162000455695923,-1.1183028337981766,-1.1418813599730089
48,West Virginia,1980.0,1952000.0,-1.6190545798990512,-1.1577592277158628,-1.1963900134117293,-1.0782315532839986,0.6239870828794484,-1.0314789715637462,-1.8667341164546005,-1.1418813599730089
49,Wisconsin,1980.0,4724000.0,-1.5043211668998901,0.44887326464693866,-1.2001396659747896,0.7032104808264306,-1.1684424808518132,-0.8983192311063452,-0.8340884226628258,-1.1418813599730089
50,Wyoming,1980.0,468000.0,-1.3318210916900097,0.6229573020552107,-0.21053006253831136,0.7265691143425376,-0.6601415597936943,-1.0860816551904122,-0.36987155114175274,-1.1418813599730089
51,Alabama,1981.0,3878000.0,-0.8502125098466894,0.5870535326222756,0.1699453057032328,0.6215682201083101,3.0049756078359002,0.9295636538931245,-1.4404124997515741,-1.0475825891945316
52,Alaska,1981.0,403000.0,-0.522875589665407,1.8800498442731324,0.8893837495161571,1.9314360719258767,-1.0346790805733608,0.5944902089044833,2.0364771298042177,-1.0475825891945316
53,Arizona,1981.0,2751000.0,-0.8940651722870063,2.5915471202810068,0.6800641024823562,2.7559358946002788,-0.3123567190697182,-0.8577592550046639,-0.00039281666579668,-1.0475825891945316
54,Arkansas,1981.0,2247000.0,-1.1353164744256685,-0.18411446606566798,-0.5670895563684802,-0.10688690708098843,3.0049756078359002,-0.056434328446894125,-1.819365047932042,-1.0475825891945316
55,California,1981.0,24110000.0,-1.291271440004627,2.502067157662198,1.98484102310997,2.433146245451326,0.11568616182132938,-0.01992157672296088,-0.18039527705151887,-1.0475825891945316
56,Colorado,1981.0,2958000.0,-1.4496486342265087,2.3289911538892523,0.4380342251995502,2.5063960723649585,-0.874163000239218,-0.8732310362846843,-0.7772455404357556,-1.0475825891945316
57,Connecticut,1981.0,3084000.0,-1.0050315461500512,1.2937981904274978,0.07661301231259585,1.4209225760087005,-1.2487005210188846,-0.7024931157151183,-0.9951432556395245,-1.0475825891945316
58,Delaware,1981.0,587000.0,-0.3058447769138443,1.932236931454764,0.37257385519948655,2.0778501683162642,-0.15184063873557532,-0.026333152814958686,-0.6730335896861269,-1.0475825891945316
59,Florida,1981.0,10280000.0,-0.665196650737195,2.745086069440804,2.4023685238632266,2.630954727481553,0.9985246036591149,0.13666533579155607,-0.6446121485725919,-1.0475825891945316
60,Georgia,1981.0,5415000.0,-0.663225517544095,1.1933323844650665,0.5830054570626033,1.2227814262614574,0.9182665634920435,0.39377150193118343,-1.383569617524504,-1.0475825891945316
61,Hawaii,1981.0,953000.0,-1.259299975835695,1.8654647696453672,-0.858042063513665,2.214739648431624,-0.41936743929248005,4.140583227174196,-0.8435622363673374,-1.0475825891945316
62,Idaho,1981.0,962000.0,-1.4163164811864835,0.2773227373423945,-0.7272658763623429,0.43202302184610647,1.2928040842717101,-1.1882060625619326,-1.4025172449335275,-1.0475825891945316
63,Illinois,1981.0,11340000.0,-1.261053580979027,1.4735177533495747,1.6858843499171896,1.344331476423803,-0.20534599884695628,0.02726085663946586,-0.38881917855077613,-1.0475825891945316
64,Indiana,1981.0,5431000.0,-1.1376335741763106,0.3150567977441759,-0.44141863571389367,0.42485981063649886,-0.07158259856850392,-0.6526420380391487,-1.5825197053192497,-1.0475825891945316
65,Iowa,1981.0,2815000.0,-1.4430781319749144,0.5202239787414678,-1.0640511620643764,0.7589734371509421,0.062180801709948434,-1.042142402961997,-1.4877815682741327,-1.0475825891945316
66,Kansas,1981.0,2282000.0,-1.2897408076723194,1.0854053672462558,-0.24744052968015484,1.245474474155424,-0.3123567190697182,-0.6685228992647217,-1.449886313456086,-1.0475825891945316
67,Kentucky,1981.0,3668000.0,-1.3621129772635368,-0.4369563957643154,-0.6968695036317517,-0.3648967731008914,1.7208469651627576,-0.6999780870378566,-1.4972553819786443,-1.0475825891945316
68,Louisiana,1981.0,4262000.0,-0.714656781626218,0.8564514238328362,0.9601438326135272,0.7847478057022694,2.4431693266664003,0.9878453545504977,-0.8246146089583141,-1.0475825891945316
69,Maine,1981.0,1116000.0,-1.4775189078596795,0.12428392148448794,-1.1187190187628482,0.3294803621579174,0.8380085233249721,-1.1908999437099568,-1.6393625875463198,-1.0475825891945316
70,Maryland,1981.0,4123000.0,-0.6828337120346258,1.905285062349054,2.2274295380457523,1.730095757623874,-0.5798835196266229,0.5548317361185431,-0.5877692663455217,-1.0475825891945316
71,Massachusetts,1981.0,5804000.0,-1.603972508393861,1.2023940895038157,0.8681309493777603,1.183961325621162,-1.0614317606290513,-0.8659613536424008,-0.7014550307996621,-1.0475825891945316
72,Michigan,1981.0,9096000.0,-1.0282687713439367,2.017579299694843,0.981352958018985,2.0681129351247236,0.03542812165425796,-0.16978767899685446,-0.5025049430049164,-1.0475825891945316
73,Minnesota,1981.0,4034000.0,-1.709544789001994,0.48315704075953836,-0.9638801658452207,0.7007211882877744,-0.5263781595152419,-0.9939853261783058,-1.1940933434342702,-1.0475825891945316
74,Mississippi,1981.0,2408000.0,-0.8815353413396333,-0.29884069577624767,-0.5522122008033818,-0.23659967579286567,3.433018488726948,1.3114763002724785,-1.69620546977339,-1.0475825891945316
75,Missouri,1981.0,4814000.0,-1.212253120534707,0.9777145575764661,0.5381251478298721,0.9914810392810697,0.08893348176563891,-0.3911470092194487,-1.0046170693440362,-1.0475825891945316
76,Montana,1981.0,813000.0,-1.4005193114725565,0.5456981382674373,-0.8946520875589516,0.7581779051119293,0.062180801709948434,-0.9130963375024858,-1.2698838530703638,-1.0475825891945316
77,National,1981.0,226546000.0,-1.0475825891945316,1.2918328819255926,0.7570806833907935,1.3021272616276878,0.3025486946927269,-1.2516680725832598,,-1.0475825891945316
78,Nebraska,1981.0,1579000.0,-1.4466155379139656,0.027408965656468297,-1.1988140304224821,0.2358301759954176,0.30295492221116266,-0.8818632849939823,-1.4309386860470625,-1.0475825891945316
79,Nevada,1981.0,884000.0,-0.6079803958042017,2.939180745031902,1.9484008920358062,2.9238901392306165,-0.6333888797380038,-0.426116207478632,-0.19934290446054226,-1.0475825891945316
80,New Hampshire,1981.0,929000.0,-1.7436032960041026,0.15712918461499112,-1.3533640023385891,0.4060991228528862,-1.4092166013530274,-1.2010700464351125,-1.3456743627064573,-1.0475825891945316
81,New Jersey,1981.0,7331000.0,-1.4385364917117422,1.5175446253440572,0.922628493871572,1.5239360818657415,-0.7671522800164562,-0.25240063054502004,-0.455135874482358,-1.0475825891945316
82,New Mexico,1981.0,1303000.0,-1.3272782808966814,1.5722788957071625,1.1432639437150287,1.5467918318061975,1.5335782047729243,-0.06732251992975473,-1.014090883048548,-1.0475825891945316
83,New York,1981.0,17470000.0,-1.1479045443834845,2.0328825394042243,2.9742417853480863,1.7435384995290506,0.4099656424339245,-0.0021544033802646323,-0.02881425777933176,-1.0475825891945316
84,North Carolina,1981.0,5820000.0,-0.42540399455477834,0.35317360992472585,0.03687822024503118,0.3851392787967505,1.239298724160329,0.5166096166097174,-1.355148176410969,-1.0475825891945316
85,North Dakota,1981.0,626000.0,-1.7327011337865657,-0.7112264324530222,-1.7123848524484213,-0.4948623993862104,0.3564602823225436,-0.979112499526516,-1.601467332728273,-1.0475825891945316
86,Ohio,1981.0,10750000.0,-1.1865799523174156,0.9570693909972133,0.2756443270976217,1.0135811828560393,-0.04482991851281345,-0.40728316938369225,-1.1656719023207351,-1.0475825891945316
87,Oklahoma,1981.0,2985000.0,-0.968841060887476,0.6401359448914152,0.020514660121273356,0.7060141035527573,0.24944956209978172,-0.25709070968127157,-1.4214648723425507,-1.0475825891945316
88,Oregon,1981.0,2693000.0,-1.2841385201579985,2.0057347023251846,0.1487608878798674,2.197672004736532,-0.15184063873557532,-0.9085384429528799,-0.8340884226628258,-1.0475825891945316
89,Pennsylvania,1981.0,11740000.0,-1.5302125236721476,-0.294849152599359,-0.2929850340376484,-0.27660117458955247,-0.3391093991254086,-0.5044692528388603,-1.2035671571387818,-1.0475825891945316
90,Rhode Island,1981.0,936000.0,-1.3972616362407937,1.3108681517604124,0.049720698309870116,1.4444517476859922,-0.3123567190697182,-0.9888070475161276,-0.9856694419350128,-1.0475825891945316
91,South Carolina,1981.0,3347000.0,-0.5170980985686977,0.6480544225118613,0.7787080148761502,0.5848535810235403,1.4800728446615434,1.2983840130323911,-1.5446244505012028,-1.0475825891945316
92,South Dakota,1981.0,675000.0,-1.3979036944137448,-0.7732685979302752,-1.5473000509174044,-0.5919220903537524,1.7743523252741387,-0.6384288680235539,-1.5446244505012028,-1.0475825891945316
93,Tennessee,1981.0,4502000.0,-0.9775492639426142,0.20401584570101725,-0.07508293712280523,0.23899971381733368,2.1488898460538053,0.1228866221506408,-1.449886313456086,-1.0475825891945316
94,Texas,1981.0,14640000.0,-0.7477566410378552,1.4160230911124077,0.45661182768160474,1.4912739549607024,0.6774924429908292,-0.2365405182385071,-1.355148176410969,-1.0475825891945316
95,Utah,1981.0,1516000.0,-1.5566326721784547,1.1655305390668518,-0.6518943035808293,1.4035999532794723,-0.1785933187912658,-1.0592556413393086,-1.2225147845478053,-1.0475825891945316
96,Vermont,1981.0,535000.0,-1.4143931884256102,0.5329442349265299,-1.469018120159114,0.842474921594368,-0.15184063873557532,-1.2302411712852297,-1.6204149601372964,-1.0475825891945316
97,Virginia,1981.0,5257000.0,-0.9592312794147041,0.4965132205879863,-0.49615332523982547,0.6353673131644252,-0.07158259856850392,0.3382759912082043,-1.2319885982523169,-1.0475825891945316
98,Washington,1981.0,4168000.0,-1.2513813363884232,1.9311891234782543,0.062479034291968064,2.129832097317159,-0.41936743929248005,-0.6476882212004975,-1.042512324162083,-1.0475825891945316
99,West Virginia,1981.0,2003000.0,-1.5396732162646802,-1.1384225533278467,-1.2497965589175917,-1.047645998675294,1.8813630454969004,-1.0776281285787825,-1.847786489045577,-1.0475825891945316
100,Wisconsin,1981.0,4741000.0,-1.4567038179667071,0.4560683053657517,-1.1679904393589502,0.7056758404594075,-1.2754532010745752,-0.920092517891741,-0.7582979130267322,-1.0475825891945316
101,Wyoming,1981.0,482000.0,-1.3245971687418685,0.7970895435714505,0.001989234932074771,0.883157095216302,-1.0614317606290513,-1.0664865305946718,-0.22776434557407735,-1.0475825891945316
102,Alabama,1982.0,3937000.0,-0.6359937927352427,0.366608636975719,0.04569165118886251,0.3985203042858711,2.3361586064436386,0.662078245503587,-1.4593601271605976,-0.9460385115781289
103,Alaska,1982.0,432000.0,-0.22283022821776205,1.5607785747165444,0.9027925039454325,1.5752562514212385,-0.6066361996823133,0.4767909047288951,4.376509114818606,-0.9460385115781289
104,Arizona,1982.0,2765000.0,-0.7228160984895783,2.3364811846001534,0.4477981183249603,2.5130247464248296,0.5169763626566865,-0.8958516420170287,-0.00039281666579668,-0.9460385115781289
105,Arkansas,1982.0,2219000.0,-0.9698328915189952,-0.09677349317048485,-0.48151187259808037,-0.024743842426469848,2.9247175676688286,0.17594063165236296,-1.8004174205230186,-0.9460385115781289
106,California,1982.0,24610000.0,-1.1778047960814555,2.295589756833838,1.769472441218976,2.241195033178133,0.32970760226685314,-0.03985066526894583,-0.08565714000640193,-0.9460385115781289
107,Colorado,1982.0,3064000.0,-1.4174621610033538,2.091663759148921,0.29125451453360185,2.2684959735438164,-0.07158259856850392,-0.9091193100752549,-0.7109288445041737,-0.9460385115781289
108,Connecticut,1982.0,3126000.0,-1.0380602812294342,0.9670405400209928,-0.16582144543080965,1.1002906246636046,-1.2754532010745752,-0.7414189418363175,-0.9383003734124544,-0.9460385115781289
109,Delaware,1982.0,611000.0,-0.03535747323108238,1.555011702831342,0.5262100800263342,1.6334020363426545,-0.3658620791810991,0.11001213166397382,-0.5972430800500335,-0.9460385115781289
110,Florida,1982.0,10510000.0,-0.461038799416944,2.3526582800533613,2.0968942713550724,2.2483372806708752,0.6239870828794484,0.1306329525660029,-0.4740835018913814,-0.9460385115781289
111,Georgia,1982.0,5472000.0,-0.4699733440231123,0.8946853069749962,0.25229436968659064,0.9484360155908571,1.801105005329829,0.5169844200916957,-1.317252921592922,-0.9460385115781289
112,Hawaii,1982.0,997000.0,-1.1443828066885686,1.7520865981970553,-0.8551998524884045,2.088583629087696,0.08893348176563891,4.198424772306968,-0.7582979130267322,-0.9460385115781289
113,Idaho,1982.0,967000.0,-1.3673000281183347,-0.040885351982705924,-0.8381060300760169,0.09831512263162728,0.7309978031022102,-1.1475421969454305,-1.3740958038199924,-0.9460385115781289
114,Illinois,1982.0,11280000.0,-1.2589629888277387,1.2932036314011806,1.6174782270439263,1.156193690067748,0.14243884187701986,0.053760268485626476,-0.4267144333688229,-0.9460385115781289
115,Indiana,1982.0,5415000.0,-1.0531558051834204,0.24756427372884646,-0.6283256945481034,0.3820824563327988,-0.07158259856850392,-0.6258369373561692,-1.5825197053192497,-0.9460385115781289
116,Iowa,1982.0,2770000.0,-1.4010050440000572,0.14876959582081534,-1.1989788752122508,0.37037515143459127,0.14243884187701986,-1.0417755152900043,-1.411991058638039,-0.9460385115781289
117,Kansas,1982.0,2365000.0,-1.239102211248413,0.6556868892786564,-0.44988051347552066,0.8038660712703082,-0.6601415597936943,-0.7079941834169479,-1.355148176410969,-0.9460385115781289
118,Kentucky,1982.0,3618000.0,-1.3473503976718348,-0.3707260257419485,-0.5558426642013735,-0.3156555519377632,0.8915138834363531,-0.7351599874328244,-1.506729195683156,-0.9460385115781289
119,Louisiana,1982.0,4299000.0,-0.5220037231873209,0.9055719276597421,1.1192396875116288,0.8119277406904845,2.6304380870562336,1.2314338400773843,-0.8246146089583141,-0.9460385115781289
120,Maine,1982.0,1133000.0,-1.4250435443863605,-0.19572763532576753,-1.2834531422429056,0.0030097130210415615,0.22269688204409127,-1.1878650712810364,-1.5730458916147378,-0.9460385115781289
121,Maryland,1982.0,4190000.0,-0.38903875990658593,1.4319853936355862,1.9872928799046472,1.2466421144568467,-0.15184063873557532,0.4997024541265031,-0.6067168937545451,-0.9460385115781289
122,Massachusetts,1982.0,5748000.0,-1.5554639658077083,1.0109392146802911,0.6337886997482838,1.0119128184858166,-0.6868942398493848,-0.9169637943272687,-0.9004051185944076,-0.9460385115781289
123,Michigan,1982.0,9117000.0,-1.045951869397295,1.9062437390852678,1.0126007172102656,1.9393528794156423,0.8915138834363531,-0.16567386675554133,-0.4646096881868697,-0.9460385115781289
124,Minnesota,1982.0,4120000.0,-1.6992939044438284,0.24279688827417995,-1.0182799374230111,0.4436277080067175,0.11568616182132938,-1.092948732531414,-1.0804075789801297,-0.9460385115781289
125,Mississippi,1982.0,2454000.0,-0.6998279081531542,-0.3008251265965457,-0.6164033313767865,-0.2277983030576325,2.6839434471676147,1.5312465743374626,-1.6583102149553433,-0.9460385115781289
126,Missouri,1982.0,4798000.0,-1.094518762631812,0.7014566767362245,0.3917033533415993,0.7103688576379289,0.4634710025453055,-0.42857102058291696,-1.014090883048548,-0.9460385115781289
127,Montana,1982.0,793000.0,-1.3251414196511113,0.1767115881205093,-0.9849276028109466,0.36466258833149207,1.1055353238818768,-0.7895918088733813,-1.1846195297297584,-0.9460385115781289
128,National,1982.0,228794000.0,-0.9460385115781289,1.1084758638788073,0.6493021959528223,1.1173642578152314,0.5661436525823712,-1.2516513391247799,,-0.9460385115781289
129,Nebraska,1982.0,1582000.0,-1.3559661753698877,-0.1229521647579382,-0.9707708158632297,0.030087640552915337,0.1959442019884008,-1.0042732003661905,-1.4214648723425507,-0.9460385115781289
130,Nevada,1982.0,897000.0,-0.2176676367212072,2.6130927600742835,1.6418391819790725,2.6149904267897512,-1.3557112412416465,-0.48348458269890626,-0.3414501100282177,-0.9460385115781289
131,New Hampshire,1982.0,943000.0,-1.718477961313964,-0.19431250580952564,-1.4564550728975783,0.03422691552582157,-0.6868942398493848,-1.2143064990561332,-1.2983052941838988,-0.9460385115781289
132,New Jersey,1982.0,7367000.0,-1.3486802222246053,1.1517326666253296,0.813366415456479,1.1371933707308495,-0.1785933187912658,-0.14886229636157725,-0.4267144333688229,-0.9460385115781289
133,New Mexico,1982.0,1355000.0,-1.2585083635511978,1.7972148262866967,1.3884521692142628,1.7540921493337172,2.550180046889162,-0.014065940210958184,-0.796193167844779,-0.9460385115781289
134,New York,1982.0,17660000.0,-1.076777899289274,1.6824061432157331,2.5683046512198633,1.4246372786199326,0.5169763626566865,0.010950625014823575,0.05645006556127349,-0.9460385115781289
135,North Carolina,1982.0,5928000.0,-0.37604471732987566,0.34671419757973476,0.0680537497935901,0.3726368448179721,1.9883737657196623,0.4787302102486074,-1.411991058638039,-0.9460385115781289
136,North Dakota,1982.0,658000.0,-1.7083866338782623,-1.0335483210537344,-1.7496859771465256,-0.8457330007908291,0.008675441598567491,-0.9865939533279341,-1.5446244505012028,-0.9460385115781289
137,Ohio,1982.0,10710000.0,-1.056835918405929,0.6058791902236308,0.006714528748046454,0.6704087808927077,-0.01807723845712298,-0.364383420859389,-1.0709337652756181,-0.9460385115781289
138,Oklahoma,1982.0,3111000.0,-0.7838236552324869,0.8653993205561682,0.06869951063308201,0.9474393401131611,0.6774924429908292,-0.4919155990359707,-1.383569617524504,-0.9460385115781289
139,Oregon,1982.0,2557000.0,-1.1098106605113913,1.9244180956187475,0.2394550394958633,2.091997322916068,0.2762022421554722,-0.7600433008332587,-0.7677717267312439,-0.9460385115781289
140,Pennsylvania,1982.0,11620000.0,-1.4686118702108228,-0.43639649281960813,-0.3285062735416189,-0.42740540203590766,0.1691915219327103,-0.4538278617579064,-1.1372504612072,-0.9460385115781289
141,Rhode Island,1982.0,942000.0,-1.355037109898628,0.9532320565003244,-0.1396283621550032,1.0804963237037297,0.11568616182132938,-0.9142288097250953,-0.8435622363673374,-0.9460385115781289
142,South Carolina,1982.0,3301000.0,-0.39169953479107994,0.7708888586816189,1.2111241432488462,0.6468974157234736,2.2291478862208765,1.2551615916083916,-1.601467332728273,-0.9460385115781289
143,South Dakota,1982.0,677000.0,-1.3160085580021164,-1.031240760835826,-1.5721550811465788,-0.8736001190003008,1.052029963770496,-0.7051241154101378,-1.5730458916147378,-0.9460385115781289
144,Tennessee,1982.0,4679000.0,-1.019350916052373,0.18412653300480003,-0.09307526785770315,0.22003778445067682,2.871212207557448,0.41160893327300124,-1.3930434312290156,-0.9460385115781289
145,Texas,1982.0,15150000.0,-0.6123677693487356,1.6021447804698918,0.6681665294064719,1.6613164094802235,0.8915138834363531,-0.27664475761510693,-1.3077791078884105,-0.9460385115781289
146,Utah,1982.0,1575000.0,-1.5450267386156797,0.8147611839704907,-0.7297235771328973,1.0281436581263548,0.436718322489615,-1.066589731354658,-1.0235646967530596,-0.9460385115781289
147,Vermont,1982.0,519000.0,-1.3242414365135529,0.38398235994984053,-1.454920978250304,0.6749489049656725,0.008675441598567491,-1.2330606571823626,-1.478307754569621,-0.9460385115781289
148,Virginia,1982.0,5329000.0,-0.8982448433576088,0.18261398255913486,-0.5595264405005648,0.29830057616634753,-0.09833527862419439,0.3237825388624222,-1.1846195297297584,-0.9460385115781289
149,Washington,1982.0,4259000.0,-1.1412788165354002,1.5339322793507852,-0.1561657544860629,1.7269814720179524,0.008675441598567491,-0.6704768531402397,-0.9572480008214778,-0.9460385115781289
150,West Virginia,1982.0,1951000.0,-1.5329708823047121,-1.1696359995078398,-1.2298560210174945,-1.0856605000276733,3.1922443682257335,-1.0572680577174884,-1.8288388616365536,-0.9460385115781289
151,Wisconsin,1982.0,4733000.0,-1.4156328021127356,0.24311541604062042,-1.149487338435993,0.4664667830294671,-0.9009156802949085,-0.901059857150823,-0.35092392373272935,-0.9460385115781289
152,Wyoming,1982.0,481000.0,-1.1478133595874995,0.6353007995291919,-0.5641031338368848,0.8008452335405438,-0.23209867890264674,-1.0731825980760081,0.08487150667480857,-0.9460385115781289
153,Alabama,1983.0,3950000.0,-0.5493141000571754,-0.015220894480155348,-0.10055718784412494,0.0003623405011174843,2.710696127223305,0.5538413509145151,-1.3740958038199924,-0.898876998647791
154,Alaska,1983.0,486000.0,-0.0519119645849494,1.29652046868467,0.7748510846544424,1.3042775562805278,-0.07158259856850392,0.601282176418352,3.6280778321621816,-0.898876998647791
155,Arizona,1983.0,2875000.0,-0.6065307060069709,1.7684386586477825,0.3293414371432816,1.9037044205013343,0.9182665634920435,-0.8187006524986528,-0.1235523948244487,-0.898876998647791
156,Arkansas,1983.0,2283000.0,-0.9164562468708842,-0.4047112519625326,-0.6289172790231676,-0.3408015888910692,2.309405926387948,0.2466579762990247,-1.75304835200046,-0.898876998647791
157,California,1983.0,25170000.0,-1.0872409011572657,1.834186906871477,1.556269867285224,1.7663119826463756,0.5437290427123769,0.029077834472129842,-0.057235698892866844,-0.898876998647791
158,Colorado,1983.0,3083000.0,-1.383136564693467,1.8838684965779637,0.21659160566917243,2.050970227884631,-0.07158259856850392,-0.8118922918046518,-0.549874011527475,-0.898876998647791
159,Connecticut,1983.0,3149000.0,-0.9866675755121251,0.5969244370379171,-0.30229440809163843,0.7134405163157957,-1.0881844406847418,-0.4753164597572791,-0.8056669815492907,-0.898876998647791
160,Delaware,1983.0,602000.0,0.11866757326755951,0.9871682385541544,0.08183068559225062,1.0801582230709588,-1.1416898007961227,0.20408355814729282,-0.5972430800500335,-0.898876998647791
161,Florida,1983.0,10850000.0,-0.58866185784778,1.831591346410906,1.7474268688193038,1.730675011073661,0.49022368260099597,0.0024261112882771564,-0.3225024826191943,-0.898876998647791
162,Georgia,1983.0,5581000.0,-0.40101019121884324,0.356908954064087,0.1420421904668778,0.3712567977202752,1.5870835648843054,0.7590568994169528,-1.2130409708432934,-0.898876998647791
163,Hawaii,1983.0,998000.0,-1.0068478063255955,1.3132403065212739,-0.8391219541517787,1.5994088290412847,0.008675441598567491,4.018926864584985,-0.6351383348680801,-0.898876998647791
164,Idaho,1983.0,980000.0,-1.291256521563767,-0.1657884350704232,-0.9206235577168173,-0.025986413756376763,1.2928040842717101,-1.0876011859729429,-1.288831480479387,-0.898876998647791
165,Illinois,1983.0,11350000.0,-1.1971912183390527,1.063129898564773,1.389106178959019,0.9403166898991276,0.3832129623782341,-0.027239356500537864,-0.33197629632370595,-0.898876998647791
166,Indiana,1983.0,5382000.0,-0.9930763532852134,0.05235153818620256,-0.6972805503230308,0.1775250132949272,0.8647612033806631,-0.5959070577080267,-1.4972553819786443,-0.898876998647791
167,Iowa,1983.0,2828000.0,-1.4161737457905905,-0.07616497334054667,-1.1760974703551212,0.11713519713536483,1.0252772837148054,-1.0799615012286377,-1.2414624119568287,-0.898876998647791
168,Kansas,1983.0,2369000.0,-1.087432656982305,0.3638982227280151,-0.4857967566777657,0.4866013069576275,0.1959442019884008,-0.7365111285845998,-1.2509362256613403,-0.898876998647791
169,Kentucky,1983.0,3752000.0,-1.2560670204353719,-0.5267986678555734,-0.5571805916473023,-0.4884179520913117,1.346309444383091,-0.5393167670771313,-1.7625221657049719,-0.898876998647791
170,Louisiana,1983.0,4360000.0,-0.2931277442333012,0.7093265294469383,0.9958424874178222,0.6155558907594817,2.309405926387948,1.0410587433476575,-0.6256645211635685,-0.898876998647791
171,Maine,1983.0,1157000.0,-1.450771108433368,-0.34955059865765636,-1.3064492761042141,-0.16354739928716708,-0.12508795867988487,-1.1766697681081377,-1.6204149601372964,-0.898876998647791
172,Maryland,1983.0,4112000.0,-0.2181199279054996,1.0626221939828602,1.891794833603078,0.8536043426418527,-1.1149371207404324,0.6514376278373866,-0.5404001978229632,-0.898876998647791
173,Massachusetts,1983.0,5731000.0,-1.5392488072308275,0.6558412445430096,0.6606642853717676,0.613714591259954,-1.382463921297337,-0.971309599649337,-0.7677717267312439,-0.898876998647791
174,Michigan,1983.0,9056000.0,-1.0652999779599208,1.696122986701678,1.29995658632055,1.6572076185234272,1.052029963770496,-0.2598901323616158,-0.4267144333688229,-0.898876998647791
175,Minnesota,1983.0,4138000.0,-1.69609487408399,-0.0658916520670359,-1.1525154125822423,0.12448075955406111,-0.20534599884695628,-1.0473270128858516,-1.014090883048548,-0.898876998647791
176,Mississippi,1983.0,2481000.0,-0.6901242294957216,-0.5662649183780664,-0.6807361289902408,-0.5109878812404383,3.780803329450924,1.381836782597195,-1.6677840286598549,-0.898876998647791
177,Missouri,1983.0,4837000.0,-1.02314029883986,0.3765758918441994,0.24111776121443654,0.37607638974622903,1.0252772837148054,-0.40792413866936467,-0.947774187116966,-0.898876998647791
178,Montana,1983.0,810000.0,-1.3469670793596251,0.39826147169008275,-1.0439296309293906,0.6203412081905508,0.6774924429908292,-0.6587933834182059,-1.1183028337981766,-0.898876998647791
179,National,1983.0,231109000.0,-0.898876998647791,0.7977932540702792,0.49274357486926856,0.799832761365721,0.6293619511898383,-1.2513749269632455,,-0.898876998647791
180,Nebraska,1983.0,1577000.0,-1.3942589862563204,-0.21304876428851643,-1.0158091911891916,-0.06205730612905497,0.6239870828794484,-0.9766671551584881,-1.355148176410969,-0.898876998647791
181,Nevada,1983.0,885000.0,0.09040891517070546,1.88335967315697,1.0297300789258559,1.911052477263023,-0.8474103201835276,-0.6039093402775758,0.38803354521918276,-0.898876998647791
182,New Hampshire,1983.0,938000.0,-1.696078795517763,-0.5041692757089319,-1.446874757057101,-0.3108617179954022,-1.2754532010745752,-1.2386589074597745,-1.1940933434342702,-0.898876998647791
183,New Jersey,1983.0,7451000.0,-1.2782921603274136,0.7515491921656446,0.5391903291071883,0.7406156776425545,-0.472872799403861,-0.21006648743355139,-0.06670951259737853,-0.898876998647791
184,New Mexico,1983.0,1385000.0,-1.1663177154394158,1.6410623709447634,1.1883572535927154,1.6153037912007988,3.111986328058662,0.15461867358607073,-0.6635597759816153,-0.898876998647791
185,New York,1983.0,17580000.0,-0.9883056412681085,1.2964557859209447,2.2357520231418793,1.053840078307185,0.8380085233249721,0.03348415792907087,0.20803108483346058,-0.898876998647791
186,North Carolina,1983.0,5890000.0,-0.4808026252827234,0.13575521344866756,-0.07284495962659542,0.1629557509413694,0.7845031632135911,0.7641892477531442,-1.2983052941838988,-0.898876998647791
187,North Dakota,1983.0,685000.0,-1.6452976129082122,-1.0626712424115623,-1.7945542675104273,-0.8703235687675899,0.5704817227680674,-0.9384128491618415,-1.5540982642057146,-0.898876998647791
188,Ohio,1983.0,10680000.0,-1.0168782394511477,0.28908718594433086,-0.17797733132447882,0.3509270099398697,0.14243884187701986,-0.3730192123545347,-1.0046170693440362,-0.898876998647791
189,Oklahoma,1983.0,3259000.0,-0.6648887907106623,0.6168677249459235,-0.047051816320143894,0.6918028776751743,1.1055353238818768,-0.36752665041014476,-1.2414624119568287,-0.898876998647791
190,Oregon,1983.0,2597000.0,-1.111815230759468,1.6388956063394413,0.28626545912408313,1.7675005187508919,0.8647612033806631,-0.8069387763083987,-0.7393502856177088,-0.898876998647791
191,Pennsylvania,1983.0,11640000.0,-1.407008344072448,-0.6236852261582404,-0.41087969716938955,-0.6208801989585772,0.6774924429908292,-0.48019937085281406,-1.1088290200936648,-0.898876998647791
192,Rhode Island,1983.0,971000.0,-1.3026225260413864,0.5699434570354492,-0.41567817633779985,0.7029661089905471,0.436718322489615,-1.08728617084086,-0.8435622363673374,-0.898876998647791
193,South Carolina,1983.0,3295000.0,-0.31179847876633,0.42812713786750717,0.8031621947143933,0.3368941872367226,2.1221371659981147,1.501612570434164,-1.5162030093876677,-0.898876998647791
194,South Dakota,1983.0,689000.0,-1.2984135655647608,-1.1114026501821943,-1.4748949011104537,-0.9791201769499959,1.4800728446615434,-0.7868560521779905,-1.4404124997515741,-0.898876998647791
195,Tennessee,1983.0,4663000.0,-0.9748739667578253,-0.07270593132572296,-0.16129929565656542,-0.052944519350782114,1.908115725552591,0.28092058709856055,-1.4404124997515741,-0.898876998647791
196,Texas,1983.0,15590000.0,-0.6842702436500454,1.3153481681469579,0.36364377979718326,1.395618017181803,0.8380085233249721,-0.23950923141843386,-1.1656719023207351,-0.898876998647791
197,Utah,1983.0,1591000.0,-1.5284477208241216,0.7751975106513594,-0.8295817856390552,1.0014045523187536,0.1691915219327103,-0.9223443006664538,-0.9572480008214778,-0.898876998647791
198,Vermont,1983.0,531000.0,-1.4503130530736166,-0.03275004704912131,-1.4322419500161119,0.2091539582445146,0.7309978031022102,-1.1874049031172005,-1.3362005490019455,-0.898876998647791
199,Virginia,1983.0,5448000.0,-0.9206324385781496,-0.06897911376301102,-0.6546756362401003,0.035739986123056275,-0.41936743929248005,0.28040107556033367,-1.1467242749117117,-0.898876998647791
200,Washington,1983.0,4274000.0,-1.0909920760854286,1.4281807732305212,-0.30064173508868247,1.6345259332213338,-0.5531308395709323,-0.7286524087426364,-0.8719836774808726,-0.898876998647791
201,West Virginia,1983.0,1898000.0,-1.5006911864935835,-1.1718020658292227,-1.2145189978767243,-1.0906898018135536,2.469922006722091,-1.028481208571169,-1.790943606818507,-0.898876998647791
202,Wisconsin,1983.0,4736000.0,-1.4000137014669143,0.09911505213441511,-1.1507415811606594,0.307071014257923,-0.5798835196266229,-0.8725721171115652,-0.39829299225528786,-0.898876998647791
203,Wyoming,1983.0,486000.0,-1.13389888566919,0.08175186799815899,-0.8744911071043187,0.2404824151780885,-0.07158259856850392,-0.9904938358778855,0.36908591781015937,-0.898876998647791
204,Alabama,1984.0,3875000.0,-0.42805618377255705,-0.08188703867928983,0.025137924782488982,-0.09507207874402065,1.6673416050513767,0.5185413671026986,-1.449886313456086,-0.8463881076539022
205,Alaska,1984.0,507000.0,0.2507193340068877,1.3677260108289888,0.8124824149478628,1.3767529632487567,-0.874163000239218,0.18966307830513882,3.7322897829118102,-0.8463881076539022
206,Arizona,1984.0,3133000.0,-0.5442290497567275,1.585678317229101,0.2996145348035498,1.7062264780672871,1.4265674845501624,-0.8089526632095632,-0.06670951259737853,-0.8463881076539022
207,Arkansas,1984.0,2364000.0,-0.8955925790250769,-0.5655974186522531,-0.5554025463550648,-0.5317273972530033,2.951470247724519,0.14259794297043182,-1.724626910886925,-0.8463881076539022
208,California,1984.0,25600000.0,-1.0161073131240137,1.6868503622159001,1.5157947491347157,1.6099399564018373,0.08893348176563891,0.06213497427206787,0.06592387926578518,-0.8463881076539022
209,Colorado,1984.0,3067000.0,-1.3824139101512742,1.8534987103969336,0.1665698163857385,2.0258808233322076,-1.0614317606290513,-0.8512085581942469,-0.4740835018913814,-0.8463881076539022
210,Connecticut,1984.0,3152000.0,-0.9428914076288976,0.3602759303006423,-0.20716297628067423,0.4348347349749203,-1.5964853617428607,-0.3381011674461225,-0.7204026582086854,-0.8463881076539022
211,Delaware,1984.0,611000.0,0.09137283062800317,0.6421560171433481,-0.006636439316543642,0.7129062535299019,-0.6868942398493848,0.011882978293893077,-0.6067168937545451,-0.8463881076539022
212,Florida,1984.0,11190000.0,-0.6013246687294846,1.8430362357523322,1.9227126551563383,1.7133205154474482,0.5972344028237578,0.12459277433929498,-0.2656596003921241,-0.8463881076539022
213,Georgia,1984.0,5822000.0,-0.46226855743238415,0.2723463173563898,0.19208525071535426,0.26895088902374487,1.0787826438261863,0.949568865404604,-1.2509362256613403,-0.8463881076539022
214,Hawaii,1984.0,997000.0,-0.8522688776508419,1.140574548865573,-0.9173328992701809,1.4214288551081966,-0.9544210404062895,3.860359957482484,-0.6919812170951504,-0.8463881076539022
215,Idaho,1984.0,992000.0,-1.2612773397316974,-0.3072162009712677,-0.9370146117986096,-0.1799365908329511,1.1857933640489482,-1.0220801473089325,-1.2414624119568287,-0.8463881076539022
216,Illinois,1984.0,11650000.0,-1.1422928956028309,0.7989039893748989,1.2932163845886786,0.6638807494428645,0.5704817227680674,-0.03131010486724257,-0.33197629632370595,-0.8463881076539022
217,Indiana,1984.0,5419000.0,-0.9964788299520553,-0.1043105080014494,-0.6004045061044059,-0.012722365831587543,0.008675441598567491,-0.6144463239814195,-1.601467332728273,-0.8463881076539022
218,Iowa,1984.0,2876000.0,-1.421349980072999,-0.2067575346264269,-1.1065101815082512,-0.03953995253623384,0.4634710025453055,-1.0520582856138665,-1.2414624119568287,-0.8463881076539022
219,Kansas,1984.0,2420000.0,-0.9777747861362627,0.17288651585384393,-0.4747263471441806,0.27298576229166527,-0.5798835196266229,-0.7644410111025463,-1.2035671571387818,-0.8463881076539022
220,Kentucky,1984.0,3721000.0,-1.242643985790069,-0.843617291719462,-0.7482084717191156,-0.8068433760471828,1.6673416050513767,-0.5271215740445977,-1.4593601271605976,-0.8463881076539022
221,Louisiana,1984.0,4304000.0,-0.15731662514596403,0.8400750623125784,1.230925290460222,0.720190272903674,2.0686318058867337,0.9046067726573148,-0.6067168937545451,-0.8463881076539022
222,Maine,1984.0,1167000.0,-1.4801597640980386,-0.45906098199750495,-1.3115611584634503,-0.28405318919189454,0.03542812165425796,-1.2135091965257454,-1.5351506367966912,-0.8463881076539022
223,Maryland,1984.0,4106000.0,-0.14417705955979257,1.0021554538054833,1.8656690228544104,0.791060088056596,-1.1149371207404324,0.6024040655943997,-0.4740835018913814,-0.8463881076539022
224,Massachusetts,1984.0,5845000.0,-1.508418987252518,0.30245534012263436,0.37668901587921694,0.27068691810560014,-1.0614317606290513,-0.9347626802322943,-0.7204026582086854,-0.8463881076539022
225,Michigan,1984.0,8962000.0,-1.0495278874167204,1.8055078602010617,1.5421736587039847,1.7369397602287995,1.0252772837148054,-0.20235884967919124,-0.4456620607778463,-0.8463881076539022
226,Minnesota,1984.0,4164000.0,-1.690443531065289,-0.21018783603534594,-1.058187416398156,-0.05162355801518885,-1.0079264005176705,-0.97636135567973,-0.9951432556395245,-0.8463881076539022
227,Mississippi,1984.0,2504000.0,-0.5799964546725019,-0.6890525384809454,-0.6800399294081663,-0.647205601749456,3.272502408392805,1.4034835555875802,-1.601467332728273,-0.8463881076539022
228,Missouri,1984.0,4958000.0,-0.9690264468048709,0.1503655182616335,0.1245998723364964,0.14531225216089047,0.436718322489615,-0.5549497943447965,-0.9383003734124544,-0.8463881076539022
229,Montana,1984.0,836000.0,-1.3248380887416458,0.32719527310832236,-0.9518662843928578,0.5257934801824388,0.24944956209978172,-0.8248532425045721,-1.2225147845478053,-0.8463881076539022
230,National,1984.0,233206000.0,-0.8463881076539022,0.6938054231785293,0.5002922185693638,0.6832784646787786,0.4086275839784412,-1.2518989479012352,,-0.8463881076539022
231,Nebraska,1984.0,1608000.0,-1.3964231274328351,-0.46049077410160283,-0.9921587353051695,-0.340376417504436,0.11568616182132938,-0.9541071100179367,-1.2698838530703638,-0.8463881076539022
232,Nevada,1984.0,962000.0,0.10399985162566107,1.49910440880846,0.7295789077892988,1.536581240535949,-0.6333888797380038,-0.3001736061077188,0.3596121041056477,-0.8463881076539022
233,New Hampshire,1984.0,958000.0,-1.6407142785419238,-0.6709226847423736,-1.4068065613090532,-0.5025588176788822,-1.5429800016314799,-1.1607080548523643,-1.1467242749117117,-0.8463881076539022
234,New Jersey,1984.0,7511000.0,-1.1938969118492397,0.5232121791588277,0.4165571571934705,0.5085423852584541,-0.7403995999607657,-0.13527891804475592,-0.2467119729831007,-0.8463881076539022
235,New Mexico,1984.0,1437000.0,-1.1350432018283583,1.480175690265821,1.1330186327735097,1.4464599992416147,1.7743523252741387,0.002399476624921674,-0.7014550307996621,-0.8463881076539022
236,New York,1984.0,17560000.0,-0.9016373344088294,1.081155082287052,2.258343155034269,0.8113280946678083,0.8380085233249721,0.0803751475210221,0.3596121041056477,-0.8463881076539022
237,North Carolina,1984.0,5900000.0,-0.3877720708910528,0.0678781267142574,-0.07823627719429768,0.08864440255083433,0.4634710025453055,0.6862116640037023,-1.3077791078884105,-0.8463881076539022
238,North Dakota,1984.0,683000.0,-1.6256717161423904,-1.1067322694423127,-1.7917817130088696,-0.9196361836815389,0.6774924429908292,-0.9432773956017038,-1.4688339408651092,-0.8463881076539022
239,Ohio,1984.0,10620000.0,-0.9780738256971343,0.14017368803402855,-0.22572829538818087,0.19405399832406076,0.1691915219327103,-0.36777591644877433,-0.919352746003431,-0.8463881076539022
240,Oklahoma,1984.0,3200000.0,-0.5696486513068414,0.6559131250711602,-0.08681640496991641,0.7418957550613627,0.11568616182132938,-0.37177248867263296,-1.3077791078884105,-0.8463881076539022
241,Oregon,1984.0,2593000.0,-1.0498432903042927,1.661510779038891,0.38811237672270105,1.7751130020556374,-0.01807723845712298,-0.9442436200093364,-0.6446121485725919,-0.8463881076539022
242,Pennsylvania,1984.0,11720000.0,-1.345765502915365,-0.7379835181564195,-0.5264579342602934,-0.7277614652771027,0.7309978031022102,-0.4940517398317488,-1.1088290200936648,-0.8463881076539022
243,Rhode Island,1984.0,946000.0,-1.2453327546180653,0.5208227614134003,-0.4573642522422292,0.6556645483151987,-0.01807723845712298,-0.8442932962549031,-0.7109288445041737,-0.8463881076539022
244,South Carolina,1984.0,3258000.0,-0.23667941118404123,0.42597497321143457,0.9032452111835967,0.31735672415572613,1.1590406839932577,1.442358734101917,-1.5162030093876677,-0.8463881076539022
245,South Dakota,1984.0,691000.0,-1.2209743904185866,-1.053120132301123,-1.3410556287360749,-0.9374566061234382,0.436718322489615,-0.8239310419604006,-1.4025172449335275,-0.8463881076539022
246,Tennessee,1984.0,4603000.0,-1.073857785395384,-0.10486699358861458,0.08320595624869026,-0.13049473811493065,1.2125460441046387,0.12430908724605227,-1.4688339408651092,-0.8463881076539022
247,Texas,1984.0,15640000.0,-0.6358726003015841,1.4640329119150914,0.3616387941708013,1.5607645347643504,0.7577504831579007,-0.2753766574306756,-1.0804075789801297,-0.8463881076539022
248,Utah,1984.0,1647000.0,-1.4634848494345194,0.4674851944168644,-0.9016551906008647,0.6726864654240929,-0.472872799403861,-0.8686476590939981,-1.0046170693440362,-0.8463881076539022
249,Vermont,1984.0,514000.0,-1.427928033411901,-0.028878775897108862,-1.3459011381770494,0.19864800816728528,-0.07158259856850392,-1.1688634251764156,-1.355148176410969,-0.8463881076539022
250,Virginia,1984.0,5563000.0,-0.8652726396494268,-0.21484854984327367,-0.6478704597899885,-0.1271086759147872,-0.7671522800164562,0.25345288615357375,-1.1183028337981766,-0.8463881076539022
251,Washington,1984.0,4242000.0,-1.061997384473866,1.5296451026198814,-0.10194097963021909,1.7129366290646049,-0.41936743929248005,-0.6595781304092803,-0.8056669815492907,-0.8463881076539022
252,West Virginia,1984.0,1922000.0,-1.5164365858767463,-1.2668994611789035,-1.247155575490092,-1.190503046460653,2.0151264457753526,-1.0632278056156135,-1.8098912342275302,-0.8463881076539022
253,Wisconsin,1984.0,4698000.0,-1.3793651871671568,0.0728304911408995,-1.114081779933889,0.2716544054919733,0.7042451230465198,-0.9397171405214007,-0.455135874482358,-0.8463881076539022
254,Wyoming,1984.0,488000.0,-1.1338599021735647,-0.19817643427700854,-0.8620991632882976,-0.07191520652994984,-0.5263781595152419,-1.1091745186167785,0.7669860933996505,-0.8463881076539022
255,Alabama,1985.0,3981000.0,-0.39230995826510906,-0.10788007078526808,0.10977193176388444,-0.13838726253233127,2.0686318058867337,0.3966117659506386,-1.3930434312290156,-0.7607322416322168
256,Alaska,1985.0,510000.0,0.6476936446084213,1.3482505082305727,0.7253657452168432,1.3700960704644218,-1.1149371207404324,0.4372061814230399,3.3722848621403663,-0.7607322416322168
257,Arizona,1985.0,3227000.0,-0.4635365506205632,2.0858675125626007,0.7287570169153262,2.187093230276673,-0.5798835196266229,-0.7552934163502933,0.009080997038715014,-0.7607322416322168
258,Arkansas,1985.0,2364000.0,-0.8640600266225298,-0.3990250556415706,-0.42733707504057894,-0.369045324186826,2.6839434471676147,0.35914492916772245,-1.5730458916147378,-0.7607322416322168
259,California,1985.0,26460000.0,-0.8957792612246089,1.701757938013714,1.5088141297216606,1.6276599096101463,0.1959442019884008,-0.03311447428725297,0.23645252594699567,-0.7607322416322168
260,Colorado,1985.0,3176000.0,-1.3751049688114991,2.093719104640678,0.18914965706472828,2.2882726201605803,-0.7136469199050752,-0.8218072862154417,-0.38881917855077613,-0.7607322416322168
261,Connecticut,1985.0,3111000.0,-0.8490201119458423,0.48143599315369945,-0.1326675547587599,0.556362298929275,-1.4092166013530274,-0.5418827452438373,-0.5972430800500335,-0.7607322416322168
262,Delaware,1985.0,624000.0,0.37302856658347966,0.5860650917394027,-0.031141153770109953,0.6549343540659276,-0.39261475923678957,0.09226557941947193,-0.5214525704139399,-0.7607322416322168
263,Florida,1985.0,11540000.0,-0.5590530223244492,2.3970152583918667,2.2747058042551083,2.2670298512810056,0.14243884187701986,0.22392080854418833,-0.20881671816505396,-0.7607322416322168
264,Georgia,1985.0,5867000.0,-0.3894891197031592,0.7730945419024882,0.3635679470146481,0.7945944029695234,1.2928040842717101,0.8641593476785671,-1.2319885982523169,-0.7607322416322168
265,Hawaii,1985.0,1018000.0,-0.7928881153858034,0.9023014959377006,-0.9844712279791389,1.1688318304376015,-0.5798835196266229,4.043986427945563,-0.5877692663455217,-0.7607322416322168
266,Idaho,1985.0,996000.0,-1.2114128699136866,-0.13550838775117854,-0.9391170828068298,0.01074551799842833,0.8380085233249721,-0.9602715081902234,-1.1088290200936648,-0.7607322416322168
267,Illinois,1985.0,11740000.0,-1.0739847992619882,0.7827784887762006,1.2282470861881918,0.6571414508415467,0.7309978031022102,0.0243152101226882,-0.27513341409663583,-0.7607322416322168
268,Indiana,1985.0,5302000.0,-0.8951859500914428,-0.051889458988457704,-0.5481080578055798,0.03641894213521512,-0.23209867890264674,-0.5840691809256814,-1.5446244505012028,-0.7607322416322168
269,Iowa,1985.0,2815000.0,-1.439588437464736,-0.06625555090072287,-1.0324486842013887,0.10350065741371343,1.346309444383091,-1.0158613611840928,-1.1656719023207351,-0.7607322416322168
270,Kansas,1985.0,2395000.0,-0.8494546541687364,0.24775495947262988,-0.34770334484859095,0.33420141192450004,0.24944956209978172,-0.848420743529532,-1.1277766475026882,-0.7607322416322168
271,Kentucky,1985.0,3650000.0,-1.2025948753924864,-0.8087213759802614,-0.5900611383166149,-0.7952674896910512,1.7475996452184481,-0.5716126814094864,-1.5162030093876677,-0.7607322416322168
272,Louisiana,1985.0,4322000.0,-0.13406937494300508,1.1786604980072923,1.3096467361636879,1.0819889529544582,1.399814804494472,1.2354586601307076,-0.4646096881868697,-0.7607322416322168
273,Maine,1985.0,1129000.0,-1.317089669073584,-0.24915573964252394,-1.2382708145685708,-0.06395350449765544,-0.2588513589583372,-1.2107745446349851,-1.4877815682741327,-0.7607322416322168
274,Maryland,1985.0,4209000.0,-0.20571287190218268,1.0621108163079815,2.0134750935928065,0.8321842509517645,-1.1149371207404324,0.543423824578268,-0.36987155114175274,-0.7607322416322168
275,Massachusetts,1985.0,5899000.0,-1.4631735497998468,0.4062740458627546,0.4312870764517542,0.37640319892502383,-0.9811737204619799,-0.9076941808340896,-0.6730335896861269,-0.7607322416322168
276,Michigan,1985.0,9051000.0,-0.8576146148569538,1.6280732262440643,1.3903657968238612,1.5662868074626626,0.436718322489615,-0.132617140667723,-0.4456620607778463,-0.7607322416322168
277,Minnesota,1985.0,4146000.0,-1.6646077835813897,0.03568288876682543,-0.8349610731998998,0.18264476529949972,-0.07158259856850392,-0.8893512996610864,-0.8909313048898959,-0.7607322416322168
278,Mississippi,1985.0,2564000.0,-0.5505912428847396,-0.5785820283062029,-0.7567971416141013,-0.5116050687024108,3.272502408392805,1.7031534444565144,-1.5730458916147378,-0.7607322416322168
279,Missouri,1985.0,5011000.0,-0.8615223258840958,0.1801662391171201,0.31081037775421255,0.14643119849114275,0.22269688204409127,-0.40490436060812746,-0.9288265597079427,-0.7607322416322168
280,Montana,1985.0,835000.0,-1.2098536982737231,0.2655177101780259,-1.0822010128958675,0.47976622404992836,0.8380085233249721,-0.6745550119475455,-1.1561980886162233,-0.7607322416322168
281,National,1985.0,235994000.0,-0.7607322416322168,0.8178676886136564,0.5777823480658353,0.8075096183343432,0.29148725305672,-1.2514777872884872,,-0.7607322416322168
282,Nebraska,1985.0,1589000.0,-1.3314900697825724,-0.2862094859315293,-0.9227319125574923,-0.1591003792014463,0.5169763626566865,-0.9469382800101505,-1.2319885982523169,-0.7607322416322168
283,Nevada,1985.0,968000.0,0.25995153020372397,1.6028271760880206,0.9616367652276571,1.611778538086534,0.4099656424339245,-0.17872888765415282,0.3596121041056477,-0.7607322416322168
284,New Hampshire,1985.0,988000.0,-1.591698686187115,-0.6097661120645888,-1.3803882677880421,-0.4393000743397906,-1.837259482244075,-1.1887530441315932,-1.1751457160252468,-0.7607322416322168
285,New Jersey,1985.0,7608000.0,-1.130235313286727,0.6712237297184465,0.4778281845473534,0.6620986371548809,-1.221947840963194,-0.10112018012630429,-0.114078581119937,-0.7607322416322168
286,New Mexico,1985.0,1447000.0,-1.0674802363848348,1.70539288893038,1.2427214987017414,1.6772912395002708,1.506825524717234,-0.12617280732264857,-0.5404001978229632,-0.7607322416322168
287,New York,1985.0,17670000.0,-0.8627018787830361,1.0749964510662726,2.3161277135836698,0.7945988548738667,0.7845031632135911,0.11322539657033989,0.59645744671844,-0.7607322416322168
288,North Carolina,1985.0,6073000.0,-0.3408655521818043,0.0816261857581236,-0.023605327750912775,0.09452029517983113,0.3564602823225436,0.45091075060536623,-1.2225147845478053,-0.7607322416322168
289,North Dakota,1985.0,681000.0,-1.633083663420516,-1.0344113456895339,-1.8225060144736078,-0.8342098540341465,0.8112558432692816,-0.9226922995179022,-1.5540982642057146,-0.7607322416322168
290,Ohio,1985.0,10630000.0,-0.8569875018737628,0.0724836905076161,-0.24627850277821176,0.1225479155951238,-0.01807723845712298,-0.4100205450092823,-0.9098789322989194,-0.7607322416322168
291,Oklahoma,1985.0,3280000.0,-0.5236318722527737,0.9565118990294137,-0.06465710191553027,1.0712833183460884,0.8380085233249721,-0.2975942411857182,-1.2130409708432934,-0.7607322416322168
292,Oregon,1985.0,2671000.0,-1.044448146201619,1.9001707335341114,0.539283310550091,2.01373755917513,-0.2588513589583372,-0.7901455422537977,-0.6730335896861269,-0.7607322416322168
293,Pennsylvania,1985.0,11550000.0,-1.27938142337054,-0.7305294096821457,-0.4603464940064064,-0.7308293183355863,-0.6333888797380038,-0.4452733550004309,-1.0804075789801297,-0.7607322416322168
294,Rhode Island,1985.0,933000.0,-1.1822960180461568,0.5538676396636085,-0.36788086654027796,0.6769562021665808,-1.0346790805733608,-0.8551212739946957,-0.6067168937545451,-0.7607322416322168
295,South Carolina,1985.0,3219000.0,-0.10448378795887255,0.6492005712222888,1.01330922822717,0.5459185711337249,0.6239870828794484,1.036531745131537,-1.4593601271605976,-0.7607322416322168
296,South Dakota,1985.0,689000.0,-1.1113873314409823,-1.021096686055812,-1.3890428517148854,-0.8937377214397079,1.1857933640489482,-0.6570737072632924,-1.4404124997515741,-0.7607322416322168
297,Tennessee,1985.0,4619000.0,-1.0995538985348683,0.1182285506071484,0.23536530091210728,0.09070875785494266,1.399814804494472,0.016973802168812252,-1.326726735297434,-0.7607322416322168
298,Texas,1985.0,16230000.0,-0.6548774232704448,1.7959153984127425,0.5409220147111075,1.8978995910772802,0.8112558432692816,-0.217782686927027,-0.9667218145259895,-0.7607322416322168
299,Utah,1985.0,1652000.0,-1.4199590922337375,0.8377148682408452,-0.8027647371560185,1.0661032587148365,-0.5263781595152419,-1.0266485469949271,-0.9098789322989194,-0.7607322416322168
300,Vermont,1985.0,524000.0,-1.2445890248863938,-0.11658073505720581,-1.3405333734229428,0.10051880645510149,-0.9811737204619799,-1.2232811835712751,-1.2983052941838988,-0.7607322416322168
301,Virginia,1985.0,5567000.0,-0.7379929134677862,-0.18587610794637863,-0.6360719194758301,-0.09701748376279783,-0.7671522800164562,0.43384761072485045,-1.0046170693440362,-0.7607322416322168
302,Washington,1985.0,4371000.0,-1.0764639022297653,1.767276931496141,-0.04403004033246809,1.9664042862128779,-0.23209867890264674,-0.6276101492882544,-0.8246146089583141,-0.7607322416322168
303,West Virginia,1985.0,1894000.0,-1.4648743620037792,-1.3169657443306004,-1.252362283106456,-1.2451044497955301,2.523427366833472,-1.0531103113843365,-1.75304835200046,-0.7607322416322168
304,Wisconsin,1985.0,4693000.0,-1.3231814211973907,-0.03215135470607217,-1.062178874177757,0.1463970080856457,-0.3391093991254086,-0.6350329737924543,-0.3414501100282177,-0.7607322416322168
305,Wyoming,1985.0,506000.0,-1.120960910627949,-0.066691515658125,-0.839664282661709,0.06997849243169046,-0.23209867890264674,-1.0990927293914472,0.25540015335601907,-0.7607322416322168
306,Alabama,1986.0,4025000.0,-0.31000989721893135,0.13441242617623952,0.5743392279926491,0.05055448766822345,2.9247175676688286,0.5977738582250808,-1.288831480479387,-0.6677387444494011
307,Alaska,1986.0,517000.0,0.7583834801115747,1.670539726812655,0.701400091848261,1.7314302172749245,-0.39261475923678957,0.6863165173281047,2.083846198326776,-0.6677387444494011
308,Arizona,1986.0,3386000.0,-0.3811657051518829,2.189710670431086,0.9607977879371857,2.2624268975835236,0.3832129623782341,-0.7107258351372409,0.05645006556127349,-0.6677387444494011
309,Arkansas,1986.0,2342000.0,-0.8312662472714647,-0.11274798925000114,-0.18027477964064123,-0.09407536103344104,2.255900566276567,0.3252475642400732,-1.5730458916147378,-0.6677387444494011
310,California,1986.0,27080000.0,-0.7218534253992699,1.8770864792451194,2.229121169459442,1.698550400344271,-0.04482991851281345,-0.053548073770494455,0.42592880003722955,-0.6677387444494011
311,Colorado,1986.0,3157000.0,-1.2948872197665289,2.2651081899502588,0.4808307537465165,2.428253509228807,0.1691915219327103,-0.6426961107795399,-0.09513095371091362,-0.6677387444494011
312,Connecticut,1986.0,3125000.0,-0.7143428811630987,0.5733151807849388,-0.0190081140159483,0.6387229575396951,-1.837259482244075,-0.6877914232970042,-0.4077668059597995,-0.6677387444494011
313,Delaware,1986.0,639000.0,0.570737094582875,0.4714721615929482,-0.07253050739596653,0.535012192168925,-0.12508795867988487,0.18289572563647447,-0.3414501100282177,-0.6677387444494011
314,Florida,1986.0,11780000.0,-0.4098219496771036,2.897517660327954,2.741944853770085,2.7417148626948444,-0.39261475923678957,0.09716771254400061,-0.04776188518835515,-0.6677387444494011
315,Georgia,1986.0,6023000.0,-0.36765265153177723,1.006226283988502,0.7310483564721002,0.990020850407526,0.4634710025453055,1.3073448909978531,-1.0898813926846416,-0.6677387444494011
316,Hawaii,1986.0,1024000.0,-0.760971954687313,1.2604719594817038,-0.8583112494797969,1.544208747836818,-0.5798835196266229,3.981821540326966,-0.4267144333688229,-0.6677387444494011
317,Idaho,1986.0,973000.0,-1.1312166168373456,0.14773827424033295,-0.9743016757833918,0.33072737694529625,1.506825524717234,-1.1465016829564811,-1.1183028337981766,-0.6677387444494011
318,Illinois,1986.0,11450000.0,-1.0092706486971674,1.0610618707230142,1.7587961171452366,0.8746678813112609,0.11568616182132938,0.11640492697655401,-0.18986909075603056,-0.6677387444494011
319,Indiana,1986.0,5312000.0,-0.8843040533742421,-0.09893158064302746,-0.5576732160011124,-0.014083524530535933,-0.04482991851281345,-0.5608954979596467,-1.4688339408651092,-0.6677387444494011
320,Iowa,1986.0,2907000.0,-1.4391544411787014,-0.04379582209814813,-0.9687696659793603,0.11748197118654503,0.008675441598567491,-1.1045084939697842,-1.1277766475026882,-0.6677387444494011
321,Kansas,1986.0,2433000.0,-0.72169531018224,0.5375985551688267,-0.3052603013138259,0.6481917022861489,-0.472872799403861,-0.5924919979608632,-0.9951432556395245,-0.6677387444494011
322,Kentucky,1986.0,3560000.0,-1.1328274527630169,-0.6433969176671243,-0.4116444612720915,-0.6425976721642549,1.2928040842717101,-0.6400737957976536,-1.4404124997515741,-0.6677387444494011
323,Louisiana,1986.0,4338000.0,-0.08630406173910676,1.5662271376192758,1.6215346978690608,1.458119110761095,2.4431693266664003,1.1167214662065112,-0.4172406196643112,-0.6677387444494011
324,Maine,1986.0,1127000.0,-1.3164061737775432,-0.37876253697571216,-1.329417458047868,-0.19198982342341692,-0.7136469199050752,-1.2251550632453256,-1.4025172449335275,-0.6677387444494011
325,Maryland,1986.0,4504000.0,-0.2814717314178018,1.022076494902464,1.8017847967608251,0.8240889979992317,-0.9811737204619799,0.49303181033482807,-0.23723815927858904,-0.6677387444494011
326,Massachusetts,1986.0,5846000.0,-1.4340707016982956,0.41803488136462064,0.5447023990929468,0.3700021148376446,-0.9811737204619799,-0.8234466473008739,-0.4646096881868697,-0.6677387444494011
327,Michigan,1986.0,9112000.0,-0.6757776541862747,1.7164218253676333,1.715121630073338,1.6085569386205572,0.2762022421554722,-0.08867089542096993,-0.25618578668761244,-0.6677387444494011
328,Minnesota,1986.0,4131000.0,-1.6467760732781582,0.22922449371042106,-0.6907673417510084,0.3724556564886019,-0.09833527862419439,-0.9851838141684833,-0.8056669815492907,-0.6677387444494011
329,Mississippi,1986.0,2610000.0,-0.4973838969443465,-0.552533500431065,-0.7585820966377762,-0.4824268497261975,3.673792609228162,1.7674770897104228,-1.506729195683156,-0.6677387444494011
330,Missouri,1986.0,4998000.0,-0.7992727022314567,0.4218672383951499,0.6886674721614621,0.34957752114784396,0.4099656424339245,-0.39393064465853594,-0.8340884226628258,-0.6677387444494011
331,Montana,1986.0,823000.0,-1.2110998725464395,0.23445672210234547,-1.3132453840459661,0.4849339142444145,0.9717719236034245,-0.7914081937720686,-1.0519861378665947,-0.6677387444494011
332,National,1986.0,237953000.0,-0.6677387444494011,1.0231586153443633,0.8721332932081771,0.9846099242914623,0.1883431413032866,-1.2514868318106669,,-0.6677387444494011
333,Nebraska,1986.0,1617000.0,-1.2607200442658058,-0.23127649953758744,-0.8341100772666018,-0.11340018717125434,0.1959442019884008,-0.9586618961096317,-1.1751457160252468,-0.6677387444494011
334,Nevada,1986.0,1010000.0,0.6126029405025795,1.343428548740117,1.1498251951789722,1.2920085196427524,-1.2754532010745752,-0.33620659351028037,0.473297868559788,-0.6677387444494011
335,New Hampshire,1986.0,1002000.0,-1.5401868612674805,-0.5173308785646191,-1.3766272477650947,-0.3374889576276268,-2.452571123524956,-1.2119384276855878,-1.1372504612072,-0.6677387444494011
336,New Jersey,1986.0,7624000.0,-1.0801233010231643,0.7972102225628298,0.6222745652166556,0.7769878084197002,-1.0614317606290513,-0.08838616872493044,0.08487150667480857,-0.6677387444494011
337,New Mexico,1986.0,1434000.0,-1.017601086900574,1.9460426860960027,1.4427015641596765,1.909756553379907,2.255900566276567,-0.3464103771525986,-0.5119787567094282,-0.6677387444494011
338,New York,1986.0,17590000.0,-0.7280702090052718,1.2212591238031056,2.596636994628709,0.9086441031706392,0.08893348176563891,0.1277685020746713,0.814355161922209,-0.6677387444494011
339,North Carolina,1986.0,6178000.0,-0.33580270902412446,0.22150453344518126,0.22863833412788093,0.20633322156008274,0.3832129623782341,0.4343664529434255,-1.1751457160252468,-0.6677387444494011
340,North Dakota,1986.0,651000.0,-1.6174698368024742,-1.018310749374494,-1.793755250467573,-0.8212911118173718,0.1691915219327103,-0.9872701095646191,-1.4972553819786443,-0.6677387444494011
341,Ohio,1986.0,10700000.0,-0.7780535335943576,0.17883993425906797,-0.07259590363384723,0.21066838666200485,-0.01807723845712298,-0.4302759795104017,-0.8246146089583141,-0.6677387444494011
342,Oklahoma,1986.0,3184000.0,-0.22929651760615136,1.5202895022875664,0.06710083910250708,1.6735968440144582,0.49022368260099597,0.04488248013577361,-1.1372504612072,-0.6677387444494011
343,Oregon,1986.0,2702000.0,-0.9710485933415638,2.116275489971676,0.513624540555288,2.2576664835697096,-0.15184063873557532,-0.7625546158622843,-0.5972430800500335,-0.6677387444494011
344,Pennsylvania,1986.0,11780000.0,-1.2455004497581952,-0.7208666385586124,-0.35724584074587046,-0.7377882034968329,-0.7403995999607657,-0.524293620782592,-1.0330385104575712,-0.6677387444494011
345,Rhode Island,1986.0,953000.0,-1.1677409981819145,0.6366787482216437,-0.44408368473125176,0.7818039064535872,-1.0079264005176705,-0.9765704042953326,-0.549874011527475,-0.6677387444494011
346,South Carolina,1986.0,3288000.0,0.060843101419112984,0.8256284472627334,1.1854587816105147,0.711969516953525,1.1857933640489482,1.1040580310380703,-1.317252921592922,-0.6677387444494011
347,South Dakota,1986.0,697000.0,-1.094955408251951,-0.9885599783926304,-1.4526780561901058,-0.8467682208120533,1.1055353238818768,-0.7763103822639712,-1.3456743627064573,-0.6677387444494011
348,Tennessee,1986.0,4650000.0,-1.0478370092776388,0.39744983506590015,0.5534247854671612,0.34569072520693234,1.453320164605853,0.21636296770157484,-1.2793576667748754,-0.6677387444494011
349,Texas,1986.0,16370000.0,-0.6309355944888764,2.4613002900724323,1.0848846352072083,2.542192466322006,1.1857933640489482,-0.2413724656570429,-0.9098789322989194,-0.6677387444494011
350,Utah,1986.0,1659000.0,-1.3725603927877477,0.9841912179256744,-0.7959244296885606,1.2272860957102565,-0.07158259856850392,-1.0536885369387328,-0.8340884226628258,-0.6677387444494011
351,Vermont,1986.0,529000.0,-1.2297985428326152,-0.04640137877821912,-1.3322025921683496,0.17687824342763514,-0.49962547945955144,-1.2153822009711908,-1.288831480479387,-0.6677387444494011
352,Virginia,1986.0,5624000.0,-0.6626393155961172,-0.1151399380792305,-0.5762071948550941,-0.028872638433490135,-0.8474103201835276,0.32913951498591426,-0.8814574911853842,-0.6677387444494011
353,Washington,1986.0,4369000.0,-1.1178399473886824,2.0856604543275132,0.036626650632176,2.305479407991171,0.008675441598567491,-0.4756719855266952,-0.6730335896861269,-0.6677387444494011
354,West Virginia,1986.0,1927000.0,-1.5497546171984427,-1.3138984226002075,-1.279916322918843,-1.2369824683212742,2.550180046889162,-1.055052672993319,-1.7625221657049719,-0.6677387444494011
355,Wisconsin,1986.0,4697000.0,-1.2854892460837188,0.03024295534039084,-0.8191743799154768,0.17390962955118405,-0.5798835196266229,-0.7263375930385552,-0.3603977374372411,-0.6677387444494011
356,Wyoming,1986.0,496000.0,-0.9880789981967637,0.232096439229018,-0.6473205056049781,0.3681931180716106,0.4634710025453055,-1.0803135123434264,0.48277168226429973,-0.6677387444494011
357,Alabama,1987.0,3989000.0,-0.1330275254385889,0.30589305066481753,0.6232952386622683,0.23223449630586698,2.255900566276567,0.9301760907587934,-1.2414624119568287,-0.5847744860312678
358,Alaska,1987.0,499000.0,0.9363110169023262,1.099071967583939,0.18901299811420072,1.1858242178124376,-0.23209867890264674,0.7291310256017685,2.150162894258358,-0.5847744860312678
359,Arizona,1987.0,3459000.0,-0.16221847029639308,2.092260785583248,0.7502345456552378,2.1904987972167533,-0.01807723845712298,-0.7115345763422256,0.3027692218785775,-0.5847744860312678
360,Arkansas,1987.0,2468000.0,-0.7172210916321455,-0.01722835040367677,-0.185905960130074,0.01276413921024461,2.3896639665550192,0.16486847863273163,-1.5635720779102262,-0.5847744860312678
361,California,1987.0,27880000.0,-0.6030140287148399,1.6737955763729164,2.1996455291305956,1.478273221017164,-0.15184063873557532,-0.042228703089521466,0.6722479563545336,-0.5847744860312678
362,Colorado,1987.0,3184000.0,-1.1185793513732045,1.8339746830913983,0.2113356281191387,1.9965684345483685,-0.09833527862419439,-0.6672672360276061,0.028028624447738404,-0.5847744860312678
363,Connecticut,1987.0,3127000.0,-0.6031740668370964,0.7189902575898751,-0.03862322728401226,0.8035515277796389,-1.676743401909932,-0.7117149953841017,-0.2846072278011475,-0.5847744860312678
364,Delaware,1987.0,637000.0,0.7139455813557917,0.6204450109141287,-0.014430550618134206,0.6901774030358342,-1.676743401909932,0.15599195672901395,-0.3603977374372411,-0.5847744860312678
365,Florida,1987.0,12260000.0,-0.4619305621048695,3.0298393000848343,2.636486090175837,2.90645410090134,-0.12508795867988487,-0.00019643770841244545,0.17013583001541382,-0.5847744860312678
366,Georgia,1987.0,6049000.0,-0.2167221487648032,1.3150782711317968,0.7190489950140726,1.334410348111279,0.4634710025453055,1.2474101029206124,-1.014090883048548,-0.5847744860312678
367,Hawaii,1987.0,1086000.0,-0.7865082333244755,1.2028641917277938,-0.8199968042366517,1.4737897722381097,-1.0881844406847418,4.259916314791408,-0.33197629632370595,-0.5847744860312678
368,Idaho,1987.0,991000.0,-1.154416576022437,0.03898176688701614,-1.03788759417579,0.22107833034912336,0.5972344028237578,-1.1464855821396414,-1.0804075789801297,-0.5847744860312678
369,Illinois,1987.0,11500000.0,-0.9937420323274034,0.9531932603661079,1.6921271840140697,0.7665313440015428,0.4099656424339245,0.07087984200934799,-0.06670951259737853,-0.5847744860312678
370,Indiana,1987.0,5398000.0,-0.8321422052632906,0.06461623377527571,-0.4750303399107703,0.15303054191446813,-0.472872799403861,-0.5466641507871359,-1.4309386860470625,-0.5847744860312678
371,Iowa,1987.0,2892000.0,-1.4215053265887392,-0.05354200590968766,-0.9873572028982653,0.10986474125343555,0.436718322489615,-1.0667859368231716,-1.0898813926846416,-0.5847744860312678
372,Kansas,1987.0,2435000.0,-0.6192703874742604,0.6156596379547824,-0.3342315557048869,0.739680019587297,-0.9811737204619799,-0.632372499310913,-1.014090883048548,-0.5847744860312678
373,Kentucky,1987.0,3666000.0,-0.9765348915676484,-0.5812513262817124,-0.4433063217632462,-0.5682890547364438,1.1857933640489482,-0.529437055830237,-1.3930434312290156,-0.5847744860312678
374,Louisiana,1987.0,4268000.0,0.09048403086723796,1.44555819721566,1.3311092213096338,1.3741414967672885,3.272502408392805,0.9976724235874461,-0.4740835018913814,-0.5847744860312678
375,Maine,1987.0,1144000.0,-1.3350201577615317,-0.33595339383180917,-1.3074465320406068,-0.14830528259413625,-0.3123567190697182,-1.214409157047011,-1.3456743627064573,-0.5847744860312678
376,Maryland,1987.0,4558000.0,-0.2838513449438783,0.9494544630803468,1.5153849589025736,0.7926769113717038,-0.9811737204619799,0.765090679499723,-0.10460476741542532,-0.5847744860312678
377,Massachusetts,1987.0,5845000.0,-1.3714941775718454,0.4395607257208991,0.5916816583106774,0.3858102720644957,-1.2487005210188846,-0.7928067253234758,-0.3035548552101709,-0.5847744860312678
378,Michigan,1987.0,8973000.0,-0.45338138284050705,1.7921670661389069,1.6827560283371366,1.698060080443083,-0.1785933187912658,-0.07147717898786234,-0.25618578668761244,-0.5847744860312678
379,Minnesota,1987.0,4294000.0,-1.6485450229555003,0.31156619285243625,-0.7283124519969122,0.4701579975487211,-0.41936743929248005,-0.9278886653175827,-0.8246146089583141,-0.5847744860312678
380,Mississippi,1987.0,2553000.0,-0.4339291724590396,-0.42919024259077565,-0.7508916001004935,-0.34703054994171123,3.2457497283371146,1.8490193570468674,-1.506729195683156,-0.5847744860312678
381,Missouri,1987.0,5100000.0,-0.7043675632431079,0.41674579990040517,0.4954060536922616,0.37702158283145315,0.30295492221116266,-0.41720615569890934,-0.796193167844779,-0.5847744860312678
382,Montana,1987.0,798000.0,-1.1171456551469072,0.38257236043163534,-1.3289135489486499,0.6517911962170567,1.3730621244387815,-0.6930395840511817,-1.1467242749117117,-0.5847744860312678
383,National,1987.0,240397000.0,-0.5847744860312678,1.0714309413297032,0.8324824659064379,1.0449104759359653,0.13373654494737863,-1.2512510976808187,,-0.5847744860312678
384,Nebraska,1987.0,1610000.0,-1.2424697854141076,-0.029557727571966858,-0.8843997439736878,0.1188044260688344,-0.2588513589583372,-0.8994078584302737,-1.2225147845478053,-0.5847744860312678
385,Nevada,1987.0,1026000.0,0.506102921204997,1.5280613129585097,1.137717463672532,1.4987313864252447,-0.6601415597936943,-0.19687323944204566,0.38803354521918276,-0.5847744860312678
386,New Hampshire,1987.0,1054000.0,-1.5158352826970833,-0.5402779380763405,-1.3440888258502763,-0.3684999508493572,-2.158291642912361,-1.230582872392657,-0.9288265597079427,-0.5847744860312678
387,New Jersey,1987.0,7503000.0,-0.7612941590726985,0.8990814433806094,0.533897781784757,0.9050481813881446,-1.221947840963194,-0.066066919771283,0.17960964371992552,-0.5847744860312678
388,New Mexico,1987.0,1443000.0,-0.9219583848196738,1.9255789007110506,1.0000643246762102,1.9629325261204822,1.7475996452184481,-0.5286055815319177,-0.455135874482358,-0.5847744860312678
389,New York,1987.0,17470000.0,-0.6402412384528625,1.398418322969994,2.74797153106348,1.0790728800554799,0.3832129623782341,0.09677294077770537,1.003831436012443,-0.5847744860312678
390,North Carolina,1987.0,6183000.0,-0.38200130912130226,0.49783558557910396,0.2954270095800335,0.5011738441697794,0.24944956209978172,0.4794988133975009,-1.0804075789801297,-0.5847744860312678
391,North Dakota,1987.0,655000.0,-1.6118119913624263,-0.8821642985297616,-1.7710986623730258,-0.6742685431107016,-0.39261475923678957,-0.9308319324999037,-1.5162030093876677,-0.5847744860312678
392,Ohio,1987.0,10800000.0,-0.6942079368593526,0.3146887111646869,-0.08324770189812,0.36306932538590686,-0.04482991851281345,-0.4786794364274524,-0.7204026582086854,-0.5847744860312678
393,Oklahoma,1987.0,3209000.0,-0.2554475103626556,1.4492249663979773,-0.05949965359628846,1.616525055879794,1.1055353238818768,-0.11883918911046205,-1.2130409708432934,-0.5847744860312678
394,Oregon,1987.0,2709000.0,-0.8271417087474314,2.0711654854438293,0.48415198019350636,2.2127172691009127,0.3564602823225436,-0.7994946113844463,-0.549874011527475,-0.5847744860312678
395,Pennsylvania,1987.0,11770000.0,-1.1925312686966916,-0.665200130873219,-0.2981176167368142,-0.6862204267619281,-0.6066361996823133,-0.5269414646150683,-1.0046170693440362,-0.5847744860312678
396,Rhode Island,1987.0,974000.0,-1.1439650726304698,0.8779148599857768,-0.34656904863497084,1.0324793797848513,-1.2754532010745752,-0.8286041060124455,-0.5309263841184515,-0.5847744860312678
397,South Carolina,1987.0,3274000.0,0.24399711701320656,0.9134346576578584,1.1969867253626085,0.8073187242763007,0.7309978031022102,1.206737338827812,-1.2698838530703638,-0.5847744860312678
398,South Dakota,1987.0,714000.0,-1.0742092572034292,-1.060272220651079,-1.4889062873232621,-0.9200457165511009,0.6239870828794484,-0.6855117678359387,-1.317252921592922,-0.5847744860312678
399,Tennessee,1987.0,4679000.0,-1.0477557123338168,0.5110021186480002,0.5354427035101196,0.4746343669460632,1.0787826438261863,0.19439654544135831,-1.2319885982523169,-0.5847744860312678
400,Texas,1987.0,16610000.0,-0.6406051633234539,2.6459056202352604,0.9285379569770893,2.7736042581275986,1.2660514042160196,-0.1884972492653797,-0.8151407952538023,-0.5847744860312678
401,Utah,1987.0,1689000.0,-1.3572042768715096,1.0493645282700397,-0.9780130024373938,1.3307304296970088,-0.7136469199050752,-1.063962246639723,-0.8246146089583141,-0.5847744860312678
402,Vermont,1987.0,534000.0,-1.1698359744173887,0.18119306386835418,-1.3903163655562243,0.43910445554713134,-0.9544210404062895,-1.1847239107172671,-1.317252921592922,-0.5847744860312678
403,Virginia,1987.0,5871000.0,-0.6800478802704055,-0.1078782682925403,-0.6612296985050642,-0.006252809944361259,-0.7939049600721466,0.5200867923673379,-0.7677717267312439,-0.5847744860312678
404,Washington,1987.0,4489000.0,-1.201944507809588,2.133190653900361,0.026694116102678002,2.3598643315841867,-0.7671522800164562,-0.4964019373238711,-0.7204026582086854,-0.5847744860312678
405,West Virginia,1987.0,1889000.0,-1.5479107806061965,-1.3909957682818157,-1.400429289181979,-1.3017843187985092,2.3361586064436386,-0.9935757584548821,-1.7719959794094835,-0.5847744860312678
406,Wisconsin,1987.0,4738000.0,-1.2419575482056322,0.07102070611791927,-0.8617111848664819,0.226397748937864,-1.0346790805733608,-0.8115516572818946,-0.3225024826191943,-0.5847744860312678
407,Wyoming,1987.0,451000.0,-0.8175229677707122,0.1787996864225816,-0.610329374851881,0.3027792793738416,-0.5531308395709323,-1.1216767924160094,0.23645252594699567,-0.5847744860312678
408,Alabama,1988.0,4015000.0,-0.1762916716696418,0.40141108923951957,0.6314361060493664,0.33671200147198066,1.7208469651627576,0.8970687980431009,-1.2509362256613403,-0.4984973290754426
409,Alaska,1988.0,480000.0,1.1244218380246043,0.8126578938271766,0.5597226195207711,0.804830089944734,-0.49962547945955144,0.6324613657773928,1.8564746694184953,-0.4984973290754426
410,Arizona,1988.0,3491000.0,0.01087529902696265,2.3665855895153514,0.7786675149422413,2.4896889955061603,0.32970760226685314,-0.8360637168694937,0.33119066299211264,-0.4984973290754426
411,Arkansas,1988.0,2446000.0,-0.6873358669624352,0.033608223676080566,-0.09341846113354085,0.05326135910555785,2.3361586064436386,0.4358181217419986,-1.601467332728273,-0.4984973290754426
412,California,1988.0,27860000.0,-0.4112806011856761,1.8560612113394197,2.3359169959890704,1.6569434702884769,0.08893348176563891,-0.04605929255235449,0.6154050741274635,-0.4984973290754426
413,Colorado,1988.0,3237000.0,-0.9620277167312946,1.546839807732435,0.19442968986905249,1.6812040139220443,-0.09833527862419439,-0.6639664775496168,-0.09513095371091362,-0.4984973290754426
414,Connecticut,1988.0,3199000.0,-0.5451797922580266,0.7439207671118878,0.10612842679792812,0.8063774285978355,-2.3723130833578843,-0.6094340759493014,-0.057235698892866844,-0.4984973290754426
415,Delaware,1988.0,659000.0,0.8121638117948752,0.4859794119964855,0.06415897984246043,0.5276665761372544,-1.1416898007961227,-0.14981866477671224,-0.09513095371091362,-0.4984973290754426
416,Florida,1988.0,12500000.0,-0.3855680048890728,3.397771206329791,3.112082862198842,3.232764990091164,0.1959442019884008,0.10946155088294185,0.14171438890187874,-0.4984973290754426
417,Georgia,1988.0,6230000.0,-0.24861132010355486,1.7058151211909531,1.1412831363888682,1.695143512927526,0.30295492221116266,1.2222386549662554,-0.8909313048898959,-0.4984973290754426
418,Hawaii,1988.0,1051000.0,-0.726597969523355,1.5100163007209553,-0.7974473181869326,1.8103742159479497,-0.472872799403861,4.38865834682056,-0.2846072278011475,-0.4984973290754426
419,Idaho,1988.0,991000.0,-1.0692839383576813,-0.09109546595942256,-0.9405987914795219,0.060226952675108365,-0.09833527862419439,-1.0340401868089721,-1.0614599515711065,-0.4984973290754426
420,Illinois,1988.0,11340000.0,-0.9169409744759561,1.1453549569856072,1.7999021283928844,0.9610541044383013,-0.04482991851281345,0.19625074292839514,-0.02881425777933176,-0.4984973290754426
421,Indiana,1988.0,5530000.0,-0.7993057773937693,0.03763251799981475,-0.25826008393219624,0.08597207837155106,-0.7403995999607657,-0.6220017953792341,-1.3930434312290156,-0.4984973290754426
422,Iowa,1988.0,2814000.0,-1.3681362894827245,-0.018645014689893238,-0.8379384592955739,0.12293770496629529,-0.927668360350599,-1.0864961125843982,-1.1940933434342702,-0.4984973290754426
423,Kansas,1988.0,2399000.0,-0.5900119852573027,0.6678357494222559,-0.27927676760097936,0.7880942575097836,-1.2754532010745752,-0.5536261081122748,-1.014090883048548,-0.4984973290754426
424,Kentucky,1988.0,3605000.0,-0.8500472992261214,-0.6451578966936862,-0.4556483296591038,-0.6370082700927308,1.2660514042160196,-0.7758057524013205,-1.4025172449335275,-0.4984973290754426
425,Louisiana,1988.0,4249000.0,0.21770204273318328,1.3402118286938327,1.4333416613139014,1.239854702847145,2.657190767111924,1.2829017138857584,-0.5214525704139399,-0.4984973290754426
426,Maine,1988.0,1201000.0,-1.3767462470759328,-0.38812486280618,-1.3066648026528274,-0.20626636865833964,0.08893348176563891,-1.1971535699037243,-1.326726735297434,-0.4984973290754426
427,Maryland,1988.0,4650000.0,-0.21709657969479576,1.1275562697612698,1.7100226354398416,0.956729288312567,-0.8206576401278372,1.2098711261839397,-0.08565714000640193,-0.4984973290754426
428,Massachusetts,1988.0,5861000.0,-1.3249739486659602,0.6249892980824685,0.8480071390214501,0.5474117609594399,-1.1684424808518132,-0.7407313884933923,-0.04776188518835515,-0.4984973290754426
429,Michigan,1988.0,9223000.0,-0.2611796233459001,1.4429121579083208,1.4407754742612744,1.352414267935299,-0.20534599884695628,-0.05588586282324633,-0.18039527705151887,-0.4984973290754426
430,Minnesota,1988.0,4421000.0,-1.6253186370187662,0.05109256167716688,-0.7268800577062275,0.18120225177581054,-0.3391093991254086,-0.8091830634223327,-0.7677717267312439,-0.4984973290754426
431,Mississippi,1988.0,2588000.0,-0.3424553248280658,-0.3489512599596253,-0.5050652488309754,-0.3002224080780362,3.8343086895623046,1.604509229761151,-1.5162030093876677,-0.4984973290754426
432,Missouri,1988.0,5201000.0,-0.6383620848540433,0.47201572261487473,0.499938269732162,0.4375063188682901,-0.04482991851281345,-0.4447123805667438,-0.8151407952538023,-0.4984973290754426
433,Montana,1988.0,795000.0,-1.0666016771709834,0.1323669001806715,-1.4633127611132566,0.3974952448227986,0.4634710025453055,-0.6234011331503485,-1.0330385104575712,-0.4984973290754426
434,National,1988.0,242961000.0,-0.4984973290754426,1.1515486763651759,0.9597622000003451,1.1119004681299471,0.0430334888179037,-1.2512419794863405,,-0.4984973290754426
435,Nebraska,1988.0,1600000.0,-1.212509396974118,0.007982236735988633,-0.7694521602291069,0.14071446095746643,-0.6868942398493848,-0.885633628716457,-1.1656719023207351,-0.4984973290754426
436,Nevada,1988.0,1084000.0,0.610769376617858,1.568986291484305,1.5127991979537552,1.479812206053424,-1.1416898007961227,-0.14385611922338037,0.4164549863327179,-0.4984973290754426
437,New Hampshire,1988.0,1089000.0,-1.450456951809675,-0.556774441901406,-1.3490073649520007,-0.3859418298344517,-1.6499907218542418,-1.2373441591660626,-0.7867193541402673,-0.4984973290754426
438,New Jersey,1988.0,7628000.0,-0.7081938291007726,0.8840987155328602,0.7045290235230776,0.8591988686810271,-1.783754122132694,-0.10346374445600405,0.350138290401136,-0.4984973290754426
439,New Mexico,1988.0,1495000.0,-0.8992370818539005,1.8299214966080735,1.0534288492302297,1.8477598974072982,2.710696127223305,-0.39972848421819596,-0.5404001978229632,-0.4984973290754426
440,New York,1988.0,17640000.0,-0.531465844858281,1.634774080143411,3.142879237843917,1.2733724157999264,0.14243884187701986,0.1253483307690621,1.1080433867620716,-0.4984973290754426
441,North Carolina,1988.0,6312000.0,-0.42770496936807667,0.6449290672255135,0.37411792001953287,0.650727125138764,-0.07158259856850392,0.5386715913492863,-1.0046170693440362,-0.4984973290754426
442,North Dakota,1988.0,654000.0,-1.5794235536583385,-0.9836825576653397,-1.763561538144807,-0.7880835800277545,-0.3391093991254086,-0.962085809727118,-1.5162030093876677,-0.4984973290754426
443,Ohio,1988.0,10900000.0,-0.5883095714160986,0.3613693915665274,0.05722066076977545,0.3907372839988398,-0.12508795867988487,-0.4045551634811461,-0.7582979130267322,-0.4984973290754426
444,Oklahoma,1988.0,3146000.0,-0.07209316017678985,1.1993633147109635,0.05646107087485851,1.3197040836859928,1.1857933640489482,-0.21285385011908137,-1.1561980886162233,-0.4984973290754426
445,Oregon,1988.0,2727000.0,-0.7216702270291415,2.1340863695101846,0.5122217522751611,2.277648557408399,-0.6601415597936943,-0.8115986213698183,-0.4267144333688229,-0.4984973290754426
446,Pennsylvania,1988.0,12120000.0,-1.137736637124673,-0.7054288893205147,-0.3697499438055344,-0.7185340017179108,-0.6868942398493848,-0.507729291170259,-1.0235646967530596,-0.4984973290754426
447,Rhode Island,1988.0,1008000.0,-0.8985200197520021,0.7242968459586089,-0.2189539126231271,0.8403380274110952,-0.8206576401278372,-0.8832090015859282,-0.455135874482358,-0.4984973290754426
448,South Carolina,1988.0,3405000.0,0.3657254540291526,1.0230976924507353,1.498577880475889,0.8771837900196515,0.7042451230465198,0.9624070521031459,-1.2793576667748754,-0.4984973290754426
449,South Dakota,1988.0,707000.0,-1.1574887803519522,-1.0956025658469635,-1.5071392591249855,-0.9560813224635838,0.3564602823225436,-0.6601539341948726,-1.2983052941838988,-0.4984973290754426
450,Tennessee,1988.0,4901000.0,-1.0795240640675139,0.25516234381529174,0.4476448257256944,0.20610688570380323,1.3730621244387815,0.17968096110303755,-1.1846195297297584,-0.4984973290754426
451,Texas,1988.0,16690000.0,-0.5911285555278701,2.829741811037986,1.0130299956428648,2.962889156484136,1.3730621244387815,-0.1969356183150835,-0.8340884226628258,-0.4984973290754426
452,Utah,1988.0,1662000.0,-1.3093552961354866,1.112147708086808,-0.8909355037535454,1.385396479866415,-0.8206576401278372,-1.0702227141844873,-0.947774187116966,-0.4984973290754426
453,Vermont,1988.0,532000.0,-1.1004907626906575,0.21620728409299775,-1.3502173030605484,0.47104230753200316,-1.2754532010745752,-1.1684438040053202,-1.1751457160252468,-0.4984973290754426
454,Virginia,1988.0,5970000.0,-0.6182579399183042,0.04563365630589704,-0.6431018999195476,0.16079386939231602,-0.5531308395709323,0.6842578213864481,-0.7014550307996621,-0.4984973290754426
455,Washington,1988.0,4625000.0,-1.2645083001675395,2.1404711401794567,0.12676955598580697,2.350783364066744,-1.1149371207404324,-0.6794215969805534,-0.6919812170951504,-0.4984973290754426
456,West Virginia,1988.0,1880000.0,-1.5439446071357363,-1.3596233522536685,-1.4293137770126996,-1.262060821273727,1.346309444383091,-0.954539271662427,-1.8098912342275302,-0.4984973290754426
457,Wisconsin,1988.0,4696000.0,-1.209415868817987,-0.016227227630581525,-1.0098414699953133,0.1550779277378798,-1.3557112412416465,-0.784081325181424,-0.3225024826191943,-0.4984973290754426
458,Wyoming,1988.0,454000.0,-0.788367040725175,-0.011451852229736574,-0.5254106631881923,0.0773503597764933,-0.874163000239218,-1.211625526810269,0.07539769297029687,-0.4984973290754426
459,Alabama,1989.0,4074000.0,-0.018609552723323233,0.3933774683566495,0.7387028859985475,0.30942436655252337,1.6138362449399957,0.8439263635503708,-1.1751457160252468,-0.31391358421523746
460,Alaska,1989.0,488000.0,1.2580699306647096,0.7420007248154855,0.4607477125748756,0.743475421056532,-0.6333888797380038,0.6950375766809301,1.5912078856921679,-0.31391358421523746
461,Arizona,1989.0,3556000.0,0.16213083184395455,2.82887859375542,0.749754702816546,3.0070518655951046,0.32970760226685314,-0.8706293243312002,0.38803354521918276,-0.31391358421523746
462,Arkansas,1989.0,2419000.0,-0.4028478303641613,0.2878219427267615,0.1516903042894286,0.2930269403470777,1.453320164605853,0.30533656192483233,-1.5635720779102262,-0.31391358421523746
463,California,1989.0,29350000.0,-0.27243368841135035,1.8477133637934184,2.4663072269303066,1.6253447020707796,0.008675441598567491,0.06290531374929459,0.33119066299211264,-0.31391358421523746
464,Colorado,1989.0,3258000.0,-0.7659339935282529,1.4527277853804217,0.19259015405284727,1.577205036659536,-0.20534599884695628,-0.6293184175843972,-0.10460476741542532,-0.31391358421523746
465,Connecticut,1989.0,3136000.0,-0.27732464266306867,0.9445028936566141,0.4191616172194573,0.9750567575954131,-2.6665925639704797,-0.5976301558635619,-0.00039281666579668,-0.31391358421523746
466,Delaware,1989.0,676000.0,0.9647716038658045,0.5128162843320707,0.537571256775832,0.47628041071673466,-0.7671522800164562,0.06601548661393475,-0.02881425777933176,-0.31391358421523746
467,Florida,1989.0,12760000.0,-0.17976134168422503,3.320991834761322,3.088519628870288,3.151700565400785,-0.09833527862419439,0.12960245415522686,0.17960964371992552,-0.31391358421523746
468,Georgia,1989.0,6197000.0,-0.04369950336511625,2.3148102245167164,1.516599682419341,2.3058358364377995,0.5704817227680674,1.5806735708949025,-0.796193167844779,-0.31391358421523746
469,Hawaii,1989.0,1086000.0,-0.6827502136624907,1.6484144798785398,-0.754378081399594,1.956394339538099,-0.41936743929248005,4.275529098598869,-0.4077668059597995,-0.31391358421523746
470,Idaho,1989.0,1014000.0,-0.9368983279132903,-0.14444328483642277,-0.8567358787817299,-0.013276264184624659,-0.12508795867988487,-1.0827884054215104,-1.0330385104575712,-0.31391358421523746
471,Illinois,1989.0,11560000.0,-0.7558810679358997,1.1201412640647987,1.930403200365831,0.910742153834028,-0.04482991851281345,0.07195441407023294,0.009080997038715014,-0.31391358421523746
472,Indiana,1989.0,5453000.0,-0.6833943255254395,0.30419862445500234,-0.10084074175109208,0.3544571152095634,0.22269688204409127,-0.5282656176465945,-1.383569617524504,-0.31391358421523746
473,Iowa,1989.0,2835000.0,-1.2606459249962012,-0.030918946381899085,-0.8002043076315617,0.10286642758255264,-0.6868942398493848,-1.0281139721152763,-1.1183028337981766,-0.31391358421523746
474,Kansas,1989.0,2434000.0,-0.6578791564243385,0.7295360980483004,-0.11519066275579988,0.8283625375455563,-0.5531308395709323,-0.6025797441550861,-0.9856694419350128,-0.31391358421523746
475,Kentucky,1989.0,3576000.0,-0.651730833236095,-0.48561474829109974,-0.31018592897369013,-0.48509885841480593,0.8647612033806631,-0.8528240575759983,-1.317252921592922,-0.31391358421523746
476,Louisiana,1989.0,4080000.0,0.4529517355331829,1.8520012732936155,1.867972254584164,1.7326386892651813,2.7909541673903764,1.2112245729679676,-0.5119787567094282,-0.31391358421523746
477,Maine,1989.0,1233000.0,-1.309271547210453,-0.4175982964503068,-1.4096282423098452,-0.22128923549130639,-0.6601415597936943,-1.2154187710863769,-1.2793576667748754,-0.31391358421523746
478,Maryland,1989.0,4567000.0,0.09831425627623952,1.141948719136118,2.05215570451074,0.9140479860825765,-1.0346790805733608,0.8605553403287469,-0.00039281666579668,-0.31391358421523746
479,Massachusetts,1989.0,5831000.0,-1.2455367163362099,0.7753771611170495,1.1453257331879705,0.6631486499165945,-1.0881844406847418,-0.6850777408034792,0.009080997038715014,-0.31391358421523746
480,Michigan,1989.0,9297000.0,-0.024652519405499725,1.3116554908534463,1.2517316176567874,1.2393266204579312,0.08893348176563891,0.006356582638144101,-0.21829053186956565,-0.31391358421523746
481,Minnesota,1989.0,4268000.0,-1.571044579397564,0.24410185843005688,-0.6732704202089298,0.3859472199141295,-0.44612011934817053,-0.7731080376799212,-0.7393502856177088,-0.31391358421523746
482,Mississippi,1989.0,2574000.0,-0.2151786608303206,-0.39756048236373487,-0.5669102978871685,-0.34350225166821446,2.4431693266664003,1.6916628968685947,-1.4593601271605976,-0.31391358421523746
483,Missouri,1989.0,5193000.0,-0.44210273813526496,0.6927885024988699,0.8842339848268107,0.6163522635501895,-0.07158259856850392,-0.3498689604750093,-0.7298764719131972,-0.31391358421523746
484,Montana,1989.0,816000.0,-1.0507390634863094,-0.13179536254960156,-1.5090470040934354,0.11253430942108866,0.7309978031022102,-0.7377977736195216,-1.1372504612072,-0.31391358421523746
485,National,1989.0,245426000.0,-0.31391358421523746,1.2064502276227553,1.0810789498702285,1.1519626393681115,-0.01682673221247506,-1.2514372579999407,,-0.31391358421523746
486,Nebraska,1989.0,1602000.0,-1.127993981123947,-0.01219506319489363,-0.7335364146396414,0.1121946851740499,-0.01807723845712298,-0.8338587501767147,-1.1561980886162233,-0.31391358421523746
487,Nevada,1989.0,1127000.0,0.6299359221142903,1.4771368361733608,0.8283068038218334,1.495312518285732,-0.5531308395709323,-0.34400697618034487,0.4543502411507646,-0.31391358421523746
488,New Hampshire,1989.0,1100000.0,-1.378641949225212,-0.369039925574704,-1.2530530825631427,-0.19430038062109214,-1.382463921297337,-1.2019414600157368,-0.7393502856177088,-0.31391358421523746
489,New Jersey,1989.0,7623000.0,-0.5176154079683426,0.8756999158553941,0.835740494182898,0.8274028827272859,-1.2487005210188846,-0.082704060066173,0.3785597315146711,-0.31391358421523746
490,New Mexico,1989.0,1519000.0,-0.7898107792280669,1.7868539731452013,1.2550229697641222,1.7654749121773519,1.7743523252741387,-0.49916636782226825,-0.3603977374372411,-0.31391358421523746
491,New York,1989.0,17940000.0,-0.34096857414880405,1.559275812725866,3.2287089471694506,1.174980466854154,-0.07158259856850392,0.16859999203522996,1.0417266908304896,-0.31391358421523746
492,North Carolina,1989.0,6301000.0,-0.39049332820444793,0.9702927581410272,0.6111084079575464,0.9707469796689715,-0.1785933187912658,0.5163746153876022,-0.8625098637763609,-0.31391358421523746
493,North Dakota,1989.0,642000.0,-1.585228666779979,-1.0793802146942328,-1.7402061004880545,-0.8981579382142136,-0.1785933187912658,-0.8972083813666586,-1.4877815682741327,-0.31391358421523746
494,Ohio,1989.0,10750000.0,-0.34963472649754634,0.48307785774741324,0.1716597463391434,0.5060272492757101,-0.6066361996823133,-0.3601625611817192,-0.6825074033906386,-0.31391358421523746
495,Oklahoma,1989.0,3126000.0,0.15461515021406458,1.111623088072503,0.3184184365068816,1.1775587409169985,0.49022368260099597,-0.11948327247802783,-1.1940933434342702,-0.31391358421523746
496,Oregon,1989.0,2915000.0,-0.7708364234355731,1.3170087218852835,0.29407520758779093,1.4093810822504975,-0.44612011934817053,-0.9719167693487624,-0.4835573155958931,-0.31391358421523746
497,Pennsylvania,1989.0,12140000.0,-1.016860679505374,-0.5752588060135727,-0.2937788917284298,-0.5872725764908512,-0.6601415597936943,-0.4836500893695189,-1.014090883048548,-0.31391358421523746
498,Rhode Island,1989.0,963000.0,-0.5036306698226556,0.9240976581555221,-0.21837092997795757,1.0616983289583652,-1.6499907218542418,-0.8038567483615985,-0.455135874482358,-0.31391358421523746
499,South Carolina,1989.0,3446000.0,0.6448876677991804,1.1488747596209385,1.8196210466464964,0.961576089092459,1.1055353238818768,1.0604003776582953,-1.1467242749117117,-0.31391358421523746
500,South Dakota,1989.0,696000.0,-0.94837441359999,-0.9888095226664573,-1.3942789409344019,-0.8570531206000341,0.08893348176563891,-0.5431534180722681,-1.317252921592922,-0.31391358421523746
501,Tennessee,1989.0,4833000.0,-0.7202011299318974,0.3471050680866523,0.5706716455700063,0.28693260913743607,1.4800728446615434,0.2527044645735167,-1.0330385104575712,-0.31391358421523746
502,Texas,1989.0,16890000.0,-0.48505435085716864,2.7673849990508876,1.0427531191349309,2.888678677302099,1.1322880039375673,-0.17029438157180105,-0.8340884226628258,-0.31391358421523746
503,Utah,1989.0,1683000.0,-1.1691936461965369,1.1750084260908238,-0.8203461775119252,1.4429741781462915,-1.2487005210188846,-1.070653312806156,-1.014090883048548,-0.31391358421523746
504,Vermont,1989.0,556000.0,-1.0505964140826702,0.027281821416629347,-1.411942972804297,0.2722147879591153,-1.3022058811302655,-1.233307791899093,-1.1183028337981766,-0.31391358421523746
505,Virginia,1989.0,6159000.0,-0.4452532422680307,0.027505705582429627,-0.6015808756686964,0.13358498290367415,-0.5263781595152419,0.4502639696094152,-0.6256645211635685,-0.31391358421523746
506,Washington,1989.0,4729000.0,-1.1446099122842794,1.8053416806302984,0.16937419464563952,1.9720227247782212,-0.874163000239218,-0.7417442736429463,-0.6635597759816153,-0.31391358421523746
507,West Virginia,1989.0,1799000.0,-1.4977906722974905,-1.218864723310051,-1.337486830945603,-1.1217803455152222,0.7577504831579007,-0.8844260931703033,-1.8004174205230186,-0.31391358421523746
508,Wisconsin,1989.0,4694000.0,-1.1555323422169739,0.13452493463059131,-0.9677266894099831,0.3149548399763369,-1.1951951609075038,-0.8703330534782396,-0.3225024826191943,-0.31391358421523746
509,Wyoming,1989.0,462000.0,-0.7078829421014274,-0.09582004193829523,-0.805737918703771,0.03187806850978533,-0.5263781595152419,-1.1650965110152733,0.28382159446955413,-0.31391358421523746
510,Alabama,1990.0,4063000.0,0.2367590310993893,0.5448435666715893,1.239280768311356,0.39152227581585225,1.694094285107067,0.7789253454625855,-1.1940933434342702,-0.18852799549995725
511,Alaska,1990.0,499000.0,1.0451649676671795,1.1149469792302373,0.6501102894618123,1.1243983850095456,-0.39261475923678957,0.43517259850585754,1.278572033443282,-0.18852799549995725
512,Arizona,1990.0,3521000.0,0.3492925043644874,2.9384430970129443,1.1202552327541424,3.064998191135913,0.22269688204409127,-0.9899200573549062,0.36908591781015937,-0.18852799549995725
513,Arkansas,1990.0,2411000.0,-0.2362774544689618,0.4419622513203403,0.3741775704807886,0.42574747641244576,1.801105005329829,-0.0852618948549506,-1.5446244505012028,-0.18852799549995725
514,California,1990.0,29770000.0,-0.10234331398918707,1.778665296066013,2.823789505791725,1.4875470049663115,0.2762022421554722,0.0573656392365655,0.6248788878319751,-0.18852799549995725
515,Colorado,1990.0,3367000.0,-0.67465061989533,1.2902571370021036,0.35428385016185676,1.3694110765788012,0.22269688204409127,-0.6554780861784805,-0.2467119729831007,-0.18852799549995725
516,Connecticut,1990.0,3265000.0,-0.13283474656119915,0.9301975585758862,0.5537044173598411,0.9361430230409117,-1.837259482244075,-0.542760283815323,0.09434532037932027,-0.18852799549995725
517,Delaware,1990.0,690000.0,0.915683142883658,0.7516018460705337,0.9037300326652002,0.678200078381853,-1.5964853617428607,0.4791311878236696,-0.1235523948244487,-0.18852799549995725
518,Florida,1990.0,13180000.0,-0.045100764088384336,3.2532173834469584,3.6464445523160545,2.9809631598002055,0.4099656424339245,0.0759883476436481,0.24592633965150737,-0.18852799549995725
519,Georgia,1990.0,6349000.0,0.04856508498218218,1.994608449289776,1.551623895502309,1.9449202321221981,0.7845031632135911,1.3799164627645104,-0.7109288445041737,-0.18852799549995725
520,Hawaii,1990.0,1100000.0,-0.6605290672418271,1.4552920099074458,-0.724622349435966,1.737236967759927,-0.49962547945955144,4.406557691955023,-0.22776434557407735,-0.18852799549995725
521,Idaho,1990.0,1048000.0,-0.9098978227077875,-0.16859907756507939,-0.8089932355365893,-0.048232687165087926,0.5437290427123769,-1.0590217855904123,-0.9572480008214778,-0.18852799549995725
522,Illinois,1990.0,11700000.0,-0.6321752395342319,1.2004054110000109,2.3591351937140965,0.9262322471287537,0.22269688204409127,0.18668670401655058,-0.02881425777933176,-0.18852799549995725
523,Indiana,1990.0,5480000.0,-0.6481859568711795,0.43685352037570213,0.19046844757878512,0.4515685731526029,0.03542812165425796,-0.6200330054769027,-1.014090883048548,-0.18852799549995725
524,Iowa,1990.0,2784000.0,-1.1677673517926515,-0.029775881285610664,-0.6506287357712761,0.0784994952169346,-0.6601415597936943,-1.031049348402909,-1.0804075789801297,-0.18852799549995725
525,Kansas,1990.0,2510000.0,-0.6616445880877694,0.716198195209745,0.015720160509267684,0.7911435493846,-0.6868942398493848,-0.5303852203512736,-0.9004051185944076,-0.18852799549995725
526,Kentucky,1990.0,3620000.0,-0.5508445055896386,-0.5563797485284424,-0.191772587166572,-0.5838285371947689,1.1857933640489482,-0.6724944062630168,-1.3362005490019455,-0.18852799549995725
527,Louisiana,1990.0,4034000.0,0.6730576481883629,1.9114034757761937,2.334802317101768,1.7184761418841321,2.871212207557448,0.908200811718975,-0.49303112930040477,-0.18852799549995725
528,Maine,1990.0,1231000.0,-1.2762433197672143,-0.31902203672595303,-1.3771955467668562,-0.11758505947550289,0.062180801709948434,-1.2064666709426808,-1.2414624119568287,-0.18852799549995725
529,Maryland,1990.0,4727000.0,0.1906642224377777,1.2718617163441652,2.2867934235582767,1.0178325338107783,-0.7939049600721466,0.8884493529666468,0.08487150667480857,-0.18852799549995725
530,Massachusetts,1990.0,5832000.0,-1.1643173824432618,0.9605747649533002,1.4952203742953496,0.8084584684623901,-0.5798835196266229,-0.7278779640668309,-0.00039281666579668,-0.18852799549995725
531,Michigan,1990.0,9187000.0,0.16419176192829463,1.3926943180252107,1.6819593667149895,1.25541903405877,0.3832129623782341,-0.03813137517017113,-0.18986909075603056,-0.18852799549995725
532,Minnesota,1990.0,4366000.0,-1.5708129309746983,0.300099053167683,-0.6140785450917278,0.437870623440835,-0.23209867890264674,-0.8558666735735573,-0.6825074033906386,-0.18852799549995725
533,Mississippi,1990.0,2663000.0,-0.1738490817373262,-0.2829193592375665,-0.5109427160019885,-0.22602505506886264,3.433018488726948,1.6246872053507269,-1.478307754569621,-0.18852799549995725
534,Missouri,1990.0,5238000.0,-0.3426645392775765,0.6271241656952227,1.2119237520620512,0.48741088149989203,0.14243884187701986,-0.18308325648914012,-0.8056669815492907,-0.18852799549995725
535,Montana,1990.0,820000.0,-0.9869708037696107,0.1841089834288799,-1.319664602041533,0.4302283414031281,0.9182665634920435,-0.6342379307011055,-1.1467242749117117,-0.18852799549995725
536,National,1990.0,248087000.0,-0.18852799549995725,1.2266666663867778,1.3744132716441233,1.1240996909660923,0.16609177955120383,-1.2515044092455938,,-0.18852799549995725
537,Nebraska,1990.0,1617000.0,-1.1324275299303102,-0.013717796472473977,-0.5423233095087581,0.0777372256717584,-0.6868942398493848,-0.9155447346857258,-1.1372504612072,-0.18852799549995725
538,Nevada,1990.0,1218000.0,0.5337362260299597,1.3333877556204923,0.7189639046553004,1.3547192541656783,-0.8206576401278372,-0.6288510131017928,0.5396145644913699,-0.18852799549995725
539,New Hampshire,1990.0,1085000.0,-1.2764393067824633,-0.2915251826718802,-1.4164218020297648,-0.08038490617987945,-1.7570014420770035,-1.1673280624198739,-0.5972430800500335,-0.18852799549995725
540,New Jersey,1990.0,7741000.0,-0.41399653131297653,0.9420017674453955,0.9691187913376066,0.8780341236868104,-0.9811737204619799,0.10936542455199204,0.40698117262820616,-0.18852799549995725
541,New Mexico,1990.0,1524000.0,-0.7827563533887879,1.8100254247629162,1.569994045013126,1.7371792585216144,2.1488898460538053,-0.4270783220042556,-0.2846072278011475,-0.18852799549995725
542,New York,1990.0,18040000.0,-0.23278379080286854,1.594960851965771,3.4425943091321476,1.177878768746989,0.3832129623782341,0.24873419852533876,1.1364648278756067,-0.18852799549995725
543,North Carolina,1990.0,6377000.0,-0.3228512357795542,1.1312057684400783,0.9760774935488783,1.086556211215508,0.03542812165425796,0.544057397696759,-0.796193167844779,-0.18852799549995725
544,North Dakota,1990.0,635000.0,-1.5516336544381282,-0.8581994683184557,-1.6965293467395974,-0.6604853211466057,0.22269688204409127,-0.8184606354066846,-1.5351506367966912,-0.18852799549995725
545,Ohio,1990.0,10890000.0,-0.3026055140181103,0.49893380389603914,0.3055036490576223,0.5006642039150945,-0.3658620791810991,-0.39135655081096016,-0.6635597759816153,-0.18852799549995725
546,Oklahoma,1990.0,3091000.0,0.30547518439533594,1.127752460890175,0.5523447537909085,1.1553468730899576,0.7309978031022102,-0.060435837935143434,-1.1561980886162233,-0.18852799549995725
547,Oregon,1990.0,2891000.0,-0.693546112800067,1.02218591309662,0.2780306940955975,1.0853476891007543,-0.9811737204619799,-0.912215196599609,-0.4456620607778463,-0.18852799549995725
548,Pennsylvania,1990.0,12100000.0,-0.9266754455947834,-0.5171881105183033,-0.07139758682173344,-0.5610179169311108,-0.49962547945955144,-0.4734030980807847,-0.9667218145259895,-0.18852799549995725
549,Rhode Island,1990.0,946000.0,-0.5300419422785818,1.1135367485204697,0.09111502315997218,1.2186345785796535,-1.435969281408718,-0.7693251479127217,-0.27513341409663583,-0.18852799549995725
550,South Carolina,1990.0,3391000.0,0.9601247182164604,1.50100154819236,2.634136882099754,1.212285351644375,0.8915138834363531,1.2118147694755732,-1.0993552063891532,-0.18852799549995725
551,South Dakota,1990.0,696000.0,-0.8778033644178661,-0.8801664668660647,-1.2845298892837806,-0.7554411539909215,0.11568616182132938,-0.5046309048799743,-1.260410039365852,-0.18852799549995725
552,Tennessee,1990.0,4927000.0,-0.7728317197025244,0.6253608819173646,1.048305980709734,0.5134968796811094,1.0787826438261863,0.37497407535207694,-1.042512324162083,-0.18852799549995725
553,Texas,1990.0,16870000.0,-0.27706422620060295,2.7000354192630796,1.5282990171950372,2.7308163493614903,0.8112558432692816,-0.07921376391103328,-0.7298764719131972,-0.18852799549995725
554,Utah,1990.0,1739000.0,-1.161769540690174,1.0628089894409802,-0.7324886499250933,1.3035549483472249,-1.2487005210188846,-0.9566936090404349,-0.9667218145259895,-0.18852799549995725
555,Vermont,1990.0,564000.0,-0.9164010471370001,0.14391596584256428,-1.4514458379734836,0.4082625610040089,-0.5263781595152419,-1.2499555904884947,-1.0614599515711065,-0.18852799549995725
556,Virginia,1990.0,6322000.0,-0.38310526066919925,0.1544751947175729,-0.44446094285246895,0.24739174843358486,-0.472872799403861,0.4751719557228658,-0.38881917855077613,-0.18852799549995725
557,Washington,1990.0,4880000.0,-1.044458564362035,1.493876823634549,0.2870405470574891,1.606628147590907,-1.0614317606290513,-0.6737551047444424,-0.7014550307996621,-0.18852799549995725
558,West Virginia,1990.0,1810000.0,-1.491530674617452,-1.1892348951269625,-1.261486433573039,-1.1019632671254032,1.399814804494472,-0.9245250645815275,-1.790943606818507,-0.18852799549995725
559,Wisconsin,1990.0,4815000.0,-1.095284275925247,0.24029333322035124,-0.7902501308713753,0.4017735406684375,-0.9544210404062895,-0.8054763293050619,-0.2467119729831007,-0.18852799549995725
560,Wyoming,1990.0,463000.0,-0.605817466138181,-0.004671491373795245,-0.6675737713858914,0.10922932611548902,-0.49962547945955144,-1.1496043716137034,0.1985572711289489,-0.18852799549995725
561,Alabama,1991.0,4178000.0,0.32688277800017973,0.806404428362158,1.8053382528290711,0.5844280261923619,1.5870835648843054,1.0990449908825934,-1.0519861378665947,-0.08797739838267306
562,Alaska,1991.0,525000.0,0.9872506955034108,1.4826015281714227,1.0614727220156774,1.4614101807310673,-0.2856040390140277,0.7302978459673346,1.2596244060342587,-0.08797739838267306
563,Arizona,1991.0,3603000.0,0.4811060115748754,2.575416126827552,1.2086949326700025,2.6474607071061116,0.5169763626566865,-0.9428711717987918,0.350138290401136,-0.08797739838267306
564,Arkansas,1991.0,2450000.0,-0.15949140784327095,0.6327384051547857,0.6324626411681623,0.5929404212059033,1.1857933640489482,0.10423104218185106,-1.5256768230921793,-0.08797739838267306
565,California,1991.0,30740000.0,-0.07737258269992793,1.8448290056770789,2.9743368587857293,1.5350827360690797,0.7577504831579007,-0.022308626472423362,0.7575122796951389,-0.08797739838267306
566,Colorado,1991.0,3319000.0,-0.5300816954929283,1.4753635314053324,0.6077286858126791,1.5311491400335056,-0.6601415597936943,-0.6782200326980683,-0.23723815927858904,-0.08797739838267306
567,Connecticut,1991.0,3341000.0,-0.09260653929577203,0.8297810837176776,0.4333016364723024,0.8454752507516532,-1.1416898007961227,-0.3042818367805001,0.11329294778834365,-0.08797739838267306
568,Delaware,1991.0,709000.0,1.0382805424582568,1.0786353581559562,1.147979933789676,0.9988266697436189,-1.435969281408718,0.5295413486719176,-0.18986909075603056,-0.08797739838267306
569,Florida,1991.0,13410000.0,0.013995155251461625,3.1188883779350274,3.4187241897839735,2.8710984061855656,0.6774924429908292,0.06512634395857084,0.4354026137417413,-0.08797739838267306
570,Georgia,1991.0,6265000.0,0.19877046444823068,1.9681136424628478,1.592233346583738,1.9085937040840864,1.1590406839932577,1.4954615769943076,-0.7298764719131972,-0.08797739838267306
571,Hawaii,1991.0,1164000.0,-0.6507862707298769,1.217128790369518,-0.9447479844029198,1.510980289409748,-1.382463921297337,4.0009401897817645,-0.18986909075603056,-0.08797739838267306
572,Idaho,1991.0,1035000.0,-0.7947039987125664,0.057928606059305665,-0.6854936507877336,0.18168665174909224,0.2762022421554722,-0.9281060551538338,-0.8909313048898959,-0.08797739838267306
573,Illinois,1991.0,11800000.0,-0.565388214447344,1.3444873805812585,2.692074328587425,1.0288750876007071,0.1691915219327103,0.21760107673337492,-0.02881425777933176,-0.08797739838267306
574,Indiana,1991.0,5533000.0,-0.5583882065233917,0.5424975231122866,0.3436647781400962,0.5424104815012494,0.7577504831579007,-0.527635763163844,-1.317252921592922,-0.08797739838267306
575,Iowa,1991.0,2821000.0,-1.1421055333548875,-0.025649816419414127,-0.6431309386783531,0.0817878910746416,-0.874163000239218,-1.1009865591073142,-1.0235646967530596,-0.08797739838267306
576,Kansas,1991.0,2580000.0,-0.6690482154309204,0.8788947857077138,0.20755609015514329,0.9386008650841988,-0.15184063873557532,-0.6189280690292143,-0.8530360500718491,-0.08797739838267306
577,Kentucky,1991.0,3640000.0,-0.43556785471699533,-0.5083789007424349,0.03810502654734802,-0.5700200466641007,1.5870835648843054,-0.788717671799738,-1.2035671571387818,-0.08797739838267306
578,Louisiana,1991.0,4185000.0,0.7707893136806563,1.7253447117077083,2.457760702549764,1.491175364189196,1.6405889249956862,0.9690602875024774,-0.38881917855077613,-0.08797739838267306
579,Maine,1991.0,1213000.0,-1.2389569799544402,-0.2128142239943592,-1.4164685162990471,0.006866716802679388,0.32970760226685314,-1.1846876806700715,-1.1940933434342702,-0.08797739838267306
580,Maryland,1991.0,4767000.0,0.34727587808393745,1.583471834746685,2.497562604944467,1.3271016064557288,-1.0079264005176705,0.9755191286237167,0.31224303558308925,-0.08797739838267306
581,Massachusetts,1991.0,5803000.0,-1.0536365941610903,0.9850343077477787,1.499898454779326,0.8347678285927375,-0.49962547945955144,-0.7050218773477946,-0.17092146334700717,-0.08797739838267306
582,Michigan,1991.0,9263000.0,0.28100516265969694,1.4950937974997318,1.7400972679924558,1.3589555878282753,0.32970760226685314,-0.02577556973325903,-0.18039527705151887,-0.08797739838267306
583,Minnesota,1991.0,4384000.0,-1.5335232521426396,0.2981001379549099,-0.5547118844505308,0.4254808965594805,0.008675441598567491,-0.8037940009361069,-0.6256645211635685,-0.08797739838267306
584,Mississippi,1991.0,2681000.0,-0.07203177417249418,-0.03665503546171147,-0.2906902287220107,0.009189187767795896,2.8979648876131385,1.740191974907074,-1.506729195683156,-0.08797739838267306
585,Missouri,1991.0,4993000.0,-0.1513659473495105,1.0536428945095013,1.628714814074106,0.8887376804959575,0.5169763626566865,-0.3325593363734185,-0.8246146089583141,-0.08797739838267306
586,Montana,1991.0,822000.0,-0.9521559794814536,-0.3928632772903018,-1.4024510151471261,-0.1951028338983588,0.6774924429908292,-0.639472359622536,-1.0804075789801297,-0.08797739838267306
587,National,1991.0,250659000.0,-0.08797739838267306,1.2976867178449976,1.5096317620120123,1.1796452400680677,0.35863990975302623,-1.2510440881667955,,-0.08797739838267306
588,Nebraska,1991.0,1661000.0,-1.1123845609785252,0.031914863882347086,-0.5481394732535437,0.12931345338918565,-0.9009156802949085,-0.9018126543602769,-1.0898813926846416,-0.08797739838267306
589,Nevada,1991.0,1237000.0,0.7289916006547662,1.7330620887540438,1.2304165761852364,1.7100687067114118,-0.39261475923678957,-0.37412889809960354,0.59645744671844,-0.08797739838267306
590,New Hampshire,1991.0,1107000.0,-1.190941723347365,-0.4968930018098105,-1.4881938500448422,-0.29571549045740053,-1.4894746415200988,-1.0241870005187796,-0.5309263841184515,-0.08797739838267306
591,New Jersey,1991.0,7736000.0,-0.23706683351768582,0.9481548679666771,0.9228995379393705,0.892775198300324,-0.8474103201835276,0.17732516095330306,0.3785597315146711,-0.08797739838267306
592,New Mexico,1991.0,1554000.0,-0.831370402918749,1.8162127563612969,1.8302415230451086,1.699436723951339,2.550180046889162,-0.4526325822709668,-0.27513341409663583,-0.08797739838267306
593,New York,1991.0,17910000.0,-0.12429258173332151,1.5588818693374393,3.423272416023039,1.1411999861740756,0.6507397629351388,0.21358667890711044,1.1459386415801183,-0.08797739838267306
594,North Carolina,1991.0,6641000.0,-0.3463614891410479,1.3267316216371057,1.068087555838275,1.2875095680886894,0.436718322489615,0.709951626617119,-0.796193167844779,-0.08797739838267306
595,North Dakota,1991.0,635000.0,-1.543443621050878,-0.9633297727173562,-1.7383381078024303,-0.7698471846420107,0.436718322489615,-0.7289150873901706,-1.5446244505012028,-0.08797739838267306
596,Ohio,1991.0,11060000.0,-0.12364694707341464,0.6095318090041906,0.5454991220966773,0.582121719211275,0.14243884187701986,-0.3440925325672473,-0.5593478252319867,-0.08797739838267306
597,Oklahoma,1991.0,3173000.0,0.43825479470310597,1.1095732266130214,0.6777214940463379,1.1137101473298547,1.1055353238818768,-0.08492717323077797,-1.0709337652756181,-0.08797739838267306
598,Oregon,1991.0,2967000.0,-0.6800424066937378,1.1063677020933604,0.2798068499590224,1.1783508083415581,0.1691915219327103,-0.8558583238458787,-0.5309263841184515,-0.08797739838267306
599,Pennsylvania,1991.0,12150000.0,-0.8788353314812876,-0.45250330331230726,0.020581312079302364,-0.5050840840230928,-0.49962547945955144,-0.4524160192729197,-0.8719836774808726,-0.08797739838267306
600,Rhode Island,1991.0,949000.0,-0.3038852802324382,0.8640775416658043,0.2335710681685962,0.9177189722195855,-0.6601415597936943,-0.8827839083980489,-0.23723815927858904,-0.08797739838267306
601,South Carolina,1991.0,3538000.0,0.9926628990250917,1.5022985687094743,2.514987983529538,1.234142434964675,0.9450192435477339,1.3650390005666186,-1.0519861378665947,-0.08797739838267306
602,South Dakota,1991.0,689000.0,-0.8388154655655206,-0.7127603502076318,-1.1767787295872583,-0.5883535250691253,0.30295492221116266,-0.6543596275078291,-1.3077791078884105,-0.08797739838267306
603,Tennessee,1991.0,4787000.0,-0.6061063426490637,1.023494195737751,1.4556049132368771,0.8849878827683346,0.7042451230465198,0.1702013090075676,-1.0614599515711065,-0.08797739838267306
604,Texas,1991.0,16960000.0,-0.23045340711477008,2.7847049132402923,1.9597342125270982,2.750726082750514,1.239298724160329,-0.16053674760887293,-0.7014550307996621,-0.08797739838267306
605,Utah,1991.0,1717000.0,-1.1077278028909374,1.1876550705068254,-0.6655161314101586,1.4304573706887809,0.008675441598567491,-1.0059874570179377,-1.0046170693440362,-0.08797739838267306
606,Vermont,1991.0,579000.0,-0.8753814503252398,-0.1860223140214885,-1.5102033704755116,0.05262706267282624,-0.07158259856850392,-1.1799847646238808,-1.0898813926846416,-0.08797739838267306
607,Virginia,1991.0,6144000.0,-0.12621844747341318,0.41934958042118553,-0.2643556766235694,0.5101138130335048,-0.7939049600721466,0.586529087486904,-0.549874011527475,-0.08797739838267306
608,Washington,1991.0,4989000.0,-0.9306691206270152,1.5909434337282125,0.40549130325215205,1.6939174465741977,-0.9009156802949085,-0.42648685628340444,-0.5688216389364983,-0.08797739838267306
609,West Virginia,1991.0,1830000.0,-1.5168844417422545,-1.0876677489322655,-1.167200210414989,-1.0055442904844718,1.346309444383091,-0.928026610387616,-1.819365047932042,-0.08797739838267306
610,Wisconsin,1991.0,4952000.0,-1.074676673740328,0.2427024321393656,-0.7520076330113408,0.3978898880971498,-0.7939049600721466,-0.7780193003910382,-0.17092146334700717,-0.08797739838267306
611,Wyoming,1991.0,470000.0,-0.6399745124632712,0.11809788476445492,-0.6285956312076078,0.23862752944199095,-0.7939049600721466,-1.1404445484268897,0.1985572711289489,-0.08797739838267306
612,Alabama,1992.0,4226000.0,0.3953128224173589,0.7377018096567236,1.930699081038052,0.4867936573794866,1.1857933640489482,0.8812504705235713,-0.9288265597079427,0.001156416048560563
613,Alaska,1992.0,572000.0,0.9031474890143805,1.1407282302641486,1.1142019521806434,1.0734395087468749,-0.7136469199050752,0.8056868753861648,1.3638363567838874,0.001156416048560563
614,Arizona,1992.0,3851000.0,0.4812503585427757,2.0613212898707007,1.0663108050822216,2.102036897137676,0.7845031632135911,-0.9147593262070328,0.27434778076504246,0.001156416048560563
615,Arkansas,1992.0,2463000.0,-0.047394936025752225,0.3646981945067848,0.5727684629788782,0.3060735701077383,1.239298724160329,-0.013659927297732284,-1.4404124997515741,0.001156416048560563
616,California,1992.0,31700000.0,0.004813151095130889,1.7085064214551868,3.035476423805071,1.3735041516758304,0.9450192435477339,0.029096300520023658,0.9280409263763494,0.001156416048560563
617,Colorado,1992.0,3478000.0,-0.49635876311622457,1.3060194957714553,0.6471270742661109,1.3366953669764663,-0.5531308395709323,-0.48137621725038937,-0.114078581119937,0.001156416048560563
618,Connecticut,1992.0,3272000.0,0.022664141659990734,0.6735539511319649,0.2707124748749327,0.700176471656972,-0.8206576401278372,-0.22631695912927866,0.14171438890187874,0.001156416048560563
619,Delaware,1992.0,709000.0,1.319463987735144,0.41780537918893507,0.7689305929929836,0.33132003047218006,-1.3557112412416465,0.44264631671568905,-0.06670951259737853,0.001156416048560563
620,Florida,1992.0,13710000.0,0.04467879031446824,2.9463873139344936,3.4889203857812423,2.6678673110524045,0.7309978031022102,0.10685942872003695,0.46382405485527634,0.001156416048560563
621,Georgia,1992.0,6664000.0,0.20179464899849445,1.6977529518499448,1.4166687649716072,1.6390124199958338,1.2928040842717101,1.343949303225847,-0.7867193541402673,0.001156416048560563
622,Hawaii,1992.0,1187000.0,-0.5667374827417,1.3260926585632327,-0.8663567312702567,1.618321872177808,-0.44612011934817053,4.224081157956695,-0.01934044407482007,0.001156416048560563
623,Idaho,1992.0,1095000.0,-0.8006312778553547,-0.1710843533995613,-0.7653926737153712,-0.05845954146136806,0.6239870828794484,-1.0984836022265814,-0.5877692663455217,0.001156416048560563
624,Illinois,1992.0,11890000.0,-0.4534658219181799,1.0861204147686525,2.4097988138739463,0.7908755775342601,0.7309978031022102,0.2577216084341604,0.15118820260639043,0.001156416048560563
625,Indiana,1992.0,5622000.0,-0.5578408109265927,0.42399047296629905,0.34250472938821,0.41125548546924845,-0.2856040390140277,-0.33792559368903125,-1.2414624119568287,0.001156416048560563
626,Iowa,1992.0,2846000.0,-1.0738299076212128,-0.1596333451675045,-0.7636018762622624,-0.04607408978721053,-0.3658620791810991,-1.0237791992144254,-0.9383003734124544,0.001156416048560563
627,Kansas,1992.0,2510000.0,-0.6033989123981429,0.8756636934000144,0.3488065593241398,0.9108123315577865,-0.472872799403861,-0.5073105915325407,-0.6256645211635685,0.001156416048560563
628,Kentucky,1992.0,3720000.0,-0.38125635643061245,-0.5593600448425351,0.4747707227936489,-0.701362544688316,1.8278576853855195,-0.7717119776929092,-1.2793576667748754,0.001156416048560563
629,Louisiana,1992.0,4256000.0,0.8573642581174294,1.7734432829255007,2.5764950323282996,1.5241396477020763,3.111986328058662,1.078199725093955,-0.19934290446054226,0.001156416048560563
630,Maine,1992.0,1239000.0,-1.2827249875914684,-0.44602641078372796,-1.4352493060644136,-0.24840822055817047,0.1691915219327103,-1.1151532898886458,-1.2225147845478053,0.001156416048560563
631,Maryland,1992.0,4946000.0,0.3427926024934604,1.4728675665439748,2.5795937438390064,1.190448982135608,-0.2856040390140277,0.8967488413796696,-0.009866630370308374,0.001156416048560563
632,Massachusetts,1992.0,5843000.0,-0.9969587490770351,0.723045469785549,1.6820237915066862,0.5131658865748596,-0.6868942398493848,-0.8039368412204966,-0.2656596003921241,0.001156416048560563
633,Michigan,1992.0,9322000.0,0.4333721194061728,1.1149841966903975,1.5882474886228395,0.9636638797519393,0.1959442019884008,-0.008904601488061983,-0.1330262085289604,0.001156416048560563
634,Minnesota,1992.0,4318000.0,-1.479689831742284,0.4547051847002142,-0.409216451929806,0.574128040861559,0.03542812165425796,-0.7238634202839933,-0.2656596003921241,0.001156416048560563
635,Mississippi,1992.0,2725000.0,-0.10280756470991008,-0.016926469154934717,-0.20309456129796122,0.01604448811887119,3.1387390081143525,1.8797312215205393,-1.3077791078884105,0.001156416048560563
636,Missouri,1992.0,5062000.0,-0.1424260349505814,0.7903620355466057,1.4949385326135753,0.6198421358769151,0.7577504831579007,-0.2873435088849506,-0.7867193541402673,0.001156416048560563
637,Montana,1992.0,855000.0,-0.9449485496644615,0.21455581628882228,-1.2800802860985447,0.45719189462667786,0.24944956209978172,-0.49853635951069203,-1.014090883048548,0.001156416048560563
638,National,1992.0,255960000.0,0.001156416048560563,1.0868901582370218,1.4733773880097212,0.9522104770781235,0.5178041530381562,-1.251083647959786,,0.001156416048560563
639,Nebraska,1992.0,1606000.0,-1.0866070264701566,0.13862423761644863,-0.41923063743782163,0.22549855823763126,-0.6066361996823133,-0.8588258791128418,-1.0898813926846416,0.001156416048560563
640,Nevada,1992.0,1353000.0,0.5923001113278737,1.4064581871772326,1.1405036384147569,1.363468390249432,0.49022368260099597,-0.39438100202553156,0.8996194852628142,0.001156416048560563
641,New Hampshire,1992.0,1114000.0,-1.0694027568124038,-0.7628377252315967,-1.4586484393392418,-0.5955533649750568,-1.1149371207404324,-0.9855638816807749,-0.4172406196643112,0.001156416048560563
642,New Jersey,1992.0,7803000.0,-0.31359407461028543,0.6652245431490031,0.8668737998242771,0.5887753820913433,-0.6868942398493848,0.07539642644986555,1.032252877125978,0.001156416048560563
643,New Mexico,1992.0,1611000.0,-0.8178848407887016,1.5718935258732805,2.2306736145266153,1.3600069619084678,2.3361586064436386,-0.46471110665600496,-0.01934044407482007,0.001156416048560563
644,New York,1992.0,17980000.0,-0.007055711583312928,1.2762323056757756,3.2239499272076686,0.8620692287410466,0.7577504831579007,0.2851319683142752,1.1648862689891417,0.001156416048560563
645,North Carolina,1992.0,6813000.0,-0.2563361371661838,1.2215473551611635,1.1430294702412087,1.1580794352786932,0.7845031632135911,0.7929485732328433,-0.7772455404357556,0.001156416048560563
646,North Dakota,1992.0,616000.0,-1.5437050993895403,-0.8166307715741147,-1.6419964907599998,-0.6237560846025799,-0.20534599884695628,-0.7119172030602481,-1.383569617524504,0.001156416048560563
647,Ohio,1992.0,11180000.0,-0.007550266849784056,0.33524726671272714,0.3708652073719838,0.3080317229376966,-0.09833527862419439,-0.3522120654345596,-0.455135874482358,0.001156416048560563
648,Oklahoma,1992.0,3269000.0,0.6287029426375917,0.8680535745708158,0.807559718937214,0.8237571954008583,1.5335782047729243,0.20825504201226802,-1.042512324162083,0.001156416048560563
649,Oregon,1992.0,3039000.0,-0.7394372273053441,1.1310871205245099,0.2851665380091065,1.2048314036079952,-0.39261475923678957,-0.7822526766553846,-0.4740835018913814,0.001156416048560563
650,Pennsylvania,1992.0,12020000.0,-0.7905593954591171,-0.5343009328805051,-0.05583600943714525,-0.5826527608664339,-0.2588513589583372,-0.4998365138627838,-0.8151407952538023,0.001156416048560563
651,Rhode Island,1992.0,960000.0,-0.3208109806524854,0.47606359978159374,-0.1190317668385805,0.5480706420389994,-0.12508795867988487,-0.8855905896124071,-0.04776188518835515,0.001156416048560563
652,South Carolina,1992.0,3675000.0,0.9402363133697678,1.1854105500953487,2.2700517858153533,0.9248787748165107,1.6405889249956862,1.3272815864305163,-1.0709337652756181,0.001156416048560563
653,South Dakota,1992.0,705000.0,-0.772347782588719,-0.7973075893462266,-1.1290444723357902,-0.690246689770288,0.5972344028237578,-0.5793405675862323,-1.1940933434342702,0.001156416048560563
654,Tennessee,1992.0,5036000.0,-0.6315600923349868,0.7143796789467974,1.4243229758704994,0.5477248435834152,1.1055353238818768,-0.009452485563687723,-0.9667218145259895,0.001156416048560563
655,Texas,1992.0,17920000.0,-0.04133294680927262,2.0325536743753596,1.65762152821341,1.968813281726638,1.453320164605853,-0.13682847080275176,-0.6161907074590568,0.001156416048560563
656,Utah,1992.0,1830000.0,-1.1389121632066224,1.0617977083707677,-0.702199490414601,1.2972431541320824,-0.927668360350599,-1.0789044608020883,-0.9383003734124544,0.001156416048560563
657,Vermont,1992.0,582000.0,-0.7461021232092137,-0.570249483172493,-1.54335910545026,-0.3675700860856022,-0.6333888797380038,-1.1871306974530937,-0.9761956282305012,0.001156416048560563
658,Virginia,1992.0,6241000.0,-0.02835626699428822,0.18772244573776553,-0.2585618013489074,0.25238420672055684,-0.9009156802949085,0.5212294466528915,-0.5309263841184515,0.001156416048560563
659,Washington,1992.0,5138000.0,-0.8711125832431472,1.4682787352671114,0.4459942803806644,1.5510139806635612,-0.44612011934817053,-0.4680478906934832,-0.4172406196643112,0.001156416048560563
660,West Virginia,1992.0,1795000.0,-1.4522658120321883,-1.0781425038194214,-1.048153367559485,-1.0153884308056491,2.523427366833472,-0.9033566517722862,-1.8098912342275302,0.001156416048560563
661,Wisconsin,1992.0,5118000.0,-1.0663532842084116,0.06756476079340694,-0.7863183689425751,0.20964651767056383,-0.5263781595152419,-0.6720418697182935,-0.114078581119937,0.001156416048560563
662,Wyoming,1992.0,475000.0,-0.6979927008262219,0.25700666082893414,-0.5826868172460629,0.38472696108811516,-0.6868942398493848,-1.1009071182722068,0.8711980441492791,0.001156416048560563
663,Alabama,1993.0,4168000.0,0.5908696477662434,0.554130199039278,1.6087314757623925,0.33850002775493687,1.2125460441046387,0.9366183369283055,-0.9856694419350128,0.17404077204120239
664,Alaska,1993.0,570000.0,0.7490712508638561,1.2384297572205545,1.6809275251400628,1.0846082639205559,-1.0079264005176705,0.6871477328545286,1.5533126308741212,0.17404077204120239
665,Arizona,1993.0,4003000.0,0.5799383026149838,2.287049458069639,1.2316934580424042,2.323892226993209,0.6774924429908292,-0.6564078048061716,-0.03828807148384346,0.17404077204120239
666,Arkansas,1993.0,2421000.0,0.06747832392931342,0.49340704013209896,0.7239545441036134,0.4228251766162915,1.908115725552591,0.08819348050294569,-1.411991058638039,0.17404077204120239
667,California,1993.0,31970000.0,0.17692863927492541,1.5642138038684845,2.8579294649409928,1.2439970805144962,1.4265674845501624,0.03214349095320786,0.8427766030357441,0.17404077204120239
668,Colorado,1993.0,3564000.0,-0.45703553903287497,1.0070130568807476,0.6009082561801743,1.0131960191520581,-0.7939049600721466,-0.48634401249926595,-0.3035548552101709,0.17404077204120239
669,Connecticut,1993.0,3259000.0,0.43638183861713303,0.39211694533199803,0.09372075316772778,0.4185627247782425,-1.1684424808518132,-0.5420062878097076,-0.14250002223347208,0.17404077204120239
670,Delaware,1993.0,711000.0,1.4304357033036021,0.47906010274207217,1.1023199769259062,0.3420795777873487,-0.7136469199050752,0.1312600540499277,-0.14250002223347208,0.17404077204120239
671,Florida,1993.0,14120000.0,0.17979147749321606,2.850830463153511,3.3991528819600996,2.5773357681311606,1.3195567643274007,0.16018973688742041,0.6438265152409985,0.17404077204120239
672,Georgia,1993.0,6825000.0,0.361138143111328,1.5446450701915857,1.3707538447246093,1.4771756757274543,0.1691915219327103,1.2067741227463484,-0.6351383348680801,0.17404077204120239
673,Hawaii,1993.0,1135000.0,-0.3981257802755644,1.692380850987672,-0.7866079817518093,2.0106503683392676,-1.3022058811302655,4.063660952842971,0.12276676149285534,0.17404077204120239
674,Idaho,1993.0,1145000.0,-0.6759835782384701,-0.3175031546197931,-0.7829344086630675,-0.21774460586053326,0.062180801709948434,-1.1038678766440975,-0.7677717267312439,0.17404077204120239
675,Illinois,1993.0,11730000.0,-0.29184600816829087,1.059037004186336,2.4147836744388527,0.7600018971082443,0.1959442019884008,0.3291867845076624,0.12276676149285534,0.17404077204120239
676,Indiana,1993.0,5751000.0,-0.5372402877538456,0.2189506918963456,0.2201615573722814,0.2049552610725511,-0.1785933187912658,-0.42150905258005344,-1.2319885982523169,0.17404077204120239
677,Iowa,1993.0,2809000.0,-0.983575258252239,-0.20037970783647188,-0.5240684672534538,-0.13228823532801445,-0.6868942398493848,-0.984978414275146,-0.947774187116966,0.17404077204120239
678,Kansas,1993.0,2496000.0,-0.6652998849858576,0.6578491005499332,0.3017608711006999,0.6774481358671484,0.062180801709948434,-0.5147417702578981,-0.6730335896861269,0.17404077204120239
679,Kentucky,1993.0,3740000.0,-0.37812304166214855,-0.597118965346829,0.1403791084624933,-0.6859074674067747,2.0151264457753526,-0.7192129969999963,-1.2698838530703638,0.17404077204120239
680,Louisiana,1993.0,4246000.0,1.0665798968973346,2.012137235394903,2.959349232828534,1.7230965524082713,3.6202872491167812,1.2363401361017023,-0.22776434557407735,0.17404077204120239
681,Maine,1993.0,1276000.0,-1.3259106574598656,-0.7698961168099605,-1.474035596540812,-0.6007399062435369,0.6774924429908292,-1.053763842675681,-1.288831480479387,0.17404077204120239
682,Maryland,1993.0,4925000.0,0.38641833753838606,1.4579692200352916,2.642333165227043,1.1631834457504777,-0.8474103201835276,1.0319151364284604,-0.114078581119937,0.17404077204120239
683,Massachusetts,1993.0,5991000.0,-1.0045435557172935,0.5613981554309145,1.7195298732284812,0.3275674966769343,-0.5798835196266229,-0.6929839283743057,-0.20881671816505396,0.17404077204120239
684,Michigan,1993.0,9560000.0,0.3854034784323566,0.9176066960959655,1.612296273034233,0.7407682542284479,0.6774924429908292,-0.034416392196790914,-0.3414501100282177,0.17404077204120239
685,Minnesota,1993.0,4354000.0,-1.4337515983208917,0.321630578185527,-0.332650802479268,0.41350584483536473,-0.3391093991254086,-0.789390032687155,-0.4835573155958931,0.17404077204120239
686,Mississippi,1993.0,2584000.0,0.22430796224840702,0.27914062927283917,0.02418383600784104,0.30525628951090733,3.165491688170043,1.6942761211235677,-1.4593601271605976,0.17404077204120239
687,Missouri,1993.0,5185000.0,-0.18817693902625296,0.7288095810209293,1.4572788846823428,0.5580711121390151,0.8647612033806631,-0.37388758756308704,-0.7677717267312439,0.17404077204120239
688,Montana,1993.0,850000.0,-0.9435531167312985,0.42953902185267206,-1.2268258219116102,0.6863537211069144,0.5437290427123769,-0.5516593430703793,-1.0046170693440362,0.17404077204120239
689,National,1993.0,258688000.0,0.17404077204120239,0.9623747251559828,1.425032500574888,0.8224821867913352,0.6016929070549591,-1.251284045466044,,0.17404077204120239
690,Nebraska,1993.0,1641000.0,-1.1044913258416618,0.04377126817752857,-0.31960611696771674,0.10328963907971365,-0.6868942398493848,-0.8678851840264092,-0.9667218145259895,0.17404077204120239
691,Nevada,1993.0,1444000.0,0.5747551247393796,1.305769936208291,1.8785225324565225,1.1253850826462737,-0.8206576401278372,-0.30577986827693515,0.7669860933996505,0.17404077204120239
692,New Hampshire,1993.0,1131000.0,-1.084279565328098,-0.8944054724944095,-1.404419918033451,-0.7506772659922311,-0.7939049600721466,-1.0542179219806957,-0.5972430800500335,0.17404077204120239
693,New Jersey,1993.0,7968000.0,-0.2629024583142201,0.44336680831256475,0.8443251631884866,0.34673150039864115,-0.5263781595152419,0.10652146261215735,0.5585621919003932,0.17404077204120239
694,New Mexico,1993.0,1623000.0,-0.7457387425331717,1.5177287386204523,2.2688127463880634,1.2934342477799077,1.2125460441046387,-0.25208271578005653,-0.20881671816505396,0.17404077204120239
695,New York,1993.0,18220000.0,0.056658305280597815,1.0174139873104102,2.951116653548766,0.6219512480950047,0.9450192435477339,0.31981238547669577,1.1459386415801183,0.17404077204120239
696,North Carolina,1993.0,6732000.0,-0.1120294138348259,1.2239917722339015,1.2213507250593754,1.1473663259699471,0.4099656424339245,0.8072444849950288,-0.7772455404357556,0.17404077204120239
697,North Dakota,1993.0,625000.0,-1.5307326892338657,-0.9117803130812248,-1.6537289112038354,-0.7272096338342712,-0.44612011934817053,-0.7230461195991303,-1.506729195683156,0.17404077204120239
698,Ohio,1993.0,11260000.0,0.0944915330169851,0.20628155048033145,0.27016077965116336,0.18234397217662107,0.03542812165425796,-0.3158233949715684,-0.5025049430049164,0.17404077204120239
699,Oklahoma,1993.0,3326000.0,0.8597002494977186,0.7284399547127016,0.8297111536639039,0.6652125052859273,1.8813630454969004,0.19223193262064772,-0.9951432556395245,0.17404077204120239
700,Oregon,1993.0,3077000.0,-0.7597784146845555,1.116018883730384,0.2662566941082906,1.1913704199544861,-0.2856040390140277,-0.9171840718872033,-0.4172406196643112,0.17404077204120239
701,Pennsylvania,1993.0,12070000.0,-0.7440193099456326,-0.6237365712975356,-0.1019221492721297,-0.673885531541104,0.08893348176563891,-0.5319257218699704,-0.8530360500718491,0.17404077204120239
702,Rhode Island,1993.0,969000.0,-0.3315543979330475,0.36827662659478644,-0.11190440792614395,0.4273775559798117,-0.44612011934817053,-0.93096103631793,-0.27513341409663583,0.17404077204120239
703,South Carolina,1993.0,3630000.0,0.9862864711870076,1.2912093048842097,2.740779283084453,0.9614744630092212,1.5603308848286148,1.2877849967634027,-1.0614599515711065,0.17404077204120239
704,South Dakota,1993.0,717000.0,-0.7395549743464419,-0.8509347961320608,-1.0748290084472167,-0.7589786711941023,0.3564602823225436,-0.496082005475563,-1.260410039365852,0.17404077204120239
705,Tennessee,1993.0,5092000.0,-0.535867211944769,0.8031087166438466,1.5288864084398486,0.6281527129637476,1.801105005329829,0.3414570170474322,-1.0519861378665947,0.17404077204120239
706,Texas,1993.0,18270000.0,0.9190660152448908,1.6011118369998474,1.4605411783986024,1.5243761771954565,1.2125460441046387,-0.03149514046590927,-0.5688216389364983,0.17404077204120239
707,Utah,1993.0,1906000.0,-1.115594825478437,0.7053308668160385,-0.6745221447028077,0.8973902592668733,-0.5798835196266229,-1.0565354869806645,-0.9098789322989194,0.17404077204120239
708,Vermont,1993.0,588000.0,-0.7892718561401718,-0.17298991762633528,-1.5215228327000607,0.06901213845068344,-0.7671522800164562,-1.1141996765010613,-1.0235646967530596,0.17404077204120239
709,Virginia,1993.0,6470000.0,0.049626876304816575,-0.001955558753213151,-0.3034980231206328,0.04984522977183534,-0.8474103201835276,0.47003154632760435,-0.4646096881868697,0.17404077204120239
710,Washington,1993.0,5224000.0,-0.8386685676639563,1.3366484620502601,0.36811197857182615,1.418461619199504,-0.20534599884695628,-0.5883943549736571,-0.2940810415056592,0.17404077204120239
711,West Virginia,1993.0,1803000.0,-1.4126721007080472,-1.134290674622111,-1.0628994716090254,-1.0750961891625312,2.4966746867777814,-0.8758278307727424,-1.8383126753410652,0.17404077204120239
712,Wisconsin,1993.0,5033000.0,-0.9829950637418788,-0.052890769943341694,-0.8099822348209658,0.0801884675864405,-0.07158259856850392,-0.6218460152362933,-0.009866630370308374,0.17404077204120239
713,Wyoming,1993.0,481000.0,-0.6348342413648319,-0.045920523327323874,-0.7403382622620087,0.07597890252533501,0.11568616182132938,-1.1431729148037726,-0.10460476741542532,0.17404077204120239
714,Alabama,1994.0,4299000.0,0.6397496868928437,0.4898827217398779,1.0822949060784084,0.3575072721603926,0.9450192435477339,1.0114022595350105,-0.8151407952538023,0.34383078083059143
715,Alaska,1994.0,592000.0,1.2221621801637124,1.232557851369341,1.6109966311352815,1.0900844072616567,-0.7136469199050752,0.7005213742237897,1.619629326805703,0.34383078083059143
716,Arizona,1994.0,4223000.0,0.710769816574374,2.5315356489827314,1.1174692643526374,2.6144574092089505,0.8112558432692816,-0.6812349961004904,0.05645006556127349,0.34383078083059143
717,Arkansas,1994.0,2414000.0,0.15292053124863159,0.5363106961948948,0.7738458757338049,0.46182954227210343,0.6507397629351388,0.10618541961876402,-1.3077791078884105,0.34383078083059143
718,California,1994.0,31670000.0,0.30949705384317133,1.4371994762060645,2.6398354732746867,1.1405902072209322,1.346309444383091,0.11282840526390865,0.8806718578537909,0.34383078083059143
719,Colorado,1994.0,3736000.0,-0.3335520373433745,0.7726873525318376,0.28010198872476555,0.8084472728116537,-1.0346790805733608,-0.41571506708673384,-0.09513095371091362,0.34383078083059143
720,Connecticut,1994.0,3192000.0,0.6120666572672253,0.3850540743450133,0.1337496785696395,0.40387413998800065,-0.5531308395709323,-0.5107909413568714,-0.00039281666579668,0.34383078083059143
721,Delaware,1994.0,681000.0,1.798391999241421,0.6751212093599405,1.0685153669571599,0.5651880362429818,-1.221947840963194,0.32510096028469626,-0.18039527705151887,0.34383078083059143
722,Florida,1994.0,14260000.0,0.3252282568904409,2.8379864854370105,3.183753909990562,2.600014011119419,0.5437290427123769,0.30538532306881294,0.5869836330139283,0.34383078083059143
723,Georgia,1994.0,7220000.0,0.6840028346383282,1.2540928155404532,0.9958927936044834,1.21936892430574,0.30295492221116266,1.2848005878083022,-0.6730335896861269,0.34383078083059143
724,Hawaii,1994.0,1106000.0,-0.24977132198783886,2.1531624324490335,-0.7410378025696793,2.513573249213411,-1.1149371207404324,4.056492117487349,0.009080997038715014,0.34383078083059143
725,Idaho,1994.0,1138000.0,-0.5637990387082852,-0.05220345762391764,-0.7174762649729232,0.06509683139014179,-0.23209867890264674,-1.122383110259559,-0.6730335896861269,0.34383078083059143
726,Illinois,1994.0,11810000.0,-0.20373746955089939,1.0562277661500707,2.410933464348276,0.7575479637210922,-0.12508795867988487,0.250474057955411,0.27434778076504246,0.34383078083059143
727,Indiana,1994.0,5967000.0,-0.5371893664788254,0.21302675656485068,0.3149670873046517,0.18214159194710586,0.22269688204409127,-0.3583946004155226,-1.1561980886162233,0.34383078083059143
728,Iowa,1994.0,2815000.0,-0.8750790314064972,-0.33036960385714514,-0.5678426222156828,-0.2688677689364028,-0.5798835196266229,-1.0061774855212475,-0.8814574911853842,0.34383078083059143
729,Kansas,1994.0,2522000.0,-0.531412330485323,0.5594866621173245,0.04674015993978483,0.6121275735324457,0.5437290427123769,-0.4110215165670167,-0.5309263841184515,0.34383078083059143
730,Kentucky,1994.0,3843000.0,-0.32722733336885484,-0.5820236060681551,0.016541555228347847,-0.6479527062675828,1.506825524717234,-0.7734700765043865,-1.317252921592922,0.34383078083059143
731,Louisiana,1994.0,4351000.0,1.2046197144666078,1.7890935235593748,2.49276609832754,1.5558357208078188,3.433018488726948,1.1796998974182051,-0.20881671816505396,0.34383078083059143
732,Maine,1994.0,1201000.0,-1.2819611396119626,-0.5419283828387665,-1.4179673379654472,-0.357668185537002,-0.927668360350599,-1.0870032334502069,-1.2225147845478053,0.34383078083059143
733,Maryland,1994.0,5045000.0,0.41393738114600065,1.3997535846935667,2.3385878377008655,1.1507121098917452,-0.5798835196266229,1.1204166897697034,-0.04776188518835515,0.34383078083059143
734,Massachusetts,1994.0,6005000.0,-0.9044565948595222,0.24203184390978671,1.2729944461014742,0.05010648842144622,-0.8474103201835276,-0.5696984610412253,-0.08565714000640193,0.34383078083059143
735,Michigan,1994.0,9519000.0,0.47534564345883706,0.9365530500674791,1.516968129659816,0.7781056010665056,0.32970760226685314,0.09610485833574725,-0.18986909075603056,0.34383078083059143
736,Minnesota,1994.0,4486000.0,-1.401848788368097,0.20728065781967492,-0.34029726480764216,0.28807025845723255,-0.3123567190697182,-0.7004958547883062,-0.4646096881868697,0.34383078083059143
737,Mississippi,1994.0,2587000.0,0.450244003845106,0.6184878856169115,0.32965586579349326,0.6290393910097276,1.8813630454969004,1.7544190269551938,-1.326726735297434,0.34383078083059143
738,Missouri,1994.0,5107000.0,0.03397680197422463,0.9749598791845934,1.5359978592282477,0.8174146505432262,0.7309978031022102,-0.2139927782620879,-0.6730335896861269,0.34383078083059143
739,Montana,1994.0,844000.0,-0.7834266365319871,0.6903521462484578,-1.2061254763299314,0.9718927056974113,-0.3658620791810991,-0.7778809544105327,-0.9288265597079427,0.34383078083059143
740,National,1994.0,261012000.0,0.34383078083059143,0.8844795298744843,1.2721940003355552,0.7623358702060588,0.44545712952357563,-1.2512657685385107,,0.34383078083059143
741,Nebraska,1994.0,1648000.0,-1.0405842956238514,0.1739283415016265,-0.25598662213326484,0.23665342494592675,-1.0881844406847418,-0.7566304375125885,-1.014090883048548,0.34383078083059143
742,Nevada,1994.0,1521000.0,0.6655876919137446,1.6310701658321514,2.427193121760584,1.3919195901498116,-0.472872799403861,-0.46946841044409576,0.6911955837635569,0.34383078083059143
743,New Hampshire,1994.0,1131000.0,-0.95859284606075,-0.9909346285931024,-1.4958431430482269,-0.842002763330096,-1.382463921297337,-1.0027575014319206,-0.6446121485725919,0.34383078083059143
744,New Jersey,1994.0,7920000.0,-0.19398625120564147,0.3744585916371535,0.8120704066300031,0.27588103575896467,-0.9811737204619799,0.119975769430974,0.937514740080861,0.34383078083059143
745,New Mexico,1994.0,1685000.0,-0.7181755683600191,1.3988201089864025,2.0228201748255255,1.2037929637252602,2.202395206165186,-0.485151387681186,-0.1330262085289604,0.34383078083059143
746,New York,1994.0,18210000.0,0.126991870640329,0.6680429492337768,2.444382994290471,0.32154948414268425,1.1055353238818768,0.40953652719017797,1.15541245528463,0.34383078083059143
747,North Carolina,1994.0,6895000.0,-0.009286910099796727,1.1785078299670992,1.0854173061380203,1.120247649800445,0.3564602823225436,0.6781699599365729,-0.6446121485725919,0.34383078083059143
748,North Dakota,1994.0,627000.0,-1.4971800193758853,-0.9705072892197283,-1.654969760698628,-0.7920902517362282,-0.6601415597936943,-0.7332090428563353,-1.5162030093876677,0.34383078083059143
749,Ohio,1994.0,11140000.0,0.18267984290249942,0.22662270565516335,0.2120822741713638,0.21484356783873712,0.32970760226685314,-0.28084603162142735,-0.4456620607778463,0.34383078083059143
750,Oklahoma,1994.0,3232000.0,0.9823068702753002,1.068270417295333,1.016004434273383,1.0099557700471304,1.0252772837148054,-0.21036081028360848,-0.9667218145259895,0.34383078083059143
751,Oregon,1994.0,3152000.0,-0.7195969377085351,1.4640767718019365,0.3314508424977502,1.5659866897767514,-0.2856040390140277,-0.8318349858003056,-0.21829053186956565,0.34383078083059143
752,Pennsylvania,1994.0,11970000.0,-0.6248849642008741,-0.6029478200206168,-0.04173877995942356,-0.6611572614221756,-0.09833527862419439,-0.49500738246265136,-0.8246146089583141,0.34383078083059143
753,Rhode Island,1994.0,968000.0,-0.24865405555959633,0.07987728557077742,-0.2412668194332013,0.1298841224930491,-0.6868942398493848,-0.9140496579056776,-0.15197383593798378,0.34383078083059143
754,South Carolina,1994.0,3633000.0,1.0307494739853256,1.383031963082105,2.7977260168466636,1.0534917550889296,0.24944956209978172,1.1892661168400498,-0.947774187116966,0.34383078083059143
755,South Dakota,1994.0,737000.0,-0.6519906518373584,-0.7897648026573253,-1.0056671630230625,-0.7030303420515182,0.436718322489615,-0.7041380972924992,-1.1088290200936648,0.34383078083059143
756,Tennessee,1994.0,5338000.0,-0.4322198160591122,0.5991389277052138,1.3344483600753605,0.4353939243098841,0.4634710025453055,0.4993047184719465,-0.9288265597079427,0.34383078083059143
757,Texas,1994.0,18890000.0,1.624465002522618,1.1390348779956037,1.1586359223150706,1.0639475988950504,1.6673416050513767,0.005272910009832934,-0.6161907074590568,0.34383078083059143
758,Utah,1994.0,1926000.0,-1.0775826720915487,0.806465964900598,-0.6377038690633713,1.0031790739678246,-1.3022058811302655,-1.0113445554839162,-0.796193167844779,0.34383078083059143
759,Vermont,1994.0,589000.0,-0.7147886810109936,-0.6703584476613774,-1.598321783669954,-0.469111983973703,-1.4092166013530274,-1.160129668109416,-1.0709337652756181,0.34383078083059143
760,Virginia,1994.0,6616000.0,0.36426416794668764,-0.08863333652587888,-0.3927779804417232,-0.030928259142656463,-0.5798835196266229,0.5225313125353073,-0.5119787567094282,0.34383078083059143
761,Washington,1994.0,5259000.0,-0.8008489280951989,1.434726859328101,0.37659972339154296,1.5257175916154706,-0.3123567190697182,-0.6111291195850784,-0.31302866891468256,0.34383078083059143
762,West Virginia,1994.0,1804000.0,-1.2441855718359915,-1.1363491096113003,-1.0278132004199334,-1.0833907717487385,1.5335782047729243,-0.8704426220353031,-1.6583102149553433,0.34383078083059143
763,Wisconsin,1994.0,5003000.0,-0.8336127161817288,-0.08994999115081706,-0.7628377350772596,0.031032328880120832,-1.0346790805733608,-0.5540572689994344,0.037502438152250094,0.34383078083059143
764,Wyoming,1994.0,485000.0,-0.5411730403786396,0.05657646754464878,-0.7971759379842975,0.19932778367219048,-0.9544210404062895,-1.0686293168518806,-0.20881671816505396,0.34383078083059143
765,Alabama,1995.0,4396000.0,0.7322069615320829,0.4024289457559312,0.8067334307484254,0.30779815350100925,1.9348684056082814,0.7574676757294975,-0.8246146089583141,0.4807803534588433
766,Alaska,1995.0,630000.0,1.2393043896847806,0.9972673276017391,1.3994845050645168,0.8655356761662163,-1.5429800016314799,0.3088505062114352,1.6291031405102148,0.4807803534588433
767,Arizona,1995.0,4337000.0,0.8522625275065079,2.77739568872962,1.1892628457038752,2.874666081418894,0.8647612033806631,-0.7379995872526719,0.07539769297029687,0.4807803534588433
768,Arkansas,1995.0,2532000.0,0.0422723456020303,0.33875369697444146,0.4849372865241096,0.2923688617261777,0.5437290427123769,0.08811694048118118,-1.1940933434342702,0.4807803534588433
769,California,1995.0,32060000.0,0.45373039393262976,1.1622375342549467,2.3905096078423824,0.8785499094822874,1.0252772837148054,0.20837507378755607,0.8238289756267207,0.4807803534588433
770,Colorado,1995.0,3793000.0,-0.305750046636554,0.8636777301684532,-0.017342178500604842,0.9602767440682197,-1.0881844406847418,-0.5735255749842898,-0.14250002223347208,0.4807803534588433
771,Connecticut,1995.0,3276000.0,0.6197535307085713,0.2666861549744371,-0.1528071404381415,0.32178398765025257,-0.8474103201835276,-0.555513989303595,-0.00039281666579668,0.4807803534588433
772,Delaware,1995.0,713000.0,1.9281809660547862,0.760560773177257,1.3528365322959444,0.6111633769716458,-0.6868942398493848,0.21496393317772775,0.04697625185676179,0.4807803534588433
773,Florida,1995.0,14310000.0,0.5883335493733206,2.5151115194645284,2.895179716945825,2.291592966304486,0.8915138834363531,0.20782329883590697,0.7385646522861155,0.4807803534588433
774,Georgia,1995.0,7262000.0,0.735451025675316,1.311870773268986,0.9920441536221071,1.2840698702861153,-0.20534599884695628,1.545531431019471,-0.6161907074590568,0.4807803534588433
775,Hawaii,1995.0,1187000.0,-0.2580951967384225,2.208714126325692,-0.6658465872617227,2.5622609279031208,-0.6868942398493848,4.006665686605853,0.07539769297029687,0.4807803534588433
776,Idaho,1995.0,1154000.0,-0.32470735295963277,0.21910346417120666,-0.5312212039151825,0.33389481347246797,0.436718322489615,-1.111184314036434,-0.6067168937545451,0.4807803534588433
777,Illinois,1995.0,11760000.0,-0.14076034338952442,0.9769692713273669,2.6242544219892348,0.6331390083444499,-0.12508795867988487,0.2590602478624649,0.3406644766966243,0.4807803534588433
778,Indiana,1995.0,5673000.0,-0.3486713099694194,0.43650261302290116,0.4573507450818911,0.40544196225219653,-0.874163000239218,-0.6306826936917008,-1.1372504612072,0.4807803534588433
779,Iowa,1995.0,2894000.0,-0.8118993741734827,-0.07444829908477897,-0.4218948882105658,-0.010215505750970475,-0.1785933187912658,-0.976689469861422,-0.6446121485725919,0.4807803534588433
780,Kansas,1995.0,2535000.0,-0.3832086348606776,0.5856478460784954,-0.059883953640811526,0.6593977506677785,-0.5531308395709323,-0.21277925376439422,-0.4456620607778463,0.4807803534588433
781,Kentucky,1995.0,3876000.0,-0.19320378233739507,-0.571539142563324,-0.3509150191267581,-0.5733578272899922,0.49022368260099597,-0.7206121687317766,-1.1940933434342702,0.4807803534588433
782,Louisiana,1995.0,4306000.0,1.3899283997507446,1.8726003939178417,2.688568730781371,1.6148389534843923,1.8278576853855195,1.1823534733327825,-0.23723815927858904,0.4807803534588433
783,Maine,1995.0,1225000.0,-1.332649618877083,-0.578962474038478,-1.422603373881306,-0.3979224430204391,-0.44612011934817053,-1.1918993346548585,-1.0993552063891532,0.4807803534588433
784,Maryland,1995.0,5133000.0,0.4239264271259762,1.4774755300846185,2.4721747043655102,1.2139656953380344,-0.7403995999607657,1.3422405595471862,0.07539769297029687,0.4807803534588433
785,Massachusetts,1995.0,6065000.0,-0.8776682523950879,0.15592780531122824,1.1626291219306815,-0.026417504329542155,-0.49962547945955144,-0.5846552615600372,0.11329294778834365,0.4807803534588433
786,Michigan,1995.0,9637000.0,0.47398616172057406,0.722961063470095,1.131634090532059,0.6073968288404601,-0.1785933187912658,0.10082058452126821,-0.22776434557407735,0.4807803534588433
787,Minnesota,1995.0,4628000.0,-1.3860935975799114,0.25082710543642905,-0.39062065928826156,0.34496166264749334,-0.9811737204619799,-0.8426407958879262,-0.4646096881868697,0.4807803534588433
788,Mississippi,1995.0,2685000.0,0.7386219948000976,0.2902889021737799,0.3095044272319858,0.2687155154492865,2.8444595275017575,1.650236572114879,-1.0804075789801297,0.4807803534588433
789,Missouri,1995.0,5140000.0,0.15992929563188268,0.8442239253417085,1.1595300379704103,0.7370244445292136,-0.927668360350599,-0.3927732970912198,-0.6067168937545451,0.4807803534588433
790,Montana,1995.0,870000.0,-0.663433424431697,0.47948585603930555,-1.2445116375233714,0.744745993661987,0.6507397629351388,-0.8678554732797696,-1.0235646967530596,0.4807803534588433
791,National,1995.0,263189000.0,0.4807803534588433,0.8178528095422527,1.1405780532410186,0.7110425156923459,0.2478148562395232,-1.2519186545198966,,0.4807803534588433
792,Nebraska,1995.0,1648000.0,-0.9133024964107929,0.2755269273177358,-0.27548767461546597,0.3526078463742547,-0.874163000239218,-0.9294250198360975,-0.9572480008214778,0.4807803534588433
793,Nevada,1995.0,1558000.0,0.8695375185898264,1.6776308294195226,2.280382281337026,1.4686877589154657,-0.472872799403861,-0.16019993512462552,0.6533003289455103,0.4807803534588433
794,New Hampshire,1995.0,1139000.0,-0.9688893297615527,-1.0479295316850017,-1.505409285655702,-0.9035367736253369,-2.024528242633908,-1.1488022132727467,-0.6540859622771036,0.4807803534588433
795,New Jersey,1995.0,7879000.0,-0.0061226922943246114,0.44040550056960653,0.7741957149145229,0.35546779289263536,-1.3557112412416465,0.10145643206239706,1.1175172004665832,0.4807803534588433
796,New Mexico,1995.0,1806000.0,-0.6863581890970267,1.3436535876673927,1.5172924328682693,1.229282278849444,3.326007768504186,-0.2900509393477263,-0.16144764964249547,0.4807803534588433
797,New York,1995.0,18260000.0,0.17612899131808013,0.2863462571519423,1.8518039686789618,2.978282089046533e-05,0.9717719236034245,0.45393682999331664,1.344888729374864,0.4807803534588433
798,North Carolina,1995.0,6935000.0,0.44631327908649515,1.2382359177477686,1.080806888291988,1.1872406813152734,-0.07158259856850392,0.523482363806906,-0.57829545264101,0.4807803534588433
799,North Dakota,1995.0,635000.0,-1.4378831907263212,-0.8916551746805653,-1.6349164356996329,-0.7081268685773626,-0.23209867890264674,-0.8922248144541074,-1.4404124997515741,0.4807803534588433
800,Ohio,1995.0,11210000.0,0.31111999184037725,0.18037286474555211,0.19255931750366043,0.16692581327611986,-0.3658620791810991,-0.2891730524842354,-0.2656596003921241,0.4807803534588433
801,Oklahoma,1995.0,3204000.0,1.2824294687331566,1.1482910349458018,1.121961436953822,1.0804923566487143,1.1322880039375673,-0.20490138949727735,-0.796193167844779,0.4807803534588433
802,Oregon,1995.0,3208000.0,-0.5706717814128658,1.6529550737816636,0.33951542960608805,1.773958246935902,-0.44612011934817053,-0.7820188658133176,-0.18039527705151887,0.4807803534588433
803,Pennsylvania,1995.0,12030000.0,-0.43408631397248515,-0.5436452659486897,-0.04548539174053931,-0.5947839306433003,-0.1785933187912658,-0.40722676606339475,-0.7772455404357556,0.4807803534588433
804,Rhode Island,1995.0,962000.0,-0.24799752926249244,0.17034853180811288,-0.2789314562478795,0.2366177780799872,-0.6066361996823133,-0.7022445554305882,-0.06670951259737853,0.4807803534588433
805,South Carolina,1995.0,3741000.0,1.0380413291789166,1.3121300857242852,2.4477004453300855,1.0348903255101745,1.8813630454969004,1.1030961781611026,-0.8909313048898959,0.4807803534588433
806,South Dakota,1995.0,713000.0,-0.47480954519342966,-0.7217528031279423,-1.0543743057248436,-0.619298188157929,0.436718322489615,-0.8174439458015472,-1.042512324162083,0.4807803534588433
807,Tennessee,1995.0,5462000.0,-0.3824464934368046,0.7409700488015388,1.4150229747324816,0.5787915539111587,0.7042451230465198,0.4260144980137823,-0.8435622363673374,0.4807803534588433
808,Texas,1995.0,18760000.0,1.9443294403861568,1.110390829347707,1.0433999429038041,1.0519472656442133,1.2125460441046387,0.17175131994943194,-0.5877692663455217,0.4807803534588433
809,Utah,1995.0,1999000.0,-0.9878010007568665,1.305651431519172,-0.5480489951569256,1.541113879937182,-1.1951951609075038,-1.047423754774882,-0.7014550307996621,0.4807803534588433
810,Vermont,1995.0,593000.0,-0.7448363351176878,-0.5359259761034925,-1.4992126756414823,-0.33709145232646437,-0.6868942398493848,-1.151729247315361,-0.9856694419350128,0.4807803534588433
811,Virginia,1995.0,6371000.0,0.4953864813118098,0.008867995918117478,-0.29394429164708347,0.06020481534398976,-0.7136469199050752,0.5153712977594039,-0.5309263841184515,0.4807803534588433
812,Washington,1995.0,5424000.0,-0.7544932219479457,1.5456928731808288,0.21567189752751725,1.6762923061469595,-0.09833527862419439,-0.5378213246628362,-0.33197629632370595,0.4807803534588433
813,West Virginia,1995.0,1793000.0,-1.1815920399696744,-1.170533204146849,-1.0447060490249898,-1.1183855349176393,1.0252772837148054,-1.0607081527833224,-1.6204149601372964,0.4807803534588433
814,Wisconsin,1995.0,5300000.0,-0.7701525158448312,-0.2704994333936914,-0.777350379773402,-0.16660242579853074,-1.1684424808518132,-0.6091618283429385,0.037502438152250094,0.4807803534588433
815,Wyoming,1995.0,482000.0,-0.31875043348177257,0.12295906032925638,-0.8638298192394877,0.28432956508893836,-0.1785933187912658,-1.027145630098661,-0.17092146334700717,0.4807803534588433
816,Alabama,1996.0,4258000.0,0.9618799410678729,0.5080781402975774,0.5999136566656285,0.46034453378894113,0.30295492221116266,1.2961932550616353,-0.8056669815492907,0.5794817122040298
817,Alaska,1996.0,657000.0,1.277174513623618,0.6510684633260339,1.0885901476287476,0.5350874842554679,-1.2487005210188846,0.5589146755769051,1.3827839841929106,0.5794817122040298
818,Arizona,1996.0,4786000.0,0.724595739690427,1.7332830250669808,0.6785698757189972,1.804887789424025,2.041879125831043,-0.49714184581277027,0.14171438890187874,0.5794817122040298
819,Arkansas,1996.0,2606000.0,0.09473520982541905,0.2841641360037321,0.3094994348393981,0.2619276498168768,1.1590406839932577,0.18151105827882943,-1.1088290200936648,0.5794817122040298
820,California,1996.0,32310000.0,0.6208667014489048,0.7248960938769989,1.921465039514391,0.4741822468830284,1.0787826438261863,0.2559488070768068,1.1269910141710948,0.5794817122040298
821,Colorado,1996.0,3869000.0,-0.1334948337498681,0.6669456011399204,-0.18124314310036121,0.7703068396387017,-0.6066361996823133,-0.7121380599253461,-0.14250002223347208,0.5794817122040298
822,Connecticut,1996.0,3341000.0,0.8749199729878397,0.008174048148423724,-0.1621126671929184,0.03684264497439786,-0.3123567190697182,-0.3984917951317896,0.11329294778834365,0.5794817122040298
823,Delaware,1996.0,732000.0,2.04274922236149,0.5160197763055224,1.0400897426246203,0.39371073526801365,-1.1416898007961227,0.5146185624717108,0.1890834574244372,0.5794817122040298
824,Florida,1996.0,14340000.0,0.5782627095459905,2.4464955041882432,2.8731240440668824,2.2193184840578533,0.3564602823225436,0.04104915581687117,0.7575122796951389,0.5794817122040298
825,Georgia,1996.0,7390000.0,0.7564873177030559,1.5458448282543584,0.917357412230229,1.556207512844531,0.5169763626566865,1.3231626558130754,-0.4835573155958931,0.5794817122040298
826,Hawaii,1996.0,1172000.0,-0.013549577162416827,1.8150772293274577,-0.7225399221627419,2.135667808883571,-0.20534599884695628,4.403387990929555,-0.19934290446054226,0.5794817122040298
827,Idaho,1996.0,1185000.0,-0.12253234337353557,-0.07595035876810968,-0.7940153296148605,0.05189273405995212,-0.2588513589583372,-1.0607879427908766,-0.5877692663455217,0.5794817122040298
828,Illinois,1996.0,11810000.0,-0.09017309042494454,0.867861129710893,2.117277178202283,0.5990875760769173,-0.20534599884695628,0.2548218871343339,0.473297868559788,0.5794817122040298
829,Indiana,1996.0,5681000.0,-0.26605086218157703,0.3553098766792849,0.5288475972943715,0.3031945671928486,-1.435969281408718,-0.6877808882092294,-0.9951432556395245,0.5794817122040298
830,Iowa,1996.0,2898000.0,-0.726590001234277,-0.3892740177250241,-0.7937862538813795,-0.29543602285611686,-0.874163000239218,-0.9026955791949004,-0.8056669815492907,0.5794817122040298
831,Kansas,1996.0,2569000.0,-0.24658667219650415,0.40015226360816647,-0.11332170510801237,0.4629515633014743,-0.44612011934817053,-0.4308428438259142,-0.38881917855077613,0.5794817122040298
832,Kentucky,1996.0,3877000.0,-0.06697821085333565,-0.6910012619121121,-0.5472919449160775,-0.672115615327391,1.1055353238818768,-0.5455754063869417,-1.1751457160252468,0.5794817122040298
833,Louisiana,1996.0,4263000.0,1.638744999970269,2.0512892432549785,2.374104156975119,1.8667907634163359,2.041879125831043,1.2596802194127752,-0.114078581119937,0.5794817122040298
834,Maine,1996.0,1203000.0,-1.306196652234327,-0.4497745693907077,-1.4414618211928716,-0.2514980118573898,-0.44612011934817053,-1.1904794072141496,-1.0235646967530596,0.5794817122040298
835,Maryland,1996.0,5085000.0,0.514566007508917,1.379004575067905,2.2833309229609435,1.1371836053630582,-0.6868942398493848,1.1660151196224953,0.23645252594699567,0.5794817122040298
836,Massachusetts,1996.0,6150000.0,-0.882816440152594,-0.23807939512741227,0.9201313887543612,-0.4215783466598292,-0.7403995999607657,-0.42778202448900693,0.3406644766966243,0.5794817122040298
837,Michigan,1996.0,9572000.0,0.5654026074437896,0.7184924153834842,0.923081518698828,0.6381850087231196,-0.44612011934817053,-0.07183912829544542,-0.20881671816505396,0.5794817122040298
838,Minnesota,1996.0,4690000.0,-1.3556510644564688,0.21683885839638034,-0.4754235695545308,0.3218222452235144,-0.8206576401278372,-0.8229353017186942,-0.4077668059597995,0.5794817122040298
839,Mississippi,1996.0,2797000.0,0.8720650854334414,0.1875115343203905,0.1655236058189746,0.1794716670439139,2.0686318058867337,1.879912258643476,-1.0046170693440362,0.5794817122040298
840,Missouri,1996.0,5268000.0,0.42236632703277305,0.7491350215021756,0.7572436261423061,0.7005703352548376,-0.9009156802949085,-0.3100193005175125,-0.5119787567094282,0.5794817122040298
841,Montana,1996.0,908000.0,-0.5719906079905573,0.15740229272110154,-1.316902145009994,0.4001530894710415,1.1055353238818768,-0.48349959822424743,-0.8246146089583141,0.5794817122040298
842,National,1996.0,265682000.0,0.5794817122040298,0.6822769660821423,0.9174261570527372,0.5990128276400275,0.22265318069005102,-1.250997672479742,,0.5794817122040298
843,Nebraska,1996.0,1666000.0,-0.8510689918140654,0.19281167978904945,-0.034860694425579514,0.21968776691553923,-0.7136469199050752,-0.8348154055515766,-0.9856694419350128,0.5794817122040298
844,Nevada,1996.0,1634000.0,0.9529109679997837,1.257951034291741,1.6642808707642545,1.1090986089621417,-1.2754532010745752,-0.18805633716150347,0.7764599071041622,0.5794817122040298
845,New Hampshire,1996.0,1142000.0,-0.9477928040466193,-0.9063776120455482,-1.4827576972280632,-0.7505218996508063,-1.7302487620213132,-1.1417764173069462,-0.6540859622771036,0.5794817122040298
846,New Jersey,1996.0,7858000.0,0.030361819875513278,0.19666628056795452,0.47392105293612596,0.13676640060036566,-0.9811737204619799,0.03261579825034344,1.0417266908304896,0.5794817122040298
847,New Mexico,1996.0,1847000.0,-0.5132149707907475,1.4343481973328693,1.5883095445955215,1.3176378878970645,3.379513128615567,-0.37568627241186386,-0.009866630370308374,0.5794817122040298
848,New York,1996.0,18350000.0,0.20401220284880403,-0.02622259786566123,1.3129503750481442,-0.2540756196294019,1.0252772837148054,0.45364105016626066,1.5438388171696094,0.5794817122040298
849,North Carolina,1996.0,7254000.0,0.45016914762957266,1.0422197935099458,0.722571567518112,1.031368967227631,-0.1785933187912658,0.7396594995838541,-0.5025049430049164,0.5794817122040298
850,North Dakota,1996.0,628000.0,-1.3268192666288032,-1.0042027641243267,-1.6414956275385795,-0.8317476487356978,-0.49962547945955144,-0.9432864546891224,-1.3930434312290156,0.5794817122040298
851,Ohio,1996.0,11250000.0,0.3805460800069324,0.2114525247883548,-0.059780083003271284,0.24461999850287705,-0.04482991851281345,-0.2559342872301573,-0.14250002223347208,0.5794817122040298
852,Oklahoma,1996.0,3344000.0,1.394558598147751,1.0432517772472738,0.7025439952347049,1.0359451015822718,0.9985246036591149,0.1075851748600233,-0.7298764719131972,0.5794817122040298
853,Oregon,1996.0,3234000.0,-0.4436146570008731,1.303080191966873,0.09410597317727915,1.4282128898899191,-0.2856040390140277,-0.8439427996053217,0.04697625185676179,0.5794817122040298
854,Pennsylvania,1996.0,11890000.0,-0.31267202256280824,-0.3784515733557425,0.22556417818555377,-0.4581342628440089,-0.3391093991254086,-0.30337487774404337,-0.3414501100282177,0.5794817122040298
855,Rhode Island,1996.0,940000.0,0.019637804152543258,0.053590987827458726,-0.3397226862791624,0.1176213956312738,-0.49962547945955144,-0.7182539139175235,-0.009866630370308374,0.5794817122040298
856,South Carolina,1996.0,3698000.0,1.2037424130931733,1.5009895399001016,2.6016826688222165,1.2178339686989024,0.03542812165425796,1.4152178943081788,-0.7677717267312439,0.5794817122040298
857,South Dakota,1996.0,701000.0,-0.2905814095325544,-0.7419377541840927,-1.1809716678056856,-0.6199753284918048,-0.2856040390140277,-0.7404409639445007,-0.9383003734124544,0.5794817122040298
858,Tennessee,1996.0,5528000.0,-0.3577499416112284,0.8013397895497233,1.426483971546403,0.6437415153336445,0.8112558432692816,0.3611062397492703,-0.7014550307996621,0.5794817122040298
859,Texas,1996.0,19180000.0,1.9972510500675351,1.1247997347047398,0.9507351222297383,1.08379884791065,0.9985246036591149,-0.19551983171766033,-0.49303112930040477,0.5794817122040298
860,Utah,1996.0,1998000.0,-0.8337254425492645,1.3396925195982112,-0.49531620336895893,1.5698079684686261,-1.382463921297337,-0.9028687646172416,-0.5877692663455217,0.5794817122040298
861,Vermont,1996.0,586000.0,-0.8877238319218458,-0.8017276990736794,-1.4752340548892062,-0.6358168010020292,-0.07158259856850392,-1.134946926105777,-0.8435622363673374,0.5794817122040298
862,Virginia,1996.0,6481000.0,0.4745816446089673,-0.03203678573590376,-0.4054814779160487,0.03398073427452681,-0.15184063873557532,0.6757202545887321,-0.4646096881868697,0.5794817122040298
863,Washington,1996.0,5620000.0,-0.7031304890492955,1.2144544899538108,-0.065557622622871,1.3573424952949267,-0.2588513589583372,-0.4720846573891069,-0.2940810415056592,0.5794817122040298
864,West Virginia,1996.0,1745000.0,-1.0808410188862883,-1.10392692782954,-1.0188545791256551,-1.0489891721148978,1.506825524717234,-1.0720360386153815,-1.5635720779102262,0.5794817122040298
865,Wisconsin,1996.0,5205000.0,-0.5489214592221208,-0.2471706657605181,-0.8759532316253098,-0.12384637803651506,-1.0881844406847418,-0.5639239834209223,0.10381913408383195,0.5794817122040298
866,Wyoming,1996.0,486000.0,-0.23501744353766704,0.05670967557122278,-0.8917416355480479,0.2156818800064867,-0.2588513589583372,-0.9901339334050735,-0.03828807148384346,0.5794817122040298
867,Alabama,1997.0,4243000.0,1.0445001223799153,0.6090916871830706,0.6334059668761057,0.5665686167077106,0.7577504831579007,1.057182134672888,-0.7109288445041737,0.6842700643379651
868,Alaska,1997.0,640000.0,1.7693893370718763,0.6377968955164447,1.0647857476123257,0.5244567549906742,-1.0881844406847418,0.43460378043114206,1.4206792390109575,0.6842700643379651
869,Arizona,1997.0,4643000.0,0.9315751784240789,2.107966210660716,0.8073247802767424,2.198122777533474,1.1590406839932577,-0.5022043891760549,0.3217168492876009,0.6842700643379651
870,Arkansas,1997.0,2621000.0,0.21816628061217253,0.29576124853398644,0.3194946135626108,0.2730689965622903,1.8278576853855195,0.177146020142394,-0.9098789322989194,0.6842700643379651
871,California,1997.0,32880000.0,0.7467791549851978,0.46323048339907386,1.6060631807857721,0.238203617997852,0.9985246036591149,0.2463706274679851,1.250150592329747,0.6842700643379651
872,Colorado,1997.0,3921000.0,-0.007367802893558385,0.34975739460203736,-0.3632042446591257,0.44991792513415413,-1.2487005210188846,-0.6171545919946182,-0.057235698892866844,0.6842700643379651
873,Connecticut,1997.0,3296000.0,1.0315143061655958,-0.1286825001226991,-0.2366268816255726,-0.10207976062592378,-1.1416898007961227,-0.21676682431715047,0.20803108483346058,0.6842700643379651
874,Delaware,1997.0,749000.0,2.2019287500281104,1.0947175630664645,1.5347572070156492,0.9503672817262601,-0.874163000239218,0.7651153396278999,0.17960964371992552,0.6842700643379651
875,Florida,1997.0,14350000.0,0.6112238455302027,2.372388609433317,2.8257509840275286,2.1452967182992873,0.3832129623782341,-0.029856384183205114,0.8238289756267207,0.6842700643379651
876,Georgia,1997.0,7631000.0,0.7731511889808016,1.116273379847115,0.7287788437901392,1.112386541335859,0.436718322489615,1.467704918984569,-0.49303112930040477,0.6842700643379651
877,Hawaii,1997.0,1182000.0,0.44246317176207606,1.3804174170254029,-0.7427721820782589,1.6573560732796726,0.2762022421554722,4.215405661194846,-0.114078581119937,0.6842700643379651
878,Idaho,1997.0,1251000.0,-0.1846262272193234,-0.24123388907138255,-0.8859569859220332,-0.11555160529770947,0.49022368260099597,-1.0243250409620202,-0.5025049430049164,0.6842700643379651
879,Illinois,1997.0,12070000.0,-0.03843620989113222,0.6736818100037698,1.9116690079358312,0.41909490144978,-0.44612011934817053,0.2337438283356662,0.5585621919003932,0.6842700643379651
880,Indiana,1997.0,5849000.0,-0.22243733486664444,0.24930225194178737,0.36046187311716094,0.21455274113768644,-1.0881844406847418,-0.6877698298708517,-0.9856694419350128,0.6842700643379651
881,Iowa,1997.0,2820000.0,-0.5694847215605561,-0.19618809330506884,-0.5825146983116467,-0.11762585070811088,-0.874163000239218,-0.9420419233879086,-0.7582979130267322,0.6842700643379651
882,Kansas,1997.0,2583000.0,-0.22136676809648864,0.7523862523662012,-0.03199680263639696,0.8394321929714772,-0.8474103201835276,-0.4465093844070829,-0.37934536484626447,0.6842700643379651
883,Kentucky,1997.0,3913000.0,0.1648898547192136,-0.7262619363447441,-0.56843003405469,-0.7075761256110157,0.8112558432692816,-0.6756568084762513,-1.1467242749117117,0.6842700643379651
884,Louisiana,1997.0,4241000.0,1.9963019407806832,1.7906467335305551,2.0479951314676694,1.6337811136635387,0.9182665634920435,1.4208791770759757,0.11329294778834365,0.6842700643379651
885,Maine,1997.0,1222000.0,-1.2251091318484664,-0.683105355339002,-1.4710114946207902,-0.5050588590393997,-0.7403995999607657,-1.203218282117444,-0.9572480008214778,0.6842700643379651
886,Maryland,1997.0,5043000.0,0.5562891583687275,1.1369202469772832,1.9404128160420673,0.927624637254865,-1.1951951609075038,1.0640733057276157,0.11329294778834365,0.6842700643379651
887,Massachusetts,1997.0,5991000.0,-0.8388366041204028,-0.27253616905403444,1.0212333192304002,-0.47709701806507104,-0.1785933187912658,-0.5823316748224757,0.23645252594699567,0.6842700643379651
888,Michigan,1997.0,9783000.0,0.653322728682224,0.5623263217302948,0.7025744915459876,0.5028797137135074,-0.6868942398493848,-0.14036972313601945,-0.09513095371091362,0.6842700643379651
889,Minnesota,1997.0,4748000.0,-1.3429679638650855,0.16179736488283517,-0.49015496890590865,0.26333861340904063,-0.874163000239218,-0.720665092588625,-0.3035548552101709,0.6842700643379651
890,Mississippi,1997.0,2731000.0,1.0337255374696286,0.35914116777040783,0.1416326756194167,0.3738011761656947,1.0252772837148054,2.043197251349428,-0.8625098637763609,0.6842700643379651
891,Missouri,1997.0,5315000.0,0.5816093692532204,0.548608049895647,0.6906832193759701,0.48971221152556205,-0.2856040390140277,-0.2349328160563207,-0.4456620607778463,0.6842700643379651
892,Montana,1997.0,892000.0,-0.3450636124516678,0.1533670098800191,-1.436510659294874,0.4161785891529672,0.7309978031022102,-0.5098879626984186,-0.6825074033906386,0.6842700643379651
893,National,1997.0,267963000.0,0.6842700643379651,0.5708428472027636,0.8010769890852467,0.4954383453489043,0.09780741292057396,-1.250940000427215,,0.6842700643379651
894,Nebraska,1997.0,1658000.0,-0.8054876935416352,0.10776392456673967,-0.0018562128154692083,0.1197641821745082,-0.8206576401278372,-0.7840443185888264,-0.8625098637763609,0.6842700643379651
895,Nevada,1997.0,1723000.0,1.0352649991883618,1.2754336056992945,1.5782237794922591,1.1432246407339304,-0.49962547945955144,-0.25416624090389495,0.7954075345131856,0.6842700643379651
896,New Hampshire,1997.0,1197000.0,-0.944562349259679,-1.1125023451296399,-1.5259975938377197,-0.9715812244244957,-1.0079264005176705,-1.0668753991245066,-0.6540859622771036,0.6842700643379651
897,New Jersey,1997.0,7967000.0,0.0658786931994604,-0.02213557772124603,0.27661531863253047,-0.07194087002185627,-0.9544210404062895,0.2319647277896835,0.8522504167402558,0.6842700643379651
898,New Mexico,1997.0,1823000.0,-0.5051688234475219,1.744671158984263,1.7288567216745079,1.6375147523396416,2.2291478862208765,-0.13447664646997567,0.04697625185676179,0.6842700643379651
899,New York,1997.0,18100000.0,0.21514508387190323,-0.15310468283667336,1.1710382212454193,-0.3703917795202192,0.9717719236034245,0.5451129437537374,1.6859460227372849,0.6842700643379651
900,North Carolina,1997.0,7345000.0,0.49584186038214734,1.022437227749965,0.8153262183539759,0.9935457982209743,-0.39261475923678957,0.7085130602880443,-0.5309263841184515,0.6842700643379651
901,North Dakota,1997.0,638000.0,-1.2693028639982689,-1.0135387515581658,-1.6346439648100135,-0.8432699254576941,0.1959442019884008,-0.8395415209666263,-1.3456743627064573,0.6842700643379651
902,Ohio,1997.0,11210000.0,0.4839602191833298,0.26569854833843326,-0.019049729492380967,0.2977662875547627,-0.49962547945955144,-0.2839637434793473,-0.07618332630189023,0.6842700643379651
903,Oklahoma,1997.0,3321000.0,1.5831323827120374,0.976884656817065,0.5602713405983,0.9867658104823732,0.22269688204409127,0.22541335046508926,-0.796193167844779,0.6842700643379651
904,Oregon,1997.0,3284000.0,-0.5836620988112391,1.4834571349730896,0.0012948057163411708,1.6440493492710548,-0.3391093991254086,-0.7349552632544042,0.1890834574244372,0.6842700643379651
905,Pennsylvania,1997.0,11900000.0,-0.293347819064613,-0.4792336117092691,0.03715663776639186,-0.5375527310171949,-0.44612011934817053,-0.2550198173833463,-0.25618578668761244,0.6842700643379651
906,Rhode Island,1997.0,943000.0,0.07451884955495947,-0.22081212878833104,-0.41675858922913633,-0.1733261478200847,-0.04482991851281345,-0.7624860527117265,0.09434532037932027,0.6842700643379651
907,South Carolina,1997.0,3813000.0,1.217559422991106,1.3806401261913117,2.5055817190081706,1.1009076371450919,0.062180801709948434,1.0097269082989824,-0.6446121485725919,0.6842700643379651
908,South Dakota,1997.0,708000.0,-0.16129965330994944,-0.5394306276307833,-1.0842344673017306,-0.41209401946833024,0.9717719236034245,-0.716673630033091,-1.0993552063891532,0.6842700643379651
909,Tennessee,1997.0,5536000.0,-0.25228495617847,0.8735296739430245,1.5236089837815205,0.7071120841823527,0.3832129623782341,0.3799908130589652,-0.5119787567094282,0.6842700643379651
910,Texas,1997.0,19690000.0,2.1277861011980543,0.9211482833934586,0.7278643481820306,0.8962656402372131,1.0252772837148054,-0.10496758296530713,-0.4361882470733346,0.6842700643379651
911,Utah,1997.0,2085000.0,-0.7991544238338035,1.2884738347875608,-0.5062716138303448,1.514914436653657,-1.0614317606290513,-0.8975967532007185,-0.3603977374372411,0.6842700643379651
912,Vermont,1997.0,580000.0,-0.7258680467669405,-0.9070064751276093,-1.4765907296723675,-0.752275815076236,-0.9544210404062895,-1.1481442508840225,-0.9667218145259895,0.6842700643379651
913,Virginia,1997.0,6747000.0,0.4398911886238202,-0.18927571788165118,-0.4377917764676744,-0.13476641507590137,-0.04482991851281345,0.803629268828299,-0.36987155114175274,0.6842700643379651
914,Washington,1997.0,5735000.0,-0.6597371937989096,1.1994785915339965,-0.034791764603440724,1.335470554435581,-0.9811737204619799,-0.496609399541992,-0.21829053186956565,0.6842700643379651
915,West Virginia,1997.0,1742000.0,-0.9469179056895385,-1.1216636279157708,-0.9809959005243468,-1.0751367502307585,0.9450192435477339,-1.0376152813908763,-1.5256768230921793,0.6842700643379651
916,Wisconsin,1997.0,5120000.0,-0.153775534095679,-0.30102606573246327,-0.7702526925646987,-0.2016546815910281,-1.2487005210188846,-0.6798897952457378,0.15118820260639043,0.6842700643379651
917,Wyoming,1997.0,490000.0,-0.1644444280346078,-0.025947401357157694,-0.8783245578695918,0.12176497838732722,0.1691915219327103,-0.924387873995377,-0.06670951259737853,0.6842700643379651
918,Alabama,1998.0,4190000.0,1.136132887157727,0.4632570850464374,0.4345971054048381,0.4389962173197981,0.436718322489615,1.0452153390755168,-0.5025049430049164,0.8007104292373528
919,Alaska,1998.0,641000.0,1.7022216070127514,0.31994616376155266,0.8746493836333736,0.2047345515853864,-0.927668360350599,0.5363143626401166,1.6291031405102148,0.8007104292373528
920,Arizona,1998.0,4887000.0,1.0257985101048657,1.5484086248228917,0.5290231120990548,1.6256010610582858,0.9985246036591149,-0.6147823776217971,0.3975073589236945,0.8007104292373528
921,Arkansas,1998.0,2559000.0,0.4110203136341999,0.08405584628681995,0.2218364885584061,0.05515009899862801,0.49022368260099597,0.19342408322935614,-0.8151407952538023,0.8007104292373528
922,California,1998.0,33290000.0,0.8191862446813919,0.09363453187645722,1.1735846044467557,-0.0973412026842099,0.6774924429908292,0.28263780985106585,1.4112054253064457,0.8007104292373528
923,Colorado,1998.0,3966000.0,0.0941151675334521,0.2603880719788829,-0.28020619760090165,0.33663651341476736,-0.9811737204619799,-0.7003814779314919,0.24592633965150737,0.8007104292373528
924,Connecticut,1998.0,3275000.0,1.1151217969316676,-0.24929141473832422,-0.33711358938089125,-0.21854210334250082,-0.9009156802949085,-0.27022137824741493,0.3027692218785775,0.8007104292373528
925,Delaware,1998.0,781000.0,2.121130831290246,0.7039809752561448,1.3398703137746533,0.5506721683591422,-0.6868942398493848,0.667152206990383,0.27434778076504246,0.8007104292373528
926,Florida,1998.0,14630000.0,0.6640325549153036,2.0805962972205636,2.4148484868460587,1.892292179585536,0.062180801709948434,0.018970873679265362,0.8238289756267207,0.8007104292373528
927,Georgia,1998.0,7634000.0,0.9807548036831772,0.9629381374808411,0.6272642345012945,0.9598263338952059,0.1691915219327103,1.5779613909696444,-0.5214525704139399,0.8007104292373528
928,Hawaii,1998.0,1201000.0,0.37798109770121613,0.8396649524714953,-0.9002360325914143,1.0849691442120086,-0.5263781595152419,4.253392348511932,0.05645006556127349,0.8007104292373528
929,Idaho,1998.0,1273000.0,-0.13777097006708386,-0.3926881275577431,-0.7738660358676396,-0.302634119472714,0.03542812165425796,-1.057935580454001,-0.4172406196643112,0.8007104292373528
930,Illinois,1998.0,12260000.0,0.037963571996869006,0.46215833093055914,1.6534043640309621,0.2289020177091282,-0.7403995999607657,0.17005864720183667,0.8617242304447675,0.8007104292373528
931,Indiana,1998.0,5830000.0,-0.08841558832555312,0.06278962617850073,-0.01166747741428064,0.07159587821803619,-0.927668360350599,-0.6584336981037161,-0.8435622363673374,0.8007104292373528
932,Iowa,1998.0,2834000.0,-0.48352948372220517,-0.42944283985662074,-0.5774020544565244,-0.37704276224659355,-1.0079264005176705,-0.9248524460471332,-0.7014550307996621,0.8007104292373528
933,Kansas,1998.0,2615000.0,-0.18291847630357996,0.5520551044329404,-0.08848454014097057,0.627064890692648,-0.874163000239218,-0.41079012677598614,-0.18039527705151887,0.8007104292373528
934,Kentucky,1998.0,3860000.0,0.25242866108933554,-0.6874519672884694,-0.4850795450848639,-0.6788433750144357,0.1691915219327103,-0.8776064279743043,-1.0709337652756181,0.8007104292373528
935,Louisiana,1998.0,4305000.0,2.3347406439259992,1.4816513674067873,1.6419415839366918,1.3608776229837876,1.6673416050513767,1.2293855255534771,0.09434532037932027,0.8007104292373528
936,Maine,1998.0,1263000.0,-1.217492973208467,-0.8184693522571934,-1.4652317886623543,-0.656087497444354,-0.6601415597936943,-1.244327150905438,-0.8340884226628258,0.8007104292373528
937,Maryland,1998.0,5014000.0,0.6102073842275475,0.9820033270615866,1.7568570843474116,0.787371306091935,-1.5162273215757893,1.320400379783682,0.24592633965150737,0.8007104292373528
938,Massachusetts,1998.0,6100000.0,-0.8734474225508946,-0.481920749834485,0.8734072185259589,-0.683845835351683,-1.1149371207404324,-0.688615635494228,0.36908591781015937,0.8007104292373528
939,Michigan,1998.0,10010000.0,0.6573148959513444,0.33203627181894496,0.7931223986141389,0.23210719121393178,-0.49962547945955144,-0.019450640915298485,-0.02881425777933176,0.8007104292373528
940,Minnesota,1998.0,4815000.0,-1.3224648593638282,-0.11571266735777377,-0.6250319855523704,-0.021139976063484518,-0.6868942398493848,-0.6153365738519365,-0.057235698892866844,0.8007104292373528
941,Mississippi,1998.0,2758000.0,1.503186108395265,0.17492196326489595,-0.13408121885912194,0.21686289757253902,1.2660514042160196,1.7113995529443782,-0.7867193541402673,0.8007104292373528
942,Missouri,1998.0,5399000.0,0.6909942190394677,0.5261271892956662,0.5644749420087105,0.4864235932324036,-0.8206576401278372,-0.20724694817902264,-0.35092392373272935,0.8007104292373528
943,Montana,1998.0,922000.0,-0.27766399246410006,0.020947834356107694,-1.1349495558459342,0.21772368183476698,0.9985246036591149,-0.6588988678468475,-0.9098789322989194,0.8007104292373528
944,National,1998.0,270550000.0,0.8007104292373528,0.3481174177488893,0.5979217883313049,0.2833846368453729,-0.0448150861269021,-1.2512665771976594,,0.8007104292373528
945,Nebraska,1998.0,1713000.0,-0.7511273496698323,0.10449949710900923,-0.0015838210898390958,0.11609919272432853,-0.15184063873557532,-0.7748638325792612,-0.947774187116966,0.8007104292373528
946,Nevada,1998.0,1845000.0,1.0315191523896692,0.6254193473734714,0.795776115904884,0.556839660211188,-0.6066361996823133,-0.20722220636973557,1.0133052497169546,0.8007104292373528
947,New Hampshire,1998.0,1216000.0,-0.9604403151203701,-1.2771104808227836,-1.55628734925595,-1.1488427115091242,-0.8206576401278372,-1.1370452719930089,-0.5309263841184515,0.8007104292373528
948,New Jersey,1998.0,8072000.0,0.2367016450046388,-0.32981199214767604,0.018352439704718795,-0.36871044694354016,-1.1416898007961227,0.43043042213738814,1.0796219456485365,0.8007104292373528
949,New Mexico,1998.0,1823000.0,-0.38154709075096016,1.635167540525747,2.2240027180247903,1.4312834363736444,2.0151264457753526,-0.013010405010102177,0.028028624447738404,0.8007104292373528
950,New York,1998.0,18370000.0,0.2827795150214247,-0.4185329670926061,0.896244909521159,-0.6175003724255108,1.0252772837148054,0.4543519932324999,1.809105600895937,0.8007104292373528
951,North Carolina,1998.0,7412000.0,0.5005694619177055,0.9267603909131402,0.7047838073809992,0.9064416171194332,0.30295492221116266,0.7108863515771708,-0.39829299225528786,0.8007104292373528
952,North Dakota,1998.0,644000.0,-1.1701485123304554,-1.0625679069974554,-1.6304904564719394,-0.8983259031900257,0.5972344028237578,-0.7264633725254477,-1.2319885982523169,0.8007104292373528
953,Ohio,1998.0,11200000.0,0.5085619315948239,0.14360158501214068,-0.35317534572137027,0.21969507351366588,-0.44612011934817053,-0.28307597811585505,0.04697625185676179,0.8007104292373528
954,Oklahoma,1998.0,3251000.0,1.7223046904649977,0.7346045442916165,0.5436819760714363,0.7210643779083103,0.32970760226685314,-0.012423598302387796,-0.8719836774808726,0.8007104292373528
955,Oregon,1998.0,3352000.0,-0.4337912872121623,1.0061826986217521,-0.12826622894365694,1.1372398624039204,0.5704817227680674,-0.605124205335293,0.12276676149285534,0.8007104292373528
956,Pennsylvania,1998.0,11890000.0,-0.22324827702815728,-0.5963009632388657,-0.06568538720018093,-0.6496859388837246,-0.41936743929248005,-0.2915421002718278,-0.114078581119937,0.8007104292373528
957,Rhode Island,1998.0,965000.0,0.07173752293473286,-0.38159418225837344,-0.5542201993731882,-0.32797992477819365,-0.3391093991254086,-0.7277565853018045,0.009080997038715014,0.8007104292373528
958,South Carolina,1998.0,3851000.0,1.274578170631366,1.1687937400692063,2.147691828197074,0.927430383248943,0.22269688204409127,0.9826581073501558,-0.5214525704139399,0.8007104292373528
959,South Dakota,1998.0,710000.0,-0.019956424532125542,-1.0110414914586412,-1.2955443810184868,-0.8986160429035625,-0.5531308395709323,-0.6914672329910567,-0.9951432556395245,0.8007104292373528
960,Tennessee,1998.0,5569000.0,0.23329115290907457,0.5603745327636024,1.2049857372040043,0.4146142778605808,0.14243884187701986,0.39158207589663574,-0.38881917855077613,0.8007104292373528
961,Texas,1998.0,19890000.0,2.2071977471351834,0.6817639786128373,0.5698065681330976,0.6580184612520664,0.5972344028237578,0.07257025859848716,-0.38881917855077613,0.8007104292373528
962,Utah,1998.0,2106000.0,-0.6447639698654268,0.9784492899529245,-0.5832962893576102,1.1844820012641575,-1.0346790805733608,-0.8222941251899214,-0.25618578668761244,0.8007104292373528
963,Vermont,1998.0,592000.0,-0.5533672707454534,-0.7185330052905975,-1.548647457058009,-0.5310219725366796,-0.7939049600721466,-1.1430039702057153,-0.8625098637763609,0.8007104292373528
964,Virginia,1998.0,6679000.0,0.6282473281229777,-0.2951067369631193,-0.5005317862293229,-0.24131780579495543,-1.0881844406847418,0.6384742836731102,-0.2656596003921241,0.8007104292373528
965,Washington,1998.0,5729000.0,-0.5628241635456817,1.2206069849015997,-0.06065583292357466,1.3633218939818004,-1.0614317606290513,-0.5734308101267813,-0.19934290446054226,0.8007104292373528
966,West Virginia,1998.0,1748000.0,-0.8414111596235846,-1.0748391485217088,-0.8428859722623661,-1.0469052211331973,1.3195567643274007,-0.917741486450166,-1.4972553819786443,0.8007104292373528
967,Wisconsin,1998.0,5127000.0,0.08299427703612708,-0.3754701445059957,-0.8609276674232683,-0.2686292029850571,-1.0881844406847418,-0.715752604838997,0.22697871224248398,0.8007104292373528
968,Wyoming,1998.0,484000.0,-0.11553310999008891,-0.2502154634021606,-0.8966086923564369,-0.12368136234084809,-0.6066361996823133,-1.0155509869311894,-0.009866630370308374,0.8007104292373528
969,Alabama,1999.0,4388000.0,1.2560276681288416,0.18917821743115135,0.23099685613818643,0.1700983744896582,0.6239870828794484,0.9224814813447253,-0.4267144333688229,0.8673269250855972
970,Alaska,1999.0,630000.0,1.6309598751849437,0.11182790096535307,0.8464818503826881,-0.021117477766341704,-1.4092166013530274,0.6996063965107061,1.8848961105320305,0.8673269250855972
971,Arizona,1999.0,5057000.0,0.9781980724815011,1.0367597144438896,0.38270203399466357,1.0835630336108582,-0.1785933187912658,-0.7531753545081152,0.5775098193094167,0.8673269250855972
972,Arkansas,1999.0,2616000.0,0.5303118625764687,-0.13626957020879898,-0.1113090890390153,-0.13196597671965363,0.49022368260099597,0.2338586570177318,-0.7393502856177088,0.8673269250855972
973,California,1999.0,33710000.0,0.8041074721939719,-0.281091569815898,0.8294869692583974,-0.4537188260920343,0.30295492221116266,0.2977579079738754,1.1838338963981652,0.8673269250855972
974,Colorado,1999.0,4319000.0,0.10537227388345373,-0.22723685420480735,-0.5533464097890657,-0.15703924438070238,-1.1684424808518132,-0.7636414124411569,0.20803108483346058,0.8673269250855972
975,Connecticut,1999.0,3418000.0,1.1599726629286,-0.6316586374595248,-0.4971827622165859,-0.6149275503364613,-1.5162273215757893,-0.17852775445394545,0.38803354521918276,0.8673269250855972
976,Delaware,1999.0,768000.0,3.2629270011045826,0.44313182017695546,1.3134359427582638,0.2660759310376077,-0.6601415597936943,0.8673554665631019,0.4164549863327179,0.8673269250855972
977,Florida,1999.0,15570000.0,0.5917640685022195,1.3618391608526978,1.8175142389288212,1.1979879480264544,-0.12508795867988487,0.13726651959890768,0.9280409263763494,0.8673269250855972
978,Georgia,1999.0,7877000.0,1.0966069927683821,0.6904950777695352,0.41617134625217184,0.6940256995941578,-0.01807723845712298,1.4790819743384878,-0.4077668059597995,0.8673269250855972
979,Hawaii,1999.0,1225000.0,0.3216591250294626,0.39461917990808787,-0.983834422657053,0.6060050977769346,-0.5531308395709323,4.592983221458042,0.1890834574244372,0.8673269250855972
980,Idaho,1999.0,1240000.0,0.26525480062320034,-0.6854247072191403,-0.8910955136045463,-0.6070142835783784,0.32970760226685314,-1.0725989701073069,-0.33197629632370595,0.8673269250855972
981,Illinois,1999.0,12250000.0,0.11551914182810508,0.24365259049109755,1.1366667193470892,0.07526645868115416,-0.7939049600721466,0.21167659723923582,0.8996194852628142,0.8673269250855972
982,Indiana,1999.0,5914000.0,-0.10449802394099311,-0.2500101147665468,-0.2895430787651624,-0.22749123678037303,-1.6499907218542418,-0.7503671767206581,-0.7677717267312439,0.8673269250855972
983,Iowa,1999.0,2856000.0,-0.5279202655118523,-0.6429846337540784,-0.7325286000353018,-0.5871483220279587,-1.4627219614644085,-0.9530247502916899,-0.5877692663455217,0.8673269250855972
984,Kansas,1999.0,2605000.0,-0.09079649001910191,0.2813239409495427,-0.22634398082868373,0.3506111538418452,-0.15184063873557532,-0.36680512724079634,-0.18986909075603056,0.8673269250855972
985,Kentucky,1999.0,3859000.0,0.3024247407663976,-0.7922967183757249,-0.5688007265048691,-0.7807058773066125,-0.20534599884695628,-0.5168863467778331,-1.014090883048548,0.8673269250855972
986,Louisiana,1999.0,4289000.0,2.598510083687723,1.2433465122666023,1.4358907447189777,1.132051849478861,1.694094285107067,1.6175499674590355,0.20803108483346058,0.8673269250855972
987,Maine,1999.0,1260000.0,-1.204185571374788,-0.9164980843200753,-1.523740757785683,-0.7547159003541543,-0.6066361996823133,-1.1570821990346616,-0.796193167844779,0.8673269250855972
988,Maryland,1999.0,5049000.0,0.6520312568641868,0.6535178235769695,1.5039549704463486,0.466618116231049,-1.4894746415200988,1.3333498412819007,0.3596121041056477,0.8673269250855972
989,Massachusetts,1999.0,6262000.0,-0.943242841488947,-0.6584731990046614,0.4878776258207966,-0.8134662869707523,-0.2856040390140277,-0.4086584927286199,0.8048813482176973,0.8673269250855972
990,Michigan,1999.0,10050000.0,0.6892070178207211,0.08151752456359626,0.5854265505783619,-0.009974603162015087,-0.8474103201835276,0.041510632678712224,0.028028624447738404,0.8673269250855972
991,Minnesota,1999.0,4868000.0,-1.2826196962389274,-0.43376665927847724,-0.7907784803834937,-0.34526735272992015,-1.4894746415200988,-0.6658274687743115,-0.04776188518835515,0.8673269250855972
992,Mississippi,1999.0,2755000.0,1.8360838944889424,0.1151988827315795,-0.40774203884083143,0.19756488949922302,0.8915138834363531,1.6455896171204167,-0.5309263841184515,0.8673269250855972
993,Missouri,1999.0,5511000.0,0.7513002337254006,0.29628898784571067,0.2690140049995389,0.2823051939688447,-0.3123567190697182,-0.2566573343749192,-0.27513341409663583,0.8673269250855972
994,Montana,1999.0,891000.0,-0.07731325593907484,-0.4541564382529385,-0.950201759718463,-0.34054589648219585,0.7845031632135911,-0.4932945891998353,-0.6067168937545451,0.8673269250855972
995,National,1999.0,275673000.0,0.8673269250855972,0.06395903693648454,0.36664233098295834,0.008058209459820994,-0.2680790747246814,-1.2510888915394618,,0.8673269250855972
996,Nebraska,1999.0,1683000.0,-0.7249031243790461,-0.04663344539628409,-0.05929345205329031,-0.04152716927171497,-0.49962547945955144,-0.7208147348918181,-0.7014550307996621,0.8673269250855972
997,Nevada,1999.0,2033000.0,0.707373788702158,0.0067577987310779445,0.31953499704285687,-0.04727078220202245,-0.41936743929248005,-0.31847053777901985,1.1269910141710948,0.8673269250855972
998,New Hampshire,1999.0,1255000.0,-0.9519520862878451,-1.4027017638308674,-1.61259914288934,-1.2783981294579347,-1.4092166013530274,-1.08760875396246,-0.4646096881868697,0.8673269250855972
999,New Jersey,1999.0,8232000.0,0.21951291100415218,-0.553193553878133,-0.1450513662965028,-0.5883039167042979,-1.3557112412416465,0.24697004640012568,1.0985695730575598,0.8673269250855972
1000,New Mexico,1999.0,1831000.0,-0.3582828202434686,1.1048626699106865,1.650818661353758,0.9417218281203503,2.1488898460538053,-0.22975897818903102,0.3975073589236945,0.8673269250855972
1001,New York,1999.0,18860000.0,0.2423901675103735,-0.6967247381844986,0.6033540628110615,-0.8756545642938435,0.3564602823225436,0.5082234492061981,2.0364771298042177,0.8673269250855972
1002,North Carolina,1999.0,7766000.0,0.3218809519151394,0.6965532292771526,0.4446594734703404,0.6958583562288078,0.24944956209978172,0.9210574294456834,-0.23723815927858904,0.8673269250855972
1003,North Dakota,1999.0,621000.0,-1.1136859431873964,-1.2158872552475688,-1.7247254860760368,-1.052116050840362,0.062180801709948434,-0.6574125791220748,-1.1467242749117117,0.8673269250855972
1004,Ohio,1999.0,11220000.0,0.4212908856544387,-0.08779699987511347,-0.5642450167339539,-0.00061564012530047,-0.23209867890264674,-0.2992793313018117,0.14171438890187874,0.8673269250855972
1005,Oklahoma,1999.0,3300000.0,1.9300005538413714,0.45707923696043135,0.3659717410751696,0.44390951414977964,-0.01807723845712298,0.13237002459945157,-0.8530360500718491,0.8673269250855972
1006,Oregon,1999.0,3421000.0,-0.32568043401126817,0.5162919414399827,-0.3501361692022243,0.632266067092106,-0.07158259856850392,-0.6409829364933411,0.23645252594699567,0.8673269250855972
1007,Pennsylvania,1999.0,11950000.0,-0.22496818343104075,-0.7247712498540712,-0.0771320647640732,-0.7901213372929818,-0.9544210404062895,-0.25492989285571854,-0.00039281666579668,0.8673269250855972
1008,Rhode Island,1999.0,1033000.0,-0.3113100502525877,-0.5006750158950891,-0.7622216546701471,-0.42432290918296217,-0.7671522800164562,-0.4943129852049683,0.15118820260639043,0.8673269250855972
1009,South Carolina,1999.0,3800000.0,1.3555120914838676,0.945828467301892,1.992254167421889,0.706933110918445,-0.3123567190697182,0.9137828862981696,-0.37934536484626447,0.8673269250855972
1010,South Dakota,1999.0,709000.0,0.051285898312431015,-1.0062395493566578,-1.2366805637701046,-0.9033814896644163,-1.382463921297337,-0.6867711101819877,-0.919352746003431,0.8673269250855972
1011,Tennessee,1999.0,5583000.0,0.3378393374031007,0.34503491907711925,1.1366919649087461,0.1876348082693314,-0.2588513589583372,0.06018233574931612,-0.31302866891468256,0.8673269250855972
1012,Texas,1999.0,20170000.0,2.6840812528126294,0.625658563700316,0.5506272848132403,0.5991178416225353,0.6239870828794484,0.000288843229679321,-0.3414501100282177,0.8673269250855972
1013,Utah,1999.0,2194000.0,-0.5894652471316162,0.5039394615966739,-0.7968051964727901,0.6951236095009687,-1.9175175224111465,-0.8444274730739537,-0.1330262085289604,0.8673269250855972
1014,Vermont,1999.0,599000.0,-0.5093937963247506,-0.9633551430501287,-1.5170980906678093,-0.8077909015202189,-0.874163000239218,-1.1265352942477125,-1.1372504612072,0.8673269250855972
1015,Virginia,1999.0,6831000.0,0.5287648454843195,-0.5306974481345144,-0.5681900573703762,-0.49085260303460726,-1.328958561185956,0.6402583277870939,-0.21829053186956565,0.8673269250855972
1016,Washington,1999.0,5698000.0,-0.5115470065889713,0.8479727105308067,-0.26763223668958264,0.9857633466791951,-0.874163000239218,-0.6975943946093663,-0.1330262085289604,0.8673269250855972
1017,West Virginia,1999.0,1734000.0,-0.8141328509628116,-0.9336144107947569,-0.3408422624662762,-0.9764100968512258,0.7577504831579007,-0.8516062057251885,-1.4025172449335275,0.8673269250855972
1018,Wisconsin,1999.0,5429000.0,0.17910707760067193,-0.679681897259139,-0.9353332806681118,-0.5930675595489809,-1.1416898007961227,-0.5105015779312062,0.4354026137417413,0.8673269250855972
1019,Wyoming,1999.0,484000.0,0.05042035578714461,-0.5079214094112339,-0.969745230303817,-0.3967899430790168,-0.3391093991254086,-1.024545434169851,0.31224303558308925,0.8673269250855972
1020,Alabama,2000.0,4376000.0,1.4957562410399121,0.3515622376547162,0.2584127323574896,0.34538715964081995,0.11568616182132938,0.8660939519181483,-0.4835573155958931,0.9027998031879888
1021,Alaska,2000.0,620000.0,1.8981537153155803,0.11910866251509607,0.6271457534744267,0.02454186134970788,-1.4092166013530274,0.7164140808554472,1.6859460227372849,0.9027998031879888
1022,Arizona,2000.0,5181000.0,0.9655737833567529,1.1819948434240748,0.40978648512620736,1.2399007014624406,-0.3123567190697182,-0.7393644632432436,0.568036005604905,0.9027998031879888
1023,Arkansas,2000.0,2650000.0,0.6069895793043524,0.014489047979313356,0.049513015968156375,0.007574307901527411,0.9717719236034245,0.2894822234180941,-0.7393502856177088,0.9027998031879888
1024,California,2000.0,33890000.0,0.7881355813474716,-0.28360792222324127,0.8506792632451318,-0.4601398493259123,-0.04482991851281345,0.25699333810501457,1.2690982197387704,0.9027998031879888
1025,Colorado,2000.0,4334000.0,0.25317897065925987,-0.12889191729697,-0.49874924764629297,-0.05738996212770958,-0.8206576401278372,-0.6431760104492096,0.23645252594699567,0.9027998031879888
1026,Connecticut,2000.0,3365000.0,1.160834550232792,-0.6192493717031136,-0.5121494104868577,-0.5986081094433929,-1.382463921297337,-0.10111310385622845,0.36908591781015937,0.9027998031879888
1027,Delaware,2000.0,777000.0,3.1559595904525914,0.27693061622510445,1.172057267906381,0.1060868381738605,-1.1951951609075038,0.7508183171397097,0.5490883781958815,0.9027998031879888
1028,Florida,2000.0,15990000.0,0.5861861580964464,1.1237763522151583,1.737470488609546,0.9478356601181886,-0.49962547945955144,0.025381821210309886,0.8996194852628142,0.9027998031879888
1029,Georgia,2000.0,8112000.0,1.159668552223146,0.4775989750380592,0.32966538715575566,0.4728757916156759,-0.20534599884695628,1.5936273190594494,-0.35092392373272935,0.9027998031879888
1030,Hawaii,2000.0,1195000.0,0.45225543505950244,0.8204921426327709,-0.8913815478087994,1.0622004457657381,-1.0614317606290513,4.494855671619541,0.09434532037932027,0.9027998031879888
1031,Idaho,2000.0,1289000.0,0.49014781099887916,-0.671964887796291,-0.8622450311627334,-0.5970396810858453,-0.09833527862419439,-0.9993567003607927,-0.2846072278011475,0.9027998031879888
1032,Illinois,2000.0,12270000.0,0.14133109138812072,0.11464818118702101,1.039432294832295,-0.05105886069972729,-0.5798835196266229,0.25299891924375584,1.0985695730575598,0.9027998031879888
1033,Indiana,2000.0,6007000.0,-0.05521095020314052,-0.24032905078728495,-0.3966264531867218,-0.19840899936747947,-1.1684424808518132,-0.5011533857335184,-0.6256645211635685,0.9027998031879888
1034,Iowa,2000.0,2858000.0,-0.3827625458554996,-0.5908702361599775,-0.7722319971784003,-0.5225801898497061,-1.221947840963194,-0.9658596490402925,-0.5025049430049164,0.9027998031879888
1035,Kansas,2000.0,2649000.0,-0.1710068748375792,0.24691333897045434,-0.2018322886903986,0.3082695154223526,-1.3022058811302655,-0.45100380272582613,-0.2846072278011475,0.9027998031879888
1036,Kentucky,2000.0,3995000.0,0.16677680510149034,-0.8189150413871601,-0.6550025415199046,-0.7954366933427116,-0.07158259856850392,-0.4243170043330343,-0.9098789322989194,0.9027998031879888
1037,Louisiana,2000.0,4354000.0,2.6814224925897516,1.0330292144104232,1.2135496406518327,0.9370394108144099,1.1590406839932577,1.474902525669975,0.13224057519736704,0.9027998031879888
1038,Maine,2000.0,1267000.0,-1.225408457154734,-1.0769042718021924,-1.529181413796823,-0.9315785076811463,-0.7403995999607657,-1.1634715622952045,-0.7867193541402673,0.9027998031879888
1039,Maryland,2000.0,5241000.0,0.6040432443786552,0.5297156152576055,1.6598285380400315,0.30268188700503157,-1.4627219614644085,1.2857872205670313,0.5396145644913699,0.9027998031879888
1040,Massachusetts,2000.0,6284000.0,-1.0052117610927003,-0.7734949971803001,0.19788441270321797,-0.8912586607920434,-0.8206576401278372,-0.3344602944233437,0.8901456715583026,0.9027998031879888
1041,Michigan,2000.0,9813000.0,0.8187763358228627,0.02222087881073877,0.5753317504265896,-0.07396927635253243,-0.7939049600721466,0.10418220971280379,0.04697625185676179,0.9027998031879888
1042,Minnesota,2000.0,4890000.0,-1.2540196395575647,-0.44801390828675514,-0.72707023117157,-0.37197724485923955,-1.9175175224111465,-0.6498138308561969,-0.00039281666579668,0.9027998031879888
1043,Mississippi,2000.0,2794000.0,2.1950584373988744,-0.03928728696585497,-0.33120990951146495,0.013215755186528596,0.5437290427123769,1.679593475135957,-0.5688216389364983,0.9027998031879888
1044,Missouri,2000.0,5517000.0,0.8936972385415727,0.33156439849059083,0.27207181654382045,0.32088059359649246,-0.9811737204619799,-0.2689815176079645,-0.31302866891468256,0.9027998031879888
1045,Montana,2000.0,888000.0,0.029365594671133453,-0.13649426313092947,-0.5704375924364145,-0.05353065924888341,0.32970760226685314,-0.6314576371253058,-0.4361882470733346,0.9027998031879888
1046,National,2000.0,278393000.0,0.9027998031879888,0.02745880071481062,0.3421682837853606,-0.02820452857848755,-0.41546677355684525,-1.2511194799067424,,0.9027998031879888
1047,Nebraska,2000.0,1679000.0,-0.650644347185387,0.030728724158960947,-0.4875985474760278,0.1176233680832214,-1.1416898007961227,-0.7555628203410685,-0.6446121485725919,0.9027998031879888
1048,Nevada,2000.0,2045000.0,0.8523202530293851,0.028418204242069704,0.3427977515575177,-0.027248997661228177,-1.0881844406847418,-0.36720542898732195,1.4491006801244926,0.9027998031879888
1049,New Hampshire,2000.0,1231000.0,-0.9316912246807085,-1.2163115529125839,-1.2228236366644036,-1.1386011086179992,-2.238549683079432,-1.0469716924548866,-0.4267144333688229,0.9027998031879888
1050,New Jersey,2000.0,8384000.0,0.06164401953060456,-0.6910587346062669,-0.24845393878979719,-0.7233934763404414,-1.4894746415200988,0.3566802673805093,1.4112054253064457,0.9027998031879888
1051,New Mexico,2000.0,1790000.0,-0.2666474105142705,1.0635832943926602,1.5444302461349622,0.9142001610223615,1.239298724160329,0.022775825225058506,0.5301407507868582,0.9027998031879888
1052,New York,2000.0,18750000.0,0.17228295456313386,-0.7162110916068407,0.5683019973369752,-0.8912461941941261,0.2762022421554722,0.49261513850082916,1.9891080612816592,0.9027998031879888
1053,North Carolina,2000.0,7983000.0,0.27203532440951894,0.5967505366974256,0.294020966202797,0.611052631276523,-0.09833527862419439,0.7756235241801345,-0.10460476741542532,0.9027998031879888
1054,North Dakota,2000.0,622000.0,-0.991536612320496,-1.2740585113449852,-1.651103857798959,-1.1292104620994219,-0.6601415597936943,-0.619725621988835,-1.1467242749117117,0.9027998031879888
1055,Ohio,2000.0,11160000.0,0.38201618610745103,-0.014234917713721186,-0.45951233303212186,0.0629720946105447,-0.7671522800164562,-0.13534205197973062,0.16066201631090213,0.9027998031879888
1056,Oklahoma,2000.0,3378000.0,1.974256536154006,0.37816418253195505,0.3256581502438883,0.3633485250399753,0.5437290427123769,0.24251399187637993,-0.4361882470733346,0.9027998031879888
1057,Oregon,2000.0,3415000.0,-0.20092300907845367,0.5206129980238917,-0.4060818703489125,0.6466433909621714,-0.5263781595152419,-0.7656811903146185,0.4164549863327179,0.9027998031879888
1058,Pennsylvania,2000.0,12040000.0,-0.22271646375743864,-0.7750536830304211,-0.04722160659907525,-0.8509806200599629,-1.1416898007961227,-0.32638350606961986,0.05645006556127349,0.9027998031879888
1059,Rhode Island,2000.0,1035000.0,-0.15655400594465885,-0.43956511640222995,-0.6382422033114323,-0.37783570150046963,-0.7136469199050752,-0.581806022406905,0.38803354521918276,0.9027998031879888
1060,South Carolina,2000.0,3964000.0,1.1835239083394689,0.9218173995926946,1.8611542281974256,0.7027867250308688,-0.472872799403861,0.7981633715553708,-0.23723815927858904,0.9027998031879888
1061,South Dakota,2000.0,737000.0,0.059935995293752965,-1.2642614009138708,-1.247080935572074,-1.1875917989859843,-0.5798835196266229,-0.6261296156285385,-0.9761956282305012,0.9027998031879888
1062,Tennessee,2000.0,5630000.0,0.28391009826798147,0.5834384135395415,1.2857006147483019,0.4263456709843234,0.1691915219327103,0.2099453152461453,-0.19934290446054226,0.9027998031879888
1063,Texas,2000.0,20700000.0,2.6628909249199895,0.6195433550850971,0.5145356102853984,0.598525020746826,0.7042451230465198,0.01758162895856841,-0.38881917855077613,0.9027998031879888
1064,Utah,2000.0,2239000.0,-0.5363401988633574,0.23971064344094092,-0.8547139082868283,0.4121753357071152,-1.4092166013530274,-0.9579744605434029,-0.1235523948244487,0.9027998031879888
1065,Vermont,2000.0,599000.0,-0.35407788770937043,-0.7890287706616139,-1.5054345447250543,-0.6165655564746445,-0.7671522800164562,-1.0620643182971505,-0.796193167844779,0.9027998031879888
1066,Virginia,2000.0,6977000.0,0.5074227529237209,-0.762876204776795,-0.7113984360284423,-0.7236579723578297,-1.221947840963194,0.5961751885361471,-0.18986909075603056,0.9027998031879888
1067,Washington,2000.0,5863000.0,-0.5211555733553054,0.7210051178836285,-0.31186845811924735,0.8526129369977572,-0.5531308395709323,-0.46558704577654786,-0.10460476741542532,0.9027998031879888
1068,West Virginia,2000.0,1773000.0,-0.7344262000787252,-1.0635781096060992,-0.5393122691899117,-1.0864491803676868,0.49022368260099597,-0.9595891042590651,-1.326726735297434,0.9027998031879888
1069,Wisconsin,2000.0,5308000.0,0.26820678235597395,-0.6400770484163237,-0.9283406906406904,-0.5503677222641762,-0.9544210404062895,-0.45883866565643133,0.5206669370823465,0.9027998031879888
1070,Wyoming,2000.0,485000.0,0.010467455845521665,-0.5572571177365702,-0.778929502743817,-0.48417543975765787,-0.5531308395709323,-1.0491087030528532,0.36908591781015937,0.9027998031879888
1071,Alabama,2001.0,4378000.0,1.5383799723716236,0.19666959218882166,0.04054387121884381,0.21104123820517504,0.8112558432692816,0.9296583629299686,-0.4456620607778463,0.8969073946974829
1072,Alaska,2001.0,632000.0,2.188206575462172,0.0892963184879534,0.7098431596911273,-0.022674776619302422,-1.1684424808518132,0.7789457890775652,2.5859583246658957,0.8969073946974829
1073,Arizona,2001.0,5314000.0,1.0220616473487354,1.395831620277172,0.47058625963562695,1.4664987230489352,0.4634710025453055,-0.4740205863324798,0.6580372357977661,0.8969073946974829
1074,Arkansas,2001.0,2650000.0,0.7550506168479029,0.04919204127704674,0.09978040488984527,0.03742457043447274,1.3195567643274007,0.2638576292089768,-0.6493490554248478,0.8969073946974829
1075,California,2001.0,34390000.0,0.6879590375018089,-0.1545018416506613,0.8402494314472154,-0.3152505887715503,-0.07158259856850392,0.3717851733799066,1.434889959567725,0.8969073946974829
1076,Colorado,2001.0,4402000.0,0.2992407104095097,0.07375829951363563,-0.4035666590896439,0.15091637460365304,-1.1149371207404324,-0.558882723108195,0.5301407507868582,0.8969073946974829
1077,Connecticut,2001.0,3385000.0,1.2857780749529142,-0.70337651365959,-0.4614758577669379,-0.7005393659204819,-1.4894746415200988,-0.1706150419066482,0.49698240282106726,0.8969073946974829
1078,Delaware,2001.0,790000.0,3.1312396761323886,-0.03392651752411853,0.8273159829761298,-0.17938779703058091,-1.6499907218542418,0.4492091727019228,0.6722479563545336,0.8969073946974829
1079,Florida,2001.0,16320000.0,0.5724878600855475,1.0544635562651985,1.6877454560364904,0.8795307728132249,-0.04482991851281345,0.04372713202840999,1.0512005045350015,0.8969073946974829
1080,Georgia,2001.0,8261000.0,1.2221021559787855,0.42049833243361284,0.3067215947211374,0.41351720943403114,0.008675441598567491,1.6755100300614654,-0.1946059976082864,0.8969073946974829
1081,Hawaii,2001.0,1205000.0,0.6132462911799667,0.9658910994152069,-0.8379325528870346,1.2142014073635918,-0.39261475923678957,4.392832758417804,0.20329417798120475,0.8969073946974829
1082,Idaho,2001.0,1314000.0,0.6403935311351419,-0.706800119666883,-0.9045548134484127,-0.6284002735079247,-0.3658620791810991,-1.0076807562518049,-0.18513218390377473,0.8969073946974829
1083,Illinois,2001.0,12310000.0,0.0906051686154663,0.03115370887255637,0.9565445059584576,-0.12939943291344064,-0.7403995999607657,0.34036850311489153,1.1080433867620716,0.8969073946974829
1084,Indiana,2001.0,6030000.0,0.017997487226093054,-0.17734890211786408,-0.2867344204792004,-0.14743452938286547,-1.1684424808518132,-0.4415051027368669,-0.6161907074590568,0.8969073946974829
1085,Iowa,2001.0,2858000.0,-0.3813472321782456,-0.5437758663314289,-0.7609871635567533,-0.4723076698915136,-1.4627219614644085,-0.9360201189986371,-0.4740835018913814,0.8969073946974829
1086,Kansas,2001.0,2635000.0,-0.11023958114983555,0.20715942693448355,-0.11445348231796833,0.24923130673659533,-0.7403995999607657,-0.5664080233276404,-0.2135536250173098,0.8969073946974829
1087,Kentucky,2001.0,3989000.0,0.24317768078817947,-0.8474454128208211,-0.815564895287587,-0.7995430982643426,-0.07158259856850392,-0.5201285713374468,-0.857772956924105,0.8969073946974829
1088,Louisiana,2001.0,4372000.0,2.7418841548866344,0.9510838295622428,1.2254981237595375,0.844163036528675,0.8915138834363531,1.3980620800040375,0.16539892316315796,0.8969073946974829
1089,Maine,2001.0,1277000.0,-1.2200922950554847,-1.0247183273996954,-1.519343117756869,-0.8754214120798667,-0.6868942398493848,-1.1487306355496103,-0.7440871924699647,0.8969073946974829
1090,Maryland,2001.0,5318000.0,0.5897200655396637,0.5671899848491754,1.643441250322932,0.3470270792373707,-1.5162273215757893,1.3713885824251066,0.7338277454338596,0.8969073946974829
1091,Massachusetts,2001.0,6302000.0,-1.020314804886766,-0.7165567006050291,0.2177217915676582,-0.8315476538683666,-1.0614317606290513,-0.4636330742009861,0.7480384659906272,0.8969073946974829
1092,Michigan,2001.0,9880000.0,0.8658699506862234,-0.0030557846289352418,0.5700703175796535,-0.10108436349846893,-0.927668360350599,0.0887504356148292,0.14171438890187874,0.8969073946974829
1093,Minnesota,2001.0,4910000.0,-1.2137127656781064,-0.36179977555089377,-0.7957960623210797,-0.2646390002236883,-1.4627219614644085,-0.719310984117219,0.13697748204962287,0.8969073946974829
1094,Mississippi,2001.0,2794000.0,2.447170828789224,0.1077322423788858,-0.37471902688546616,0.1836294217879106,1.7208469651627576,1.6344613411958655,-0.4693465950391255,0.8969073946974829
1095,Missouri,2001.0,5513000.0,1.023037381930908,0.5370238595159441,0.5316831966132003,0.5041212891487351,-0.8474103201835276,-0.30746448680889465,-0.19934290446054226,0.8969073946974829
1096,Montana,2001.0,891000.0,0.16718768466957168,-0.27884762047771317,-0.37675237478601536,-0.24450914619697836,0.11568616182132938,-0.7073538335379622,-0.2040798113127981,0.8969073946974829
1097,National,2001.0,280922000.0,0.8969073946974829,0.069282074295743,0.34390002492798577,0.017855813662653847,-0.318058621966801,-1.2512538486338742,,0.8969073946974829
1098,Nebraska,2001.0,1680000.0,-0.6369959675196037,0.20434694769060835,-0.5972025532669644,0.32884634658432543,-0.927668360350599,-0.7615158021560694,-0.5546109183797308,0.8969073946974829
1099,Nevada,2001.0,2129000.0,0.7862714515848204,0.06374429880177394,0.6610602573704669,-0.04263646242851142,-1.5429800016314799,-0.13501255425556127,1.6006816993966797,0.8969073946974829
1100,New Hampshire,2001.0,1254000.0,-0.8889143818432755,-1.2965265593147122,-1.2464046133471505,-1.223470567192797,-1.7034960819656226,-1.1083987880807797,-0.35092392373272935,0.8969073946974829
1101,New Jersey,2001.0,8456000.0,-0.06804328528505288,-0.6448468903595179,-0.2198872282289698,-0.6770677348408002,-1.2754532010745752,0.44281830890866236,1.4585744938290042,0.8969073946974829
1102,New Mexico,2001.0,1795000.0,-0.16650408028289573,0.931652864639623,1.6646964495647796,0.747356877546564,1.3730621244387815,0.0955575653504433,0.5396145644913699,0.8969073946974829
1103,New York,2001.0,18780000.0,0.08679531706567142,-0.8431577462635352,0.38831616067724073,-1.0011089447968005,0.3564602823225436,0.6570142626008239,2.27332247241701,0.8969073946974829
1104,North Carolina,2001.0,8084000.0,0.314311053899724,0.6257934966403548,0.28867881273267965,0.6441595179598558,-0.09833527862419439,0.8246863698354432,-0.08565714000640193,0.8969073946974829
1105,North Dakota,2001.0,620000.0,-0.9556913056821745,-1.193651915660944,-1.6633627192241325,-1.0379864974499042,0.24944956209978172,-0.6878448884908791,-1.0709337652756181,0.8969073946974829
1106,Ohio,2001.0,11180000.0,0.3492399667005937,0.0852308589084711,-0.3753574731351731,0.15879819211028476,-0.6333888797380038,-0.17257080601208652,0.28382159446955413,0.8969073946974829
1107,Oklahoma,2001.0,3372000.0,1.912593943412665,0.4290444004529244,0.40570410024085973,0.4060263235308262,0.5972344028237578,0.06461230907452832,-0.38881917855077613,0.8969073946974829
1108,Oregon,2001.0,3446000.0,-0.07784699641360826,0.685480464221093,-0.6032722405913873,0.8631773327327334,-0.2856040390140277,-0.6452769649949069,0.473297868559788,0.8969073946974829
1109,Pennsylvania,2001.0,12090000.0,-0.17195813762022924,-0.808086683979481,-0.09985486696093296,-0.8785743972767479,-0.874163000239218,-0.41861015247676636,0.13224057519736704,0.8969073946974829
1110,Rhode Island,2001.0,1043000.0,-0.19555711958485664,-0.2811527135960508,-0.5789046713105805,-0.21241973545201007,-0.874163000239218,-0.5802385969582338,0.4922454959688114,0.8969073946974829
1111,South Carolina,2001.0,3995000.0,1.2743150997843022,0.9754528599409159,1.8179200837963145,0.7696459019146313,0.5972344028237578,0.7776475955344169,-0.18986909075603056,0.8969073946974829
1112,South Dakota,2001.0,737000.0,0.19636246732108043,-1.2512655097342744,-1.3026945795100662,-1.1636561525884614,-1.1951951609075038,-0.6952691995446929,-0.8435622363673374,0.8969073946974829
1113,Tennessee,2001.0,5670000.0,0.4212407461485295,0.781235551951823,1.4711152707927635,0.6138090710176333,0.32970760226685314,0.27256191738043295,-0.22776434557407735,0.8969073946974829
1114,Texas,2001.0,21030000.0,2.4621170683379154,0.787423597605344,0.6627062441321208,0.7592111782575361,0.5437290427123769,-0.12666789229757108,-0.2940810415056592,0.8969073946974829
1115,Utah,2001.0,2257000.0,-0.6242386731380188,0.09757652095589087,-0.9461152366607548,0.2702973147174112,-0.6333888797380038,-0.8950987539374551,-0.02881425777933176,0.8969073946974829
1116,Vermont,2001.0,605000.0,-0.3282878409361539,-0.9543835696853813,-1.5469464863674833,-0.7927314168931437,-0.8474103201835276,-1.0945812056960218,-0.6730335896861269,0.8969073946974829
1117,Virginia,2001.0,7080000.0,0.5930098764884346,-0.6516740739648031,-0.6652439838597846,-0.6083108207044503,-1.3022058811302655,0.8877783555760002,-0.13776311538121624,0.8969073946974829
1118,Washington,2001.0,5920000.0,-0.5114924969994374,0.7773803610363926,-0.37023238850823037,0.925101810046216,-0.5798835196266229,-0.31592754173252563,-0.09039404685865778,0.8969073946974829
1119,West Virginia,2001.0,1769000.0,-0.6143154297762584,-1.0978070889846063,-0.7170579585828936,-1.0939271107765887,0.9450192435477339,-0.9935205717025214,-1.2698838530703638,0.8969073946974829
1120,Wisconsin,2001.0,5323000.0,0.3422811787701072,-0.5480854373339948,-0.9502060807225192,-0.4446565246617066,-1.328958561185956,-0.6173901692670458,0.6343527015364868,0.8969073946974829
1121,Wyoming,2001.0,487000.0,0.006993418101151645,-0.4034906243726043,-0.8262010412269897,-0.30563860983271895,-1.1149371207404324,-1.0455740656498231,0.629615794684231,0.8969073946974829
1122,Alabama,2002.0,4432000.0,1.652616093381807,0.27982292931912434,0.05183779228768186,0.3012732839710623,0.436718322489615,0.928021761031594,-0.4077668059597995,0.9313754683527209
1123,Alaska,2002.0,632000.0,2.0300286363348232,0.18615170096461445,0.630250531618479,0.09832060825658794,-1.0881844406847418,1.0157784165753765,3.4859706265945065,0.9313754683527209
1124,Arizona,2002.0,5424000.0,1.1366308866894588,1.6512986848506703,0.548078512821254,1.7363792442114687,0.1691915219327103,-0.45244079412794913,0.7480384659906272,0.9313754683527209
1125,Arkansas,2002.0,2690000.0,0.820977746304514,0.04105517923056649,-0.05137654899384915,0.05431055710345521,1.85461036544121,0.3569357542284637,-0.5593478252319867,0.9313754683527209
1126,California,2002.0,35070000.0,0.6675979972070077,-0.13154333059078063,0.7248634113563092,-0.27002867514467543,0.062180801709948434,0.3623127413352265,1.6006816993966797,0.9313754683527209
1127,Colorado,2002.0,4470000.0,0.44344158153539054,0.18134403379147782,-0.38786540588187796,0.2674740923477403,-0.8206576401278372,-0.6369300627878165,0.8238289756267207,0.9313754683527209
1128,Connecticut,2002.0,3377000.0,1.5543189509342876,-0.7525439286565817,-0.5522068167856925,-0.7394875133150965,-1.221947840963194,-0.1855102536805845,0.6248788878319751,0.9313754683527209
1129,Delaware,2002.0,796000.0,2.929290918900337,-0.09807633101379237,0.7869582394583325,-0.24357535302740366,-1.0079264005176705,0.43107309999453886,0.7954075345131856,0.9313754683527209
1130,Florida,2002.0,16390000.0,0.6604682126498705,1.0052964537410498,1.6152051223154678,0.8374655049807062,-0.07158259856850392,0.1394718155625194,1.2027815238071884,0.9313754683527209
1131,Georgia,2002.0,8413000.0,1.2676251176803088,0.32736202822828314,0.13140343470923968,0.3403300835569642,-0.44612011934817053,1.4132143815455374,-0.03828807148384346,0.9313754683527209
1132,Hawaii,2002.0,1219000.0,0.5795427775057619,1.4695110845257842,-0.7963668585407512,1.7652928666654217,-0.41936743929248005,4.5293933848948535,0.31224303558308925,0.9313754683527209
1133,Idaho,2002.0,1296000.0,0.5708250133467774,-0.6111129930331947,-0.8139944622148524,-0.5378602085187549,-0.41936743929248005,-0.9936980097934194,-0.08565714000640193,0.9313754683527209
1134,Illinois,2002.0,12500000.0,-0.017545396618892897,-0.058790629670680605,0.7801315864145906,-0.1988609508844869,-0.01807723845712298,0.3133818111967813,1.1175172004665832,0.9313754683527209
1135,Indiana,2002.0,6086000.0,0.06075161886018661,-0.24233208502092793,-0.35898898072254576,-0.20707939438418857,-1.0079264005176705,-0.6570217626297692,-0.6067168937545451,0.9313754683527209
1136,Iowa,2002.0,2899000.0,-0.3172075011364132,-0.45977128889767116,-0.6950875286760869,-0.39049030456535705,-0.9811737204619799,-0.8774477903740916,-0.4456620607778463,0.9313754683527209
1137,Kansas,2002.0,2681000.0,-0.06535015424510332,0.006188547815719172,-0.2656734235786994,0.05238990657520331,-0.7403995999607657,-0.5511254475045352,-0.14250002223347208,0.9313754683527209
1138,Kentucky,2002.0,4033000.0,0.2755402980089537,-0.8380726159292072,-0.7606997359161263,-0.7985569062663471,0.3564602823225436,-0.6387661729441281,-0.8056669815492907,0.9313754683527209
1139,Louisiana,2002.0,4445000.0,2.6930136491666805,0.72713117523852,1.0682976442476553,0.6228734533300124,1.239298724160329,1.4141052180528713,0.1985572711289489,0.9313754683527209
1140,Maine,2002.0,1265000.0,-1.1232449120337038,-1.0180557507025447,-1.5287376641050694,-0.8664265636426343,0.14243884187701986,-1.0570077953725838,-0.7014550307996621,0.9313754683527209
1141,Maryland,2002.0,5419000.0,0.5853373434749225,0.4682066907275299,1.568463465518511,0.2501630220871612,-1.4627219614644085,1.3470580766995692,0.9280409263763494,0.9313754683527209
1142,Massachusetts,2002.0,6469000.0,-1.06851326171435,-0.7612194950509625,0.19911080898725603,-0.877862610239348,-0.7671522800164562,-0.32405764494848915,0.6059312604229518,0.9313754683527209
1143,Michigan,2002.0,9897000.0,0.9626719312667327,-0.14212757182203617,0.5129679485916553,-0.2454461522290501,-0.3391093991254086,0.08716158200541423,0.23645252594699567,0.9313754683527209
1144,Minnesota,2002.0,5044000.0,-1.1744506477527714,-0.4417535612787468,-0.8027902257505992,-0.35206152973705784,-1.7034960819656226,-0.671183936979611,0.27434778076504246,0.9313754683527209
1145,Mississippi,2002.0,2785000.0,2.719835535886813,0.11322198124241284,-0.39408023545017645,0.1930323541916537,1.4800728446615434,1.8729035013871642,-0.36987155114175274,0.9313754683527209
1146,Missouri,2002.0,5581000.0,1.1252613684881607,0.39350347928997076,0.5074096810992798,0.34920252575921007,-0.7939049600721466,-0.20874963733797888,-0.08565714000640193,0.9313754683527209
1147,Montana,2002.0,902000.0,0.13766313232137722,-0.4246238740827502,-0.39190555516692593,-0.4034913525215433,0.1691915219327103,-0.7586136720897966,0.028028624447738404,0.9313754683527209
1148,National,2002.0,284749000.0,0.9313754683527209,0.028940771428073515,0.28597488440362795,-0.01693161163265028,-0.20390186578543187,-1.2512128297792218,,0.9313754683527209
1149,Nebraska,2002.0,1700000.0,-0.6117978819546892,0.1427505694790106,-0.5555773180570943,0.2534389799260169,-0.6066361996823133,-0.7538231228639642,-0.4646096881868697,0.9313754683527209
1150,Nevada,2002.0,2114000.0,0.8729485474234182,0.35466540529974144,1.0100697377134005,0.22000950789915,-1.0614317606290513,-0.0359241978733839,1.7522627186688666,0.9313754683527209
1151,New Hampshire,2002.0,1264000.0,-0.8706621837895335,-1.3626228385915935,-1.2851313235742403,-1.2900951181950444,-1.890764842355456,-1.0084901332116358,-0.27513341409663583,0.9313754683527209
1152,New Jersey,2002.0,8585000.0,-0.11383521306959929,-0.7946022851395246,-0.2929589702892083,-0.8305344934607137,-1.328958561185956,0.32759302302663795,1.5059435623515627,0.9313754683527209
1153,New Mexico,2002.0,1837000.0,-0.10661810668055503,0.7173881991762416,1.4356643325635687,0.5491158471723692,1.346309444383091,-0.21367194731607975,0.5490883781958815,0.9313754683527209
1154,New York,2002.0,19220000.0,0.025154440983832897,-0.9627998120007805,0.2601564676107699,-1.1117570959707057,0.30295492221116266,0.6133096015181377,2.557536883552361,0.9313754683527209
1155,North Carolina,2002.0,8146000.0,0.33783633881469477,0.4974617503758451,0.1939167037854257,0.518156081975149,0.3832129623782341,0.9547872666123381,-0.06670951259737853,0.9313754683527209
1156,North Dakota,2002.0,632000.0,-0.9744378837372452,-1.2367108413719343,-1.6771987137098798,-1.083342044038643,-0.3391093991254086,-0.5616192239913644,-0.9951432556395245,0.9313754683527209
1157,Ohio,2002.0,11250000.0,0.3534255427814785,0.027561867558420123,-0.38138513488540043,0.09591060247783254,-0.8206576401278372,-0.19033856287630277,0.40698117262820616,0.9313754683527209
1158,Oklahoma,2002.0,3473000.0,1.8027272729466355,0.46088216314899805,0.3158585472942448,0.45671297825835583,0.32970760226685314,0.0860802803117203,-0.3414501100282177,0.9313754683527209
1159,Oregon,2002.0,3503000.0,0.0023674450447960845,0.5492106809881883,-0.6734973084193364,0.7241702365071665,-0.5263781595152419,-0.6986300336785845,0.5301407507868582,0.9313754683527209
1160,Pennsylvania,2002.0,12170000.0,-0.08392030061747946,-0.9015908247573816,-0.145310340561946,-0.9744247982610689,-0.9009156802949085,-0.3954537217502249,0.20803108483346058,0.9313754683527209
1161,Rhode Island,2002.0,1055000.0,-0.06316516952951075,-0.35459662471396763,-0.6957714537842716,-0.27379697537185826,-0.49962547945955144,-0.6062976143161775,0.59645744671844,0.9313754683527209
1162,South Carolina,2002.0,3989000.0,1.4442240284301258,0.9525280523886751,1.8992721553062692,0.7302940038667162,0.3832129623782341,1.0175883718010996,-0.14250002223347208,0.9313754683527209
1163,South Dakota,2002.0,743000.0,0.2782466315777636,-1.2944590707624604,-1.196460985864474,-1.229738174595495,-0.3658620791810991,-0.6374145228607461,-0.7109288445041737,0.9313754683527209
1164,Tennessee,2002.0,5655000.0,0.5623186413987712,0.7299841100022803,1.3804468244887242,0.5725402645241272,0.5169763626566865,0.2933255098074941,-0.25618578668761244,0.9313754683527209
1165,Texas,2002.0,21480000.0,2.3670196177149982,0.8141464684337062,0.6897918449156565,0.7841890740331874,0.7309978031022102,-0.06624736699594645,-0.19934290446054226,0.9313754683527209
1166,Utah,2002.0,2308000.0,-0.598611372495006,0.24253636451561614,-0.9352333635760707,0.4291066147428173,-0.7939049600721466,-0.8075370029470388,0.06592387926578518,0.9313754683527209
1167,Vermont,2002.0,616000.0,-0.2435372991635873,-1.15156985473462,-1.5452143052055718,-1.011590530929474,-0.7939049600721466,-1.1019434265208696,-0.549874011527475,0.9313754683527209
1168,Virginia,2002.0,7108000.0,0.8520014691363094,-0.6548093206731851,-0.6498982441131674,-0.614415860672334,-0.7939049600721466,0.8389476938349311,-0.08565714000640193,0.9313754683527209
1169,Washington,2002.0,5988000.0,-0.4411546685742014,0.7520706713485988,-0.4120935922256002,0.9042224995049088,-0.49962547945955144,-0.2372255661949338,-0.07618332630189023,0.9313754683527209
1170,West Virginia,2002.0,1747000.0,-0.48815393843533594,-1.1071411095525183,-0.917382637582912,-1.0699418109111185,1.052029963770496,-0.955661872399906,-1.2130409708432934,0.9313754683527209
1171,Wisconsin,2002.0,5463000.0,0.34785142008380016,-0.6422287709207637,-0.9993482405345346,-0.5405835944740249,-1.1416898007961227,-0.6138978955062959,0.7480384659906272,0.9313754683527209
1172,Wyoming,2002.0,488000.0,0.0656573852844411,-0.3399925149374835,-0.7408859214162751,-0.24987809576045986,-1.0346790805733608,-1.0228797981046893,0.8901456715583026,0.9313754683527209
1173,Alabama,2003.0,4417000.0,1.660542229447402,0.3111105841566578,-0.0043179617278888095,0.3455765175358868,0.5704817227680674,1.0505168872890052,-0.3840822716985203,0.9640812346380823
1174,Alaska,2003.0,643000.0,2.077166768483365,0.19008244698732915,0.7656132433468363,0.07947932196473274,-0.874163000239218,1.1730687876610484,2.4059558642801737,0.9640812346380823
1175,Arizona,2003.0,5558000.0,1.2495070845093648,1.4685680957736955,0.35714910223102525,1.5665607879545524,0.1691915219327103,-0.46433601271440605,0.785933720808674,0.9640812346380823
1176,Arkansas,2003.0,2670000.0,0.8905214884458776,0.03292883311986417,0.1289124770818955,0.014405763464827423,1.3195567643274007,0.29198285420485115,-0.5309263841184515,0.9640812346380823
1177,California,2003.0,35310000.0,0.7006839002757691,-0.07792952792513788,0.6686301374490922,-0.20096574335633333,0.062180801709948434,0.46404802347366975,1.7475258118166108,0.9640812346380823
1178,Colorado,2003.0,4478000.0,0.5472297498734127,0.16809786581370748,-0.4038233094265634,0.25552680218371127,-0.8474103201835276,-0.40829560306545537,0.7480384659906272,0.9640812346380823
1179,Connecticut,2003.0,3417000.0,1.3650118585346622,-0.7829267758815652,-0.5372139109214903,-0.7757334610666182,-1.2754532010745752,-0.09421841486676023,0.5775098193094167,0.9640812346380823
1180,Delaware,2003.0,818000.0,2.8082586421984255,-0.028876720542617158,1.1031664599455446,-0.22106518605084433,-1.4894746415200988,0.5352273041106865,0.752775372842883,0.9640812346380823
1181,Florida,2003.0,16880000.0,0.8163480248729423,0.7874356397569456,1.38648178785639,0.635185567310997,-0.04482991851281345,0.19762545570535411,1.2880458471477938,0.9640812346380823
1182,Georgia,2003.0,8559000.0,1.1960356293498977,0.46617731109214694,0.10324139419275105,0.4990199765368376,-0.2588513589583372,1.1774984823932722,-0.052498792040610996,0.9640812346380823
1183,Hawaii,2003.0,1250000.0,0.7030133767898866,1.0152788070203091,-0.7758564189138414,1.2583045250216047,-0.9544210404062895,5.14732295494348,0.2506632465037632,0.9640812346380823
1184,Idaho,2003.0,1356000.0,0.45362730038590393,-0.6702102133494104,-0.8879421091258302,-0.5906908861497343,-0.7136469199050752,-0.9485654030786885,-0.14723692908572794,0.9640812346380823
1185,Illinois,2003.0,12620000.0,-0.0031152419518257696,-0.20051994237304938,0.5546202494693977,-0.31730681934732036,-0.07158259856850392,0.2349727633904696,1.15541245528463,0.9640812346380823
1186,Indiana,2003.0,6130000.0,0.18346359009719598,-0.2746954845211476,-0.38315559629860985,-0.23880952898311636,-0.7939049600721466,-0.43219304974452644,-0.639875241720336,0.9640812346380823
1187,Iowa,2003.0,2916000.0,-0.29763793201067446,-0.6111562118071073,-0.7369660609001456,-0.55110905953758,-1.0614317606290513,-0.8702405901596196,-0.4267144333688229,0.9640812346380823
1188,Kansas,2003.0,2676000.0,-0.01921189171741052,0.25692196083348856,-0.15757349893535627,0.31177815377225754,-0.5531308395709323,-0.2979085931388329,-0.03828807148384346,0.9640812346380823
1189,Kentucky,2003.0,4100000.0,0.3515325673681536,-0.9799491956636532,-0.880369376607068,-0.9353049083965599,0.4099656424339245,-0.4727757948883198,-0.7725086335834997,0.9640812346380823
1190,Louisiana,2003.0,4422000.0,2.719337462945229,0.6452877524350098,0.9719877206506891,0.5486631666189383,1.1055353238818768,1.3906129694970113,0.26487396706053074,0.9640812346380823
1191,Maine,2003.0,1279000.0,-1.0816918012358072,-1.089085295531239,-1.5248956742102526,-0.9458144948492458,-0.3391093991254086,-1.0413729042566147,-0.6209276143113126,0.9640812346380823
1192,Maryland,2003.0,5485000.0,0.5152493930522665,0.28334564361463,1.2501374766007534,0.0998160829648259,-1.1416898007961227,1.445376798698826,0.9280409263763494,0.9640812346380823
1193,Massachusetts,2003.0,6357000.0,-1.0610749470744154,-0.7671844761253961,0.1829248584535514,-0.8817003145477254,-0.6868942398493848,-0.40967431753090683,0.5727729124571608,0.9640812346380823
1194,Michigan,2003.0,9893000.0,0.891846437987255,-0.1937647620266371,0.3842482973383328,-0.28062139756576676,-0.39261475923678957,0.1399523380583515,0.33119066299211264,0.9640812346380823
1195,Minnesota,2003.0,5075000.0,-1.0956366231202002,-0.5491105297405595,-0.8206432096083388,-0.4679969237532176,-1.4627219614644085,-0.6034395288902218,0.38803354521918276,0.9640812346380823
1196,Mississippi,2003.0,2851000.0,2.181897391591078,-0.04009261650098214,-0.5175247031395529,0.04425331715445951,0.8380085233249721,1.7773801090505599,-0.3225024826191943,0.9640812346380823
1197,Missouri,2003.0,5606000.0,1.13239144522489,0.3855968753143984,0.2891601894840609,0.3778418936881829,-0.5798835196266229,-0.12762348380276758,-0.09039404685865778,0.9640812346380823
1198,Montana,2003.0,915000.0,0.29498267123807737,-0.4741643989504945,-0.33696903983958326,-0.46781720753502926,0.5972344028237578,-0.5722271254011554,-0.09039404685865778,0.9640812346380823
1199,National,2003.0,287162000.0,0.9640812346380823,-0.009448761297210171,0.20152703272306358,-0.045010285060802055,-0.11019018469493701,-1.2499933239484537,,0.9640812346380823
1200,Nebraska,2003.0,1725000.0,-0.6378184799306047,-0.040707352117124174,-0.6643430028697702,0.06873331769405362,-0.8206576401278372,-0.6358878591627775,-0.4740835018913814,0.9640812346380823
1201,Nevada,2003.0,2242000.0,0.7261839675533069,0.5560705479166765,0.8268463215173204,0.47464836763943036,-0.5263781595152419,0.15428422194006705,1.6575245816237498,0.9640812346380823
1202,New Hampshire,2003.0,1263000.0,-0.8775529096673804,-1.3563853176766023,-1.328415839793919,-1.2757634199864698,-1.890764842355456,-0.9651071297261491,-0.2040798113127981,0.9640812346380823
1203,New Jersey,2003.0,8574000.0,-0.15489704381761013,-0.8600817114131651,-0.33221676850525556,-0.8963843049166231,-1.1416898007961227,0.42321221243248003,1.6054186062489355,0.9640812346380823
1204,New Mexico,2003.0,1867000.0,-0.06509409686481474,0.47116798828889156,1.0843965874641168,0.33640358749522586,1.399814804494472,-0.07982805862413431,0.5632990987526492,0.9640812346380823
1205,New York,2003.0,18920000.0,0.00010399796858987318,-0.9900992829745197,0.16019190138163167,-1.1248842717000949,0.3832129623782341,0.7339728985796037,2.481746373916267,0.9640812346380823
1206,North Carolina,2003.0,8223000.0,0.3671861354181045,0.5094056791037854,0.12341130025668726,0.5434778428721166,0.7577504831579007,0.8143434430309956,-0.06670951259737853,0.9640812346380823
1207,North Dakota,2003.0,631000.0,-0.8565234990608699,-1.3921370491940046,-1.6677617759446188,-1.2572345043944537,-0.8474103201835276,-0.7385769858961493,-0.952511093969222,0.9640812346380823
1208,Ohio,2003.0,11230000.0,0.31293720574413697,-0.053251446800394245,-0.4590122916821727,0.019640284235681565,-0.5263781595152419,-0.10370462373743836,0.3975073589236945,0.9640812346380823
1209,Oklahoma,2003.0,3430000.0,1.8534901247488662,0.5722165578787768,0.36864724179997804,0.5710697709717484,-0.01807723845712298,0.5423971402051936,-0.3840822716985203,0.9640812346380823
1210,Oregon,2003.0,3560000.0,0.07270890832039754,0.673341572584019,-0.6682073066401034,0.8608509446276654,-0.09833527862419439,-0.556600428899631,0.5443514713436257,0.9640812346380823
1211,Pennsylvania,2003.0,12140000.0,-0.044840666749958104,-0.9000077043030192,-0.15474020085841364,-0.9710539923082959,-0.6333888797380038,-0.2578004993476459,0.05645006556127349,0.9640812346380823
1212,Rhode Island,2003.0,1051000.0,-0.05197871130272094,-0.556213066296347,-0.680452297495305,-0.49989500088808697,-0.3658620791810991,-0.48208922483106625,0.8096182550699532,0.9640812346380823
1213,South Carolina,2003.0,4060000.0,1.3847163330415602,0.9455305682762772,1.7952311724973657,0.7403682578545128,-0.04482991851281345,1.1714906162346428,-0.22302743872182149,0.9640812346380823
1214,South Dakota,2003.0,749000.0,0.34338893056849223,-1.3741698744595918,-1.2162990300291405,-1.3146902274037637,-0.04482991851281345,-0.5332304040963739,-0.6019799869022893,0.9640812346380823
1215,Tennessee,2003.0,5901000.0,0.49641011567215265,0.6488995243563118,1.1467357609655937,0.522718562427059,0.30295492221116266,0.22496203024214617,-0.19934290446054226,0.9640812346380823
1216,Texas,2003.0,21830000.0,2.427062429862598,0.7820540671340052,0.565502000926601,0.7699181997094544,1.1055353238818768,0.05126248703634449,-0.11881548797219285,0.9640812346380823
1217,Utah,2003.0,2346000.0,-0.5716585725439056,0.2777160527834782,-0.8735597060232422,0.4575304687271309,-1.0079264005176705,-0.8222846898081235,0.04223934500450594,0.9640812346380823
1218,Vermont,2003.0,610000.0,-0.1496162996710036,-1.2623135390040485,-1.5029068057518866,-1.1415899403643643,-1.1684424808518132,-1.053108880515152,-0.34618701688047354,0.9640812346380823
1219,Virginia,2003.0,7367000.0,0.7594180417376715,-0.8155712119444402,-0.7472947702504842,-0.7759135500651593,-0.7671522800164562,0.7740594279223637,0.009080997038715014,0.9640812346380823
1220,Washington,2003.0,6078000.0,-0.4559301979262508,0.7310363521503669,-0.4126369210616585,0.8810010701471521,-0.07158259856850392,-0.20992784100703546,-0.04302497833609931,0.9640812346380823
1221,West Virginia,2003.0,1785000.0,-0.45087328475772176,-1.07925427971302,-0.835401184153725,-1.0530816999219481,1.2125460441046387,-0.8340401623074739,-1.1514611817639675,0.9640812346380823
1222,Wisconsin,2003.0,5412000.0,0.4223184132117763,-0.7160364165337244,-1.0010481066760324,-0.6221010360606445,-0.8206576401278372,-0.5487175033450704,0.7954075345131856,0.9640812346380823
1223,Wyoming,2003.0,487000.0,0.23006578537697112,-0.31920222484755906,-0.7860324595941586,-0.219096927015708,-0.8206576401278372,-0.8837338589512611,1.0085683428646988,0.9640812346380823
1224,Alabama,2004.0,4508000.0,1.3271273512209607,0.24623924544995507,-0.04618937279496202,0.28084862820947026,1.0787826438261863,1.0844340282785303,-0.3603977374372411,0.9912687641059487
1225,Alaska,2004.0,648000.0,2.069852497695081,-0.04905283830289186,0.946637597073244,-0.2166029449713764,-1.0079264005176705,1.175100454302827,1.3259411019658405,0.9912687641059487
1226,Arizona,2004.0,5763000.0,1.269092985872832,1.0253559241597896,0.2971584189905614,1.0855832803744783,0.4099656424339245,-0.506074510415694,0.8238289756267207,0.9912687641059487
1227,Arkansas,2004.0,2723000.0,0.9388409711654593,0.32326386371099736,0.32012470529848186,0.30344504805909134,0.5972344028237578,0.23690215257772562,-0.5025049430049164,0.9912687641059487
1228,California,2004.0,35770000.0,0.6994908844654231,-0.12378247119348196,0.4205288313133343,-0.20927035210998776,0.08893348176563891,0.5026783152301292,1.8943699242365422,0.9912687641059487
1229,Colorado,2004.0,4517000.0,0.6048845545159529,0.17252469391811404,-0.2773267637749672,0.23875483852202214,-0.7671522800164562,-0.4410269484854964,0.6722479563545336,0.9912687641059487
1230,Connecticut,2004.0,3487000.0,1.2398031165051806,-0.8263392309684148,-0.6919253505374884,-0.7973379573335801,-0.7403995999607657,-0.1855422842383858,0.5301407507868582,0.9912687641059487
1231,Delaware,2004.0,825000.0,2.86069305999638,-0.1505076640144011,0.8393576061682656,-0.31067058352966365,-1.0346790805733608,0.514917116918798,0.7101432111725804,0.9912687641059487
1232,Florida,2004.0,17420000.0,0.846116157471922,0.5423046477255922,1.2661161625163326,0.3841091384120633,-0.3391093991254086,0.2322968496189386,1.373310170488399,0.9912687641059487
1233,Georgia,2004.0,8700000.0,1.4031525748648703,0.47537190565966403,0.11032702107285626,0.507996992634309,0.03542812165425796,1.2043064412600928,-0.06670951259737853,0.9912687641059487
1234,Hawaii,2004.0,1244000.0,0.7773233316810859,0.7144537538927019,-0.8397604745882331,0.935820270773873,-1.1416898007961227,5.012198077101401,0.1890834574244372,0.9912687641059487
1235,Idaho,2004.0,1372000.0,0.6938263666853293,-0.757611730365001,-0.870856034622088,-0.6904953327936092,-0.7939049600721466,-0.8547292446800083,-0.20881671816505396,0.9912687641059487
1236,Illinois,2004.0,12560000.0,0.03564248977216536,-0.2641529592086549,0.5295369416436787,-0.38353925240389775,-0.15184063873557532,0.25910352275382137,1.1933077101026768,0.9912687641059487
1237,Indiana,2004.0,6121000.0,0.2753072468996501,-0.2431705115634601,-0.49850715162460163,-0.18409841296847745,-0.3391093991254086,-0.38626424383103847,-0.6730335896861269,0.9912687641059487
1238,Iowa,2004.0,2901000.0,-0.2930643321332624,-0.6350511050876612,-0.6781952369327,-0.5876662840733534,-0.5263781595152419,-0.8535450990935682,-0.4077668059597995,0.9912687641059487
1239,Kansas,2004.0,2669000.0,-0.049979900768504865,0.265237291776372,-0.24005823709800947,0.3351309492066773,-0.39261475923678957,-0.2017025099275161,0.06592387926578518,0.9912687641059487
1240,Kentucky,2004.0,4068000.0,0.5392824062021664,-0.9331138943667292,-0.8803854617102144,-0.8833896713920532,1.3195567643274007,-0.42691542502989055,-0.7393502856177088,0.9912687641059487
1241,Louisiana,2004.0,4419000.0,2.839178107881331,0.7402617270329195,0.9974332595366648,0.6495719944771876,1.052029963770496,1.3734538361540847,0.33119066299211264,0.9912687641059487
1242,Maine,2004.0,1290000.0,-1.084519579671944,-1.1272763605754044,-1.5502526995068426,-0.9838000332253221,-0.3391093991254086,-0.9068322866492291,-0.5404001978229632,0.9912687641059487
1243,Maryland,2004.0,5539000.0,0.4380261229163834,0.16367417139729282,1.2334232204176292,-0.029963920607979706,-0.7939049600721466,1.4050784617779535,0.9280409263763494,0.9912687641059487
1244,Massachusetts,2004.0,6363000.0,-1.0699436489905874,-0.851671160020206,0.11582559230794436,-0.9638464590695766,-0.9544210404062895,-0.37058920828270425,0.5396145644913699,0.9912687641059487
1245,Michigan,2004.0,9939000.0,0.8508867422824409,-0.3701952165089313,0.28805432812550247,-0.4596922915676493,0.11568616182132938,0.1918817758878515,0.42592880003722955,0.9912687641059487
1246,Minnesota,2004.0,5120000.0,-1.0027219050418263,-0.6015051122987571,-0.7918124838755234,-0.5310122813596817,-1.5697326816871704,-0.5777857196957086,0.5017193096733231,0.9912687641059487
1247,Mississippi,2004.0,2862000.0,2.2454089698274613,-0.2188299283636026,-0.6483717588979961,-0.13143574415653866,1.5603308848286148,1.7628384499717646,-0.27513341409663583,0.9912687641059487
1248,Missouri,2004.0,5609000.0,1.2108721836855807,0.2711228397421924,0.30111612322572845,0.2489093246446566,-0.1785933187912658,-0.06846228280550633,-0.09513095371091362,0.9912687641059487
1249,Montana,2004.0,908000.0,0.02240818075689242,-0.6008947856607502,-0.6459553801215192,-0.5553324413160079,0.3564602823225436,-0.6040699251289092,-0.20881671816505396,0.9912687641059487
1250,National,2004.0,290066000.0,0.9912687641059487,-0.07565329402297019,0.1411828863641346,-0.10805007911909577,-0.034627661225160075,-1.2499855919161555,,0.9912687641059487
1251,Nebraska,2004.0,1724000.0,-0.6068671696200897,-0.180570246108646,-0.5857359834942547,-0.09976289505773327,-0.9009156802949085,-0.5626090323628148,-0.4835573155958931,0.9912687641059487
1252,Nevada,2004.0,2385000.0,0.7624161143791154,0.42444212350702043,0.7653253211490372,0.33929409385879744,-0.5263781595152419,0.07002547894077665,1.5627864445786328,0.9912687641059487
1253,New Hampshire,2004.0,1291000.0,-0.8954392133422875,-1.365447518780595,-1.2483022935893378,-1.299537680686321,-1.9710228825225273,-0.9591147137405174,-0.1330262085289604,0.9912687641059487
1254,New Jersey,2004.0,8652000.0,-0.20411095242870614,-0.9589068149271113,-0.3769765888792875,-0.9982517068245063,-1.3022058811302655,0.4235659741064261,1.7048936501463083,0.9912687641059487
1255,New Mexico,2004.0,1899000.0,-0.05008057169211914,0.5505603343910083,1.1656177945353754,0.41048295754674036,0.9717719236034245,0.08225194364582242,0.5775098193094167,0.9912687641059487
1256,New York,2004.0,19010000.0,-0.053308238149833584,-1.0522192390813554,0.03774383852860944,-1.1727534769234662,0.5704817227680674,0.6857719439064344,2.4059558642801737,0.9912687641059487
1257,North Carolina,2004.0,8421000.0,0.44032966959870684,0.39043260272159774,0.07253477154377184,0.4203265950105929,0.4634710025453055,0.8160040066221494,-0.06670951259737853,0.9912687641059487
1258,North Dakota,2004.0,627000.0,-0.7681828689390758,-1.4763339108502753,-1.6282273146901673,-1.357334047110927,-0.8474103201835276,-0.6829936673572836,-0.9098789322989194,0.9912687641059487
1259,Ohio,2004.0,11260000.0,0.30823532176540025,-0.045329040311963685,-0.4383303732771815,0.024877100136658763,-0.3391093991254086,-0.11456278784527155,0.38803354521918276,0.9912687641059487
1260,Oklahoma,2004.0,3444000.0,2.1209151381048668,0.5189235556857286,0.3422104358951227,0.5165302207898327,-0.5531308395709323,0.45546765642042825,-0.4267144333688229,0.9912687641059487
1261,Oregon,2004.0,3572000.0,0.14148505899019248,0.5971738908761802,-0.6443992788221821,0.7723461441619179,-0.2856040390140277,-0.4773474916009686,0.5585621919003932,0.9912687641059487
1262,Pennsylvania,2004.0,12140000.0,-0.041365936769489804,-0.895499362669994,-0.08614164145565686,-0.9778131846100369,-0.39261475923678957,-0.285931885546043,-0.09513095371091362,0.9912687641059487
1263,Rhode Island,2004.0,1055000.0,-0.11246063114945236,-0.6654549333359782,-0.8626519213640806,-0.5897542833661658,-0.3658620791810991,-0.49982240983494497,1.0227790634214662,0.9912687641059487
1264,South Carolina,2004.0,4120000.0,1.2947386771552458,0.933335164618474,1.705988831945565,0.7421449553530288,0.5437290427123769,1.2033192519060147,-0.3035548552101709,0.9912687641059487
1265,South Dakota,2004.0,751000.0,0.3902633696985646,-1.4214893961483928,-1.224701846374535,-1.3656993650696099,0.1691915219327103,-0.36911833925591325,-0.49303112930040477,0.9912687641059487
1266,Tennessee,2004.0,5846000.0,0.5673583946619954,0.6722794904502561,1.232832057414735,0.5338780511103336,0.8112558432692816,0.21469233076851343,-0.14250002223347208,0.9912687641059487
1267,Texas,2004.0,22290000.0,2.3668368080436206,0.6827856660198457,0.49721586370512616,0.6715913296544155,0.9717719236034245,0.05652492266010447,-0.03828807148384346,0.9912687641059487
1268,Utah,2004.0,2390000.0,-0.5426660894276752,0.1405697414857065,-0.9422453444376525,0.3172880006351855,-0.7403995999607657,-0.8616795900932007,0.018554810743226707,0.9912687641059487
1269,Vermont,2004.0,616000.0,-0.14503973854040897,-1.1899154112011632,-1.5036282098501534,-1.061219863686975,-1.3557112412416465,-1.0026160669438684,-0.14250002223347208,0.9912687641059487
1270,Virginia,2004.0,7369000.0,0.7976445926652199,-0.8157957950481975,-0.7401880661242011,-0.7773804094102086,-0.927668360350599,0.7186665205189188,0.10381913408383195,0.9912687641059487
1271,Washington,2004.0,6116000.0,-0.4214402930373523,0.8181378970670741,-0.4183480734674771,0.9785236187043892,-0.39261475923678957,-0.017748817581447696,-0.009866630370308374,0.9912687641059487
1272,West Virginia,2004.0,1791000.0,-0.35633692243001625,-0.9071172586344572,-0.713837735146095,-0.883117430875246,0.3564602823225436,-0.8945470536050742,-1.0898813926846416,0.9912687641059487
1273,Wisconsin,2004.0,5456000.0,0.44045336490584736,-0.8864432166280725,-1.0569130565161446,-0.8014067745877388,-0.12508795867988487,-0.5189896409095922,0.8427766030357441,0.9912687641059487
1274,Wyoming,2004.0,496000.0,0.3155838767609794,-0.35433073906387574,-0.9506307043101416,-0.22982508459701867,-0.7671522800164562,-0.8711399274161847,1.1269910141710948,0.9912687641059487
1275,Alabama,2005.0,4501000.0,1.5891825863353144,0.17776264790256574,-0.006452342834876111,0.1981387884923047,1.0252772837148054,1.0000186393346326,-0.3035548552101709,1.0222335764342299
1276,Alaska,2005.0,657000.0,2.2411413047940183,0.11232741671558912,0.9304996883293669,-0.03496259243495582,-0.7671522800164562,0.8627638007518624,1.5343650034650977,1.0222335764342299
1277,Arizona,2005.0,6025000.0,1.219008196295844,0.8235109165006503,0.31337487334306197,0.8590781342427075,0.6239870828794484,-0.4241013592751337,0.8711980441492791,1.0222335764342299
1278,Arkansas,2005.0,2756000.0,0.8416949228897306,0.35847324508321604,0.4364961986216,0.3225278269656646,0.24944956209978172,0.23256069232811966,-0.57829545264101,1.0222335764342299
1279,California,2005.0,35840000.0,0.7606629202398264,-0.18091160584761634,0.42875241046080087,-0.2740019062085269,0.08893348176563891,0.45758325808340705,1.8754222968275187,1.0222335764342299
1280,Colorado,2005.0,4629000.0,0.6872532496002941,0.2442183815763116,-0.18148929368721328,0.3017960764066095,-0.39261475923678957,-0.5265331975435122,0.8048813482176973,1.0222335764342299
1281,Connecticut,2005.0,3483000.0,1.2343888169616333,-0.9115999183209496,-0.7667310230921354,-0.8790213052371204,-0.9544210404062895,-0.19762850062293563,0.5396145644913699,1.0222335764342299
1282,Delaware,2005.0,842000.0,2.774400774296218,-0.2745949155227187,0.9067363599138623,-0.45975672198519196,-0.9811737204619799,0.6349152347227647,1.1364648278756067,1.0222335764342299
1283,Florida,2005.0,17850000.0,0.9148653808117149,0.4093950429161639,1.2438905369990367,0.24060044855601065,-0.472872799403861,0.2246105946215948,1.6291031405102148,1.0222335764342299
1284,Georgia,2005.0,9014000.0,1.1339426618195347,0.37423029363437593,0.061574713771039256,0.40424618426119235,0.4099656424339245,1.3948572276424915,-0.10460476741542532,1.0222335764342299
1285,Hawaii,2005.0,1274000.0,0.7964959178780741,0.663179083223935,-0.8534642986681111,0.8813357006486067,-1.1416898007961227,4.888940968234083,0.09434532037932027,1.0222335764342299
1286,Idaho,2005.0,1441000.0,0.7429062823446586,-0.8650526564260546,-0.856507008883682,-0.8120424908580869,-0.7939049600721466,-0.872769285021056,-0.25618578668761244,1.0222335764342299
1287,Illinois,2005.0,12570000.0,0.07379477364507629,-0.310337973061921,0.5693982515395822,-0.4415622889372532,-0.3658620791810991,0.3367239178266426,1.1648862689891417,1.0222335764342299
1288,Indiana,2005.0,6131000.0,0.31374066331573575,-0.19057640072502552,-0.500418123181953,-0.12547534168500943,-0.07158259856850392,-0.384803832019874,-0.4740835018913814,1.0222335764342299
1289,Iowa,2005.0,2902000.0,-0.2514355939234138,-0.6658099490833015,-0.6468869030011746,-0.6271250883836702,-0.41936743929248005,-0.7832334612777807,-0.2940810415056592,1.0222335764342299
1290,Kansas,2005.0,2693000.0,-0.045393013584672605,0.10767740988736992,-0.1919578673826458,0.15224746545942794,-0.09833527862419439,-0.3713507632952073,0.21750489853797228,1.0222335764342299
1291,Kentucky,2005.0,4049000.0,0.8148935848754885,-0.8989685679193993,-0.761969764818848,-0.8658366270672045,0.5169763626566865,-0.5321810329837224,-0.8056669815492907,1.0222335764342299
1292,Louisiana,2005.0,4086000.0,3.1117828036900463,0.43507179082954867,1.0223493051529071,0.30702790111144884,1.453320164605853,1.4970312890002417,0.4354026137417413,1.0222335764342299
1293,Maine,2005.0,1314000.0,-1.1015190873985974,-1.1463426622727593,-1.5170667275052032,-1.010620550845536,-0.07158259856850392,-0.9707637527815873,-0.5214525704139399,1.0222335764342299
1294,Maryland,2005.0,5560000.0,0.3718973254611038,0.10541013576421875,1.2552276257994819,-0.0982808547946378,-0.8474103201835276,1.4305176386440117,0.937514740080861,1.0222335764342299
1295,Massachusetts,2005.0,6318000.0,-1.0124383082220327,-0.9079903499425311,0.142626589212475,-1.0308640207786968,-0.7403995999607657,-0.2467021582464742,0.6343527015364868,1.0222335764342299
1296,Michigan,2005.0,9964000.0,0.882205972218946,-0.3096169846452093,0.571976744656373,-0.4412050379130969,-0.23209867890264674,0.21377564789247627,0.3596121041056477,1.0222335764342299
1297,Minnesota,2005.0,5113000.0,-0.9422611409510131,-0.5310150878615947,-0.6541874600079698,-0.47646664291624874,-1.2754532010745752,-0.41224189216631024,0.4354026137417413,1.0222335764342299
1298,Mississippi,2005.0,2843000.0,2.1785992658028093,-0.35710300710667114,-0.7106461448276538,-0.2740258723203073,1.9348684056082814,1.8164293436043724,-0.33197629632370595,1.0222335764342299
1299,Missouri,2005.0,5697000.0,1.1352419889881993,0.28962825975676193,0.44894418156035754,0.24408639740854365,-0.3391093991254086,-0.09052703477336434,-0.009866630370308374,1.0222335764342299
1300,Montana,2005.0,926000.0,0.19855800517991495,-0.48350008853090753,-0.7178722884464404,-0.4128866250360574,0.24944956209978172,-0.6902535611219421,-0.14250002223347208,1.0222335764342299
1301,National,2005.0,292610000.0,1.0222335764342299,-0.12891410792033373,0.1709940598749372,-0.17219359868579195,-0.07449548735075454,-1.250156195949656,,1.0222335764342299
1302,Nebraska,2005.0,1760000.0,-0.5284766709663529,-0.2993164808288311,-0.7057800676858383,-0.21080893673938383,-0.9009156802949085,-0.5628313573480311,-0.4456620607778463,1.0222335764342299
1303,Nevada,2005.0,2447000.0,0.7911216213473887,0.4702652156416908,0.7465208338823953,0.39330730558916427,-0.6066361996823133,0.05225418540052983,1.7238412775553316,1.0222335764342299
1304,New Hampshire,2005.0,1298000.0,-0.8648430580775398,-1.5443462905047745,-1.4108316254222386,-1.469976070594829,-1.9442702024668368,-0.9853802888640514,-0.08565714000640193,1.0222335764342299
1305,New Jersey,2005.0,8692000.0,-0.17231332951646208,-1.0340202995703414,-0.3859283477367675,-1.0799737344734786,-1.6232380417985512,0.41975268072070515,1.7901579734869135,1.0222335764342299
1306,New Mexico,2005.0,1938000.0,-0.031894120619188435,0.44419318418884013,0.9489229805499864,0.32972173041563874,1.346309444383091,-0.02470941653728922,0.6343527015364868,1.0222335764342299
1307,New York,2005.0,19000000.0,-0.08294490143512388,-1.1111651074289695,0.06151419318890594,-1.2421630776601094,0.436718322489615,0.7115740184678385,2.614379765779431,1.0222335764342299
1308,North Carolina,2005.0,8538000.0,0.47001995005840036,0.3521796807082559,0.1748002012504727,0.36040085645296366,0.062180801709948434,0.8956260451536082,-0.06670951259737853,1.0222335764342299
1309,North Dakota,2005.0,625000.0,-0.7106446260869002,-1.4135796175771547,-1.5166079107103219,-1.3069059492137343,-0.44612011934817053,-0.5682077711864181,-0.6540859622771036,1.0222335764342299
1310,Ohio,2005.0,11310000.0,0.3516145640578996,-0.04081648310638106,-0.3887984877116436,0.02139018232892574,-0.15184063873557532,-0.11213313498358128,0.40698117262820616,1.0222335764342299
1311,Oklahoma,2005.0,3486000.0,2.1240848640248133,0.3599602227507927,0.3681226182611609,0.3358937045502398,0.7309978031022102,0.5180523970538717,-0.3414501100282177,1.0222335764342299
1312,Oregon,2005.0,3619000.0,0.15019347660407992,0.4203193730607267,-0.6985954061052854,0.5856077244124493,-0.23209867890264674,-0.41442495107394833,0.7196170248770921,1.0222335764342299
1313,Pennsylvania,2005.0,12240000.0,0.009601125078501697,-0.8972176445033084,-0.035040085425151815,-0.9884754017790803,-0.44612011934817053,-0.2509626579215387,-0.1235523948244487,1.0222335764342299
1314,Rhode Island,2005.0,1052000.0,0.015937697854495104,-0.784962260035745,-0.842905221901479,-0.7256009404663802,-0.20534599884695628,-0.46592402884023754,1.0227790634214662,1.0222335764342299
1315,South Carolina,2005.0,4164000.0,1.2228260420101118,0.7982964358194219,1.602619597704755,0.6101825356296403,0.5704817227680674,1.169743767942592,-0.36987155114175274,1.0222335764342299
1316,South Dakota,2005.0,765000.0,0.6246550866378234,-1.5556414282856015,-1.1982711236524017,-1.5189237786116627,-0.2856040390140277,-0.3150389522319539,-0.4740835018913814,1.0222335764342299
1317,Tennessee,2005.0,5853000.0,0.6121813445350478,0.7305809250351447,1.5465064504634722,0.5447428672678795,0.5437290427123769,0.184277506044249,-0.06670951259737853,1.0222335764342299
1318,Texas,2005.0,22780000.0,2.2958750130826733,0.5381163876438584,0.4331146832431857,0.5222246938473762,0.8915138834363531,0.06393089776646992,0.009080997038715014,1.0222335764342299
1319,Utah,2005.0,2521000.0,-0.528311922302875,-0.08564492784174088,-1.005897039837328,0.07745901713158716,-0.9811737204619799,-0.8368221542124616,0.1985572711289489,1.0222335764342299
1320,Vermont,2005.0,621000.0,-0.05754677463741861,-1.1742554961884333,-1.4562172607345152,-1.0519875136583612,-1.4092166013530274,-0.9997851311676815,0.21750489853797228,1.0222335764342299
1321,Virginia,2005.0,7442000.0,0.7532061821461427,-0.8286375886872778,-0.7012690467009067,-0.7982841676572389,-0.9811737204619799,0.7235187115909122,0.17960964371992552,1.0222335764342299
1322,Washington,2005.0,6237000.0,-0.3807390158834923,0.8281277452435798,-0.41887054812914604,0.9896859564822897,-0.7136469199050752,-0.052238472589398115,0.07539769297029687,1.0222335764342299
1323,West Virginia,2005.0,1795000.0,-0.2811087814603488,-0.8600118037832537,-0.7536450421232305,-0.8240834278659109,0.6774924429908292,-0.9319749908828289,-1.1088290200936648,1.0222335764342299
1324,Wisconsin,2005.0,5440000.0,0.419774795750729,-0.8450201339923528,-0.8982736524356765,-0.7826804739735008,-0.7136469199050752,-0.5080341204162172,0.6154050741274635,1.0222335764342299
1325,Wyoming,2005.0,509000.0,0.33273194479671736,-0.5358727708765002,-0.9702878367145011,-0.42767838021887017,-0.6066361996823133,-0.9134030285138958,1.2217291512162118,1.0222335764342299
1326,Alabama,2006.0,4532000.0,1.6097013622702943,0.21548146789992578,-0.0332275641350007,0.2445351905097119,0.3832129623782341,0.9593271207164378,-0.114078581119937,1.0723962962006177
1327,Alaska,2006.0,658000.0,2.460405360497015,0.15316407034065693,1.2204460417698142,-0.039389370274702455,-1.0614317606290513,0.758725507735532,1.5248911897605861,1.0723962962006177
1328,Arizona,2006.0,6256000.0,1.3156907214328555,0.7986071751447186,0.44809107485800903,0.8083873564566064,0.4099656424339245,-0.3167779688523733,1.0133052497169546,1.0723962962006177
1329,Arkansas,2006.0,2748000.0,0.8957832403882333,0.36762828513728596,0.5908328929515771,0.30622545737819157,1.2928040842717101,0.2783688627002445,-0.5593478252319867,1.0723962962006177
1330,California,2006.0,36160000.0,0.8135918172167341,-0.27781106803031624,0.4623320324023541,-0.3871605479621805,-0.1785933187912658,0.48751941339324123,1.960686620168124,1.0723962962006177
1331,Colorado,2006.0,4797000.0,0.7169226937632035,-0.23955422032293588,-0.2179335491827826,-0.22817414505373937,-0.8474103201835276,-0.5308589949127195,0.6533003289455103,1.0723962962006177
1332,Connecticut,2006.0,3457000.0,1.4465295339416906,-0.868351869394718,-0.6273885008507822,-0.854965148489126,-1.3022058811302655,-0.09836276710647943,0.6911955837635569,1.0723962962006177
1333,Delaware,2006.0,858000.0,2.8485164042967765,0.017154264824609168,1.2051291257083414,-0.18751833643386506,-0.9544210404062895,0.7826056358209585,1.7238412775553316,1.0723962962006177
1334,Florida,2006.0,18030000.0,0.9884438523363396,0.42252766163156963,1.3052392956857772,0.24464290164721308,-0.3658620791810991,0.1981157471503499,1.6385769542147264,1.0723962962006177
1335,Georgia,2006.0,9334000.0,1.2770991305729409,0.16840990049445248,0.19047819077817732,0.15402266296099956,-0.07158259856850392,1.3166058500882583,0.09434532037932027,1.0723962962006177
1336,Hawaii,2006.0,1254000.0,0.7584717198075418,0.3471802486223356,-0.7026415445084566,0.5052333736614896,-0.9811737204619799,4.68410327041867,0.07539769297029687,1.0723962962006177
1337,Idaho,2006.0,1472000.0,0.8054515250384142,-1.0770561381100383,-0.8827543810704952,-1.042529988813957,-0.9009156802949085,-0.8034430773890857,-0.2656596003921241,1.0723962962006177
1338,Illinois,2006.0,12630000.0,0.07254067842066877,-0.36969667922030564,0.5201852073427196,-0.4989217570896642,-0.6066361996823133,0.37608098526362144,1.250150592329747,1.0723962962006177
1339,Indiana,2006.0,6334000.0,0.3891228094504558,-0.2683876460752902,-0.5497747079583672,-0.20326309619968785,-0.6066361996823133,-0.4736186336990588,-0.5972430800500335,1.0723962962006177
1340,Iowa,2006.0,2913000.0,-0.23796973070817676,-0.6830353976891467,-0.6802987954617382,-0.6404918091775028,-0.6868942398493848,-0.8171843928216975,-0.22776434557407735,1.0723962962006177
1341,Kansas,2006.0,2719000.0,-0.1175551602833996,0.10285498242996775,0.006010871865708961,0.11297484379152557,-0.01807723845712298,-0.37260867220617605,0.31224303558308925,1.0723962962006177
1342,Kentucky,2006.0,4106000.0,0.823507499010717,-0.8568127331980262,-0.7539997557003688,-0.8204767721713276,1.052029963770496,-0.49083189804841226,-0.6919812170951504,1.0723962962006177
1343,Louisiana,2006.0,4206000.0,3.0938253734511325,0.5500486240945279,1.3816177105445324,0.37289821530457123,1.1055353238818768,1.4077048272064518,0.8806718578537909,1.0723962962006177
1344,Maine,2006.0,1313000.0,-1.0581517417341253,-1.0451820019830838,-1.4989297268202446,-0.9016018496955287,-0.7136469199050752,-0.9639089671607202,-0.549874011527475,1.0723962962006177
1345,Maryland,2006.0,5607000.0,0.3735255294395964,0.024910488979226125,1.1230828597499227,-0.16486040207814226,-1.1951951609075038,1.5308563158397563,1.0701481319440247,1.0723962962006177
1346,Massachusetts,2006.0,6324000.0,-0.9831219314203029,-0.8554168189307071,0.33005531954329365,-1.0047123551954236,-0.23209867890264674,-0.21890302716237445,0.7290908385816037,1.0723962962006177
1347,Michigan,2006.0,9953000.0,1.00329762498094,-0.2072045902549256,0.6237687160958454,-0.33656661858528314,0.11568616182132938,0.18820477563160434,0.25540015335601907,1.0723962962006177
1348,Minnesota,2006.0,5145000.0,-0.9682151536423852,-0.5213870059228563,-0.5904921982885255,-0.4767107739767667,-1.2487005210188846,-0.4788726917548041,0.6154050741274635,1.0723962962006177
1349,Mississippi,2006.0,2887000.0,2.2257356375896915,-0.4327520814603764,-0.578489818679394,-0.3805243235759087,2.0686318058867337,1.7903927176976562,-0.19934290446054226,1.0723962962006177
1350,Missouri,2006.0,5797000.0,1.0159196000230104,0.20371583375784316,0.5200529135932029,0.13667419004175518,-0.39261475923678957,-0.13621782662978602,-0.07618332630189023,1.0723962962006177
1351,Montana,2006.0,930000.0,0.22269255722273334,-0.6096736286135419,-0.2578063556888739,-0.6315830256686394,0.1691915219327103,-0.6503903060178142,-0.09513095371091362,1.0723962962006177
1352,National,2006.0,295885000.0,1.0723962962006177,-0.18738083627942467,0.21634858365019335,-0.24477116266184162,-0.15526332898181305,-1.2502773958255282,,1.0723962962006177
1353,Nebraska,2006.0,1765000.0,-0.548335230143553,-0.3392121007107513,-0.6713035560390836,-0.26093794366421935,-0.7136469199050752,-0.5451638369375512,-0.25618578668761244,1.0723962962006177
1354,Nevada,2006.0,2530000.0,0.941263958628112,0.469576987714907,1.3974769760344472,0.2809851304042333,-0.9009156802949085,0.314333276832073,1.9985818749861708,1.0723962962006177
1355,New Hampshire,2006.0,1308000.0,-0.7519637202151819,-1.4422540271469062,-1.4071165593614239,-1.357453178582801,-1.9977755625782179,-0.9182650214432322,0.028028624447738404,1.0723962962006177
1356,New Jersey,2006.0,8650000.0,-0.1626802639477405,-1.065721868328669,-0.39775275535772964,-1.1130854713034506,-1.0881844406847418,0.42386938855520173,1.9322651790545888,1.0723962962006177
1357,New Mexico,2006.0,1939000.0,-0.012639510583600366,0.3226153902907054,1.0312128574540032,0.18086165384427674,1.0787826438261863,-0.13047665850937232,0.7101432111725804,1.0723962962006177
1358,New York,2006.0,19020000.0,-0.06757333799981825,-1.1480952896228218,0.014659658543848594,-1.2750668543953052,0.30295492221116266,0.8069334812241955,2.6049059520749194,1.0723962962006177
1359,North Carolina,2006.0,8847000.0,0.45557912740587425,0.3347145361162362,0.17305391095693212,0.3413416786595096,0.24944956209978172,0.7746774667152829,0.09434532037932027,1.0723962962006177
1360,North Dakota,2006.0,615000.0,-0.7104942905146971,-1.2640623196540377,-1.092273185031451,-1.2139017262556062,-0.39261475923678957,-0.4992855741927796,-0.6067168937545451,1.0723962962006177
1361,Ohio,2006.0,11300000.0,0.5230548120256331,-0.012995267704810382,-0.332556002795942,0.04258865012559339,-0.20534599884695628,-0.14807085133790548,0.36908591781015937,1.0723962962006177
1362,Oklahoma,2006.0,3489000.0,2.0314421818024995,0.0719021283941503,0.34749384016211765,0.020143994984610124,0.6239870828794484,0.5226032169956256,-0.27513341409663583,1.0723962962006177
1363,Oregon,2006.0,3705000.0,0.14665432138444479,-0.09099696584054985,-0.7184813009903909,0.022270155090632675,-0.2856040390140277,-0.3781095287386495,0.6627741426500219,1.0723962962006177
1364,Pennsylvania,2006.0,12330000.0,0.08952482418159975,-0.8749362433891199,0.03594085802144663,-0.975943134154226,-0.41936743929248005,-0.22220143105908946,-0.06670951259737853,1.0723962962006177
1365,Rhode Island,2006.0,1054000.0,0.1996296327180576,-0.9000104395647209,-0.9556573348113564,-0.8337977203923268,-0.6333888797380038,-0.4203906789891894,0.8522504167402558,1.0723962962006177
1366,South Carolina,2006.0,4224000.0,1.2395545422196967,0.7419319699755088,1.631553819918367,0.5427492027041659,-0.44612011934817053,1.2117092092837025,-0.15197383593798378,1.0723962962006177
1367,South Dakota,2006.0,770000.0,0.5296216481280652,-1.4898524833675133,-0.7900108135511763,-1.5159696819093613,-0.5798835196266229,-0.5166812572066085,-0.5309263841184515,1.0723962962006177
1368,Tennessee,2006.0,5916000.0,0.5235081332864111,0.6266731551883108,1.5822113899330332,0.4234519505774737,0.5437290427123769,0.28437007776157597,-0.114078581119937,1.0723962962006177
1369,Texas,2006.0,23210000.0,2.293954590232897,0.3801407609840123,0.3975002963056761,0.3532272355753073,0.9450192435477339,0.07909172920430448,0.018554810743226707,1.0723962962006177
1370,Utah,2006.0,2536000.0,-0.5253435992430605,-0.2678654978998552,-0.9828276605829237,-0.128468743206056,-0.9544210404062895,-0.7806373425972221,0.1985572711289489,1.0723962962006177
1371,Vermont,2006.0,618000.0,0.07993967963380857,-1.1312529751244162,-1.3606694308592973,-1.0206980693447056,-1.3557112412416465,-0.960378937035105,0.15118820260639043,1.0723962962006177
1372,Virginia,2006.0,7532000.0,0.8235248384723017,-0.9489249405400004,-0.7019005726666058,-0.9315030359336857,-1.1416898007961227,0.719826404635866,0.26487396706053074,1.0723962962006177
1373,Washington,2006.0,6310000.0,-0.3829776145763902,0.5713112193265976,-0.3964689094737272,0.7011901043099237,-1.3022058811302655,0.06747503761355714,0.018554810743226707,1.0723962962006177
1374,West Virginia,2006.0,1810000.0,-0.16087397938313114,-0.864452010574987,-0.7270155028570824,-0.8335686832154666,0.6507397629351388,-0.9328165076201481,-1.0709337652756181,1.0723962962006177
1375,Wisconsin,2006.0,5471000.0,0.48194968952881023,-0.702767810987271,-0.6892009385460514,-0.6608376855546688,-0.7403995999607657,-0.5361176221983157,0.6817217700590453,1.0723962962006177
1376,Wyoming,2006.0,516000.0,0.37623742171886826,-0.646284316375904,-0.8629796110562749,-0.5684493177012248,-0.7671522800164562,-0.9250924659079488,1.5059435623515627,1.0723962962006177
1377,Alabama,2007.0,4566000.0,1.7310845503965455,0.255677000552975,0.07646158937070716,0.2702898479960958,0.436718322489615,1.0187190252399898,-0.03828807148384346,1.104013898821431
1378,Alaska,2007.0,675000.0,2.432187326630478,-0.029008711855604403,1.0761603148049097,-0.21658323593680345,-1.4092166013530274,0.7214229853603298,1.780684159782402,1.104013898821431
1379,Arizona,2007.0,6365000.0,1.4356397409892834,0.6468371108901106,0.35999371784181916,0.655262582913655,0.3832129623782341,-0.38824291572853237,1.5722602582831446,1.104013898821431
1380,Arkansas,2007.0,2803000.0,0.9597366653954628,0.29671521672654066,0.48731355714976365,0.2453659619062681,0.24944956209978172,0.31588060026670123,-0.6067168937545451,1.104013898821431
1381,California,2007.0,36250000.0,0.7870211537362872,-0.38463377660436304,0.41856874290001833,-0.49806331813489796,-0.04482991851281345,0.45218458456552524,2.2543748450079866,1.104013898821431
1382,Colorado,2007.0,4872000.0,0.7179325947355703,-0.5673040288972064,-0.4078758791477224,-0.5589017874248279,-0.8206576401278372,-0.5521300835953761,0.785933720808674,1.104013898821431
1383,Connecticut,2007.0,3471000.0,1.492263735498179,-0.961251290665567,-0.6274613199007387,-0.9579228484797621,-1.0614317606290513,-0.14671023874490824,0.6059312604229518,1.104013898821431
1384,Delaware,2007.0,861000.0,2.879304408594131,-0.02145946897288645,1.257104533714324,-0.23922541435939595,-0.9544210404062895,0.7684993914087977,1.9227913653500772,1.104013898821431
1385,Florida,2007.0,18040000.0,1.1549587511283748,0.5301194620867301,1.3621461542605535,0.35414562297535485,-0.09833527862419439,0.220389296502056,1.7238412775553316,1.104013898821431
1386,Georgia,2007.0,9486000.0,1.3139112360976875,0.19925950837272774,0.2608977218782301,0.17614818701664084,0.1959442019884008,1.368992010773893,0.20803108483346058,1.104013898821431
1387,Hawaii,2007.0,1264000.0,0.7417470396271105,0.23856755501080712,-0.7368265524071056,0.3907050717092881,-1.435969281408718,4.856053619747059,0.25540015335601907,1.104013898821431
1388,Idaho,2007.0,1501000.0,0.8264903772612028,-1.1538410162906647,-0.8508627739147014,-1.1331042378184975,-0.7939049600721466,-0.9567081873998389,-0.18986909075603056,1.104013898821431
1389,Illinois,2007.0,12680000.0,0.06937037877827447,-0.4431602605877227,0.474448822350648,-0.5725109606356839,-0.7671522800164562,0.4344598771624046,1.4206792390109575,1.104013898821431
1390,Indiana,2007.0,6258000.0,0.5141541628651044,-0.2687589828310823,-0.45669551055246566,-0.21962638268159038,-0.2856040390140277,-0.4445466744068518,-0.5119787567094282,1.104013898821431
1391,Iowa,2007.0,2965000.0,-0.28937564197501564,-0.835449358496422,-0.6336608656672594,-0.8174208989307105,-1.0614317606290513,-0.7739682020717567,-0.23723815927858904,1.104013898821431
1392,Kansas,2007.0,2720000.0,-0.14373747387334637,0.08771747521166404,0.13711004107359123,0.07372888691872508,-0.3123567190697182,-0.40523820208242844,0.40698117262820616,1.104013898821431
1393,Kentucky,2007.0,4202000.0,1.0970854702397834,-0.913319133825909,-0.6761460655333786,-0.8964511302267478,0.7042451230465198,-0.5266285773778373,-0.8814574911853842,1.104013898821431
1394,Louisiana,2007.0,4186000.0,3.191007853188302,0.6771165644793353,1.4943360370707122,0.49442354804240596,0.8647612033806631,1.281034216124529,0.8522504167402558,1.104013898821431
1395,Maine,2007.0,1312000.0,-1.0451083883325598,-1.1192934919726456,-1.4871551368230018,-0.9857652946501178,-0.5263781595152419,-0.9559504081851198,-0.5214525704139399,1.104013898821431
1396,Maryland,2007.0,5560000.0,0.4442328001978956,-0.011069958885627475,0.9782821815649242,-0.17992570775471065,-1.0881844406847418,1.5053315326336965,1.3543625430793755,1.104013898821431
1397,Massachusetts,2007.0,6336000.0,-0.948185720955118,-0.8927341011636671,0.051366208726322644,-0.9983139285305733,-0.44612011934817053,-0.18185059250461053,0.937514740080861,1.104013898821431
1398,Michigan,2007.0,9919000.0,0.9352643734857509,-0.34480962869192344,0.48189587087629715,-0.46477488992331367,-0.5531308395709323,0.13540038958840228,0.24592633965150737,1.104013898821431
1399,Minnesota,2007.0,5188000.0,-0.9365960353973406,-0.5695853398969329,-0.6912288110554542,-0.5128700416376065,-0.9544210404062895,-0.4542398795534678,0.7764599071041622,1.104013898821431
1400,Mississippi,2007.0,2895000.0,2.4861423913336007,-0.5029621732438424,-0.6748845175028992,-0.4418256398741991,2.603685407000543,1.8246412213248098,-0.2846072278011475,1.104013898821431
1401,Missouri,2007.0,5783000.0,0.9922234147202365,0.23844706581553046,0.6120325053931737,0.15940721286370113,-0.01807723845712298,-0.09355272287224803,0.29329540817406585,1.104013898821431
1402,Montana,2007.0,938000.0,0.1224927971223758,-0.5588329812506072,-0.23628490062116447,-0.5789192964291981,0.03542812165425796,-0.5379395926547184,-0.00039281666579668,1.104013898821431
1403,National,2007.0,298120000.0,1.104013898821431,-0.24440582416862536,0.1804251787548222,-0.30182147317979524,-0.10677064668146977,-1.2501711506795328,,1.104013898821431
1404,Nebraska,2007.0,1751000.0,-0.5044579292415747,-0.45463852470418814,-0.573356691941634,-0.4056630691236857,-0.7939049600721466,-0.5285748433616121,-0.18039527705151887,1.104013898821431
1405,Nevada,2007.0,2566000.0,1.0264579231442665,0.2937750786158368,1.472278431354828,0.07330612362027882,-0.8474103201835276,0.21972501783725829,2.207005776485428,1.104013898821431
1406,New Hampshire,2007.0,1312000.0,-0.6949615722147983,-1.4225022544639294,-1.3696490600687286,-1.3419813080508687,-1.890764842355456,-0.935652670075999,0.16066201631090213,1.104013898821431
1407,New Jersey,2007.0,8548000.0,-0.17763653358801035,-1.1144446845425096,-0.4874269375498177,-1.151721931139439,-1.1149371207404324,0.6339375982265761,1.8564746694184953,1.104013898821431
1408,New Mexico,2007.0,1941000.0,-0.06618176169115259,0.307418796179656,1.1513854167386608,0.14342278159884095,0.30295492221116266,0.01211461179889713,1.1743600826936533,1.104013898821431
1409,New York,2007.0,19020000.0,-0.08868834258346212,-1.2200608936923354,-0.08461522801733405,-1.3378203893903926,0.436718322489615,0.8298755909971682,2.4912201876207787,1.104013898821431
1410,North Carolina,2007.0,9170000.0,0.4015340024443931,0.26121438007471176,0.10226922158897865,0.27200465533606333,0.7042451230465198,0.8186068274935804,0.13224057519736704,1.104013898821431
1411,North Dakota,2007.0,614000.0,-0.6585287432745135,-1.3169870469010287,-1.0239707133293499,-1.2842692742978528,-0.9544210404062895,-0.35021224626384584,-0.7204026582086854,1.104013898821431
1412,Ohio,2007.0,11280000.0,0.6076845409056445,-0.17619248748493097,-0.35974889815599137,-0.13363970338727182,-0.01807723845712298,-0.13224724552395126,0.5869836330139283,1.104013898821431
1413,Oklahoma,2007.0,3551000.0,2.0124677574415326,0.004806085824580746,0.34891379002150175,-0.054468939246071685,0.14243884187701986,0.7546543664905581,-0.20881671816505396,1.104013898821431
1414,Oregon,2007.0,3761000.0,0.15185094747516828,-0.22209998495773145,-0.6786316883883758,-0.12987441522707055,-0.01807723845712298,-0.33377951876982226,0.59645744671844,1.104013898821431
1415,Pennsylvania,2007.0,12300000.0,0.16845202834446654,-0.9515531059106682,-0.08099671830851142,-1.040825156670217,-0.6601415597936943,-0.25746783296297615,-0.009866630370308374,1.104013898821431
1416,Rhode Island,2007.0,1042000.0,0.2370598561074001,-0.9019584307997478,-0.9592298673748739,-0.8353446312756806,-0.9009156802949085,-0.37197726191691916,1.2880458471477938,1.104013898821431
1417,South Carolina,2007.0,4380000.0,1.2066800443605632,0.7065428974439472,1.6397799776972137,0.5021139994272963,0.32970760226685314,1.1989348722070396,-0.14250002223347208,1.104013898821431
1418,South Dakota,2007.0,787000.0,0.4399262304972984,-1.5336528369561027,-0.9028851895356635,-1.5451740648368855,-0.927668360350599,-0.6778755514964192,-0.5309263841184515,1.104013898821431
1419,Tennessee,2007.0,6137000.0,0.48210289759818925,0.5312379900429394,1.4849908116569719,0.3343325750731226,0.5169763626566865,0.2904714823265174,0.09434532037932027,1.104013898821431
1420,Texas,2007.0,23650000.0,2.206266104652204,0.39684459555126655,0.36021451397130716,0.3781317988031132,0.9717719236034245,0.05149781547571234,0.09434532037932027,1.104013898821431
1421,Utah,2007.0,2651000.0,-0.5710567713436341,-0.2743177470601485,-0.9276066692119466,-0.14508409243878725,-0.874163000239218,-0.7328808715663775,0.13224057519736704,1.104013898821431
1422,Vermont,2007.0,613000.0,0.00350924312374312,-1.1539224926239058,-1.4333666423066063,-1.0333663971043927,-0.7939049600721466,-0.9288777348114787,0.17013583001541382,1.104013898821431
1423,Virginia,2007.0,7678000.0,0.867540450788659,-0.9794101242097671,-0.7667061347015196,-0.9541867392658161,-1.1416898007961227,0.8067885490320326,0.4354026137417413,1.104013898821431
1424,Washington,2007.0,6503000.0,-0.4119570708986892,0.16467064182024377,-0.4836461019711509,0.2654078934452298,-0.7136469199050752,0.005784864588369499,0.07539769297029687,1.104013898821431
1425,West Virginia,2007.0,1793000.0,-0.03942318974949071,-0.9415557805481158,-0.7397382572741121,-0.9168504886087187,0.5169763626566865,-0.9033168053524067,-0.8909313048898959,1.104013898821431
1426,Wisconsin,2007.0,5458000.0,0.5225664116651064,-0.6579302326938709,-0.6491972109424873,-0.6179952364674219,-0.49962547945955144,-0.48806543906678374,0.7101432111725804,1.104013898821431
1427,Wyoming,2007.0,518000.0,0.33363051746103345,-0.6957329446888696,-0.8342657757633111,-0.628179332593034,-0.5263781595152419,-0.9280935107313179,1.5343650034650977,1.104013898821431
1428,Alabama,2008.0,4716000.0,1.7469854584343714,0.2547476180218985,0.04214257054007273,0.27514122890256043,0.3832129623782341,1.0042346574214451,0.018554810743226707,1.1019236247343505
1429,Alaska,2008.0,672000.0,2.320369838391175,-0.34281569567210257,1.0588943841036413,-0.5614494592738632,-1.2487005210188846,0.7617784047054553,2.055424757213241,1.1019236247343505
1430,Arizona,2008.0,6529000.0,1.5049784890103406,0.3140426395263461,0.20918400136329898,0.31223695557181885,1.3730621244387815,-0.24576402906943465,1.5627864445786328,1.1019236247343505
1431,Arkansas,2008.0,2822000.0,1.0221851086459943,0.21479193487461992,0.3750467571712718,0.17380181115331308,0.6507397629351388,0.20644518567814227,-0.6067168937545451,1.1019236247343505
1432,California,2008.0,36640000.0,0.7477979437023179,-0.4863979683512483,0.3131497618236822,-0.5927927950503507,0.4634710025453055,0.456020260218937,2.4533249328027322,1.1019236247343505
1433,Colorado,2008.0,4908000.0,0.7490415068229007,-0.6743103282635742,-0.3839007933668687,-0.681616894742243,-0.49962547945955144,-0.48039031823195655,0.8806718578537909,1.1019236247343505
1434,Connecticut,2008.0,3433000.0,1.4865530274783092,-0.9206653273086227,-0.5860177954564301,-0.9200396594990806,-1.2754532010745752,-0.1435022294915177,0.7764599071041622,1.1019236247343505
1435,Delaware,2008.0,861000.0,2.7450762191270046,0.16723442935623004,1.3041678221165534,-0.038141757264367034,-0.874163000239218,0.6808125166841394,1.2690982197387704,1.1019236247343505
1436,Florida,2008.0,18020000.0,1.2921390482802482,0.5620566914778107,1.2206129085920872,0.41380064287345586,0.062180801709948434,0.20744344862489195,1.8280532283049602,1.1019236247343505
1437,Georgia,2008.0,9541000.0,1.2017701305352997,0.31006672061947016,0.2689024811913107,0.29759561403633616,0.7042451230465198,1.440180912280566,0.25540015335601907,1.1019236247343505
1438,Hawaii,2008.0,1255000.0,0.7507554923701716,-0.1375361272353134,-0.7400797851024169,-0.025612584698299114,-0.7939049600721466,4.933864983905126,0.3975073589236945,1.1019236247343505
1439,Idaho,2008.0,1515000.0,0.7893914334705967,-1.2821416755224895,-0.9113738376107955,-1.2649430807449247,-0.1785933187912658,-0.9511527051420972,-0.16144764964249547,1.1019236247343505
1440,Illinois,2008.0,12690000.0,0.07954046560766054,-0.44353830561653235,0.4450111932764737,-0.5678850356561944,-0.15184063873557532,0.39738424063685374,1.430153052715469,1.1019236247343505
1441,Indiana,2008.0,6288000.0,0.6115594928520708,-0.28204991439533034,-0.44833702993895064,-0.23579057402618162,0.3832129623782341,-0.45076257353865956,-0.4172406196643112,1.1019236247343505
1442,Iowa,2008.0,2986000.0,-0.29476432442540185,-0.9995206683234787,-0.6933291051485296,-0.9890525497294748,-0.9009156802949085,-0.8085958893083006,-0.23723815927858904,1.1019236247343505
1443,Kansas,2008.0,2716000.0,-0.17441976693247743,-0.15316803764785497,-0.06135070932026208,-0.15925807206515366,-0.04482991851281345,-0.316765099704606,0.28382159446955413,1.1019236247343505
1444,Kentucky,2008.0,4246000.0,0.9628767657127238,-0.8182353681095607,-0.6507077759430916,-0.7954193669806571,1.1322880039375673,-0.5243746574972412,-0.7488240993222205,1.1019236247343505
1445,Louisiana,2008.0,4326000.0,3.1356378969214136,0.36725801709820716,1.1455859158939088,0.21074277589620294,1.4265674845501624,1.3298878183464822,1.0133052497169546,1.1019236247343505
1446,Maine,2008.0,1317000.0,-1.028078186793918,-1.1158958537883308,-1.486788812281716,-0.9820621154683032,-0.23209867890264674,-0.9612473303911954,-0.5972430800500335,1.1019236247343505
1447,Maryland,2008.0,5528000.0,0.4469366419343081,0.06730444929031158,0.9393188128155205,-0.08637767386644567,-1.1149371207404324,1.4712261809175133,1.306993474556817,1.1019236247343505
1448,Massachusetts,2008.0,6420000.0,-0.9643524129926045,-0.8882829299239644,0.14367252048615606,-1.009199467885712,-0.41936743929248005,-0.22992421677247482,0.814355161922209,1.1019236247343505
1449,Michigan,2008.0,9806000.0,0.8808892254050987,-0.42981890012178275,0.4039758645936484,-0.5456458399459914,0.03542812165425796,0.2284290210369924,0.29329540817406585,1.1019236247343505
1450,Minnesota,2008.0,5120000.0,-0.872705125019231,-0.6774582486306387,-0.7825335863493457,-0.6167893103252754,-0.7939049600721466,-0.41829409758774816,0.8996194852628142,1.1019236247343505
1451,Mississippi,2008.0,2900000.0,2.542783691916053,-0.6303702141867239,-0.6065751987581032,-0.5947520358697483,1.399814804494472,1.8999775673533967,-0.27513341409663583,1.1019236247343505
1452,Missouri,2008.0,5861000.0,0.9849565820734926,0.05005025737913738,0.31755559683222156,0.0010540187767140881,0.11568616182132938,-0.07309684371271812,0.24592633965150737,1.1019236247343505
1453,Montana,2008.0,973000.0,0.0975362339871359,-0.8057735424894813,-0.600445670343603,-0.790220419629782,0.008675441598567491,-0.5902796707038223,0.14171438890187874,1.1019236247343505
1454,National,2008.0,300460000.0,1.1019236247343505,-0.2984074763046548,0.11891726133736441,-0.3511360894758224,0.09528018693228217,-1.2502024539197074,,1.1019236247343505
1455,Nebraska,2008.0,1774000.0,-0.5188471555976496,-0.664677133048598,-0.5803299444772149,-0.6372758452298091,-0.6066361996823133,-0.6244870768075832,0.05645006556127349,1.1019236247343505
1456,Nevada,2008.0,2581000.0,0.8618266375160413,0.06540014404257477,1.3811103577647197,-0.16420161611595105,-0.5531308395709323,0.2769985786580206,2.3775344231666384,1.1019236247343505
1457,New Hampshire,2008.0,1300000.0,-0.7901215500801995,-1.289011696086173,-1.3068276844118216,-1.2047858910123228,-1.5697326816871704,-0.9305487486052862,0.24592633965150737,1.1019236247343505
1458,New Jersey,2008.0,8515000.0,-0.2299203274490143,-1.051447768687283,-0.49195627755466936,-1.0811196092958895,-0.9811737204619799,0.6421548986839711,1.71436746385082,1.1019236247343505
1459,New Mexico,2008.0,1977000.0,-0.14332397305054528,0.25514585126399814,1.0121789162887296,0.1093400742539938,1.7208469651627576,0.08109198852792272,1.0133052497169546,1.1019236247343505
1460,New York,2008.0,19310000.0,-0.18527957844367945,-1.2368780745360606,-0.17229732389431393,-1.3414338837405455,0.3564602823225436,0.7744107668904125,2.6238535794839426,1.1019236247343505
1461,North Carolina,2008.0,9234000.0,0.47956952302456207,0.2681372173632605,0.13249588076295224,0.2744977884441239,0.2762022421554722,0.7773650545130842,0.21750489853797228,1.1019236247343505
1462,North Dakota,2008.0,625000.0,-0.6486988535605792,-1.3080346892377126,-0.968869131565037,-1.2837896167432157,-0.2856040390140277,-0.33221011898138314,-0.5309263841184515,1.1019236247343505
1463,Ohio,2008.0,11390000.0,0.6310362091293127,-0.24329188944356564,-0.3892107379120005,-0.20296391236282021,0.22269688204409127,-0.11204433503130624,0.6154050741274635,1.1019236247343505
1464,Oklahoma,2008.0,3550000.0,2.0228737341953495,-0.015735744632574964,0.4971888464992799,-0.10264863817207286,0.1959442019884008,0.7025268707020842,-0.17092146334700717,1.1019236247343505
1465,Oregon,2008.0,3806000.0,0.15976317242849236,-0.4194578720236856,-0.8301082884044343,-0.3226671714909729,-0.6066361996823133,-0.22782419506095247,0.6248788878319751,1.1019236247343505
1466,Pennsylvania,2008.0,12180000.0,0.3437281238622914,-0.8980194033008558,-0.09080819212294053,-0.9798066676206907,-0.49962547945955144,-0.22480435142613342,0.07539769297029687,1.1019236247343505
1467,Rhode Island,2008.0,1042000.0,0.25203299776067406,-0.7256534212015631,-0.855528034196833,-0.6576994611584096,-0.04482991851281345,-0.40588556185962793,1.0227790634214662,1.1019236247343505
1468,South Carolina,2008.0,4462000.0,1.1591788845027464,0.618898955278921,1.3754442251808239,0.45027026152959365,0.30295492221116266,1.1899441548498197,-0.06670951259737853,1.1019236247343505
1469,South Dakota,2008.0,794000.0,0.44105441851784055,-1.5156158820327315,-0.7363661789636401,-1.553719452748983,0.062180801709948434,-0.5692600459061692,-0.57829545264101,1.1019236247343505
1470,Tennessee,2008.0,6163000.0,0.5617736970215396,0.48346963118133096,1.3515322665509957,0.30425770213205433,0.5704817227680674,0.21815948015935674,0.1890834574244372,1.1019236247343505
1471,Texas,2008.0,24170000.0,2.1330794219958475,0.28262639410179335,0.3387905089760853,0.25520337333841586,0.8112558432692816,0.09743718693894408,0.13224057519736704,1.1019236247343505
1472,Utah,2008.0,2754000.0,-0.616405593548809,-0.3986346099780738,-1.0000929939429735,-0.27045498355591546,-1.4092166013530274,-0.802648209855355,0.21750489853797228,1.1019236247343505
1473,Vermont,2008.0,610000.0,0.01331911864510855,-0.997039255346119,-1.3906652526483447,-0.8667943025819593,-1.0346790805733608,-0.9453503981031067,0.018554810743226707,1.1019236247343505
1474,Virginia,2008.0,7735000.0,0.8638061922731668,-0.9572588997203932,-0.8365653439271737,-0.9176619043603838,-0.6868942398493848,0.8213395299287166,0.44487642744625294,1.1019236247343505
1475,Washington,2008.0,6526000.0,-0.40388666480941293,0.017067321898665493,-0.4805764326081217,0.10127756841409793,-0.6601415597936943,-0.011659981011055847,-0.009866630370308374,1.1019236247343505
1476,West Virginia,2008.0,1796000.0,-0.04171810606488353,-0.9312797465472494,-0.7445080978038718,-0.9046430374223262,0.436718322489615,-0.8766979791522631,-0.6730335896861269,1.1019236247343505
1477,Wisconsin,2008.0,5548000.0,0.4438760503333676,-0.7561671681340588,-0.7408955552228039,-0.7111664956064855,-0.8206576401278372,-0.4830176017025302,0.6911955837635569,1.1019236247343505
1478,Wyoming,2008.0,529000.0,0.28528882445442255,-0.818280510952502,-0.871721094712966,-0.7575926582914433,-0.7403995999607657,-0.8626971553839424,1.1648862689891417,1.1019236247343505
1479,Alabama,2009.0,4655000.0,1.9655404580068778,0.10640207934278831,0.07786797208903547,0.10459176197324703,0.9985246036591149,0.9873721526122341,0.33119066299211264,1.0874290340915946
1480,Alaska,2009.0,688000.0,2.447714931165859,-0.3624817044098862,0.9522373325661211,-0.564968725113034,-0.3123567190697182,0.6460020273071786,2.737539343938083,1.0874290340915946
1481,Arizona,2009.0,6508000.0,1.608780145008094,-0.044612874880695035,-0.0296717167947677,-0.04436406253757717,2.2291478862208765,-0.1381993234716186,1.6575245816237498,1.0874290340915946
1482,Arkansas,2009.0,2846000.0,1.0966696292594675,0.16192828631712797,0.3965537441576502,0.1115216636690346,1.6138362449399957,0.2569133396905375,-0.5404001978229632,1.0874290340915946
1483,California,2009.0,36740000.0,0.7026740261522815,-0.6538199462880271,0.17495683682031496,-0.7546809662091575,0.6507397629351388,0.4780366523459515,2.671222648006501,1.0874290340915946
1484,Colorado,2009.0,4969000.0,0.6596988015512438,-0.783746585161063,-0.44719500452341426,-0.7920693712097008,-0.15184063873557532,-0.503900996866257,1.1743600826936533,1.0874290340915946
1485,Connecticut,2009.0,3472000.0,1.2902104305401885,-1.0419354286117735,-0.6223688483917273,-1.0482262832206486,-1.1951951609075038,-0.1293092483251708,0.7290908385816037,1.0874290340915946
1486,Delaware,2009.0,883000.0,2.442526184095711,-0.08836746269832406,0.970754311220203,-0.264312535769682,-0.15184063873557532,0.675010006311312,1.2690982197387704,1.0874290340915946
1487,Florida,2009.0,18390000.0,1.2740617173461206,0.25751718062776574,0.8329222355171899,0.1426890578493096,0.4634710025453055,0.19442700018212458,2.2827962861215214,1.0874290340915946
1488,Georgia,2009.0,9657000.0,1.4187438775250873,0.030389114276951283,-0.013523252388835822,0.03600102841046229,1.4800728446615434,1.4947477017132136,0.15118820260639043,1.0874290340915946
1489,Hawaii,2009.0,1250000.0,0.7321371355149481,-0.033314664980887095,-0.7199647067561592,0.08645972621916745,-0.09833527862419439,4.824084136392759,0.6911955837635569,1.0874290340915946
1490,Idaho,2009.0,1524000.0,0.8146793253373535,-1.3202567959314226,-0.8798526558616545,-1.3125920956979413,0.22269688204409127,-0.9636495144445169,0.17960964371992552,1.0874290340915946
1491,Illinois,2009.0,12760000.0,0.054006202194784594,-0.6188568721694355,0.3001393443056742,-0.737381206467804,0.08893348176563891,0.35029672463746664,1.7522627186688666,1.0874290340915946
1492,Indiana,2009.0,6342000.0,0.6336801327352125,-0.46170701172125916,-0.46705368106545553,-0.4317157763890073,0.8647612033806631,-0.419105905942172,-0.4456620607778463,1.0874290340915946
1493,Iowa,2009.0,2987000.0,-0.28623983175916967,-1.0811656634072868,-0.7196653202832692,-1.0750348285386908,-0.5798835196266229,-0.7361473909077196,-0.18986909075603056,1.0874290340915946
1494,Kansas,2009.0,2737000.0,-0.16682412169613806,-0.2812780909777106,-0.0925494364224563,-0.2959091260974302,0.22269688204409127,-0.3268099824073412,0.350138290401136,1.0874290340915946
1495,Kentucky,2009.0,4276000.0,0.9329620728823678,-0.9557742710650915,-0.8445577376932561,-0.9146466168557235,1.1055353238818768,-0.5522345702809076,-0.8151407952538023,1.0874290340915946
1496,Louisiana,2009.0,4450000.0,3.174445049958068,0.28552555384130457,0.9798132060542487,0.1485598470105217,0.3832129623782341,1.44307664290433,1.2406767786252353,1.0874290340915946
1497,Maine,2009.0,1297000.0,-1.0083263586514752,-1.1271449964568918,-1.4753431357553959,-0.9964922542778336,-0.39261475923678957,-0.9751665433620706,-0.4740835018913814,1.0874290340915946
1498,Maryland,2009.0,5662000.0,0.28013518520364883,-0.22904126390549473,0.723305660707576,-0.3778289046032089,-0.874163000239218,1.6163530226143141,1.7617365323733785,1.0874290340915946
1499,Massachusetts,2009.0,6623000.0,-1.003851954358394,-0.9780766982821957,0.10239650496064101,-1.101653539409424,-0.5531308395709323,-0.25110688598187175,1.003831436012443,1.0874290340915946
1500,Michigan,2009.0,9797000.0,0.6912444170562305,-0.52133423802774,0.32602098858551526,-0.6337221704451266,0.30295492221116266,0.22623286422172526,0.3596121041056477,1.0874290340915946
1501,Minnesota,2009.0,5200000.0,-0.8814666724550485,-0.8680573426833016,-0.88961038436297,-0.8096997210124547,-0.472872799403861,-0.5154660817391478,1.4491006801244926,1.0874290340915946
1502,Mississippi,2009.0,2847000.0,2.369011689080378,-0.5526187474418485,-0.6601662679671533,-0.49938761228960016,2.7374488072789953,1.7685234205523326,-0.00039281666579668,1.0874290340915946
1503,Missouri,2009.0,5963000.0,0.9705822555929147,-0.18197276195559683,0.2624971788387573,-0.24668566446624945,0.7042451230465198,-0.09242319816021347,0.6627741426500219,1.0874290340915946
1504,Montana,2009.0,971000.0,0.1542081296185896,-0.9265706007728627,-0.7006050302827294,-0.9069474018238705,0.1691915219327103,-0.4579801392673198,0.38803354521918276,1.0874290340915946
1505,National,2009.0,303227000.0,1.0874290340915946,-0.4429256852462504,-0.006125757495383991,-0.4898912095599292,0.3924360804394291,-1.250315525474357,,1.0874290340915946
1506,Nebraska,2009.0,1778000.0,-0.5371095186587667,-0.7504769542256386,-0.6808069774098415,-0.7151572740877817,-0.7939049600721466,-0.5968883015667388,-0.1330262085289604,1.0874290340915946
1507,Nevada,2009.0,2629000.0,0.7523693971791953,-0.24662020061987303,1.2594253620957672,-0.4891924248101796,0.03542812165425796,0.3524544437726905,2.6901702754155243,1.0874290340915946
1508,New Hampshire,2009.0,1313000.0,-0.7892501504882736,-1.2797101010621286,-1.288927863419967,-1.1975435863517123,-1.3557112412416465,-0.9478969935557962,0.3596121041056477,1.0874290340915946
1509,New Jersey,2009.0,8660000.0,-0.29751088602885695,-1.2467582221706273,-0.584505828541823,-1.281741759747276,-0.9544210404062895,0.6866141679257604,1.960686620168124,1.0874290340915946
1510,New Mexico,2009.0,1971000.0,-0.12567861768732064,0.21612960819882274,0.9605108816492792,0.07494902365894995,1.7208469651627576,-0.07570048413844445,1.1838338963981652,1.0874290340915946
1511,New York,2009.0,19160000.0,-0.22120609359098622,-1.2740017455689425,-0.2168712315776076,-1.3749429729755038,0.7845031632135911,0.7609768289966177,2.7754345987561297,1.0874290340915946
1512,North Carolina,2009.0,9336000.0,0.4759719677091119,-0.031376534361979395,-0.14964494153220173,-0.009132106589735952,1.0787826438261863,0.9171883947524758,0.20803108483346058,1.0874290340915946
1513,North Dakota,2009.0,632000.0,-0.6324809517509534,-1.3189809427226982,-0.7729380225511776,-1.3295007132694474,-0.5263781595152419,-0.33205128294276925,-0.057235698892866844,1.0874290340915946
1514,Ohio,2009.0,11440000.0,0.6155346119946997,-0.36446345895044885,-0.48319848962199224,-0.321163680427844,0.11568616182132938,-0.09893448370036548,0.8522504167402558,1.0874290340915946
1515,Oklahoma,2009.0,3632000.0,1.9549997457770407,0.0169020025471186,0.33738173630906654,-0.03908542875303557,0.008675441598567491,0.7449087699125009,0.018554810743226707,1.0874290340915946
1516,Oregon,2009.0,3821000.0,0.18700976406813535,-0.6241820565052517,-0.8276768077136185,-0.5500011749812365,0.14243884187701986,-0.431632242584069,1.0701481319440247,1.0874290340915946
1517,Pennsylvania,2009.0,12400000.0,0.40547719886262323,-1.085687753794493,-0.23271518383314,-1.1634995105352963,-0.472872799403861,-0.1832551731258828,0.3217168492876009,1.0874290340915946
1518,Rhode Island,2009.0,1030000.0,0.07002829618728217,-0.8613022552372783,-0.8317481310715235,-0.8121286460949546,0.03542812165425796,-0.3399226463836196,1.2027815238071884,1.0874290340915946
1519,South Carolina,2009.0,4501000.0,1.1270034082945404,0.37036750684072545,1.144350684095404,0.21440104089191384,0.22269688204409127,1.1778741831709136,-0.00039281666579668,1.0874290340915946
1520,South Dakota,2009.0,799000.0,0.4923702100030195,-1.5192524601098807,-1.0068615054162013,-1.5113933980427197,0.32970760226685314,-0.4085338582005037,-0.39829299225528786,1.0874290340915946
1521,Tennessee,2009.0,6240000.0,0.50591608747552,0.24561038757370351,1.0872155813508189,0.0859113109615643,0.9717719236034245,0.2268770302195751,0.4354026137417413,1.0874290340915946
1522,Texas,2009.0,24630000.0,2.026562448774609,0.2899524778769315,0.25836339925793356,0.27710705075649267,1.1857933640489482,0.11176435335954453,0.42592880003722955,1.0874290340915946
1523,Utah,2009.0,2794000.0,-0.6389826612245616,-0.4558598033174853,-1.0428590362149517,-0.326554527611499,-0.8474103201835276,-0.8761625839460729,0.25540015335601907,1.0874290340915946
1524,Vermont,2009.0,617000.0,0.08797917218507964,-1.1256964190178385,-1.4108961803337292,-1.0059314122236853,-0.927668360350599,-1.0060585518174403,0.23645252594699567,1.0874290340915946
1525,Virginia,2009.0,7767000.0,0.8403631753722022,-1.0076862661008612,-0.9516343064992283,-0.9538355980404405,-0.5798835196266229,0.7780145587290536,0.4922454959688114,1.0874290340915946
1526,Washington,2009.0,6697000.0,-0.41792638385300224,-0.09744949219059466,-0.4840210611820469,-0.025063104228786222,-0.3123567190697182,0.10574812004712249,0.15118820260639043,1.0874290340915946
1527,West Virginia,2009.0,1801000.0,0.05169182666208135,-0.9052855594719328,-0.6063916718164607,-0.8995010212659346,0.7845031632135911,-0.8146874164724205,-0.35092392373272935,1.0874290340915946
1528,Wisconsin,2009.0,5545000.0,0.42289223074441945,-0.8669304407865035,-0.8121767921284216,-0.8217210451445572,-0.5531308395709323,-0.5103397901157207,1.0133052497169546,1.0874290340915946
1529,Wyoming,2009.0,540000.0,0.22928573523529575,-0.9163647235320032,-1.0111536268863055,-0.842414065265127,-0.9811737204619799,-0.8360408943810627,2.737539343938083,1.0874290340915946
1530,Alabama,2010.0,4717000.0,1.9000582605966045,-0.11746159324155815,-0.22954267897048514,-0.09085652582412956,1.1590406839932577,0.9566422226116781,0.22697871224248398,1.0610984188593982
1531,Alaska,2010.0,695000.0,2.491139660745469,-0.4059987441595565,0.9978007201331793,-0.6210117746344836,-0.09833527862419439,0.9543515641219397,3.0312275687779455,1.0610984188593982
1532,Arizona,2010.0,6426000.0,1.6245932479237488,-0.1363060950873458,-0.11995363725304968,-0.13052497863783996,1.5870835648843054,0.0718801007934138,1.401731611601934,1.0610984188593982
1533,Arkansas,2010.0,2879000.0,1.2611859157278642,-0.010407276762411054,0.3372085534443617,-0.0693254897877368,0.6507397629351388,0.25075256264385476,-0.49303112930040477,1.0610984188593982
1534,California,2010.0,37240000.0,0.5700983972082156,-0.7590444021670172,0.010092016981964252,-0.843058128359224,0.9182665634920435,0.6243624450043586,2.424903491689197,1.0610984188593982
1535,Colorado,2010.0,4995000.0,0.6482142323162191,-0.7933952638923432,-0.5191872048910924,-0.7904261598115285,-0.15184063873557532,-0.44726337230708335,1.1364648278756067,1.0610984188593982
1536,Connecticut,2010.0,3541000.0,1.1618098047337482,-1.1786730405672758,-0.7164711459096279,-1.1836598993895977,-1.1416898007961227,0.09075767525921456,0.8617242304447675,1.0610984188593982
1537,Delaware,2010.0,890000.0,2.303770882615744,-0.006854637928712031,0.8921029910951892,-0.1604842371462863,-0.1785933187912658,0.8092957613436275,1.15541245528463,1.0610984188593982
1538,Florida,2010.0,18760000.0,1.2217059721724433,-0.015635439890407783,0.4889021198184841,-0.10111730007645008,0.8380085233249721,0.3239465736468237,2.150162894258358,1.0610984188593982
1539,Georgia,2010.0,9650000.0,1.388043272367865,-0.04609464726757091,-0.15708979554468325,-0.02416985431843151,1.5870835648843054,1.513520111815942,0.09434532037932027,1.0610984188593982
1540,Hawaii,2010.0,1311000.0,0.614679806745238,-0.26886086628208256,-0.762682857467065,-0.16729991552093984,-0.12508795867988487,5.058997942145943,0.7385646522861155,1.0610984188593982
1541,Idaho,2010.0,1543000.0,0.7917385426839093,-1.3464707238337286,-0.9971050111751002,-1.3215533092725733,0.24944956209978172,-0.9267100364574882,0.17013583001541382,1.0610984188593982
1542,Illinois,2010.0,12780000.0,0.19807206208549044,-0.6864225500807356,0.039427851855728516,-0.7675912138353169,0.32970760226685314,0.43772198253901545,1.7048936501463083,1.0610984188593982
1543,Indiana,2010.0,6390000.0,0.543427014550308,-0.49304189409186333,-0.5132936573927114,-0.45852301659949574,0.9182665634920435,-0.3197823966007471,-0.3414501100282177,1.0610984188593982
1544,Iowa,2010.0,2977000.0,-0.15589704758861114,-1.1143301451983,-0.7612185603608442,-1.1046732077142576,-0.6868942398493848,-0.637447498958245,-0.22776434557407735,1.0610984188593982
1545,Kansas,2010.0,2766000.0,-0.10029716312500894,-0.37927338708089625,-0.2574739230016298,-0.3762632261309903,0.436718322489615,-0.32883631175204553,0.40698117262820616,1.0610984188593982
1546,Kentucky,2010.0,4270000.0,0.7890216251135098,-0.9215670435482151,-0.8860691159554532,-0.8696170332829891,1.2928040842717101,-0.517326968650868,-0.8246146089583141,1.0610984188593982
1547,Louisiana,2010.0,4418000.0,3.1680437364073577,0.136540069834076,0.6182778749628652,0.04538267598731863,2.309405926387948,1.493255204231293,1.2027815238071884,1.0610984188593982
1548,Maine,2010.0,1298000.0,-1.0322332627976079,-1.0600493626884913,-1.4610681412290922,-0.9245695359957349,-0.07158259856850392,-0.9030072343733628,-0.4172406196643112,1.0610984188593982
1549,Maryland,2010.0,5786000.0,0.2704084552363538,-0.424857016259533,0.5015805720517511,-0.5568733295485983,-0.5263781595152419,1.6926321016749712,1.71436746385082,1.0610984188593982
1550,Massachusetts,2010.0,6532000.0,-0.9903626753179029,-0.9331415596711929,0.1489665947326307,-1.0598282817604108,-0.5263781595152419,-0.008950332310348228,0.9280409263763494,1.0610984188593982
1551,Michigan,2010.0,9751000.0,0.6260891212644583,-0.6105680535363482,0.2831246327861697,-0.7252778973281914,0.7577504831579007,0.36502900452316667,0.21750489853797228,1.0610984188593982
1552,Minnesota,2010.0,5217000.0,-0.9061277471586425,-0.9192896883496401,-0.9254187981149073,-0.8603491450576635,-0.5531308395709323,-0.421315719372096,1.1933077101026768,1.0610984188593982
1553,Mississippi,2010.0,2920000.0,2.17788098412346,-0.593036973430705,-0.7668282485139416,-0.5259078939904397,2.5769327269448525,1.7971381210634751,-0.114078581119937,1.0610984188593982
1554,Missouri,2010.0,5929000.0,0.9934141940650038,-0.2023685412257813,0.11286799589095543,-0.2436493482896708,0.5704817227680674,-0.10965138961525808,0.6438265152409985,1.0610984188593982
1555,Montana,2010.0,979000.0,0.2021944655441265,-0.9052083239586171,-0.7424964695054598,-0.8760900913950592,0.436718322489615,-0.43406634654630577,0.4543502411507646,1.0610984188593982
1556,National,2010.0,305524000.0,1.0610984188593982,-0.5324614475701088,-0.135236606494352,-0.5670063777509156,0.6051918024150862,-1.2488044744647073,,1.0610984188593982
1557,Nebraska,2010.0,1804000.0,-0.5218701272660177,-0.8228610690815058,-0.7278031785831512,-0.7873340872472961,-0.7136469199050752,-0.4892506799657411,-0.02881425777933176,1.0610984188593982
1558,Nevada,2010.0,2696000.0,0.7208396932880193,-0.4929206755061904,1.0547008109864457,-0.7271078790714413,0.9985246036591149,0.42614454175021843,2.481746373916267,1.0610984188593982
1559,New Hampshire,2010.0,1294000.0,-0.7582053581477847,-1.225929328862695,-1.249424218061312,-1.1447027538339372,-1.7034960819656226,-0.8823924448849547,0.6154050741274635,1.0610984188593982
1560,New Jersey,2010.0,8733000.0,-0.336481619598648,-1.2428017421598758,-0.5997886722026821,-1.2747372396956398,-0.472872799403861,0.6809840133204531,1.8848961105320305,1.0610984188593982
1561,New Mexico,2010.0,2033000.0,-0.0688754898499712,-0.03794594443449284,0.7401661805217238,-0.16890742061310418,1.453320164605853,0.17872053267457358,1.1459386415801183,1.0610984188593982
1562,New York,2010.0,19120000.0,-0.27888495134371133,-1.2570527125007838,-0.17938583522828455,-1.3625807400968728,0.8380085233249721,0.9049934067209235,2.8796465495057584,1.0610984188593982
1563,North Carolina,2010.0,9359000.0,0.5021387343649555,-0.17536181312570476,-0.31688427693956833,-0.14006501825526133,1.2125460441046387,0.9089273741136636,0.24592633965150737,1.0610984188593982
1564,North Dakota,2010.0,653000.0,-0.6752903269855715,-1.4801044651451647,-0.93859573802942,-1.4797007935759903,-0.07158259856850392,-0.2303718062612743,-0.06670951259737853,1.0610984188593982
1565,Ohio,2010.0,11340000.0,0.6439228267672802,-0.35165799220983385,-0.5515502619212387,-0.295256070801315,0.6774924429908292,-0.004759941959913284,0.7006693974680687,1.0610984188593982
1566,Oklahoma,2010.0,3697000.0,2.1121020789838756,-0.10088435449216321,0.2375821242074737,-0.15253698748991898,0.9182665634920435,1.139750658155975,0.04697625185676179,1.0610984188593982
1567,Oregon,2010.0,3752000.0,0.2999144159165356,-0.5510595259330585,-0.8450556815852575,-0.4659734485002282,0.3832129623782341,-0.2359616818001068,0.8427766030357441,1.0610984188593982
1568,Pennsylvania,2010.0,12530000.0,0.373002403767328,-1.119040659278917,-0.31007728216163327,-1.187209901159181,-0.1785933187912658,-0.10776881265513177,0.31224303558308925,1.0610984188593982
1569,Rhode Island,2010.0,1042000.0,-0.12950483399682472,-0.9249036535306759,-0.8318375292035735,-0.8826094307419832,0.30295492221116266,-0.010382440000127568,1.5817340719876563,1.0610984188593982
1570,South Carolina,2010.0,4563000.0,0.9947216547342328,0.32351893139267857,0.8074807824405094,0.22020582260705113,1.0787826438261863,1.1266490020248054,-0.009866630370308374,1.0610984188593982
1571,South Dakota,2010.0,799000.0,0.4923702100030195,-1.408481220294918,-0.7626121583775196,-1.4304728875067605,0.1959442019884008,-0.25719833765257855,-0.2846072278011475,1.0610984188593982
1572,Tennessee,2010.0,6315000.0,0.5207308348740316,0.12381299471419378,0.827006957904817,-0.004495578891654799,1.0252772837148054,0.2816837384827165,0.5017193096733231,1.0610984188593982
1573,Texas,2010.0,25200000.0,1.9907188278788586,0.06666717523873696,0.05008040026285866,0.06531156609691889,1.4800728446615434,0.23600033060875933,0.46382405485527634,1.0610984188593982
1574,Utah,2010.0,2768000.0,-0.5701246279581765,-0.5234616793118845,-1.0457506585346141,-0.4009892229725956,-0.7671522800164562,-0.7912457452651368,0.11329294778834365,1.0610984188593982
1575,Vermont,2010.0,624000.0,-0.06591697280904286,-1.2465044836664068,-1.4306732090005316,-1.1364463297084373,-0.5531308395709323,-0.9434747577250063,0.38803354521918276,1.0610984188593982
1576,Virginia,2010.0,7837000.0,0.7840300319190112,-1.0953554744559275,-1.021465203452274,-1.0390411279734884,-0.5798835196266229,0.8615394765743275,0.29329540817406585,1.0610984188593982
1577,Washington,2010.0,6713000.0,-0.42150393789539303,-0.07280155778677204,-0.5761293740188739,0.01804209563366368,-0.3391093991254086,0.3455434951899129,0.12276676149285534,1.0610984188593982
1578,West Virginia,2010.0,1816000.0,0.13473300539706914,-1.1159832048167941,-0.6100484431626557,-1.132412648037103,1.052029963770496,-0.8420787241659157,-0.5119787567094282,1.0610984188593982
1579,Wisconsin,2010.0,5626000.0,0.3433539621876884,-0.9663310237476387,-0.8698802003626545,-0.9220080695373567,-0.7403995999607657,-0.3943839094797217,0.9754099948989078,1.0610984188593982
1580,Wyoming,2010.0,550000.0,0.22778759949840968,-1.0131143381661558,-1.096810341758713,-0.9349721709481286,-0.874163000239218,-0.8293133961652752,2.2354272175989633,1.0610984188593982
1581,Alabama,2011.0,4765000.0,1.9222229099218306,-0.05304645514487038,-0.07157001730745584,-0.04653145208428893,0.6774924429908292,0.9564927959692843,0.12276676149285534,1.0102587388950108
1582,Alaska,2011.0,712000.0,2.5513059506987124,-0.5974166652806425,0.8460498949353012,-0.8071736470983025,-0.3123567190697182,0.8040604162403057,2.709117902824548,1.0102587388950108
1583,Arizona,2011.0,6547000.0,1.5410861611343125,-0.1518721828136418,-0.13692203476577325,-0.1448705032727537,1.1590406839932577,-0.11413477335424567,1.1933077101026768,1.0102587388950108
1584,Arkansas,2011.0,2909000.0,1.2085752704884605,0.10933372742471928,0.22652464501824354,0.08236478261266118,1.5603308848286148,0.36569708001598794,-0.5214525704139399,1.0102587388950108
1585,California,2011.0,37590000.0,0.30808432720613604,-0.8128368395412398,-0.12289183932087266,-0.8798914708740663,1.0787826438261863,0.6858455809474222,2.112267639440311,1.0102587388950108
1586,Colorado,2011.0,5016000.0,0.5407402700089374,-0.838049398348832,-0.5491510471057311,-0.8347858908969915,0.08893348176563891,-0.5057422792421203,1.0417266908304896,1.0102587388950108
1587,Connecticut,2011.0,3514000.0,1.0220862797442087,-1.19044452100762,-0.7319945203480565,-1.1940471071501424,-0.7403995999607657,0.12568286173941265,0.8333027893312324,1.0102587388950108
1588,Delaware,2011.0,902000.0,2.3260707231426907,-0.07660544324883355,0.6134636574255272,-0.19004381911323986,0.22269688204409127,0.8808706152445904,1.1269910141710948,1.0102587388950108
1589,Florida,2011.0,18990000.0,1.1447257866455334,-0.05757244371911213,0.3657492159473777,-0.12649482683321828,0.5437290427123769,0.312261251926232,1.9038437379410538,1.0102587388950108
1590,Georgia,2011.0,9681000.0,1.3480941534920925,-0.044465074284952215,-0.274072277763879,-0.002315443558340549,1.4800728446615434,1.5740316626209034,0.05645006556127349,1.0102587388950108
1591,Hawaii,2011.0,1337000.0,0.6180302688842713,-0.4255015662270816,-0.835649821274503,-0.32841633720569097,-0.20534599884695628,5.095053529128586,0.5869836330139283,1.0102587388950108
1592,Idaho,2011.0,1574000.0,0.8500031563344834,-1.3247000362391466,-1.0952274857157427,-1.280606571096463,0.7577504831579007,-0.8430197159370955,0.15118820260639043,1.0102587388950108
1593,Illinois,2011.0,12700000.0,0.21227203624811913,-0.7128599412392639,-0.04313954411178685,-0.7827443423369856,0.3564602823225436,0.4032596498151432,1.5722602582831446,1.0102587388950108
1594,Indiana,2011.0,6344000.0,0.6417790986394325,-0.39129059134064437,-0.455509863780569,-0.35564421898385273,0.7309978031022102,-0.3249410056155673,-0.4077668059597995,1.0102587388950108
1595,Iowa,2011.0,3027000.0,-0.25092690173429105,-1.0738164969391815,-0.8297785960103564,-1.0480180205055907,-0.6601415597936943,-0.7369711597379432,-0.25618578668761244,1.0102587388950108
1596,Kansas,2011.0,2807000.0,-0.07109814262122076,-0.43892231744503357,-0.34876037501944795,-0.4267339380830293,0.3832129623782341,-0.22264965584602284,0.3027692218785775,1.0102587388950108
1597,Kentucky,2011.0,4302000.0,0.9027975948319997,-0.8074781510480373,-0.9097219631960443,-0.7391067690755284,0.8380085233249721,-0.4647322880408903,-0.8909313048898959,1.0102587388950108
1598,Louisiana,2011.0,4494000.0,3.1148686087636346,0.13189184457647576,0.5869569776691074,0.045598262109761686,2.202395206165186,1.4381003824711893,1.2596244060342587,1.0102587388950108
1599,Maine,2011.0,1328000.0,-1.0578120554960957,-1.0520163446597952,-1.4682458671644045,-0.914435597079222,0.14243884187701986,-0.9123102962566927,-0.5593478252319867,1.0102587388950108
1600,Maryland,2011.0,5806000.0,0.25395915572357275,-0.548412386425735,0.26899899718720227,-0.6539634290911865,-0.9544210404062895,1.7819600595235545,1.742788904964355,1.0102587388950108
1601,Massachusetts,2011.0,6514000.0,-0.9600972961147095,-1.0178431113740953,-0.024089723733080395,-1.1240539152162672,-0.6066361996823133,-0.051598005480485626,1.0890957593530481,1.0102587388950108
1602,Michigan,2011.0,9689000.0,0.5697779072594523,-0.7822478848116089,0.059477302167685625,-0.8772405182474916,0.5704817227680674,0.34502127986605396,0.08487150667480857,1.0102587388950108
1603,Minnesota,2011.0,5276000.0,-0.9178233147898079,-0.9482874945546712,-0.9548631515654321,-0.8874443529832692,-0.7671522800164562,-0.323790156598678,0.9564623674898844,1.0102587388950108
1604,Mississippi,2011.0,2932000.0,2.22368805925652,-0.5727481902884879,-0.7704616868058521,-0.5027970159231384,1.2125460441046387,1.8390761940263527,-0.114078581119937,1.0102587388950108
1605,Missouri,2011.0,5892000.0,1.0327520150728655,-0.21337247775306484,0.08276878396835101,-0.25068783365797637,0.6774924429908292,-0.03349893667798345,0.5585621919003932,1.0102587388950108
1606,Montana,2011.0,986000.0,0.16435277295053616,-1.0296069682143583,-0.7413350672870376,-1.0141732044087064,0.9717719236034245,-0.5030951829768125,0.4543502411507646,1.0102587388950108
1607,National,2011.0,307843000.0,1.0102587388950108,-0.5754498527361945,-0.21801890853838035,-0.6004679022124287,0.5659236263717837,-1.2488229339151606,,1.0102587388950108
1608,Nebraska,2011.0,1823000.0,-0.527991297176118,-0.7802721242094321,-0.8490705761450783,-0.7193457666628514,-0.7136469199050752,-0.3931220481757559,-0.07618332630189023,1.0102587388950108
1609,Nevada,2011.0,2682000.0,0.7619282900106586,-0.6788223088096044,0.6407060357273682,-0.8622127164219652,0.7042451230465198,0.5617384751396093,2.3206915409395683,1.0102587388950108
1610,New Hampshire,2011.0,1300000.0,-0.8292377095399889,-1.0021157102625817,-1.0166207174392414,-0.9365239473136011,-1.4092166013530274,-0.8816251791009092,0.4354026137417413,1.0102587388950108
1611,New Jersey,2011.0,8642000.0,-0.3974911758312183,-1.1676848107102782,-0.5766179653961052,-1.1954482016063166,-0.39261475923678957,0.6872917142872014,1.77121034607789,1.0102587388950108
1612,New Mexico,2011.0,2037000.0,-0.005985875832458861,0.04573005199161176,0.6791390215857008,-0.06570183928226839,2.4966746867777814,0.22411437977230939,0.9659361811943962,1.0102587388950108
1613,New York,2011.0,19330000.0,-0.33395783172779997,-1.3014336158534048,-0.1762325123227122,-1.4123131627111734,0.8380085233249721,0.8635132930453111,2.8417512946877115,1.0102587388950108
1614,North Carolina,2011.0,9504000.0,0.4068245482104071,-0.16241708548197,-0.4048661621455397,-0.11063888835128916,0.6774924429908292,0.9183868530872896,0.1985572711289489,1.0102587388950108
1615,North Dakota,2011.0,675000.0,-0.7729670727413526,-1.3714717489080106,-0.8703893147854764,-1.3709808089734317,-0.7939049600721466,-0.13376184073797037,-0.00039281666579668,1.0102587388950108
1616,Ohio,2011.0,11310000.0,0.6126955134303179,-0.3278379058940322,-0.5924004807175236,-0.26185295404360504,0.5972344028237578,-0.0051911387242485835,0.5585621919003932,1.0102587388950108
1617,Oklahoma,2011.0,3763000.0,1.997904615665012,-0.20172728443376037,0.09992893455276766,-0.24072111003375424,0.2762022421554722,1.1184986159830392,0.10381913408383195,1.0102587388950108
1618,Oregon,2011.0,3850000.0,0.18666252275821793,-0.5153703100809317,-0.8761469586946171,-0.42108699424737944,0.4099656424339245,-0.32412781138927754,0.6533003289455103,1.0102587388950108
1619,Pennsylvania,2011.0,12700000.0,0.35564312071048076,-1.1061629570487428,-0.3487835920921823,-1.1663027953065592,-0.07158259856850392,-0.11698167944463454,0.21750489853797228,1.0102587388950108
1620,Rhode Island,2011.0,1038000.0,-0.13346476141900623,-0.8549779048234911,-0.882362976378095,-0.7964444509983646,0.14243884187701986,-0.13626547284353652,1.306993474556817,1.0102587388950108
1621,South Carolina,2011.0,4605000.0,0.8841676433562368,0.32652263490628103,0.7785521752304259,0.2284928594772511,1.6405889249956862,1.1189296904827846,-0.02881425777933176,1.0102587388950108
1622,South Dakota,2011.0,808000.0,0.5369386097743588,-1.4241511087620033,-0.8293270791835049,-1.436408022678588,0.436718322489615,-0.3181205063544288,-0.4172406196643112,1.0102587388950108
1623,Tennessee,2011.0,6324000.0,0.6110890187899857,0.09698038784297747,0.8218917808929156,-0.03336034644112882,0.9182665634920435,0.26959293656078387,0.4354026137417413,1.0102587388950108
1624,Texas,2011.0,25550000.0,1.9039439119201682,-0.16366020269417092,-0.13348454904678267,-0.1585255112625786,1.2125460441046387,0.27208896574566005,0.3785597315146711,1.0102587388950108
1625,Utah,2011.0,2812000.0,-0.5775643244006781,-0.6798877806217828,-1.123960549838068,-0.5609692618232183,-0.49962547945955144,-0.6756545271982476,0.028028624447738404,1.0102587388950108
1626,Vermont,2011.0,615000.0,-0.062172135388476775,-1.100477423221376,-1.342195475167428,-0.9897523181761405,-0.3391093991254086,-0.9635650247252913,0.5490883781958815,1.0102587388950108
1627,Virginia,2011.0,7971000.0,0.7730436017235577,-1.1781947143087317,-1.106999562604557,-1.1162018742556752,-0.39261475923678957,0.9104313643798492,0.23645252594699567,1.0102587388950108
1628,Washington,2011.0,6812000.0,-0.47722959898152195,-0.18056102341360283,-0.6648606640593018,-0.08619247003031308,-0.09833527862419439,0.3431775958646881,0.08487150667480857,1.0102587388950108
1629,West Virginia,2011.0,1820000.0,0.176098388783688,-1.2142824655636737,-0.6359735898598623,-1.2369250455005065,1.239298724160329,-0.8527541641617608,-0.4835573155958931,1.0102587388950108
1630,Wisconsin,2011.0,5676000.0,0.3154590819854958,-1.0191475463849495,-0.8719239918191174,-0.9801999051341026,0.062180801709948434,-0.2888504267679657,1.0133052497169546,1.0102587388950108
1631,Wyoming,2011.0,562000.0,0.25341051889867133,-1.1655970526973183,-1.010926484696833,-1.1187033428214195,-0.5798835196266229,-0.7892645016718771,1.9038437379410538,1.0102587388950108
1632,Alabama,2012.0,4808000.0,1.9065736857010507,-0.12092564904609207,0.05872572586109857,-0.14409886693245427,0.8915138834363531,1.0288412059530596,-0.02881425777933176,0.9359377499225331
1633,Alaska,2012.0,702000.0,2.645646974591602,-0.46721584782618597,0.8845467527068731,-0.6694559162861566,-0.7671522800164562,0.8897004193788172,2.8038560398696646,0.9359377499225331
1634,Arizona,2012.0,6642000.0,1.4957846312699108,-0.15872040181148597,-0.07386088995715413,-0.1632683745829557,1.6405889249956862,-0.3191081836134514,0.9754099948989078,0.9359377499225331
1635,Arkansas,2012.0,2909000.0,0.9197484141378952,0.07559147674164013,0.17496875148445815,0.0538002328658646,1.9348684056082814,0.26746216351494123,-0.4077668059597995,0.9359377499225331
1636,California,2012.0,37910000.0,0.05950162884728142,-0.6759973990554735,-0.0653687190931768,-0.7380761336744883,0.8112558432692816,0.702180089987847,1.8848961105320305,0.9359377499225331
1637,Colorado,2012.0,5153000.0,0.3034231238226565,-0.8048708344666821,-0.6009720144388274,-0.7891296499586175,-0.2588513589583372,-0.4323931938072982,0.7764599071041622,0.9359377499225331
1638,Connecticut,2012.0,3517000.0,0.8890596873163601,-1.1866841591180757,-0.6941774965596286,-1.1963600963887904,-0.6868942398493848,0.10515961923826327,0.8522504167402558,0.9359377499225331
1639,Delaware,2012.0,900000.0,2.4480247615632713,-0.11433294406435113,0.5696847996970247,-0.2243584500760327,0.1691915219327103,0.9627123848371465,1.2312029649207235,0.9359377499225331
1640,Florida,2012.0,19170000.0,1.0813692753242568,-0.2439615083917213,0.2432513492000142,-0.31209599340014693,0.6507397629351388,0.39443927081701113,1.7333150912598434,0.9359377499225331
1641,Georgia,2012.0,9665000.0,1.324505333667048,-0.16515665070966082,-0.2271461128526237,-0.14413268209956212,1.399814804494472,1.5891917570314948,0.028028624447738404,0.9359377499225331
1642,Hawaii,2012.0,1356000.0,0.4936849120611714,-0.49001382461630927,-0.8824463655508369,-0.39190216232524333,0.24944956209978172,4.928729456095901,0.46382405485527634,0.9359377499225331
1643,Idaho,2012.0,1588000.0,0.9144712413820901,-1.380247963711595,-1.060758672909885,-1.3480833540197132,0.4099656424339245,-0.8765967745926346,0.13224057519736704,0.9359377499225331
1644,Illinois,2012.0,12730000.0,0.24888624638834655,-0.7902009132912904,-0.08323238917452098,-0.8615984416224756,-0.07158259856850392,0.41864800675496006,1.430153052715469,0.9359377499225331
1645,Indiana,2012.0,6343000.0,0.6353616333817727,-0.4714585222335679,-0.38733720522055426,-0.4561860220689155,0.6239870828794484,-0.27700390862679175,-0.7393502856177088,0.9359377499225331
1646,Iowa,2012.0,3010000.0,-0.3146257047110268,-1.0966202155644134,-0.7789821458949743,-1.0819991521134775,-0.6868942398493848,-0.6499547559959045,-0.16144764964249547,0.9359377499225331
1647,Kansas,2012.0,2828000.0,-0.012818024911784359,-0.39424742951414476,-0.3476695113937203,-0.37740302025656053,0.30295492221116266,-0.22467170559135097,0.22697871224248398,0.9359377499225331
1648,Kentucky,2012.0,4342000.0,0.9513300820046222,-0.9410606720663073,-0.9859158892340844,-0.8741123615782689,1.346309444383091,-0.3824990793264077,-0.7488240993222205,0.9359377499225331
1649,Louisiana,2012.0,4465000.0,3.207823317813491,0.01675294492107031,0.33970376801539365,-0.03964858932404751,2.202395206165186,1.3885363604516192,1.032252877125978,0.9359377499225331
1650,Maine,2012.0,1330000.0,-1.075291186278592,-1.0788954265353852,-1.4733121453125864,-0.9433602579269809,-0.01807723845712298,-0.8817686989851875,-0.5877692663455217,0.9359377499225331
1651,Maryland,2012.0,5892000.0,0.11958445167965044,-0.6482237105674363,0.17747102311309984,-0.7489089461270456,-0.7939049600721466,1.8776239153002199,1.4869959349425392,0.9359377499225331
1652,Massachusetts,2012.0,6566000.0,-0.9959850566747364,-1.1067094023828936,-0.12413544773090229,-1.2054081511687555,-0.41936743929248005,-0.0669401088575848,1.060674318239513,0.9359377499225331
1653,Michigan,2012.0,9731000.0,0.6000549207925322,-0.7979964920279345,0.1093244800142258,-0.903239045299381,0.22269688204409127,0.26891107886933807,-0.00039281666579668,0.9359377499225331
1654,Minnesota,2012.0,5353000.0,-0.9183657618362572,-0.9496644862966025,-0.962158645708073,-0.8877203327538796,-0.7671522800164562,-0.21645766170268663,0.8048813482176973,0.9359377499225331
1655,Mississippi,2012.0,2893000.0,2.466866605589266,-0.6926038063438281,-0.7919496772018983,-0.6319630140443663,2.4431693266664003,1.8451564269178464,-0.17092146334700717,0.9359377499225331
1656,Missouri,2012.0,5956000.0,1.040424976409131,-0.2306091314603758,0.08346770739139488,-0.2699128060241215,0.6239870828794484,0.06638000424584477,0.40698117262820616,0.9359377499225331
1657,Montana,2012.0,999000.0,0.09639126205014925,-0.8916497255911185,-0.7358911405842073,-0.8621936794894232,0.14243884187701986,-0.5616378465547289,0.6154050741274635,0.9359377499225331
1658,National,2012.0,310019000.0,0.9359377499225331,-0.6015221598745611,-0.2142612868829481,-0.6300105492318984,0.5597942506295943,-1.2489024390968217,,0.9359377499225331
1659,Nebraska,2012.0,1849000.0,-0.5207515287725337,-0.7940399914594293,-0.8331083944826082,-0.7373417003759448,-0.1785933187912658,-0.4241536327163497,-0.04776188518835515,0.9359377499225331
1660,Nevada,2012.0,2735000.0,0.7307621215732261,-0.4930354040980565,0.8119654757107677,-0.6856356312280618,0.7845031632135911,0.7532505321998831,1.9417389927591007,0.9359377499225331
1661,New Hampshire,2012.0,1308000.0,-0.7585904674130717,-1.0529995801262944,-1.0310866916338988,-0.9904447363845104,-1.2754532010745752,-0.8860883846416884,0.3406644766966243,0.9359377499225331
1662,New Jersey,2012.0,8720000.0,-0.4521034095106746,-1.2640778968147839,-0.6685703972778319,-1.286532184053246,-0.9544210404062895,0.6094906284513866,1.7522627186688666,0.9359377499225331
1663,New Mexico,2012.0,2064000.0,-0.1078259130336452,0.051603542555038455,0.5884718286974859,-0.043653301904017935,2.0151264457753526,-0.025856875094393834,0.8806718578537909,0.9359377499225331
1664,New York,2012.0,19300000.0,-0.3680889591681861,-1.2782981632889647,-0.12332791933199037,-1.3957363775911973,1.1590406839932577,0.9656603235760379,2.8228036672786883,0.9359377499225331
1665,North Carolina,2012.0,9634000.0,0.2362712446285719,-0.2614379220872723,-0.3765426046443975,-0.22524810002143372,1.1590406839932577,0.9915229914520197,0.5206669370823465,0.9359377499225331
1666,North Dakota,2012.0,692000.0,-0.7285747500473703,-1.3081579053554322,-0.8830360461295121,-1.298636063370223,-0.39261475923678957,-0.11389651542488675,-0.22776434557407735,0.9359377499225331
1667,Ohio,2012.0,11400000.0,0.5876781017052037,-0.4152454186754655,-0.619825389140312,-0.35403585835792095,0.6774924429908292,-0.00346006675150161,0.5206669370823465,0.9359377499225331
1668,Oklahoma,2012.0,3700000.0,1.9483820325421723,-0.07388353573829325,0.23598498271554802,-0.1223354316214384,1.3730621244387815,0.9964447750841727,-0.16144764964249547,0.9359377499225331
1669,Oregon,2012.0,3872000.0,0.22353728051879126,-0.4448526404362935,-0.8833767529251674,-0.34168583405779634,0.1691915219327103,-0.34671708550668157,0.6817217700590453,0.9359377499225331
1670,Pennsylvania,2012.0,12660000.0,0.3423812901863954,-1.1439724021893802,-0.37304758658628073,-1.2040526653482324,0.2762022421554722,-0.11207199012818143,0.22697871224248398,0.9359377499225331
1671,Rhode Island,2012.0,1034000.0,-0.13689647516973888,-0.9070895710044966,-0.8458922297316719,-0.8604555515893992,0.1959442019884008,-0.29953869822867607,1.2406767786252353,0.9359377499225331
1672,South Carolina,2012.0,4667000.0,0.780841954342137,0.22689204938432975,0.5993567435780197,0.1487719176991806,1.0252772837148054,1.095260820251205,-0.1235523948244487,0.9359377499225331
1673,South Dakota,2012.0,822000.0,0.5747239675803305,-1.2207709433896439,-0.5122859725709034,-1.2653142008546387,-0.01807723845712298,-0.169097438211827,-0.39829299225528786,0.9359377499225331
1674,Tennessee,2012.0,6422000.0,0.5652598537704222,-0.06940821744964187,0.9462935445685983,-0.23910598531806432,1.5335782047729243,0.3671581046293875,0.1890834574244372,0.9359377499225331
1675,Texas,2012.0,26060000.0,1.6979539749305068,-0.2590586709459633,-0.1397325250874821,-0.2631948833776291,1.1055353238818768,0.25466516154377505,0.17013583001541382,0.9359377499225331
1676,Utah,2012.0,2849000.0,-0.5790881910162936,-0.6441800360444959,-1.0718071872676753,-0.5303285417353257,-0.49962547945955144,-0.6244995999276636,-0.01934044407482007,0.9359377499225331
1677,Vermont,2012.0,615000.0,-0.08002448458760444,-1.0380645744034744,-1.367945044454165,-0.9161607059114868,-0.44612011934817053,-0.8403292035679417,0.8238289756267207,0.9359377499225331
1678,Virginia,2012.0,7994000.0,0.6865882018805372,-1.2266607110076826,-1.1293851321413917,-1.1660854389999111,-0.6066361996823133,0.9150091193574658,0.21750489853797228,0.9359377499225331
1679,Washington,2012.0,6856000.0,-0.5354933291647718,-0.08748120844585455,-0.6464614530536533,0.01382444507276502,-0.3391093991254086,0.21344668781247497,0.21750489853797228,0.9359377499225331
1680,West Virginia,2012.0,1803000.0,0.27473369659019453,-0.9605444232731589,-0.5074956024140888,-0.9776987970108301,1.0252772837148054,-0.8395687593986323,-0.4835573155958931,0.9359377499225331
1681,Wisconsin,2012.0,5628000.0,0.3292793366197354,-0.9659445110993775,-0.6975802150711174,-0.9511080251730963,-0.39261475923678957,-0.3435762517369362,0.9090932989673259,0.9359377499225331
1682,Wyoming,2012.0,577000.0,0.21609034557455897,-1.1801932719744512,-1.1055561721443972,-1.1186644503686676,-0.874163000239218,-0.7028516997894213,1.5912078856921679,0.9359377499225331
1683,Alabama,2013.0,4779000.0,1.9241802596794833,-0.22267991968923728,-0.012240823320449474,-0.24472172438190026,1.2660514042160196,0.9995407189397995,-0.009866630370308374,0.925945730432478
1684,Alaska,2013.0,696000.0,2.227322799595585,-0.2933904959669922,1.1085347979273215,-0.5151735805754696,-0.6868942398493848,1.0538267039476663,3.192282401754644,0.925945730432478
1685,Arizona,2013.0,6588500.0,1.6203131071445938,-0.23321685537320333,-0.0932906723328985,-0.24251078277473426,1.6405889249956862,-0.05148486621637141,0.8522504167402558,0.925945730432478
1686,Arkansas,2013.0,2896000.0,1.4478143016146707,0.01324359612542179,0.16144270473231567,-0.012988405178139772,0.7042451230465198,0.3213615873711095,-0.27513341409663583,0.925945730432478
1687,California,2013.0,38130000.0,0.06959881222308209,-0.7586969120102531,-0.15257270321959507,-0.8147958695495705,0.5704817227680674,0.7376507121644098,1.837527042009472,0.925945730432478
1688,Colorado,2013.0,5296000.0,0.23153665670013546,-0.853046653111075,-0.6268857281572097,-0.8380869348157418,-0.5932598596544686,-0.4507716845904566,0.8522504167402558,0.925945730432478
1689,Connecticut,2013.0,3591000.0,0.8350169326115191,-1.3566829399521998,-0.8184665212020659,-1.3634872265650806,-0.4728727994038605,0.14687046246424218,0.8427766030357441,0.925945730432478
1690,Delaware,2013.0,909500.0,2.4588377412610085,-0.31215904673923794,0.32987153804401953,-0.4025312485444949,-0.07158259856850392,0.8111688067866206,1.3543625430793755,0.925945730432478
1691,Florida,2013.0,19415000.0,1.0752766088154637,-0.3819610507271734,0.1641693461857588,-0.4515024823782695,0.5303527026845322,0.45646149085725346,1.5154173760560743,0.925945730432478
1692,Georgia,2013.0,9817500.0,1.1874786703921818,-0.2074952859432246,-0.2627495318327827,-0.18495940489029433,1.2125460441046387,1.6269064034423975,-0.03828807148384346,0.925945730432478
1693,Hawaii,2013.0,1353000.0,0.41420370903035475,-0.37517688742759875,-0.808614828182904,-0.27726940732334926,-0.5397544995430872,4.786860613813517,0.3596121041056477,0.925945730432478
1694,Idaho,2013.0,1601000.0,0.9836372491676942,-1.4594121016206147,-1.0329489853722365,-1.4405952364847312,-0.05820625854065869,-0.856299654809847,0.09434532037932027,0.925945730432478
1695,Illinois,2013.0,12715000.0,0.21994353213024434,-1.0043075889484943,-0.13953048482449293,-1.0892671075685718,0.15581518190486507,0.3949478086240414,1.6006816993966797,0.925945730432478
1696,Indiana,2013.0,6477500.0,0.6773482573282423,-0.6283890613112102,-0.3438371406611902,-0.6375835495913403,0.3163312622390079,-0.20499589464700005,-0.7393502856177088,0.925945730432478
1697,Iowa,2013.0,3071000.0,-0.3547011228275022,-1.183299477178884,-0.7622247378958981,-1.180946721190314,-0.23209867890264674,-0.6054554878051869,-0.19934290446054226,0.925945730432478
1698,Kansas,2013.0,2795000.0,0.027286270512660592,-0.5113069760673663,-0.388313885240897,-0.500186864910062,-0.15184063873557532,-0.20277024311905895,0.4164549863327179,0.925945730432478
1699,Kentucky,2013.0,4430500.0,0.7516931565207298,-1.1267490649493315,-1.067158564496452,-1.0660071182063664,2.175642526109496,-0.372876199876655,-0.7298764719131972,0.925945730432478
1700,Louisiana,2013.0,4519000.0,3.0340657387593843,0.0494282309741048,0.44398627993925766,-0.0213028329094021,1.9616210856639718,1.4132776953319155,0.9848838086034195,0.925945730432478
1701,Maine,2013.0,1320000.0,-1.0398978940686996,-1.2177782901377265,-1.42136335212889,-1.1062015757267154,-0.272227698986182,-0.9338446387292374,-0.5593478252319867,0.925945730432478
1702,Maryland,2013.0,5939500.0,0.08451095885063657,-0.7182673262711968,0.17139964993517878,-0.8255051396399251,-0.6601415597936943,1.864115632730586,1.780684159782402,0.925945730432478
1703,Massachusetts,2013.0,6652500.0,-1.0400217717473488,-1.194160657700616,-0.13388938006100548,-1.3006679504473124,-0.23209867890264674,0.11452154925304146,1.1175172004665832,0.925945730432478
1704,Michigan,2013.0,9955000.0,0.5488889215494136,-0.9867433843647291,0.05130910588150876,-1.102504498398785,0.1959442019884008,0.2959628492011577,0.17960964371992552,0.925945730432478
1705,Minnesota,2013.0,5373500.0,-0.8847128757647262,-1.0467559228716565,-0.9410577650810965,-0.9989531823994449,-0.3658620791810991,-0.21123118864281712,0.7764599071041622,0.925945730432478
1706,Mississippi,2013.0,2906500.0,2.3765752733411922,-0.749069017693268,-0.7121862111195576,-0.7082190106252803,2.1221371659981147,1.8144561994362853,-0.17092146334700717,0.925945730432478
1707,Missouri,2013.0,5976000.0,1.0583207887731931,-0.37393096534273457,0.0005171231461705878,-0.4145555609685535,0.7309978031022102,0.06806450813002793,0.36908591781015937,0.925945730432478
1708,Montana,2013.0,989000.0,0.1367802355783134,-0.8549986692518227,-0.6656930442262359,-0.8335998522021802,-0.09833527862419439,-0.6319528891513086,0.6438265152409985,0.925945730432478
1709,National,2013.0,312379000.0,0.925945730432478,-0.7114076796007731,-0.30077606042113325,-0.7369815052200587,0.46673960506661877,-1.248831848310946,,0.925945730432478
1710,Nebraska,2013.0,1853000.0,-0.4238227913220337,-0.87099665010535,-0.7987701105863287,-0.828525657433474,-0.5665071795987776,-0.3712280570241814,-0.15197383593798378,0.925945730432478
1711,Nevada,2013.0,2767000.0,0.7354122030185042,-0.47510356508308055,0.7999922595866469,-0.6637079501239094,0.8246321832971268,0.6616258524093435,1.8280532283049602,0.925945730432478
1712,New Hampshire,2013.0,1309000.0,-0.6588824749678801,-1.1399616590180623,-0.992363861068835,-1.0934701642394227,-1.502850981547944,-0.8659318836864137,0.4164549863327179,0.925945730432478
1713,New Jersey,2013.0,8785000.0,-0.5143366369788832,-1.3900776509838508,-0.6776244285080802,-1.4246392781673562,-0.6333888797380038,0.7103647614331255,1.7048936501463083,0.925945730432478
1714,New Mexico,2013.0,2089000.0,-0.07393486840743786,0.19443354117907888,0.8535203207996118,0.06923678719117685,2.9113412276409836,0.148032800925363,0.8522504167402558,0.925945730432478
1715,New York,2013.0,19415000.0,-0.3973465615758073,-1.3574791077743633,-0.1820051779945802,-1.4734449581508562,0.8112558432692816,0.9149600102637524,2.7185917165290596,0.925945730432478
1716,North Carolina,2013.0,9645500.0,0.22079501985482816,-0.4426667964252593,-0.42087794010503665,-0.4185249976693497,1.0119009436869602,1.0516133924149302,0.473297868559788,0.925945730432478
1717,North Dakota,2013.0,713500.0,-0.7147879935032087,-1.2256695114271072,-0.7508676926653471,-1.2298562212398172,-0.3524857391532539,-0.15727484540962522,-0.2846072278011475,0.925945730432478
1718,Ohio,2013.0,11375000.0,0.6366784663709351,-0.6193387108665556,-0.6619437865162797,-0.5730357238783577,0.3832129623782341,-0.029394962235209498,0.46382405485527634,0.925945730432478
1719,Oklahoma,2013.0,3702500.0,2.308118508203557,-0.1821581157499733,0.11934187515885196,-0.22235749067366037,1.2660514042160196,1.0020818169569092,-0.114078581119937,0.925945730432478
1720,Oregon,2013.0,3951500.0,0.2779817137728266,-0.521933647160198,-0.9187245838977784,-0.4210649758915338,0.4500946625174603,-0.30308332809910155,0.5490883781958815,0.925945730432478
1721,Pennsylvania,2013.0,12770000.0,0.3357197403528061,-1.2496673780439893,-0.48076539412726915,-1.302745075376558,-0.2856040390140277,-0.017379312424658164,0.21750489853797228,0.925945730432478
1722,Rhode Island,2013.0,1040000.0,-0.12370220837464077,-1.0052317363685053,-0.829061029525481,-0.9721213064024854,-0.39261475923678957,-0.1446404944308135,1.2596244060342587,0.925945730432478
1723,South Carolina,2013.0,4677500.0,0.7340986832868573,0.0657590750272444,0.3732644373877502,0.008918499517135867,1.2660514042160196,1.1213111462695908,-0.1330262085289604,0.925945730432478
1724,South Dakota,2013.0,830000.0,0.5722711483882632,-1.3261824252786099,-0.5090801140969529,-1.3827022230049386,-0.2856040390140277,-0.3433961076037484,-0.37934536484626447,0.925945730432478
1725,Tennessee,2013.0,6362500.0,0.599157074119596,-0.19381225327774412,0.7436514648543417,-0.3422677106906603,1.052029963770496,0.38411169052102034,0.31224303558308925,0.925945730432478
1726,Texas,2013.0,26290000.0,1.707617148294024,-0.31538627824771964,-0.11595224977735867,-0.32970409075569784,1.065406303798341,0.18773589530474247,0.14171438890187874,0.925945730432478
1727,Utah,2013.0,2900000.0,-0.5810064389869763,-0.6167618954258974,-0.9756532290407279,-0.5164167789028317,-0.70027057987723,-0.7464118188884632,-0.07618332630189023,0.925945730432478
1728,Vermont,2013.0,624000.0,-0.06684301825079923,-1.2837813885631937,-1.4642619783260618,-1.1720078714171827,-1.3690875812694918,-0.9296703295579312,0.9280409263763494,0.925945730432478
1729,Virginia,2013.0,8202000.0,0.614313195192449,-1.3254167958237508,-1.1139892386937615,-1.278185685667599,-0.7403995999607652,0.9495838144953989,0.25540015335601907,0.925945730432478
1730,Washington,2013.0,6865500.0,-0.4774961192790122,-0.044988277119991246,-0.6707811397908056,0.06509167201247862,-0.20534599884695628,0.3138131692721315,0.14171438890187874,0.925945730432478
1731,West Virginia,2013.0,1814000.0,0.18262974396489712,-1.1655822183784703,-0.590238830926743,-1.1907833657796492,1.520201864745079,-0.7733080669523704,-0.5404001978229632,0.925945730432478
1732,Wisconsin,2013.0,5620000.0,0.3193185900686856,-1.1581392896234026,-0.7069365674453827,-1.1625342016843123,-0.16521697876342056,-0.328027898356466,0.8806718578537909,0.925945730432478
1733,Wyoming,2013.0,585000.0,0.2906105222671622,-1.2493050602159281,-1.0777672059536287,-1.2000307074015806,-0.33910939912540816,-0.7385820142009459,1.6291031405102148,0.925945730432478
1734,Alabama,2014.0,4765000.0,1.861709095551981,-0.3333072998811288,-0.01673397232588945,-0.3665716362144084,1.3195567643274007,0.9860501206744028,-0.04776188518835515,0.87343317678945
1735,Alaska,2014.0,694000.0,2.833152347253143,-0.3792601066083362,1.1008380160137483,-0.6090328266690053,-0.2588513589583372,0.9622826883232743,3.0501751961869688,0.87343317678945
1736,Arizona,2014.0,6657000.0,1.6770729040372268,-0.3808842583288298,-0.19409117065055895,-0.3889111115527422,2.2291478862208765,0.16187233097938736,0.7480384659906272,0.87343317678945
1737,Arkansas,2014.0,2891000.0,1.5814851954241989,-0.14305431865861865,0.2527366816179192,-0.20187553761642016,1.4800728446615434,0.27884645027350347,-0.3035548552101709,0.87343317678945
1738,California,2014.0,38670000.0,0.04237574383489135,-0.925020552556444,-0.19072304428072956,-0.9926117019584438,0.7845031632135911,0.7443245090697073,1.9701604338726357,0.87343317678945
1739,Colorado,2014.0,5376000.0,0.2280197723198785,-0.9354912801284992,-0.6143394900613433,-0.9316191134500447,-0.15184063873557532,-0.40922911680047114,1.0133052497169546,0.87343317678945
1740,Connecticut,2014.0,3577000.0,0.6963245701878558,-1.4069610343339205,-0.9261770511552786,-1.4007565373791482,-1.1416898007961227,0.32451267620179786,0.8333027893312324,0.87343317678945
1741,Delaware,2014.0,929000.0,2.334952028039229,-0.45728363280327017,0.24748132345508722,-0.5492682177932579,-0.49962547945955144,0.8561819643127937,1.4491006801244926,0.87343317678945
1742,Florida,2014.0,19690000.0,1.0278123001649535,-0.506120456908159,0.11801830487019632,-0.5812121268949982,1.0252772837148054,0.4365409860456038,1.430153052715469,0.87343317678945
1743,Georgia,2014.0,9948000.0,1.0844984439712915,-0.23820114663307737,-0.21886640401877358,-0.22651452098304714,1.052029963770496,1.7002292059495332,-0.057235698892866844,0.87343317678945
1744,Hawaii,2014.0,1365000.0,0.49211801039335007,-0.3699152306472676,-0.8955561296886576,-0.2565375640903569,-0.5531308395709323,4.962334589388781,0.8333027893312324,0.87343317678945
1745,Idaho,2014.0,1606000.0,0.9293996663943829,-1.4561499037347405,-1.045373261703262,-1.4348501567635554,-0.12508795867988487,-0.7857991079435729,0.09434532037932027,0.87343317678945
1746,Illinois,2014.0,12770000.0,0.19345131387023767,-1.185260070079175,-0.3002224711433704,-1.2622967191482375,0.22269688204409127,0.35606672308168613,1.6006816993966797,0.87343317678945
1747,Indiana,2014.0,6470000.0,0.6231029158205883,-0.7601815142265731,-0.30745737933994316,-0.78989763676171,0.4634710025453055,-0.30880027974355595,-0.7204026582086854,0.87343317678945
1748,Iowa,2014.0,3078000.0,-0.33195195717326514,-1.253704346455662,-0.7589327425879935,-1.259548002130314,-0.6868942398493848,-0.5407220290718002,-0.1235523948244487,0.87343317678945
1749,Kansas,2014.0,2851000.0,0.010745362904004636,-0.695298705654944,-0.37065620895693774,-0.7071503422717323,-0.20534599884695628,-0.03639598848958305,0.1890834574244372,0.87343317678945
1750,Kentucky,2014.0,4299000.0,0.919871647624888,-1.1426375910918936,-1.0140234984710823,-1.0927242026705033,1.908115725552591,-0.3483108806104084,-0.7298764719131972,0.87343317678945
1751,Louisiana,2014.0,4550000.0,2.838664242921622,-0.04447680466820853,0.4123031104162255,-0.11995785298664274,2.7374488072789953,1.4754060502286208,0.7290908385816037,0.87343317678945
1752,Maine,2014.0,1300000.0,-0.9945923836200076,-1.4173088776207239,-1.434375437797301,-1.3251322882770276,0.4634710025453055,-0.9539983962848573,-0.549874011527475,0.87343317678945
1753,Maryland,2014.0,5934000.0,0.05488373556033583,-0.8253505029490045,0.05822738779025395,-0.9248014666869467,-0.8206576401278372,1.9264599550269899,1.865948483123007,0.87343317678945
1754,Massachusetts,2014.0,6653000.0,-1.0606781042481308,-1.3281708701087935,-0.17428752781581888,-1.4422821949033036,0.1959442019884008,0.16354843024871768,1.5438388171696094,0.87343317678945
1755,Michigan,2014.0,9893000.0,0.5432542153495434,-1.1900778262766403,-0.03923796471425506,-1.3123636578455793,0.5169763626566865,0.298242724891542,-0.03828807148384346,0.87343317678945
1756,Minnesota,2014.0,5417000.0,-0.8564754873664517,-1.1422873768179116,-0.9675308395808638,-1.1003038264855676,-1.221947840963194,-0.1485479950861028,0.8711980441492791,0.87343317678945
1757,Mississippi,2014.0,2961000.0,1.6763723179951924,-0.6595138724641816,-0.7322718314865911,-0.6055134166332575,2.469922006722091,1.8936256343287075,-0.1330262085289604,0.87343317678945
1758,Missouri,2014.0,5950000.0,1.1109790822438672,-0.514496669569183,0.06157990694453858,-0.5808240820453628,-0.6601415597936943,-0.024688898996377932,0.44487642744625294,0.87343317678945
1759,Montana,2014.0,1008000.0,0.12934632319558756,-0.9116113640142781,-0.4897256001595169,-0.9265065326902943,-0.23209867890264674,-0.5581178980489488,0.7006693974680687,0.87343317678945
1760,National,2014.0,315154000.0,0.87343317678945,-0.8360341495011653,-0.33869070420546843,-0.8686203800109724,0.5075714909789353,-1.248757897575708,,0.87343317678945
1761,Nebraska,2014.0,1873000.0,-0.3125244066454395,-0.9480257708089957,-0.749387679627208,-0.9223681625048622,-0.2856040390140277,-0.5053553333219649,-0.10460476741542532,0.87343317678945
1762,Nevada,2014.0,2819000.0,0.5787299006609714,-0.6093066418953546,0.9383873997684412,-0.8361771416239308,1.1055353238818768,0.7902510174153465,1.7901579734869135,0.87343317678945
1763,New Hampshire,2014.0,1318000.0,-0.6920937240591948,-1.405912344440874,-1.1150939505456605,-1.3672180282817394,-1.5162273215757893,-0.848842836917234,0.6343527015364868,0.87343317678945
1764,New Jersey,2014.0,8938000.0,-0.595346207172375,-1.5390217668466066,-0.8275688634174565,-1.5640325490464377,-0.41936743929248005,0.6680625216475388,1.6006816993966797,0.87343317678945
1765,New Mexico,2014.0,2030000.0,0.007406666617198168,0.08768499967637738,0.8172409300009785,-0.042866348873733244,1.908115725552591,-0.12322264033675055,0.937514740080861,0.87343317678945
1766,New York,2014.0,19660000.0,-0.44754133562336257,-1.454860391050036,-0.2428856364159847,-1.5709493053270458,0.30295492221116266,1.013627715675791,2.642801206892966,0.87343317678945
1767,North Carolina,2014.0,9823000.0,0.19106106150765934,-0.6424022797506669,-0.49138886522412967,-0.6278288012718433,1.1322880039375673,1.0277381367929588,0.4922454959688114,0.87343317678945
1768,North Dakota,2014.0,731000.0,-0.6330938360742133,-1.2160322522859301,-0.7677772247715773,-1.2162763193510675,-0.8474103201835276,-0.18449748272512043,-0.25618578668761244,0.87343317678945
1769,Ohio,2014.0,11510000.0,0.5953137467456001,-0.7501389014231087,-0.7020948978299846,-0.7111343007113436,0.7309978031022102,-0.012264187798121539,0.44487642744625294,0.87343317678945
1770,Oklahoma,2014.0,3728000.0,2.2946761937708184,-0.396522797624916,-0.037250241333656446,-0.43312397746013886,1.1857933640489482,0.83794649250024,0.15118820260639043,0.87343317678945
1771,Oregon,2014.0,3955000.0,0.21139441762619715,-0.545645504967635,-0.8304527058002751,-0.46247514460367667,0.4099656424339245,-0.24178214593958205,0.6343527015364868,0.87343317678945
1772,Pennsylvania,2014.0,12620000.0,0.33004274059594796,-1.3359860283143123,-0.5554635581631713,-1.3856194991865987,-0.09833527862419439,-0.0009112071860261472,0.36908591781015937,0.87343317678945
1773,Rhode Island,2014.0,1046000.0,-0.13551911481669385,-1.2333342476982794,-1.0096825493172992,-1.1939967686392117,-0.41936743929248005,0.11120987608753476,1.4775221212380276,0.87343317678945
1774,South Carolina,2014.0,4764000.0,0.6046822161206775,-0.06813905134144556,0.3073994224137287,-0.1282070561232549,0.9717719236034245,1.1144018257789483,-0.15197383593798378,0.87343317678945
1775,South Dakota,2014.0,846000.0,0.47324507293639184,-1.3718428891437524,-0.5006480947079494,-1.4347575674884998,-0.01807723845712298,-0.34259020038580285,-0.35092392373272935,0.87343317678945
1776,Tennessee,2014.0,6496000.0,0.5679839410742255,-0.3046982425911143,0.8244826466059735,-0.4790269502414881,1.1857933640489482,0.35092600876270275,0.33119066299211264,0.87343317678945
1777,Texas,2014.0,26680000.0,1.6050991223771163,-0.4833444440141179,-0.12746297877974133,-0.513897073388703,0.9450192435477339,0.29648893569600865,0.1890834574244372,0.87343317678945
1778,Utah,2014.0,2928000.0,-0.6035698476491057,-0.7141105175261908,-1.0144906143557482,-0.6176626145424465,-0.7136469199050752,-0.7301115825534239,-0.00039281666579668,0.87343317678945
1779,Vermont,2014.0,615000.0,-0.13170233753244806,-1.7617257483146054,-1.5557654321927172,-1.6860821238196464,-0.9544210404062895,-0.8643122986066027,0.9564623674898844,0.87343317678945
1780,Virginia,2014.0,8257000.0,0.6362886945991275,-1.4188876675355466,-1.1107554245541518,-1.382343467218921,-0.7136469199050752,0.881175776960972,0.29329540817406585,0.87343317678945
1781,Washington,2014.0,7079000.0,-0.5120462649115597,-0.11220616069835823,-0.7146589812907033,-0.001893281943308856,-0.23209867890264674,0.2449844409292651,0.3217168492876009,0.87343317678945
1782,West Virginia,2014.0,1822000.0,0.195920088688139,-1.230997956062657,-0.5472791533498409,-1.2706528230402097,2.0686318058867337,-0.7861109085889408,-0.5309263841184515,0.87343317678945
1783,Wisconsin,2014.0,5742000.0,0.2829079917380289,-1.2533624182842966,-0.6829988251462399,-1.27218238427944,-0.5263781595152419,-0.4025162504631327,0.7196170248770921,0.87343317678945
1784,Wyoming,2014.0,572000.0,0.41621595854902727,-1.3865892667178839,-1.112835238251475,-1.3461873258689787,-0.8474103201835276,-0.7010916630747407,1.5059435623515627,0.87343317678945
1785,Alabama,2015.0,4820000.0,1.7025339475057395,-0.46911635611404356,0.17563620372072417,-0.5500710185799564,0.9182665634920435,1.0734922417879604,0.10381913408383195,0.7847890249169392
1786,Alaska,2015.0,703000.0,2.396566949926841,-0.2917196757144062,1.5290075441329924,-0.585381270151581,-0.9811737204619799,1.6397875884731687,3.400706303253901,0.7847890249169392
1787,Arizona,2015.0,6728000.0,1.677870638985718,-0.45831386579678973,-0.106573657238101,-0.48973301930838736,1.1590406839932577,-0.02975103712400743,0.8333027893312324,0.7847890249169392
1788,Arkansas,2015.0,2951000.0,1.4761445034915548,-0.2138181487221056,0.44612845967019565,-0.3134535482699986,0.8647612033806631,0.3685845459682914,-0.18039527705151887,0.7847890249169392
1789,California,2015.0,39080000.0,-0.07495202947220547,-0.7791332648485337,-0.0537859357685765,-0.8543774694242303,0.2762022421554722,0.7746773731632213,2.112267639440311,0.7847890249169392
1790,Colorado,2015.0,5420000.0,0.1455022769716045,-0.830927700575558,-0.5519458328159684,-0.8264132019105398,-0.7939049600721466,-0.3847983984456283,0.9754099948989078,0.7847890249169392
1791,Connecticut,2015.0,3572000.0,0.5674327780389585,-1.4925261886389587,-1.0076745449459745,-1.4816305293040066,-1.0079264005176705,0.23996046854439243,0.9469885537853727,0.7847890249169392
1792,Delaware,2015.0,958000.0,2.022435362270979,-0.6972329028485228,0.27150059220798495,-0.8193455455135128,-0.472872799403861,0.9602641976029402,1.6101555131011913,0.7847890249169392
1793,Florida,2015.0,20070000.0,0.9290187750077521,-0.5931454176491524,0.13001911147573617,-0.6797276953862513,0.8915138834363531,0.4023670656073061,1.5248911897605861,0.7847890249169392
1794,Georgia,2015.0,10100000.0,0.994958118012372,-0.4447922622424973,-0.2492661044513231,-0.4502913092277502,1.399814804494472,1.716331021061716,0.07539769297029687,0.7847890249169392
1795,Hawaii,2015.0,1382000.0,0.4670067671669328,-0.39122989044011797,-0.626906219292464,-0.32620343158783466,-0.5263781595152419,4.916067223366881,0.8333027893312324,0.7847890249169392
1796,Idaho,2015.0,1657000.0,0.8168412935150826,-1.5626231346867367,-1.0327828953803861,-1.555023321832874,-0.15184063873557532,-0.8205393118608898,-0.009866630370308374,0.7847890249169392
1797,Illinois,2015.0,12680000.0,0.11608162992554402,-1.2333525890196373,-0.21512472676618064,-1.3301865580417624,-0.5263781595152419,0.3933532189221817,1.6669983953282614,0.7847890249169392
1798,Indiana,2015.0,6502000.0,0.43995593012046935,-0.7906100947839572,-0.225165745896679,-0.8377277739707959,0.1691915219327103,-0.15489006011767428,-0.7298764719131972,0.7847890249169392
1799,Iowa,2015.0,3100000.0,-0.341676576801273,-1.2723571508203921,-0.7477603162969418,-1.28213756731875,-0.6601415597936943,-0.716421593654644,-0.07618332630189023,0.7847890249169392
1800,Kansas,2015.0,2849000.0,0.008094178104120511,-0.6613938290265104,-0.1654550982241816,-0.7047368948031087,0.3564602823225436,-0.09693494947743023,0.29329540817406585,0.7847890249169392
1801,Kentucky,2015.0,4365000.0,0.8816808241323483,-1.2028828150114705,-0.9877498171626484,-1.1640030298325172,1.7743523252741387,-0.36001173654932556,-0.8246146089583141,0.7847890249169392
1802,Louisiana,2015.0,4599000.0,2.5795097313610005,-0.11117064921293496,0.509600297651454,-0.21055620545033177,1.5335782047729243,1.6020176715650596,0.9754099948989078,0.7847890249169392
1803,Maine,2015.0,1340000.0,-1.0083852085041498,-1.5733437556863568,-1.4428030438402122,-1.4966378180493842,-0.15184063873557532,-0.7197235542078154,-0.5309263841184515,0.7847890249169392
1804,Maryland,2015.0,5892000.0,0.045244314954050964,-0.8885542460339884,0.18529700113925202,-1.0166337020715137,-0.874163000239218,1.871116888195436,2.1312152668493343,0.7847890249169392
1805,Massachusetts,2015.0,6777000.0,-1.145149351662689,-1.4770055068203276,-0.22469447514415317,-1.5986126201800719,-0.3658620791810991,0.19382704994570008,1.278572033443282,0.7847890249169392
1806,Michigan,2015.0,9852000.0,0.5091076168024986,-1.2728788817400192,-0.07075399091404472,-1.3987396158206105,-0.01807723845712298,0.33386286070946924,-0.00039281666579668,0.7847890249169392
1807,Minnesota,2015.0,5458000.0,-0.847953695327684,-1.1900852243483822,-0.9061441165653968,-1.1638035107858584,-1.3557112412416465,0.001681647537777084,1.0512005045350015,0.7847890249169392
1808,Mississippi,2015.0,2947000.0,1.7169329242613705,-0.6788871725511607,-0.7483309676374531,-0.6242347014258709,1.6673416050513767,1.8188413366217229,0.009080997038715014,0.7847890249169392
1809,Missouri,2015.0,5946000.0,1.1507731105163834,-0.5036122770161898,0.33010890364033346,-0.6147796382283145,-0.8206576401278372,-0.05139995078590163,0.4543502411507646,0.7847890249169392
1810,Montana,2015.0,1018000.0,0.10056925966577897,-0.7877831773755347,-0.37412787484924387,-0.8090656237055889,-0.2588513589583372,-0.6855446096568907,0.7669860933996505,0.7847890249169392
1811,National,2015.0,317783000.0,0.7847890249169392,-0.8851429643299481,-0.28494533902324054,-0.932263588951197,0.17847674753238763,-1.2486063343969842,,0.7847890249169392
1812,Nebraska,2015.0,1858000.0,-0.3204319399859324,-1.1240215387601793,-0.7474693652506915,-1.1177715013066323,-0.6868942398493848,-0.41816063048289837,-0.00039281666579668,0.7847890249169392
1813,Nevada,2015.0,2864000.0,0.6460929828225027,-0.5298603873729145,1.2289985512413397,-0.7979227777600041,0.03542812165425796,0.811042933588821,1.7522627186688666,0.7847890249169392
1814,New Hampshire,2015.0,1293000.0,-0.6964722719472541,-1.5191520819798274,-1.0730233876016566,-1.4999434699227812,-1.4894746415200988,-0.8493685973914962,0.6343527015364868,0.7847890249169392
1815,New Jersey,2015.0,8936000.0,-0.6662306974475694,-1.616743227274877,-0.8502306746509718,-1.6462956733127962,-0.44612011934817053,0.7316679717495188,1.5248911897605861,0.7847890249169392
1816,New Mexico,2015.0,2036000.0,0.02507381437870128,0.23931235532861572,1.0849313104065539,0.07932201377478172,1.8278576853855195,0.33049280038331935,0.9280409263763494,0.7847890249169392
1817,New York,2015.0,19650000.0,-0.4700169067285994,-1.5374039243256417,-0.26202243411560844,-1.6591613476352416,0.3564602823225436,1.1017818686997596,2.7185917165290596,0.7847890249169392
1818,North Carolina,2015.0,9887000.0,0.14893971278167373,-0.7126200447611926,-0.4064597060208486,-0.7202134809732244,0.6507397629351388,1.0545625217300334,0.6627741426500219,0.7847890249169392
1819,North Dakota,2015.0,763000.0,-0.631735592482041,-1.119264860307112,-0.8529913768457408,-1.0944150599546758,-0.5798835196266229,-0.5072142177778851,0.07539769297029687,0.7847890249169392
1820,Ohio,2015.0,11440000.0,0.6472053661027678,-0.8468809551674912,-0.643284599910458,-0.8284424443619707,0.1959442019884008,0.09400585335125958,0.5775098193094167,0.7847890249169392
1821,Oklahoma,2015.0,3887000.0,2.252711887690239,-0.5519591320338739,-0.03612642113117139,-0.6056029795458865,0.3564602823225436,0.5283004014883089,0.10381913408383195,0.7847890249169392
1822,Oregon,2015.0,4029000.0,0.19532230805480383,-0.6439648376742818,-0.8080957683937254,-0.5752842604857255,-0.2588513589583372,-0.24200685500024322,0.6911955837635569,0.7847890249169392
1823,Pennsylvania,2015.0,12560000.0,0.30266916749726885,-1.4141081697013065,-0.5465046000757094,-1.4737458336468243,-0.15184063873557532,0.11567786659664354,0.5017193096733231,0.7847890249169392
1824,Rhode Island,2015.0,1044000.0,-0.1934025619575041,-1.4161733653403195,-0.8984006039032422,-1.4157277932958836,-0.2856040390140277,-0.10700588376510106,1.6954198364417965,0.7847890249169392
1825,South Carolina,2015.0,4790000.0,0.5336512451205745,-0.15970762973471825,0.3345100380642445,-0.2343482766742332,0.3832129623782341,1.115851343157253,-0.07618332630189023,0.7847890249169392
1826,South Dakota,2015.0,848000.0,0.4374498787298148,-1.2733772147448137,-0.2291106843399115,-1.3721531711455477,0.2762022421554722,-0.2122675696045075,-0.17092146334700717,0.7847890249169392
1827,Tennessee,2015.0,6605000.0,0.47352139155995593,-0.39278633233724725,0.8354834492263299,-0.5785495178555526,0.49022368260099597,0.36696278143560224,0.350138290401136,0.7847890249169392
1828,Texas,2015.0,27400000.0,1.4655937422179859,-0.629775407617199,-0.11860184148781361,-0.6777204810760535,0.49022368260099597,0.3057878921999352,0.26487396706053074,0.7847890249169392
1829,Utah,2015.0,3004000.0,-0.7417809422306753,-0.6515013195394407,-0.9360024232786514,-0.5617173912643406,-0.9544210404062895,-0.7250775239157088,-0.17092146334700717,0.7847890249169392
1830,Vermont,2015.0,609000.0,-0.33067017134704685,-1.8151619083155663,-1.4714283178351433,-1.759764525990049,-0.5798835196266229,-0.9157527447077676,1.1459386415801183,0.7847890249169392
1831,Virginia,2015.0,8216000.0,0.7098160550278148,-1.4457256332758674,-1.0957303475124747,-1.4146657641624982,-0.5263781595152419,1.015709235982692,0.38803354521918276,0.7847890249169392
1832,Washington,2015.0,7193000.0,-0.5223134413805776,-0.2723481241560178,-0.7149865395210201,-0.17933929277972738,-0.39261475923678957,0.19449922909649803,0.3975073589236945,0.7847890249169392
1833,West Virginia,2015.0,1795000.0,0.300284730692686,-1.1662854407293828,-0.38284997864445725,-1.2271046369879115,0.436718322489615,-0.7524300026380083,-0.4835573155958931,0.7847890249169392
1834,Wisconsin,2015.0,5736000.0,0.32336695810234384,-1.3215923589912297,-0.6177531603887662,-1.358990438453601,-0.39261475923678957,-0.3804608611839728,0.814355161922209,0.7847890249169392
1835,Wyoming,2015.0,574000.0,0.4491030382918076,-1.4132024305186863,-0.9878684188058156,-1.397102009697509,-0.8206576401278372,-0.7996139220652935,1.6006816993966797,0.7847890249169392
1836,Alabama,2016.0,4821000.0,1.470794642643097,-0.44879806611601397,0.45737838487401977,-0.5758344406431709,0.8915138834363531,1.2067641955039419,0.07539769297029687,0.7388340377846129
1837,Alaska,2016.0,708000.0,1.6277573574215563,0.16179847887282622,1.8820523749650857,-0.1432034937569149,-0.07158259856850392,1.6399659616431532,2.8701727358012468,0.7388340377846129
1838,Arizona,2016.0,6878000.0,1.5643320372573555,-0.46392268025027605,0.16094328462816385,-0.5417962843969322,0.8647612033806631,-0.11930649241418609,0.9943576223079312,0.7388340377846129
1839,Arkansas,2016.0,2941000.0,1.4545321944251166,-0.16782114021157074,0.5803363704663799,-0.28547047338629866,0.8380085233249721,0.30675638115571724,-0.21829053186956565,0.7388340377846129
1840,California,2016.0,39140000.0,-0.07064051435666688,-0.8099719127884215,0.037329437123809796,-0.9041743191679205,0.2762022421554722,0.8802222104453554,2.3206915409395683,0.7388340377846129
1841,Colorado,2016.0,5502000.0,0.10735653094450218,-0.7348257873785671,-0.4317766637223526,-0.7404876753351175,-1.1684424808518132,-0.3866729921352085,0.9659361811943962,0.7388340377846129
1842,Connecticut,2016.0,3567000.0,0.43186165878266813,-1.5006230468873687,-0.9760606258773133,-1.4960230466177495,-0.8206576401278372,0.17643965558671998,1.1459386415801183,0.7388340377846129
1843,Delaware,2016.0,947000.0,2.0269525706692306,-0.6005056820230771,0.34707319680187043,-0.7250840700237628,-0.3391093991254086,0.8869162884632237,1.4396268664199807,0.7388340377846129
1844,Florida,2016.0,20520000.0,0.8241470003852424,-0.7204296498982058,-0.02941697392818859,-0.7934863869365156,0.03542812165425796,0.4554043080490512,1.5722602582831446,0.7388340377846129
1845,Georgia,2016.0,10270000.0,1.02621413282163,-0.53808639367304,-0.21650391885867376,-0.5593136941562131,0.6774924429908292,1.7745159489065356,0.13224057519736704,0.7388340377846129
1846,Hawaii,2016.0,1392000.0,0.3343581862397909,-0.6056099444219296,-0.8876933793519619,-0.5191302542188267,-0.9544210404062895,4.897412362651357,0.7764599071041622,0.7388340377846129
1847,Idaho,2016.0,1679000.0,0.8488807949189014,-1.5499087692922562,-0.9675105091237849,-1.5521168849069695,-0.472872799403861,-0.933781160655624,0.08487150667480857,0.7388340377846129
1848,Illinois,2016.0,12580000.0,0.01418433842754834,-1.1474162112436246,0.032618530317749785,-1.2773919099577933,-0.20534599884695628,0.4289227001637787,1.7901579734869135,0.7388340377846129
1849,Indiana,2016.0,6493000.0,0.2823315932970292,-0.8128142102351824,-0.14065524479714964,-0.8768221375875791,-0.2856040390140277,-0.25103939363681066,-0.6730335896861269,0.7388340377846129
1850,Iowa,2016.0,3099000.0,-0.30720783927342277,-1.231117743161865,-0.6645298914602588,-1.2506914386092696,-0.8206576401278372,-0.6609424187517685,0.009080997038715014,0.7388340377846129
1851,Kansas,2016.0,2859000.0,0.013834682533319096,-0.6086311366392179,-0.14237139921176,-0.65021049503101,-0.44612011934817053,-0.18809207879150508,0.26487396706053074,0.7388340377846129
1852,Kentucky,2016.0,4383000.0,1.0440426149046949,-1.198118278608423,-0.9320420658468305,-1.1682690580636435,0.6239870828794484,-0.31228830379612127,-0.8814574911853842,0.7388340377846129
1853,Louisiana,2016.0,4573000.0,2.517675086146965,-0.1251537153421755,0.653971643668874,-0.2507971286862747,1.9616210856639718,1.666056388102598,1.0890957593530481,0.7388340377846129
1854,Maine,2016.0,1317000.0,-0.9363764841879199,-1.687202533698474,-1.4595573402737338,-1.6199681405153024,-0.04482991851281345,-0.713456552840092,-0.35092392373272935,0.7388340377846129
1855,Maryland,2016.0,5930000.0,-0.04283829630728782,-0.9261783233787435,0.2365250238703464,-1.067115754734678,-1.5429800016314799,1.9434793097058995,2.1975319627809164,0.7388340377846129
1856,Massachusetts,2016.0,6775000.0,-1.1891660808724804,-1.5679237050244734,-0.2570190860060592,-1.6938470861034787,-0.874163000239218,0.10323221950860993,1.3543625430793755,0.7388340377846129
1857,Michigan,2016.0,9875000.0,0.41515805446655624,-1.254032685869078,0.11661866753988107,-1.409961886412009,-0.472872799403861,0.2921686163792666,0.037502438152250094,0.7388340377846129
1858,Minnesota,2016.0,5430000.0,-0.8639808880054246,-1.2367805948745565,-0.8963375406091764,-1.2172415192352573,-1.1149371207404324,-0.21751995775675062,1.1175172004665832,0.7388340377846129
1859,Mississippi,2016.0,2943000.0,1.7771466196134802,-0.7502277689304571,-0.711595826535018,-0.7096045549750439,2.202395206165186,2.023627434871626,0.07539769297029687,0.7388340377846129
1860,Missouri,2016.0,5878000.0,1.1999991194393236,-0.4958335992656686,0.4707119617580284,-0.6302539361957685,0.03542812165425796,-0.03939684499788383,0.5585621919003932,0.7388340377846129
1861,Montana,2016.0,1031000.0,0.1464959354204823,-0.737204529452195,-0.2871969684877047,-0.7679020146026496,-0.3123567190697182,-0.6830719874777811,0.3975073589236945,0.7388340377846129
1862,National,2016.0,319222000.0,0.7388340377846129,-0.896660695711419,-0.16695806490153003,-0.9652502824347697,-0.0478631884689432,-1.2485065229198689,,0.7388340377846129
1863,Nebraska,2016.0,1870000.0,-0.3527840613606565,-1.0937709427923672,-0.632739762025231,-1.1039036814684915,-0.874163000239218,-0.4425403163680447,0.11329294778834365,0.7388340377846129
1864,Nevada,2016.0,2941000.0,0.7118317849114812,-0.6283879045575205,1.1126157668224088,-0.8871857575750114,-0.7403995999607657,0.8674635842859413,1.8470008557139836,0.7388340377846129
1865,New Hampshire,2016.0,1316000.0,-0.7537885934556952,-1.7171966612589422,-1.0984654200914656,-1.7150968684143926,-1.7302487620213132,-0.7439281192684072,0.5111931233778348,0.7388340377846129
1866,New Jersey,2016.0,8836000.0,-0.697210408985466,-1.6723311874166245,-0.8903956327187971,-1.7010262676898336,-0.927668360350599,0.8539018351416031,1.6006816993966797,0.7388340377846129
1867,New Mexico,2016.0,2043000.0,0.004306100109813262,0.4267881471651373,1.2823611248455016,0.2532860523224326,1.3195567643274007,0.436920795440629,0.9280409263763494,0.7388340377846129
1868,New York,2016.0,19460000.0,-0.4851859976363447,-1.570777486703577,-0.2640470687779031,-1.6958057926415628,-0.2588513589583372,0.9721758042252941,2.8322774809832,0.7388340377846129
1869,North Carolina,2016.0,10060000.0,0.059291366885959394,-0.7165762110675443,-0.29417468022423465,-0.7438416602327662,0.1959442019884008,0.9268044598707671,0.6533003289455103,0.7388340377846129
1870,North Dakota,2016.0,749000.0,-0.6094116825625279,-1.1142819258797598,-0.8581144928370521,-1.0880139630808334,-0.472872799403861,-0.3140594140750542,0.10381913408383195,0.7388340377846129
1871,Ohio,2016.0,11440000.0,0.6442756950688473,-0.8557694983221654,-0.5868554674435675,-0.8479652423412517,0.22269688204409127,0.1254478653934723,0.7575122796951389,0.7388340377846129
1872,Oklahoma,2016.0,3911000.0,2.4289396603517512,-0.4735847087492392,0.08363168723753639,-0.5392562441369373,0.4634710025453055,0.7641323275498589,0.17013583001541382,0.7388340377846129
1873,Oregon,2016.0,4124000.0,0.1338851905104343,-0.6580825181504586,-0.8023159855245384,-0.5919228932436188,-0.2856040390140277,-0.40123304369887897,0.8617242304447675,0.7388340377846129
1874,Pennsylvania,2016.0,12530000.0,0.27984504076452843,-1.4650049389701438,-0.5413981951419844,-1.5310351890039382,-0.472872799403861,0.17962093264943454,0.4922454959688114,0.7388340377846129
1875,Rhode Island,2016.0,1052000.0,-0.28672071275999567,-1.5077118116071913,-0.9230414695293343,-1.5129665675230028,-0.39261475923678957,-0.1100438829546758,1.837527042009472,0.7388340377846129
1876,South Carolina,2016.0,4898000.0,0.4696031193720209,-0.2307160706505891,0.3476111184895307,-0.3152996174613102,0.32970760226685314,1.1502068891811514,0.05645006556127349,0.7388340377846129
1877,South Dakota,2016.0,855000.0,0.5980186175432584,-1.219760516396803,-0.06201139346133993,-1.3413612419623504,0.436718322489615,-0.13642878651140167,-0.15197383593798378,0.7388340377846129
1878,Tennessee,2016.0,6652000.0,0.4587999756924952,-0.4457308135510915,0.9301879613235977,-0.6534636811758118,0.5437290427123769,0.3985159398535531,0.28382159446955413,0.7388340377846129
1879,Texas,2016.0,27660000.0,1.4287971054045674,-0.6556530614266138,-0.0041493515084476155,-0.7260180008073438,0.24944956209978172,0.33332416103608714,0.3406644766966243,0.7388340377846129
1880,Utah,2016.0,3077000.0,-0.8315169911748329,-0.6824794165914804,-0.9216919490871629,-0.598506163335404,-1.1416898007961227,-0.7484442185705773,-0.3414501100282177,0.7388340377846129
1881,Vermont,2016.0,622000.0,-0.37931040271070476,-1.753153926399049,-1.405491832240013,-1.7023346116822535,-0.874163000239218,-0.9270069960378828,0.9280409263763494,0.7388340377846129
1882,Virginia,2016.0,8163000.0,0.6855871109789522,-1.4245109370064375,-0.9874479392873378,-1.4097084752025235,-0.39261475923678957,0.9674383034387465,0.38803354521918276,0.7388340377846129
1883,Washington,2016.0,7289000.0,-0.4766516031073897,-0.2376421270011614,-0.630489914796045,-0.1553518270675296,-0.49962547945955144,0.29249247693216296,0.4543502411507646,0.7388340377846129
1884,West Virginia,2016.0,1808000.0,0.29787137413792447,-1.2261343949470882,-0.3339883309651747,-1.301815309650405,1.3730621244387815,-0.7916462922251934,-0.4077668059597995,0.7388340377846129
1885,Wisconsin,2016.0,5764000.0,0.35242485880544283,-1.3557754710487915,-0.6111807913976726,-1.3980055267051352,-0.5798835196266229,-0.20314088814617806,0.9090932989673259,0.7388340377846129
1886,Wyoming,2016.0,571000.0,0.4113240324612263,-1.3495021122241104,-0.8754696105176963,-1.345758905457881,-0.5263781595152419,-0.802979962132882,1.780684159782402,0.7388340377846129
1887,Alabama,2017.0,4803500.0,1.3300269832476026,-0.4380043242325064,0.4268286612595862,-0.5586350634509911,0.6106107428516031,1.0765493690481127,0.07539769297029687,0.6824422131825533
1888,Alaska,2017.0,718000.0,1.5491862425408032,0.2885143347647317,2.068704786749139,-0.03473906369068481,0.10230982179348413,1.5008932803950052,2.7185917165290596,0.6824422131825533
1889,Arizona,2017.0,6985500.0,1.4856271252805306,-0.49445732368248174,0.33405939829099485,-0.6053092690481039,0.14243884187701936,-0.25546953593034644,1.1838338963981652,0.6824422131825533
1890,Arkansas,2017.0,2922500.0,1.58173175367801,-0.22988761418579795,0.6659489462076834,-0.3689373439789532,0.5303527026845322,0.3628894971972594,-0.2846072278011475,0.6824422131825533
1891,California,2017.0,39245000.0,-0.061717240517814756,-0.836328388443507,0.07687493827746888,-0.9401651830004835,-0.16521697876342056,0.922689538746488,2.5670106972568725,0.6824422131825533
1892,Colorado,2017.0,5527000.0,0.09420511392313735,-0.7220670312853386,-0.2813929146198763,-0.7521182216810371,-1.221947840963194,-0.28239920694072307,0.9659361811943962,0.6824422131825533
1893,Connecticut,2017.0,3554000.0,0.29162776520599654,-1.519706565116794,-0.96940676559232,-1.518315635925809,-0.5665071795987776,0.3007348028071803,0.8427766030357441,0.6824422131825533
1894,Delaware,2017.0,967000.0,1.8589924932742519,-0.9044674793700119,0.06548628298682072,-1.013739128436862,-1.0346790805733608,0.8898213835856097,1.6101555131011913,0.6824422131825533
1895,Florida,2017.0,20900000.0,0.7323162973936395,-0.8640436492587831,-0.13497370032108919,-0.934578791820267,0.18256786196055555,0.39797145872281636,1.7617365323733785,0.6824422131825533
1896,Georgia,2017.0,10230000.0,1.0402717356943503,-0.6186913208463112,-0.35278037944329294,-0.6253018546062625,0.08893348176563891,1.7761173270889352,0.12276676149285534,0.6824422131825533
1897,Hawaii,2017.0,1402000.0,0.3293115597303501,-0.716819887066826,-0.8544051375453342,-0.6481007674868968,-0.646765219765849,4.829498972767608,0.8901456715583026,0.6824422131825533
1898,Idaho,2017.0,1731000.0,0.8727255758318153,-1.616234512116051,-0.9365787254131033,-1.6309336840833082,-0.3391093991254086,-0.8537359497284761,0.11329294778834365,0.6824422131825533
1899,Illinois,2017.0,12600000.0,-0.0912694511602131,-1.1984704191580957,0.01908489719128709,-1.3316612849993814,-0.44612011934817053,0.516676564225454,1.7522627186688666,0.6824422131825533
1900,Indiana,2017.0,6532500.0,0.310867420766239,-0.9332317244216105,-0.1670581366972518,-1.0057686420703642,-0.3524857391532539,-0.2370565355005574,-0.57829545264101,0.6824422131825533
1901,Iowa,2017.0,3053500.0,-0.2834399975748796,-1.2138065151540445,-0.6641279070387827,-1.231572478727842,-1.221947840963194,-0.6217529687246,0.04697625185676179,0.6824422131825533
1902,Kansas,2017.0,2869000.0,0.025980368312259503,-0.6900999948111864,-0.15078096534416946,-0.7390697699578079,0.436718322489615,-0.17315990820767754,0.48277168226429973,0.6824422131825533
1903,Kentucky,2017.0,4398000.0,1.102144696846461,-1.2365028444186341,-0.9527748262621387,-1.2072615693402922,0.28957858218331745,-0.345164667220007,-0.9288265597079427,0.6824422131825533
1904,Louisiana,2017.0,4536500.0,2.306456206480228,-0.0661864952660234,0.6252577773029261,-0.1805166541230271,2.1622661860816503,1.6157263076363464,1.0985695730575598,0.6824422131825533
1905,Maine,2017.0,1316000.0,-0.9355749728185943,-1.7849978534076858,-1.4729172403981252,-1.7260753697776703,-0.1785933187912658,-0.7788048249246728,-0.27513341409663583,0.6824422131825533
1906,Maryland,2017.0,5972000.0,-0.11720922184189175,-0.9853154666308062,0.3220401187028651,-1.1473190345681419,-1.3824639212973373,1.8067583717495248,2.055424757213241,0.6824422131825533
1907,Massachusetts,2017.0,6790000.0,-1.213915731315387,-1.6782596195732287,-0.37462691136264564,-1.795988607507534,-0.5263781595152424,0.2087508210833965,0.7764599071041622,0.6824422131825533
1908,Michigan,2017.0,9892000.0,0.3259687571205403,-1.3393215636903664,0.07057832249987142,-1.4966062152688742,-0.20534599884695628,0.26931450852456434,0.05645006556127349,0.6824422131825533
1909,Minnesota,2017.0,5619000.0,-0.8899654062909853,-1.235187931598742,-0.9365554527363709,-1.2085837517153077,-1.0748081006568966,-0.1373043728677725,1.1743600826936533,0.6824422131825533
1910,Mississippi,2017.0,2947500.0,1.753945172980864,-0.7660121422250817,-0.8321431813412271,-0.706440909165575,1.4800728446615434,1.8691618194940975,0.08487150667480857,0.6824422131825533
1911,Missouri,2017.0,5983500.0,1.1572534802841,-0.49804081671373723,0.48321956385133175,-0.6348439505384488,-0.43274377932032526,0.07774100716369978,0.473297868559788,0.6824422131825533
1912,Montana,2017.0,1040000.0,0.0635441799484988,-0.8127305680470183,-0.2795487633598082,-0.8529261820707975,-0.7671522800164562,-0.6094921824864169,0.7101432111725804,0.6824422131825533
1913,National,2017.0,321861500.0,0.6824422131825533,,,,-0.15624297428303757,-1.2486344751824197,,0.6824422131825533
1914,Nebraska,2017.0,1876500.0,-0.35507188608187873,-1.0627939094054117,-0.5586933635758927,-1.0822584823835177,-0.5130018194873966,-0.5149062781995694,0.06592387926578518,0.6824422131825533
1915,Nevada,2017.0,2980500.0,0.669029880723147,-0.6803431766546523,0.5612003525719678,-0.8502729560101245,0.15581518190486507,0.663403506718765,2.017529502395194,0.6824422131825533
1916,New Hampshire,2017.0,1333500.0,-0.7994939216206682,-1.8308613507182696,-1.1199386803860063,-1.8374033371845102,-1.5964853617428607,-0.8193557238936882,0.6438265152409985,0.6824422131825533
1917,New Jersey,2017.0,9011000.0,-0.7352295472612392,-1.6911068247013004,-0.9777472156723716,-1.7068671674091294,-0.9677973804341347,0.8100903261343374,1.496469748647051,0.6824422131825533
1918,New Mexico,2017.0,2037500.0,0.07237013157228622,0.494290511631471,1.6833789160241721,0.25938051769506887,1.680717945079222,0.3394826781103854,0.9469885537853727,0.6824422131825533
1919,New York,2017.0,19735000.0,-0.5429184047662616,-1.6465562594501575,-0.37306414079006417,-1.7611162697822647,0.0488044616821032,1.0692253202055395,2.964910872846364,0.6824422131825533
1920,North Carolina,2017.0,10295000.0,0.05160858308918328,-0.8521192163855391,-0.321601663295885,-0.8893778277979948,0.5303527026845317,0.9942488007455274,0.6627741426500219,0.6824422131825533
1921,North Dakota,2017.0,741000.0,-0.6475222494658238,-1.149585745759754,-0.7020129827433004,-1.1538972036404833,-0.272227698986182,-0.2827961842777281,0.7385646522861155,0.6824422131825533
1922,Ohio,2017.0,11495000.0,0.5966278173252084,-1.000768760502233,-0.6399318592472033,-0.9995870363085846,-0.01807723845712298,0.15431649842295178,0.8522504167402558,0.6824422131825533
1923,Oklahoma,2017.0,3817000.0,2.269379181818805,-0.49244243265736604,0.15234819285056792,-0.5719347127837735,-0.04482991851281345,0.7737535522943741,0.05645006556127349,0.6824422131825533
1924,Oregon,2017.0,4200500.0,0.10233702928776801,-0.675356475700295,-0.7532761938140708,-0.6194737582285708,-0.5397544995430872,-0.37811535351328923,0.8996194852628142,0.6824422131825533
1925,Pennsylvania,2017.0,12570000.0,0.2307389217922136,-1.5410638940332493,-0.559477976646538,-1.6122408416030816,-0.4862491394317062,0.1618632416871758,0.5396145644913699,0.6824422131825533
1926,Rhode Island,2017.0,1045500.0,-0.40987841653929125,-1.5247621874456665,-0.9405823832644276,-1.5288591679771297,-0.2989803790418729,0.0028279344986442503,1.865948483123007,0.6824422131825533
1927,South Carolina,2017.0,4957000.0,0.32933667031927655,-0.27632772191327815,0.3449996073461674,-0.36540824340126304,0.6774924429908288,1.1516166483158154,0.12276676149285534,0.6824422131825533
1928,South Dakota,2017.0,870500.0,0.6441864802059144,-1.2925493094474105,-0.034678596308943904,-1.4267249321907673,-0.6200125397101586,-0.11417256469414787,-0.09513095371091362,0.6824422131825533
1929,Tennessee,2017.0,6699000.0,0.5086347130435603,-0.3741451413767681,1.0123001409010846,-0.5881899600289968,-0.39261475923678957,0.4410287065803957,0.4354026137417413,0.6824422131825533
1930,Texas,2017.0,28085000.0,1.3527654207289495,-0.8031409396114729,0.01342702965839015,-0.8925064959573952,0.11568616182132938,0.33854229899457344,0.4164549863327179,0.6824422131825533
1931,Utah,2017.0,3128500.0,-0.8424795584709787,-0.8180767996575955,-0.9239183910385498,-0.7484214132162625,-1.128313460768278,-0.6378214939796176,-0.06670951259737853,0.6824422131825533
1932,Vermont,2017.0,613000.0,-0.5338086079756175,-1.7510698960774025,-1.2206195052191813,-1.7317076488021268,-0.9276683603505995,-0.8436507434213678,0.5775098193094167,0.6824422131825533
1933,Virginia,2017.0,8245500.0,0.6129019640595873,-1.4877229762215678,-1.0366437382810723,-1.4713419522797,-0.6601415597936943,1.037690510785346,0.473297868559788,0.6824422131825533
1934,Washington,2017.0,7428000.0,-0.46205048892734507,-0.47701439376180044,-0.6329643558490724,-0.42024917151157887,-0.6601415597936943,0.46796905122052457,0.27434778076504246,0.6824422131825533
1935,West Virginia,2017.0,1793500.0,0.29382418651555453,-1.4043667952743923,-0.3380925431125144,-1.4986656163785241,1.1590406839932588,-0.7997551657066871,-0.4077668059597995,0.6824422131825533
1936,Wisconsin,2017.0,5808500.0,0.3909770442989335,-1.4435764474926647,-0.5482160874883433,-1.5061153082801082,-0.9410447003784442,-0.25183016493525995,0.7385646522861155,0.6824422131825533
1937,Wyoming,2017.0,560000.0,0.5606718315245149,-1.4468072580901317,-0.9132568779681433,-1.4471365185652765,-0.04482991851281345,-0.8134326834379977,1.5248911897605861,0.6824422131825533
1938,Alabama,2018.0,4877000.0,1.189096001013843,-0.5496907270206484,0.3989697218326148,-0.6776544267149165,0.8380085233249721,1.1566880089125962,0.037502438152250094,0.6273789157510086
1939,Alaska,2018.0,720000.0,1.5241030506866555,0.11531433299639006,2.1976602952528443,-0.24881489835237286,0.062180801709948434,1.7303502413749878,3.808080292547904,0.6273789157510086
1940,Arizona,2018.0,7241000.0,1.3609527970233948,-0.7198685146490579,0.14766259258281877,-0.8232119034565979,-0.01807723845712298,0.09495064179354798,0.9469885537853727,0.6273789157510086
1941,Arkansas,2018.0,2912000.0,1.540838014741254,-0.35189998342005907,0.6610007563632742,-0.5033284503300479,0.8112558432692816,0.3754254563568523,-0.18039527705151887,0.6273789157510086
1942,California,2018.0,39150000.0,-0.09266584861517808,-0.918350419679923,0.05830775512788708,-1.0278968090687703,-0.2588513589583372,0.8639882937082534,2.8322774809832,0.6273789157510086
1943,Colorado,2018.0,5739000.0,0.06006441776683535,-0.7524743536493556,-0.18819971856418177,-0.8017930804861078,-1.0079264005176705,-0.38298949983610175,1.1364648278756067,0.6273789157510086
1944,Connecticut,2018.0,3413000.0,0.32515394367966977,-1.5649665379082212,-1.02127447603829,-1.5595930475615345,-0.7136469199050752,0.2699162732430386,0.8996194852628142,0.6273789157510086
1945,Delaware,2018.0,976000.0,1.600873735915541,-1.0211819304720855,-0.09616509555366819,-1.1154025703590291,-1.4627219614644085,1.2418151422750459,1.2312029649207235,0.6273789157510086
1946,Florida,2018.0,21120000.0,0.6775165171304393,-1.0385698059090078,-0.23481123686218794,-1.1109145266148814,0.22269688204409127,0.3654374541040285,1.780684159782402,0.6273789157510086
1947,Georgia,2018.0,10420000.0,0.9838868881245855,-0.8091961478194718,-0.4505991950761975,-0.8196943905447801,0.5169763626566865,1.818686774370725,0.05645006556127349,0.6273789157510086
1948,Hawaii,2018.0,1393000.0,0.2385232915044229,-0.6670735842873283,-0.8316812589583892,-0.5968560837425994,-0.9811737204619799,4.872846005608684,0.8333027893312324,0.6273789157510086
1949,Idaho,2018.0,1766000.0,0.8437795194665413,-1.751233010065079,-0.9360835469340143,-1.780651551667249,-0.3658620791810991,-0.780897091710495,-0.00039281666579668,0.6273789157510086
1950,Illinois,2018.0,12590000.0,-0.1568628732426943,-1.2649154835340741,-0.10631750908318055,-1.3838181532312979,-0.6868942398493848,0.5342666252165794,2.0270033160997056,0.6273789157510086
1951,Indiana,2018.0,6582000.0,0.3684422357857934,-1.0939099952027036,-0.27301499416452146,-1.1657065965509446,-0.3391093991254086,-0.2073834937557102,-0.36987155114175274,0.6273789157510086
1952,Iowa,2018.0,3110000.0,-0.24107176843158967,-1.4626169436690664,-0.7992494667140287,-1.4841983757975923,-1.0614317606290513,-0.565303290368996,0.06592387926578518,0.6273789157510086
1953,Kansas,2018.0,2835000.0,0.09154897003793111,-0.6812623551877274,0.07020807041488128,-0.7671466700172717,-1.435969281408718,-0.18665658147283495,0.350138290401136,0.6273789157510086
1954,Kentucky,2018.0,4445000.0,1.0548769711867048,-1.372137442758573,-1.0243408700025691,-1.3453348101653668,0.7577504831579007,-0.36732784941830315,-0.947774187116966,0.6273789157510086
1955,Louisiana,2018.0,4510000.0,2.159761996392921,-0.12810163225729362,0.5715345459399042,-0.23993673757741957,1.6405889249956862,1.6313426912910212,0.8238289756267207,0.6273789157510086
1956,Maine,2018.0,1321000.0,-0.9303842482903838,-1.901314301256,-1.513858314898497,-1.8479847122755826,-0.3391093991254086,-0.7381803365412588,-0.3035548552101709,0.6273789157510086
1957,Maryland,2018.0,6030000.0,-0.18420292246447342,-1.1686813441055353,0.1455071787944167,-1.320308881085069,-1.3022058811302655,1.8590273432038136,2.1406890805538463,0.6273789157510086
1958,Massachusetts,2018.0,6883000.0,-1.2614410999526768,-1.8131032973181416,-0.45766153710801627,-1.9312197292808864,-1.1149371207404324,0.314137118744505,0.8238289756267207,0.6273789157510086
1959,Michigan,2018.0,9913000.0,0.26830546647806836,-1.4398435123612572,0.07986807796860884,-1.6096172985622683,-0.6333888797380038,0.2948599895668455,0.15118820260639043,0.6273789157510086
1960,Minnesota,2018.0,5746000.0,-0.9753480698750844,-1.4138434931328896,-1.0373620611376222,-1.389330462108322,-1.328958561185956,-0.05277242486082078,1.373310170488399,0.6273789157510086
1961,Mississippi,2018.0,2899000.0,1.850884969532812,-0.9972120446656968,-0.7688321989082822,-0.9735541163337708,1.801105005329829,1.9389323287677644,-0.00039281666579668,0.6273789157510086
1962,Missouri,2018.0,6026000.0,0.9210148041804507,-0.6641312279305648,0.32983363542713523,-0.7926524651732904,-0.12508795867988487,0.07923628006596835,0.5301407507868582,0.6273789157510086
1963,Montana,2018.0,1041000.0,0.09876166141130512,-0.8427561020416566,-0.23515824161384374,-0.893814176662853,-0.6868942398493848,-0.6186486384391567,0.7196170248770921,0.6273789157510086
1964,National,2018.0,323156000.0,0.6273789157510086,,,,-0.29325409551487014,-1.24803399087042,,0.6273789157510086
1965,Nebraska,2018.0,1893000.0,-0.31499678013128357,-1.2338794293704818,-0.6690627988006158,-1.2529756662580178,-0.6333888797380038,-0.5088444551493184,0.15118820260639043,0.6273789157510086
1966,Nevada,2018.0,3008000.0,0.629341197231315,-0.8035530240184965,0.5454462014663098,-0.9841394527153055,0.03542812165425796,0.6883195302132306,2.1312152668493343,0.6273789157510086
1967,New Hampshire,2018.0,1349000.0,-0.8251801889221252,-1.9287313782573452,-1.2127149904413435,-1.9299831745338982,-1.8105068021883846,-0.642752315722288,0.8996194852628142,0.6273789157510086
1968,New Jersey,2018.0,8790000.0,-0.7183125099052978,-1.7980884494202667,-1.0605501912695434,-1.8112555510035593,-1.2487005210188846,0.7755839885263629,1.335414915670352,0.6273789157510086
1969,New Mexico,2018.0,2054000.0,-0.013413712889715929,0.12261281702132804,1.9566242631111852,-0.1994170314500551,0.9985246036591149,0.3214015224217895,0.9090932989673259,0.6273789157510086
1970,New York,2018.0,19340000.0,-0.5977464980110238,-1.6718498643416104,-0.3927641043521897,-1.7857756933200215,-0.472872799403861,1.1107420678060305,2.9933323139598986,0.6273789157510086
1971,North Carolina,2018.0,10370000.0,-0.046472161742438546,-1.0287480011033932,-0.381793797741678,-1.0748384621893217,0.062180801709948434,1.0621834852600407,0.6627741426500219,0.6273789157510086
1972,North Dakota,2018.0,745000.0,-0.6764543820099665,-1.2571158576786243,-0.6960825657670825,-1.2741004542882957,-0.8474103201835276,-0.1991179494735578,0.40698117262820616,0.6273789157510086
1973,Ohio,2018.0,11450000.0,0.5539587588525224,-1.1370633170046274,-0.642350888126714,-1.1502420315889819,-0.2588513589583372,0.1002322832022768,0.7385646522861155,0.6273789157510086
1974,Oklahoma,2018.0,3858000.0,2.04631202891231,-0.49090378060409606,0.2149779851146171,-0.5809626104117528,0.14243884187701986,0.7216652864397356,0.037502438152250094,0.6273789157510086
1975,Oregon,2018.0,4172000.0,0.12356364442074626,-0.6528438063008624,-0.6867494179235576,-0.6059218068788854,-0.8474103201835276,-0.2499616689759182,0.937514740080861,0.6273789157510086
1976,Pennsylvania,2018.0,12520000.0,0.1891194921846255,-1.6539074014013153,-0.5881891324717199,-1.7323966944739893,-0.2856040390140277,0.15148439530543267,0.42592880003722955,0.6273789157510086
1977,Rhode Island,2018.0,1036000.0,-0.4478088167803046,-1.5884804395303218,-0.9970135219110018,-1.5898137583371688,-1.0614317606290513,-0.04843782036089661,1.960686620168124,0.6273789157510086
1978,South Carolina,2018.0,5036000.0,0.1927630456778316,-0.3756811079317574,0.3122599182454497,-0.4699211782206183,-0.01807723845712298,1.0727422803829678,0.05645006556127349,0.6273789157510086
1979,South Dakota,2018.0,853000.0,0.6833493253267016,-1.3987629006985083,-0.14090996946640982,-1.5262469197435045,-0.6066361996823133,0.040992137650064236,-0.07618332630189023,0.6273789157510086
1980,Tennessee,2018.0,6665000.0,0.2908528363332426,-0.42985446403789535,0.9403224326875455,-0.637603078569562,-0.23209867890264674,0.4031087823111607,0.6817217700590453,0.6273789157510086
1981,Texas,2018.0,28500000.0,1.3264775450523112,-0.9555208547078407,-0.11108823896119903,-1.0400660147532976,0.22269688204409127,0.3830610702418032,0.4543502411507646,0.6273789157510086
1982,Utah,2018.0,3173000.0,-0.7799155195051648,-1.0723647767834075,-0.934324894533516,-1.0284920267535613,-1.5964853617428607,-0.6877267254687767,-0.03828807148384346,0.6273789157510086
1983,Vermont,2018.0,616000.0,-0.43490398837433364,-1.880369241967636,-1.1694272253575195,-1.8837968985293152,-0.8474103201835276,-0.7426951702398026,0.7006693974680687,0.6273789157510086
1984,Virginia,2018.0,8393000.0,0.5328506813081281,-1.5999957826948956,-1.079519405190451,-1.5884377566923362,-0.8206576401278372,1.1274859304058744,0.46382405485527634,0.6273789157510086
1985,Washington,2018.0,7555000.0,-0.4979276514526243,-0.6211377423013897,-0.580463530636147,-0.5889936747786246,-1.1416898007961227,0.5745786072743133,0.4354026137417413,0.6273789157510086
1986,West Virginia,2018.0,1762000.0,0.23071293605485207,-1.6143561665114279,-0.6124001233698368,-1.6844086865005141,0.8112558432692816,-0.7207470639124932,-0.3603977374372411,0.6273789157510086
1987,Wisconsin,2018.0,5795000.0,0.4083926360064526,-1.6257056924121092,-0.6470498933114521,-1.6910503608635636,-1.1416898007961227,-0.30992127467758296,0.6627741426500219,0.6273789157510086
1988,Wyoming,2018.0,565000.0,0.6096815279974233,-1.5040526714162177,-1.024648730553789,-1.4914975438167233,-0.9009156802949085,-0.6226215389751346,1.3638363567838874,0.6273789157510086
1989,Alabama,2019.0,4873000.0,1.3651926646940473,-0.7069214279768731,0.3247006748287222,-0.8392016604779878,0.008675441598567491,1.1673564798439637,0.09434532037932027,0.559282548652574
1990,Alaska,2019.0,701000.0,1.6976923163479332,-0.13592426492127754,2.173727032671455,-0.5231873805329861,-0.7136469199050752,1.7146949538377445,2.8985941769147816,0.559282548652574
1991,Arizona,2019.0,7285000.0,1.375290535439767,-0.8971134484796107,0.04172769997200595,-1.0015161937587693,-0.7939049600721466,0.03591769227854563,1.496469748647051,0.559282548652574
1992,Arkansas,2019.0,2915000.0,1.5292736563847782,-0.4164857137346648,0.7609579489392695,-0.5920460240085486,0.32970760226685314,0.24919522797210225,-0.2940810415056592,0.559282548652574
1993,California,2019.0,39370000.0,-0.19042955700629796,-0.9714220660440906,0.01979482663692677,-1.0801214297295019,-0.7403995999607657,0.8501306415832868,2.8038560398696646,0.559282548652574
1994,Colorado,2019.0,5768000.0,-0.009055727660642667,-0.8189598350914408,-0.25421012873944104,-0.8641732084660797,-0.9544210404062895,-0.3360863710720249,1.15541245528463,0.559282548652574
1995,Connecticut,2019.0,3490000.0,0.13198663302776517,-1.785550346939662,-1.1641890455528658,-1.7795968717363875,-1.221947840963194,0.3621075385815439,0.8996194852628142,0.559282548652574
1996,Delaware,2019.0,971000.0,1.3962038724136756,-1.04256564420691,-0.06263749535553037,-1.1448502664223654,-1.7034960819656226,1.1736669634523493,1.2690982197387704,0.559282548652574
1997,Florida,2019.0,21400000.0,0.6013124422922956,-1.150530189310888,-0.27346218537187233,-1.2283880620951824,-0.3658620791810991,0.4500230100657515,1.8564746694184953,0.559282548652574
1998,Georgia,2019.0,10350000.0,1.069274624082653,-0.6827943199838789,-0.4827174390465778,-0.6740856278323154,-0.20534599884695628,1.9573191708592177,0.15118820260639043,0.559282548652574
1999,Hawaii,2019.0,1365000.0,0.24362033070832428,-0.6348664789680643,-0.7648691592589123,-0.5726076696373579,-1.1951951609075038,4.823936761735574,0.9185671126718377,0.559282548652574
2000,Idaho,2019.0,1794000.0,1.048518322076816,-1.9153311369848207,-0.9621828959731378,-1.958065884533206,-1.5429800016314799,-0.852228199070182,0.018554810743226707,0.559282548652574
2001,Illinois,2019.0,12500000.0,-0.22252118421718167,-1.3182089437927047,-0.08276192701714433,-1.446925789567617,-0.9544210404062895,0.5318423538014272,1.8754222968275187,0.559282548652574
2002,Indiana,2019.0,6691000.0,0.3561708303792873,-1.2951948472981505,-0.302053523274151,-1.383835170339685,-0.7403995999607657,-0.0860530115708089,-0.3603977374372411,0.559282548652574
2003,Iowa,2019.0,3137000.0,-0.28137087650464376,-1.4250174359511212,-0.6936966116681316,-1.4606122960838996,-0.9009156802949085,-0.6210564120796845,0.12276676149285534,0.559282548652574
2004,Kansas,2019.0,2813000.0,0.09941522335317883,-0.975470480812909,-0.08712137459703564,-1.0662856644429535,-0.9009156802949085,-0.24616395079378042,0.8427766030357441,0.559282548652574
2005,Kentucky,2019.0,4399000.0,1.040884581797479,-1.4158629017267574,-0.9974920240237769,-1.3984016182510113,0.1959442019884008,-0.3432302774496003,-0.8814574911853842,0.559282548652574
2006,Louisiana,2019.0,4563000.0,2.011756997331903,-0.2212875069813586,0.6185415626219148,-0.35128037604412543,1.346309444383091,1.6605456678564294,0.8427766030357441,0.559282548652574
2007,Maine,2019.0,1340000.0,-1.0489211200203155,-1.988987532458158,-1.4998070288766545,-1.9475702333257923,-0.6601415597936943,-0.6807749495923352,-0.22776434557407735,0.559282548652574
2008,Maryland,2019.0,6067000.0,-0.22008178816501497,-1.247037336704269,0.06928731650317482,-1.3940966705321893,-1.5697326816871704,1.8984315036170842,2.368060609462127,0.559282548652574
2009,Massachusetts,2019.0,6897000.0,-1.3037247360339024,-1.8887720157633006,-0.5123379767007765,-2.005720992075548,-1.435969281408718,0.2442835313353437,0.785933720808674,0.559282548652574
2010,Michigan,2019.0,9901000.0,0.22972291755856042,-1.5052768448584093,0.017381385417573288,-1.6714351059087988,-0.7136469199050752,0.30557096221113256,0.15118820260639043,0.559282548652574
2011,Minnesota,2019.0,5681000.0,-0.9758297281853477,-1.3100694091250815,-0.9445285090039702,-1.2902163492835699,-1.9175175224111465,-0.09379133022727902,1.5912078856921679,0.559282548652574
2012,Mississippi,2019.0,2911000.0,1.8632348250855806,-1.0579117382825176,-0.79808382259226,-1.0358208831631375,1.694094285107067,1.8730879549296968,0.009080997038715014,0.559282548652574
2013,Missouri,2019.0,6063000.0,0.49103589811465037,-0.6721896989496191,0.31412568948818004,-0.7988925234337791,-0.927668360350599,0.09684959558281421,0.8427766030357441,0.559282548652574
2014,Montana,2019.0,1053000.0,0.6006642553589266,-1.0329733449181122,-0.06467463294037178,-1.1338689944180618,-0.8474103201835276,-0.6492847675176144,0.6817217700590453,0.559282548652574
2015,National,2019.0,324031000.0,0.559282548652574,,,,-0.6436476335619278,-1.2481478402885926,,0.559282548652574
2016,Nebraska,2019.0,1885000.0,-0.24933144895939688,-1.2393252868655311,-0.5881175908970119,-1.2728840819909417,-1.1149371207404324,-0.4442044613330194,0.23645252594699567,0.559282548652574
2017,Nevada,2019.0,3105000.0,0.39840758006697696,-0.9491192927416208,0.2574352344060127,-1.096127181957442,-0.6601415597936943,0.9284208432078835,2.1027938257357994,0.559282548652574
2018,New Hampshire,2019.0,1351000.0,-0.8401656763684112,-1.9783083870903688,-1.3008220489209084,-1.9698349957015642,-2.452571123524956,-0.7687329821519296,0.9943576223079312,0.559282548652574
2019,New Jersey,2019.0,8738000.0,-0.7602698298524179,-1.8460704561849726,-1.062913898681804,-1.8640339587682078,-1.7570014420770035,0.7976131820626295,1.4869959349425392,0.559282548652574
2020,New Mexico,2019.0,2058000.0,-0.10345826105283985,-0.03433163469241776,1.8730341427335082,-0.35904956139548344,0.6507397629351388,0.17296271022356635,1.0890957593530481,0.559282548652574
2021,New York,2019.0,19070000.0,-0.6730439217824226,-1.6911884546043598,-0.326710190153611,-1.8185308479363893,-0.09833527862419439,1.1212385491677803,2.908067990619293,0.559282548652574
2022,North Carolina,2019.0,10470000.0,-0.11030294112025286,-0.9743965367188143,-0.27340932233937737,-1.0331697070435795,-0.04482991851281345,1.1253445688399086,0.7006693974680687,0.559282548652574
2023,North Dakota,2019.0,749000.0,-0.6070971871460155,-1.285809894901743,-0.6112407753626441,-1.320445054988831,-1.2754532010745752,-0.21198160746109604,0.3975073589236945,0.559282548652574
2024,Ohio,2019.0,11510000.0,0.5360223799315502,-1.253735886169225,-0.6418814112309179,-1.2796429440888544,-0.12508795867988487,0.1597401157887916,0.7669860933996505,0.559282548652574
2025,Oklahoma,2019.0,3899000.0,1.718857128577122,-0.5597500067306286,0.021368590193122552,-0.6240917841828989,-0.5531308395709323,0.7200549037462795,0.16066201631090213,0.559282548652574
2026,Oregon,2019.0,4135000.0,0.09958403212747977,-0.7121406569229677,-0.6480331320203755,-0.6782818368224767,-1.2754532010745752,-0.13147624697608565,1.032252877125978,0.559282548652574
2027,Pennsylvania,2019.0,12550000.0,0.11313800861527115,-1.7196243786221068,-0.5894022609588647,-1.8050298150247608,-1.1149371207404324,0.14934748528061756,0.8522504167402558,0.559282548652574
2028,Rhode Island,2019.0,1047000.0,-0.4789252795563831,-1.6912294966156718,-0.9942095548218062,-1.7041818604180827,-0.9811737204619799,-0.010356334106403199,2.083846198326776,0.559282548652574
2029,South Carolina,2019.0,5144000.0,0.0991682695738627,-0.479484633497878,0.33923611700137674,-0.5896006388810108,0.5972344028237578,1.0538463853949651,0.11329294778834365,0.559282548652574
2030,South Dakota,2019.0,860000.0,0.5628075815101207,-1.3667954373671818,-0.13472648817484803,-1.4918737352988216,-0.6066361996823133,-0.10867871011271825,-0.1330262085289604,0.559282548652574
2031,Tennessee,2019.0,6721000.0,0.2742462066851769,-0.5890178410948999,0.7921828906958577,-0.7886327475928036,0.062180801709948434,0.44612198468931774,0.7290908385816037,0.559282548652574
2032,Texas,2019.0,28670000.0,1.2020180506131122,-0.9166875896743159,-0.05648699984354186,-1.0063804636342253,-0.472872799403861,0.42630649786049085,0.4543502411507646,0.559282548652574
2033,Utah,2019.0,3232000.0,-0.7984510079219618,-1.2583521245462257,-0.9492267917329882,-1.2320874737131766,-1.4894746415200988,-0.6702061866585101,0.17960964371992552,0.559282548652574
2034,Vermont,2019.0,615000.0,-0.4802929455785752,-1.7737867678797907,-1.0634942546521566,-1.7838148998959857,-1.1416898007961227,-0.823933453740088,0.7575122796951389,0.559282548652574
2035,Virginia,2019.0,8335000.0,0.5109664515574873,-1.6027634196860108,-1.041579543941046,-1.5980074638819641,-1.0881844406847418,1.1847915679184948,0.3785597315146711,0.559282548652574
2036,Washington,2019.0,7549000.0,-0.5167960963344971,-0.7751540569565565,-0.6178013598899338,-0.7533072524665968,-1.5697326816871704,0.42606565523356815,0.48277168226429973,0.559282548652574
2037,West Virginia,2019.0,1745000.0,0.26063742968813625,-1.6112909767830013,-0.5146547497757911,-1.6977625883264926,0.2762022421554722,-0.7505044820316538,-0.23723815927858904,0.559282548652574
2038,Wisconsin,2019.0,5730000.0,0.42472129585530227,-1.6795452237812527,-0.6360946244346112,-1.7526038529480965,-1.1951951609075038,-0.35924209523207457,0.6533003289455103,0.559282548652574
2039,Wyoming,2019.0,565000.0,0.5442256859408167,-1.656877053443442,-1.0147563921188012,-1.6625841730508073,-0.9811737204619799,-0.7204183926064464,1.4112054253064457,0.559282548652574
2040,Alabama,2020.0,5001000.0,0.9354181298751585,-1.1395558824414338,0.03620698170975813,-1.26929446290665,0.5437290427123769,1.1404946386731556,0.27434778076504246,0.1675590372117318
2041,Alaska,2020.0,708000.0,1.7452866500973485,-0.6710509444012607,1.9873098366556354,-1.084376704926262,0.14243884187701986,1.7357160625552475,3.0312275687779455,0.1675590372117318
2042,Arizona,2020.0,7203000.0,1.0408145523442247,-0.9627160122807173,0.28382292321923913,-1.1157201137107517,-0.5263781595152419,-0.053802927811062676,1.6006816993966797,0.1675590372117318
2043,Arkansas,2020.0,2974000.0,1.135921242389849,-0.5644234513818583,1.1463561605077748,-0.8220695899451732,0.32970760226685314,0.2511145792541834,-0.2467119729831007,0.1675590372117318
2044,California,2020.0,39200000.0,-0.5112148059542829,-1.1086682582837248,0.024996723699273197,-1.233137279232994,-0.472872799403861,0.9042132831889879,3.1543871469365974,0.1675590372117318
2045,Colorado,2020.0,5717000.0,-0.34776830600530345,-0.592647751089977,-0.04101613314132798,-0.6498644594256457,-0.9009156802949085,-0.3905350142282147,1.3638363567838874,0.1675590372117318
2046,Connecticut,2020.0,3545000.0,-0.433001647147065,-1.713203708533765,-1.1941114176979626,-1.6942794726095778,-0.44612011934817053,0.40465228504044454,1.1269910141710948,0.1675590372117318
2047,Delaware,2020.0,991000.0,0.7552367688547894,-1.2591018143062374,-0.03961987955321329,-1.3888047370372236,-0.6333888797380038,1.0116660083081357,1.3543625430793755,0.1675590372117318
2048,Florida,2020.0,21510000.0,0.18557294623584308,-1.4087266151512292,-0.2375359952311729,-1.5207312081666888,0.11568616182132938,0.5316589095044053,2.083846198326776,0.1675590372117318
2049,Georgia,2020.0,10560000.0,0.5884309456334753,-1.2169735790187892,-0.15277321238831734,-1.3227176386627686,0.11568616182132938,1.9547233404324305,0.17960964371992552,0.1675590372117318
2050,Hawaii,2020.0,1427000.0,-0.3021520086304386,-1.0826491781162886,-0.8755502086910103,-1.0499639763117257,-0.5263781595152419,4.648706677819281,1.15541245528463,0.1675590372117318
2051,Idaho,2020.0,1862000.0,0.602032343178677,-2.018282801441496,-0.9341062075794161,-2.076989737450724,-1.0079264005176705,-0.7980775578522648,0.25540015335601907,0.1675590372117318
2052,Illinois,2020.0,12640000.0,-0.632069506244553,-1.5515535055509204,-0.06721672030702687,-1.7082301609292478,-1.3022058811302655,0.5576903949567641,1.9985818749861708,0.1675590372117318
2053,Indiana,2020.0,6685000.0,0.26068671790718567,-1.4174532718828916,-0.3593649243536415,-1.5095251210884784,-0.20534599884695628,0.04367056953185157,-0.2846072278011475,0.1675590372117318
2054,Iowa,2020.0,3163000.0,-0.473549411306159,-1.5335227388793733,-0.6289499806247962,-1.5919762383803833,-0.9811737204619799,-0.4578135216696932,0.22697871224248398,0.1675590372117318
2055,Kansas,2020.0,2891000.0,-0.23642112581105826,-1.0706530990703835,-0.04740819255987906,-1.1785925030423023,-0.9544210404062895,-0.14809150204733565,0.8996194852628142,0.1675590372117318
2056,Kentucky,2020.0,4454000.0,0.41573102933619094,-1.4995677381133092,-0.8296985173192961,-1.5199365327074932,0.2762022421554722,-0.3719755461197724,-0.8625098637763609,0.1675590372117318
2057,Louisiana,2020.0,4545000.0,1.4370437766414565,-0.3816315366883162,1.001282773520446,-0.5945997871103564,0.7042451230465198,1.6206073530996168,0.5775098193094167,0.1675590372117318
2058,Maine,2020.0,1366000.0,-1.2661003381719789,-2.075083891601806,-1.5428740148932771,-2.0356191457971025,-1.3022058811302655,-0.823914151215681,-0.18039527705151887,0.1675590372117318
2059,Maryland,2020.0,6077000.0,-0.5055989903355144,-1.533105656072656,-0.18680602769751253,-1.6672875374448632,-0.927668360350599,2.091877920750068,2.424903491689197,0.1675590372117318
2060,Massachusetts,2020.0,6943000.0,-1.428377367732039,-2.0014674049097017,-0.6146508641783807,-2.1130989774850253,-1.1951951609075038,0.4014681490291426,0.8711980441492791,0.1675590372117318
2061,Michigan,2020.0,9891000.0,-0.027191870233587184,-1.640932572628533,0.2006653879776846,-1.853207371101376,-0.44612011934817053,0.3563308294916237,0.25540015335601907,0.1675590372117318
2062,Minnesota,2020.0,5602000.0,-1.1506904383867553,-1.228171816026946,-0.7375643105130587,-1.2349096905696955,-1.1684424808518132,-0.0876639026733116,1.6385769542147264,0.1675590372117318
2063,Mississippi,2020.0,2937000.0,1.4670949744008817,-1.2346816678598296,-0.6728776361232602,-1.253211093489824,1.2660514042160196,1.8149793860247085,-0.00039281666579668,0.1675590372117318
2064,Missouri,2020.0,6044000.0,0.21373710608557012,-0.7223802923966613,0.5299881485081396,-0.891518029233884,-0.5798835196266229,0.009918374221484593,0.8711980441492791,0.1675590372117318
2065,Montana,2020.0,1080000.0,0.10996992476188523,-1.108670979932461,0.14678809489900702,-1.2540126160385971,-0.5263781595152419,-0.6593453116984088,0.8427766030357441,0.1675590372117318
2066,National,2020.0,326884000.0,0.1675590372117318,,,,-0.378437845561091,-1.248315913400145,,0.1675590372117318
2067,Nebraska,2020.0,1953000.0,-0.4212296555853094,-1.3726325408735,-0.49901167091450804,-1.4359132678636992,-1.221947840963194,-0.3134945176360859,0.3406644766966243,0.1675590372117318
2068,Nevada,2020.0,3123000.0,0.0902502274182938,-1.248003794765297,0.11159229410664624,-1.4024180254806207,0.008675441598567491,0.9009657411339399,2.207005776485428,0.1675590372117318
2069,New Hampshire,2020.0,1387000.0,-1.0112745013734967,-2.0919331475522442,-1.371121286969559,-2.0837295251932333,-1.783754122132694,-0.763117056708563,0.9754099948989078,0.1675590372117318
2070,New Jersey,2020.0,9119000.0,-1.1781546201358684,-2.0258539574141157,-1.1564091676975157,-2.0472838833466347,-1.2487005210188846,0.9710874331079461,1.865948483123007,0.1675590372117318
2071,New Mexico,2020.0,2064000.0,-0.45134570004424907,-0.31482072974236935,1.6565252591008672,-0.6328402805827538,0.9985246036591149,0.20870013641635568,1.0133052497169546,0.1675590372117318
2072,New York,2020.0,19580000.0,-0.9839670195695156,-1.713308087394284,-0.3695282387766983,-1.8357103017412408,-0.2856040390140277,1.059749641398029,3.0501751961869688,0.1675590372117318
2073,North Carolina,2020.0,10410000.0,-0.3558044231676393,-1.0350239259383476,-0.05390838094239761,-1.137986963663501,0.24944956209978172,1.1327895203750942,0.8238289756267207,0.1675590372117318
2074,North Dakota,2020.0,761000.0,-0.9273400187908172,-1.1987038819005718,-0.5016124593911278,-1.2426841620976379,-0.5798835196266229,-0.27214497437124685,0.568036005604905,0.1675590372117318
2075,Ohio,2020.0,11700000.0,0.2331216212429263,-1.4213589421692623,-0.6054742764388559,-1.4716765407286065,-0.04482991851281345,0.3106214529246787,0.8333027893312324,0.1675590372117318
2076,Oklahoma,2020.0,3885000.0,1.34981772308308,-0.6404474318883375,0.1458173363968163,-0.7348649455124352,0.7042451230465198,0.6782118396216831,0.22697871224248398,0.1675590372117318
2077,Oregon,2020.0,4114000.0,-0.19987932767881422,-0.7843837690291044,-0.6411402745882272,-0.759537742559039,-0.927668360350599,-0.19376728646778835,1.15541245528463,0.1675590372117318
2078,Pennsylvania,2020.0,12690000.0,-0.19900349495558792,-1.5000678681436153,-0.21517020059023798,-1.6258073037969032,-0.5798835196266229,0.20403402890821853,0.6911955837635569,0.1675590372117318
2079,Rhode Island,2020.0,1086000.0,-0.8061956524398265,-1.940456951138949,-0.9962667067597284,-1.980074257916291,-1.1684424808518132,-0.007478105512999727,2.169110521667381,0.1675590372117318
2080,South Carolina,2020.0,5110000.0,-0.16408902541161577,-0.5840633060775211,0.48123313708146254,-0.7298512754647776,0.14243884187701986,1.1130836964407367,0.11329294778834365,0.1675590372117318
2081,South Dakota,2020.0,878000.0,0.1478096743739058,-1.1754434202529311,0.33170766908250493,-1.3597146040258188,-0.3391093991254086,-0.006786042762344185,-0.03828807148384346,0.1675590372117318
2082,Tennessee,2020.0,6934000.0,-0.1006865468758881,-0.7111961710836571,1.0691665614791224,-0.9715246280184144,0.062180801709948434,0.3815279913256077,0.6911955837635569,0.1675590372117318
2083,Texas,2020.0,28920000.0,0.7243809662200272,-1.0075043714835337,0.06840734838824158,-1.1284463363260344,0.30295492221116266,0.4889496675906228,0.5775098193094167,0.1675590372117318
2084,Utah,2020.0,3272000.0,-1.0290200814241641,-1.0261235867050893,-0.8369011465057841,-0.9939343160945727,-1.4627219614644085,-0.660184386451101,0.07539769297029687,0.1675590372117318
2085,Vermont,2020.0,639000.0,-0.8300348911935121,-1.9985574656045102,-1.2547991187647773,-2.000166476855805,-1.1416898007961227,-0.9482479022680271,0.8048813482176973,0.1675590372117318
2086,Virginia,2020.0,8501000.0,0.17301092119211436,-1.7635905303764705,-1.060636121415731,-1.7730031598325555,-1.3557112412416465,1.0581902576324786,0.5111931233778348,0.1675590372117318
2087,Washington,2020.0,7585000.0,-0.7932550387934416,-0.7648513080579219,-0.6552059728059377,-0.7354773194522753,-1.2487005210188846,0.1772738154926009,0.6627741426500219,0.1675590372117318
2088,West Virginia,2020.0,1760000.0,-0.006767924865585314,-1.6934580356301085,-0.36174964247283303,-1.8150414834872004,0.3564602823225436,-0.7916441869498148,-0.114078581119937,0.1675590372117318
2089,Wisconsin,2020.0,5836000.0,0.018643860685732316,-1.6732924037026398,-0.5374610917034675,-1.7625767801093306,-1.3022058811302655,-0.3204989548456318,0.6438265152409985,0.1675590372117318
2090,Wyoming,2020.0,561000.0,0.15852772000766444,-1.5962572764262517,-0.9102887723388546,-1.6132963275283514,-0.8474103201835276,-0.7173084223288865,1.4396268664199807,0.1675590372117318
