"","year","state_abbr","state_name","population","violent_crime","property_crime","tot_crime"
"1",1979,"US","National",220099000,1208030,11041500,12249530
"2",1979,"AK","Alaska",406000,1994,23193,25187
"3",1979,"AL","Alabama",3769000,15578,144372,159950
"4",1979,"AR","Arkansas",2180000,7984,70949,78933
"5",1979,"AZ","Arizona",2450000,14528,177977,192505
"6",1979,"CA","California",22696000,184087,1511021,1695108
"7",1979,"CO","Colorado",2772000,14472,180984,195456
"8",1979,"CT","Connecticut",3115000,12902,167131,180033
"9",1979,"DC","District of Columbia",656000,10553,45877,56430
"10",1979,"DE","Delaware",582000,3127,34853,37980
"11",1979,"FL","Florida",8860000,73881,607281,681162
"12",1979,"GA","Georgia",5118000,28594,248641,277235
"13",1979,"HI","Hawaii",915000,2651,63664,66315
"14",1979,"IA","Iowa",2903000,5259,119620,124879
"15",1979,"ID","Idaho",905000,2613,35766,38379
"16",1979,"IL","Illinois",11230000,83540,593750,677290
"17",1979,"IN","Indiana",5400000,18254,230223,248477
"18",1979,"KS","Kansas",2369000,8376,107605,115981
"19",1979,"KY","Kentucky",3527000,8748,103548,112296
"20",1979,"LA","Louisiana",4026000,27229,188514,215743
"21",1979,"MA","Massachusetts",5769000,30650,310756,341406
"22",1979,"MD","Maryland",4149000,33007,228159,261166
"23",1979,"ME","Maine",1097000,2221,45030,47251
"24",1979,"MI","Michigan",9208000,56558,509457,566015
"25",1979,"MN","Minnesota",4060000,8973,169376,178349
"26",1979,"MO","Missouri",4868000,25662,214809,240471
"27",1979,"MS","Mississippi",2406000,7786,63447,71233
"28",1979,"MT","Montana",786000,1762,33298,35060
"29",1979,"NC","North Carolina",5606000,25009,220113,245122
"30",1979,"ND","North Dakota",657000,403,17703,18106
"31",1979,"NE","Nebraska",1574000,3556,59295,62851
"32",1979,"NH","New Hampshire",887000,1241,39373,40614
"33",1979,"NJ","New Jersey",7332000,36747,390018,426765
"34",1979,"NM","New Mexico",1241000,7272,64563,71835
"35",1979,"NV","Nevada",702000,5866,56132,61998
"36",1979,"NY","New York",17649000,161906,933234,1095140
"37",1979,"OH","Ohio",10731000,49092,501389,550481
"38",1979,"OK","Oklahoma",2892000,11719,124293,136012
"39",1979,"OR","Oregon",2527000,13781,147264,161045
"40",1979,"PA","Pennsylvania",11731000,39133,370914,410047
"41",1979,"RI","Rhode Island",929000,3485,50114,53599
"42",1979,"SC","South Carolina",2932000,19889,128651,148540
"43",1979,"SD","South Dakota",689000,1096,19297,20393
"44",1979,"TN","Tennessee",4380000,18135,157651,175786
"45",1979,"TX","Texas",13385000,67988,725109,793097
"46",1979,"UT","Utah",1367000,4158,70918,75076
"47",1979,"VA","Virginia",5197000,15642,211014,226656
"48",1979,"VT","Vermont",493000,908,25217,26125
"49",1979,"WA","Washington",3926000,17064,239285,256349
"50",1979,"WI","Wisconsin",4720000,7839,199273,207112
"51",1979,"WV","West Virginia",1878000,3156,40513,43669
"52",1979,"WY","Wyoming",450000,1579,20129,21708
"53",1980,"US","National",225349264,1344520,12063700,13408220
"54",1980,"AK","Alaska",440142,1919,22930,24849
"55",1980,"AL","Alabama",3861466,17320,173191,190511
"56",1980,"AR","Arkansas",2284037,7656,79390,87046
"57",1980,"AZ","Arizona",2715357,17673,204193,221866
"58",1980,"CA","California",23532680,210290,1633042,1843332
"59",1980,"CO","Colorado",2878407,15215,195872,211087
"60",1980,"CT","Connecticut",3095224,12768,169283,182051
"61",1980,"DC","District of Columbia",635233,12772,50896,63668
"62",1980,"DE","Delaware",594779,2824,37482,40306
"63",1980,"FL","Florida",9567112,94095,709730,803825
"64",1980,"GA","Georgia",5400851,29993,272652,302645
"65",1980,"HI","Hawaii",964680,2889,69291,72180
"66",1980,"IA","Iowa",2907804,5826,132200,138026
"67",1980,"ID","Idaho",943629,2957,42169,45126
"68",1980,"IL","Illinois",11355062,91753,620107,711860
"69",1980,"IN","Indiana",5461103,20633,248619,269252
"70",1980,"KS","Kansas",2354783,9168,117492,126660
"71",1980,"KY","Kentucky",3641479,9711,115328,125039
"72",1980,"LA","Louisiana",4199542,27926,201106,229032
"73",1980,"MA","Massachusetts",5728288,34444,313787,348231
"74",1980,"MD","Maryland",4192211,35735,242214,277949
"75",1980,"ME","Maine",1123670,2173,46904,49077
"76",1980,"MI","Michigan",9228128,59014,557051,616065
"77",1980,"MN","Minnesota",4061235,9250,185668,194918
"78",1980,"MO","Missouri",4901288,27177,239115,266292
"79",1980,"MS","Mississippi",2511491,8588,77234,85822
"80",1980,"MT","Montana",781592,1740,37531,39271
"81",1980,"NC","North Carolina",5843665,26589,244585,271174
"82",1980,"ND","North Dakota",652437,352,18984,19336
"83",1980,"NE","Nebraska",1563921,3512,63818,67330
"84",1980,"NH","New Hampshire",919114,1653,41358,43011
"85",1980,"NJ","New Jersey",7342164,44373,425623,469996
"86",1980,"NM","New Mexico",1295474,7967,69490,77457
"87",1980,"NV","Nevada",800312,7304,63556,70860
"88",1980,"NY","New York",17506690,180235,1029749,1209984
"89",1980,"OH","Ohio",10766808,53646,531141,584787
"90",1980,"OK","Oklahoma",3001252,12589,139061,151650
"91",1980,"OR","Oregon",2610477,12802,161759,174561
"92",1980,"PA","Pennsylvania",11824220,43032,398761,441793
"93",1980,"RI","Rhode Island",945835,3864,52249,56113
"94",1980,"SC","South Carolina",3064557,20225,146461,166686
"95",1980,"SD","South Dakota",688217,873,21447,22320
"96",1980,"TN","Tennessee",4545590,20824,183632,204456
"97",1980,"TX","Texas",14169829,77978,792480,870458
"98",1980,"UT","Utah",1458729,4425,81357,85782
"99",1980,"VA","Virginia",5323412,16355,229587,245942
"100",1980,"VT","Vermont",511299,914,24592,25506
"101",1980,"WA","Washington",4113331,19098,265338,284436
"102",1980,"WI","Wisconsin",4680917,8546,216073,224619
"103",1980,"WV","West Virginia",1930787,3547,45719,49266
"104",1980,"WY","Wyoming",468954,1841,21543,23384
"105",1981,"US","National",229465714,1361820,12061900,13423720
"106",1981,"AK","Alaska",412000,2537,24634,27171
"107",1981,"AL","Alabama",3916000,18423,173411,191834
"108",1981,"AR","Arkansas",2294000,7119,79972,87091
"109",1981,"AZ","Arizona",2793000,16082,196575,212657
"110",1981,"CA","California",24159000,208485,1625302,1833787
"111",1981,"CO","Colorado",2963000,15755,202119,217874
"112",1981,"CT","Connecticut",3132000,14033,168790,182823
"113",1981,"DC","District of Columbia",636000,14468,53442,67910
"114",1981,"DE","Delaware",598000,3044,36958,40002
"115",1981,"FL","Florida",10166000,98109,718470,816579
"116",1981,"GA","Georgia",5569000,30527,282926,313453
"117",1981,"HI","Hawaii",979000,2424,61636,64060
"118",1981,"IA","Iowa",2897000,5915,130723,136638
"119",1981,"ID","Idaho",959000,2717,40733,43450
"120",1981,"IL","Illinois",11455000,90781,609767,700548
"121",1981,"IN","Indiana",5466000,18672,229472,248144
"122",1981,"KS","Kansas",2381000,8796,119880,128676
"123",1981,"KY","Kentucky",3661000,10599,118690,129289
"124",1981,"LA","Louisiana",4305000,27478,199295,226773
"125",1981,"MA","Massachusetts",5770000,36273,300428,336701
"126",1981,"MD","Maryland",4261000,37800,241625,279425
"127",1981,"ME","Maine",1132000,2214,45820,48034
"128",1981,"MI","Michigan",9201000,59058,571582,630640
"129",1981,"MN","Minnesota",4090000,9344,184387,193731
"130",1981,"MO","Missouri",4938000,26675,237575,264250
"131",1981,"MS","Mississippi",2530000,7706,81789,89495
"132",1981,"MT","Montana",792000,2004,37746,39750
"133",1981,"NC","North Carolina",5951000,25986,243012,268998
"134",1981,"ND","North Dakota",658000,444,19237,19681
"135",1981,"NE","Nebraska",1576000,2861,62977,65838
"136",1981,"NH","New Hampshire",935000,1375,39034,40409
"137",1981,"NJ","New Jersey",7401000,46674,410693,457367
"138",1981,"NM","New Mexico",1327000,8913,73369,82282
"139",1981,"NV","Nevada",845000,7575,65027,72602
"140",1981,"NY","New York",17594000,188178,1026757,1214935
"141",1981,"OH","Ohio",10776000,53509,533498,587007
"142",1981,"OK","Oklahoma",3098000,13223,136637,149860
"143",1981,"OR","Oregon",2647000,12671,173596,186267
"144",1981,"PA","Pennsylvania",11864000,44104,392872,436976
"145",1981,"RI","Rhode Island",952000,4205,51504,55709
"146",1981,"SC","South Carolina",3166000,20275,148127,168402
"147",1981,"SD","South Dakota",685000,718,19922,20640
"148",1981,"TN","Tennessee",4610000,19019,179737,198756
"149",1981,"TX","Texas",14755000,78560,814163,892723
"150",1981,"UT","Utah",1516000,4527,82643,87170
"151",1981,"VA","Virginia",5426000,17456,235984,253440
"152",1981,"VT","Vermont",515000,659,25404,26063
"153",1981,"WA","Washington",4212000,18839,265135,283974
"154",1981,"WI","Wisconsin",4739000,8904,216997,225901
"155",1981,"WV","West Virginia",1951000,3410,47681,51091
"156",1981,"WY","Wyoming",492000,2116,23133,25249
"157",1982,"US","National",231664458,1322390,11652000,12974390
"158",1982,"AK","Alaska",438000,2732,24479,27211
"159",1982,"AL","Alabama",3943000,17653,165048,182701
"160",1982,"AR","Arkansas",2291000,7438,81259,88697
"161",1982,"AZ","Arizona",2860000,14785,189161,203946
"162",1982,"CA","California",24724000,201429,1599827,1801256
"163",1982,"CO","Colorado",3045000,15354,200230,215584
"164",1982,"CT","Connecticut",3153000,12597,158532,171129
"165",1982,"DC","District of Columbia",631000,13397,52295,65692
"166",1982,"DE","Delaware",602000,3370,35067,38437
"167",1982,"FL","Florida",10416000,93411,684166,777577
"168",1982,"GA","Georgia",5639000,26963,267097,294060
"169",1982,"HI","Hawaii",994000,2542,62906,65448
"170",1982,"IA","Iowa",2905000,5018,115148,120166
"171",1982,"ID","Idaho",965000,2501,36902,39403
"172",1982,"IL","Illinois",11448000,88644,579954,668598
"173",1982,"IN","Indiana",5471000,16444,225894,242338
"174",1982,"KS","Kansas",2408000,8088,111156,119244
"175",1982,"KY","Kentucky",3667000,11550,119304,130854
"176",1982,"LA","Louisiana",4362000,29185,202489,231674
"177",1982,"MA","Massachusetts",5781000,33031,285140,318171
"178",1982,"MD","Maryland",4265000,36254,220174,256428
"179",1982,"ME","Maine",1133000,1847,41884,43731
"180",1982,"MI","Michigan",9109000,59806,558195,618001
"181",1982,"MN","Minnesota",4133000,9062,175048,184110
"182",1982,"MO","Missouri",4951000,25078,219888,244966
"183",1982,"MS","Mississippi",2551000,7515,83622,91137
"184",1982,"MT","Montana",801000,1801,32908,34709
"185",1982,"NC","North Carolina",6019000,26865,246593,273458
"186",1982,"ND","North Dakota",670000,414,17328,17742
"187",1982,"NE","Nebraska",1586000,3641,59019,62660
"188",1982,"NH","New Hampshire",951000,1187,35229,36416
"189",1982,"NJ","New Jersey",7438000,45175,377016,422191
"190",1982,"NM","New Mexico",1359000,9982,79816,89798
"191",1982,"NV","Nevada",881000,7096,62512,69608
"192",1982,"NY","New York",17659000,174833,967369,1142202
"193",1982,"OH","Ohio",10791000,47126,485468,532594
"194",1982,"OK","Oklahoma",3177000,14103,151814,165917
"195",1982,"OR","Oregon",2649000,12529,161444,173973
"196",1982,"PA","Pennsylvania",11865000,42767,366903,409670
"197",1982,"RI","Rhode Island",958000,3849,47539,51388
"198",1982,"SC","South Carolina",3203000,23061,148657,171718
"199",1982,"SD","South Dakota",691000,684,17592,18276
"200",1982,"TN","Tennessee",4651000,19586,185692,205278
"201",1982,"TX","Texas",15280000,88178,874799,962977
"202",1982,"UT","Utah",1554000,4440,78451,82891
"203",1982,"VA","Virginia",5491000,16970,216713,233683
"204",1982,"VT","Vermont",516000,655,23555,24210
"205",1982,"WA","Washington",4245000,17251,249429,266680
"206",1982,"WI","Wisconsin",4765000,9077,202447,211524
"207",1982,"WV","West Virginia",1948000,3405,45514,48919
"208",1982,"WY","Wyoming",502000,1527,22589,24116
"209",1983,"US","National",233791994,1258087,10850543,12108630
"210",1983,"AK","Alaska",479000,2940,25889,28829
"211",1983,"AL","Alabama",3959000,16471,145890,162361
"212",1983,"AR","Arkansas",2328000,6930,74563,81493
"213",1983,"AZ","Arizona",2963000,14642,174740,189382
"214",1983,"CA","California",25174000,194491,1486487,1680978
"215",1983,"CO","Colorado",3139000,14955,193070,208025
"216",1983,"CT","Connecticut",3138000,11767,144437,156204
"217",1983,"DC","District of Columbia",623000,11933,45843,57776
"218",1983,"DE","Delaware",606000,2746,30378,33124
"219",1983,"FL","Florida",10680000,88292,635934,724226
"220",1983,"GA","Georgia",5732000,26179,232062,258241
"221",1983,"HI","Hawaii",1023000,2579,56853,59432
"222",1983,"IA","Iowa",2905000,5262,108587,113849
"223",1983,"ID","Idaho",989000,2361,35872,38233
"224",1983,"IL","Illinois",11486000,83629,552857,636486
"225",1983,"IN","Indiana",5479000,15547,210725,226272
"226",1983,"KS","Kansas",2425000,7919,101928,109847
"227",1983,"KY","Kentucky",3714000,11967,115602,127569
"228",1983,"LA","Louisiana",4438000,28444,194636,223080
"229",1983,"MA","Massachusetts",5767000,33264,255707,288971
"230",1983,"MD","Maryland",4304000,34736,195828,230564
"231",1983,"ME","Maine",1146000,1829,40357,42186
"232",1983,"MI","Michigan",9069000,64993,522450,587443
"233",1983,"MN","Minnesota",4144000,7909,159268,167177
"234",1983,"MO","Missouri",4970000,23718,201418,225136
"235",1983,"MS","Mississippi",2587000,7255,75740,82995
"236",1983,"MT","Montana",817000,1737,36208,37945
"237",1983,"NC","North Carolina",6082000,24911,229540,254451
"238",1983,"ND","North Dakota",680000,365,17828,18193
"239",1983,"NE","Nebraska",1597000,3477,57012,60489
"240",1983,"NH","New Hampshire",959000,1200,30987,32187
"241",1983,"NJ","New Jersey",7468000,41304,344296,385600
"242",1983,"NM","New Mexico",1399000,9608,79175,88783
"243",1983,"NV","Nevada",891000,5838,53871,59709
"244",1983,"NY","New York",17667000,161489,881322,1042811
"245",1983,"OH","Ohio",10746000,42759,441362,484121
"246",1983,"OK","Oklahoma",3298000,13964,148599,162563
"247",1983,"OR","Oregon",2662000,12986,153412,166398
"248",1983,"PA","Pennsylvania",11895000,40782,339321,380103
"249",1983,"RI","Rhode Island",955000,3392,44410,47802
"250",1983,"SC","South Carolina",3264000,20133,135590,155723
"251",1983,"SD","South Dakota",7e+05,840,16993,17833
"252",1983,"TN","Tennessee",4685000,18836,169110,187946
"253",1983,"TX","Texas",15724000,80546,848312,928858
"254",1983,"UT","Utah",1619000,4144,78715,82859
"255",1983,"VA","Virginia",5550000,16236,203632,219868
"256",1983,"VT","Vermont",525000,696,21001,21697
"257",1983,"WA","Washington",4300000,15986,245357,261343
"258",1983,"WI","Wisconsin",4751000,9070,193118,202188
"259",1983,"WV","West Virginia",1965000,3375,44158,47533
"260",1983,"WY","Wyoming",514000,1219,19412,20631
"261",1984,"US","National",235824902,1273282,10608473,11881755
"262",1984,"AK","Alaska",5e+05,3108,27468,30576
"263",1984,"AL","Alabama",3990000,17204,138487,155691
"264",1984,"AR","Arkansas",2349000,7549,71554,79103
"265",1984,"AZ","Arizona",3053000,15756,182670,198426
"266",1984,"CA","California",25622000,195589,1461731,1657320
"267",1984,"CO","Colorado",3178000,14548,191104,205652
"268",1984,"CT","Connecticut",3154000,12422,133573,145995
"269",1984,"DC","District of Columbia",623000,10725,42799,53524
"270",1984,"DE","Delaware",613000,2671,28021,30692
"271",1984,"FL","Florida",10976000,95270,653429,748699
"272",1984,"GA","Georgia",5837000,27935,234621,262556
"273",1984,"HI","Hawaii",1039000,2409,54573,56982
"274",1984,"IA","Iowa",2910000,5781,104785,110566
"275",1984,"ID","Idaho",1001000,2355,34398,36753
"276",1984,"IL","Illinois",11511000,83441,527124,610565
"277",1984,"IN","Indiana",5498000,16781,199258,216039
"278",1984,"KS","Kansas",2438000,8147,97646,105793
"279",1984,"KY","Kentucky",3723000,10342,99803,110145
"280",1984,"LA","Louisiana",4462000,30251,197778,228029
"281",1984,"MA","Massachusetts",5798000,30362,235675,266037
"282",1984,"MD","Maryland",4349000,34455,192325,226780
"283",1984,"ME","Maine",1156000,1832,38944,40776
"284",1984,"MI","Michigan",9075000,68979,525979,594958
"285",1984,"MN","Minnesota",4162000,8802,151082,159884
"286",1984,"MO","Missouri",5008000,23071,192123,215194
"287",1984,"MS","Mississippi",2598000,7326,72169,79495
"288",1984,"MT","Montana",824000,1958,36380,38338
"289",1984,"NC","North Carolina",6165000,24885,224437,249322
"290",1984,"ND","North Dakota",686000,368,17354,17722
"291",1984,"NE","Nebraska",1606000,3627,52526,56153
"292",1984,"NH","New Hampshire",977000,1308,29347,30655
"293",1984,"NJ","New Jersey",7515000,39659,325231,364890
"294",1984,"NM","New Mexico",1424000,9798,79108,88906
"295",1984,"NV","Nevada",911000,5726,54045,59771
"296",1984,"NY","New York",17735000,162157,826969,989126
"297",1984,"OH","Ohio",10752000,41430,418011,459441
"298",1984,"OK","Oklahoma",3298000,13438,147917,161355
"299",1984,"OR","Oregon",2674000,13533,153423,166956
"300",1984,"PA","Pennsylvania",11901000,38154,325960,364114
"301",1984,"RI","Rhode Island",962000,3220,42706,45926
"302",1984,"SC","South Carolina",3300000,20607,133270,153877
"303",1984,"SD","South Dakota",706000,1041,17403,18444
"304",1984,"TN","Tennessee",4717000,21010,162462,183472
"305",1984,"TX","Texas",15989000,80737,883391,964128
"306",1984,"UT","Utah",1652000,4035,74703,78738
"307",1984,"VA","Virginia",5636000,16660,196581,213241
"308",1984,"VT","Vermont",530000,769,20261,21030
"309",1984,"WA","Washington",4349000,17676,247687,265363
"310",1984,"WI","Wisconsin",4766000,9367,189484,198851
"311",1984,"WV","West Virginia",1952000,3283,42313,45596
"312",1984,"WY","Wyoming",511000,1237,17582,18819
"313",1985,"US","National",237923795,1327767,11102590,12430357
"314",1985,"AK","Alaska",521000,3031,27588,30619
"315",1985,"AL","Alabama",4021000,18398,140115,158513
"316",1985,"AR","Arkansas",2359000,8199,76372,84571
"317",1985,"AZ","Arizona",3187000,19202,207591,226793
"318",1985,"CA","California",26365000,201763,1516710,1718473
"319",1985,"CO","Colorado",3231000,15219,208336,223555
"320",1985,"CT","Connecticut",3174000,12758,136572,149330
"321",1985,"DC","District of Columbia",626000,10171,39904,50075
"322",1985,"DE","Delaware",622000,2695,28164,30859
"323",1985,"FL","Florida",11366000,106971,753918,860889
"324",1985,"GA","Georgia",5976000,30311,275070,305381
"325",1985,"HI","Hawaii",1054000,2313,52501,54814
"326",1985,"IA","Iowa",2884000,6106,107607,113713
"327",1985,"ID","Idaho",1005000,2360,36916,39276
"328",1985,"IL","Illinois",11535000,82448,530205,612653
"329",1985,"IN","Indiana",5499000,17014,198220,215234
"330",1985,"KS","Kansas",2450000,8716,98474,107190
"331",1985,"KY","Kentucky",3726000,11384,98428,109812
"332",1985,"LA","Louisiana",4481000,31108,218195,249303
"333",1985,"MA","Massachusetts",5822000,31334,245665,276999
"334",1985,"MD","Maryland",4392000,36655,199318,235973
"335",1985,"ME","Maine",1164000,1950,40789,42739
"336",1985,"MI","Michigan",9088000,66714,511852,578566
"337",1985,"MN","Minnesota",4193000,10751,162597,173348
"338",1985,"MO","Missouri",5029000,25321,194247,219568
"339",1985,"MS","Mississippi",2613000,7079,78254,85333
"340",1985,"MT","Montana",826000,1722,35855,37577
"341",1985,"NC","North Carolina",6255000,26327,231465,257792
"342",1985,"ND","North Dakota",685000,322,18032,18354
"343",1985,"NE","Nebraska",1606000,3821,55514,59335
"344",1985,"NH","New Hampshire",998000,1405,31049,32454
"345",1985,"NJ","New Jersey",7562000,41172,344067,385239
"346",1985,"NM","New Mexico",1450000,10207,83843,94050
"347",1985,"NV","Nevada",936000,6244,55294,61538
"348",1985,"NY","New York",17783000,165365,828446,993811
"349",1985,"OH","Ohio",10744000,41000,408882,449882
"350",1985,"OK","Oklahoma",3301000,13930,165150,179080
"351",1985,"OR","Oregon",2687000,14807,166023,180830
"352",1985,"PA","Pennsylvania",11853000,39240,320788,360028
"353",1985,"RI","Rhode Island",968000,3355,42368,45723
"354",1985,"SC","South Carolina",3347000,21121,140892,162013
"355",1985,"SD","South Dakota",708000,967,17730,18697
"356",1985,"TN","Tennessee",4762000,22592,175827,198419
"357",1985,"TX","Texas",16370000,90030,985265,1075295
"358",1985,"UT","Utah",1645000,4398,83072,87470
"359",1985,"VA","Virginia",5706000,16813,198821,215634
"360",1985,"VT","Vermont",535000,790,20011,20801
"361",1985,"WA","Washington",4409000,18757,269099,287856
"362",1985,"WI","Wisconsin",4775000,9880,181918,191798
"363",1985,"WV","West Virginia",1936000,3214,40401,43615
"364",1985,"WY","Wyoming",509000,1307,19130,20437
"365",1986,"US","National",240132887,1489169,11722700,13211869
"366",1986,"AK","Alaska",534000,3046,30307,33353
"367",1986,"AL","Alabama",4053000,22616,151191,173807
"368",1986,"AR","Arkansas",2372000,9365,83729,93094
"369",1986,"AZ","Arizona",3317000,21835,221015,242850
"370",1986,"CA","California",26981000,248370,1576299,1824669
"371",1986,"CO","Colorado",3267000,17105,212626,229731
"372",1986,"CT","Connecticut",3189000,13578,140411,153989
"373",1986,"DC","District of Columbia",626000,9423,42781,52204
"374",1986,"DE","Delaware",633000,2703,27881,30584
"375",1986,"FL","Florida",11675000,121013,839651,960664
"376",1986,"GA","Georgia",6104000,35869,297130,332999
"377",1986,"HI","Hawaii",1062000,2604,57626,60230
"378",1986,"IA","Iowa",2851000,6703,111633,118336
"379",1986,"ID","Idaho",1003000,2232,39964,42196
"380",1986,"IL","Illinois",11533000,93454,548311,641765
"381",1986,"IN","Indiana",5504000,16937,195233,212170
"382",1986,"KS","Kansas",2461000,9076,109607,118683
"383",1986,"KY","Kentucky",3728000,12467,102810,115277
"384",1986,"LA","Louisiana",4501000,34128,239444,273572
"385",1986,"MA","Massachusetts",5832000,32476,242989,275465
"386",1986,"MD","Maryland",4463000,37177,212831,250008
"387",1986,"ME","Maine",1174000,1726,38909,40635
"388",1986,"MI","Michigan",9145000,73517,520127,593644
"389",1986,"MN","Minnesota",4214000,11991,171832,183823
"390",1986,"MO","Missouri",5066000,29310,206463,235773
"391",1986,"MS","Mississippi",2625000,7196,80612,87808
"392",1986,"MT","Montana",819000,1289,35393,36682
"393",1986,"NC","North Carolina",6331000,30128,244121,274249
"394",1986,"ND","North Dakota",679000,348,17343,17691
"395",1986,"NE","Nebraska",1598000,4196,57418,61614
"396",1986,"NH","New Hampshire",1027000,1433,32767,34200
"397",1986,"NJ","New Jersey",7620000,43623,355764,399387
"398",1986,"NM","New Mexico",1479000,10731,87266,97997
"399",1986,"NV","Nevada",963000,6923,53647,60570
"400",1986,"NY","New York",17772000,175210,849827,1025037
"401",1986,"OH","Ohio",10752000,45260,423387,468647
"402",1986,"OK","Oklahoma",3305000,14423,184342,198765
"403",1986,"OR","Oregon",2698000,14830,176207,191037
"404",1986,"PA","Pennsylvania",11889000,42629,326149,368778
"405",1986,"RI","Rhode Island",975000,3271,44528,47799
"406",1986,"SC","South Carolina",3378000,22789,150752,173541
"407",1986,"SD","South Dakota",708000,883,18346,19229
"408",1986,"TN","Tennessee",4803000,25919,191861,217780
"409",1986,"TX","Texas",16682000,109925,1125897,1235822
"410",1986,"UT","Utah",1665000,4441,86774,91215
"411",1986,"VA","Virginia",5787000,17708,205658,223366
"412",1986,"VT","Vermont",541000,807,20708,21515
"413",1986,"WA","Washington",4463000,19505,287535,307040
"414",1986,"WI","Wisconsin",4785000,12339,183692,196031
"415",1986,"WV","West Virginia",1919000,3156,41301,44457
"416",1986,"WY","Wyoming",507000,1486,20605,22091
"417",1987,"US","National",242288918,1483999,12024709,13508708
"418",1987,"AK","Alaska",525000,2391,25841,28232
"419",1987,"AL","Alabama",4083000,22833,158918,181751
"420",1987,"AR","Arkansas",2388000,9839,91537,101376
"421",1987,"AZ","Arizona",3386000,20742,222663,243405
"422",1987,"CA","California",27663000,253943,1545928,1799871
"423",1987,"CO","Colorado",3296000,15409,197225,212634
"424",1987,"CT","Connecticut",3211000,13455,146958,160413
"425",1987,"DC","District of Columbia",622000,10016,42553,52569
"426",1987,"DE","Delaware",644000,2774,29032,31806
"427",1987,"FL","Florida",12023000,123168,899167,1022335
"428",1987,"GA","Georgia",6222000,35868,324511,360379
"429",1987,"HI","Hawaii",1083000,2851,60157,63008
"430",1987,"IA","Iowa",2834000,6553,110781,117334
"431",1987,"ID","Idaho",998000,2138,39342,41480
"432",1987,"IL","Illinois",11582000,92216,535126,627342
"433",1987,"IN","Indiana",5531000,18169,209695,227864
"434",1987,"KS","Kansas",2476000,8932,112488,121420
"435",1987,"KY","Kentucky",3727000,12589,109284,121873
"436",1987,"LA","Louisiana",4461000,30916,231090,262006
"437",1987,"MA","Massachusetts",5855000,33060,244105,277165
"438",1987,"MD","Maryland",4535000,34820,213589,248409
"439",1987,"ME","Maine",1187000,1806,40122,41928
"440",1987,"MI","Michigan",9200000,71772,522254,594026
"441",1987,"MN","Minnesota",4246000,12118,183868,195986
"442",1987,"MO","Missouri",5103000,27792,212430,240222
"443",1987,"MS","Mississippi",2625000,7081,83182,90263
"444",1987,"MT","Montana",809000,1223,35986,37209
"445",1987,"NC","North Carolina",6413000,31039,267157,298196
"446",1987,"ND","North Dakota",672000,382,18656,19038
"447",1987,"NE","Nebraska",1594000,4004,61853,65857
"448",1987,"NH","New Hampshire",1057000,1581,34058,35639
"449",1987,"NJ","New Jersey",7672000,41507,362155,403662
"450",1987,"NM","New Mexico",1500000,9427,88775,98202
"451",1987,"NV","Nevada",1007000,7006,57154,64160
"452",1987,"NY","New York",17825000,179691,881330,1061021
"453",1987,"OH","Ohio",10784000,45436,447964,493400
"454",1987,"OK","Oklahoma",3272000,13664,183495,197159
"455",1987,"OR","Oregon",2724000,14697,175138,189835
"456",1987,"PA","Pennsylvania",11936000,44087,333476,377563
"457",1987,"RI","Rhode Island",986000,3547,48568,52115
"458",1987,"SC","South Carolina",3425000,22773,154021,176794
"459",1987,"SD","South Dakota",709000,849,18138,18987
"460",1987,"TN","Tennessee",4855000,25900,200616,226516
"461",1987,"TX","Texas",16789000,105961,1190558,1296519
"462",1987,"UT","Utah",1680000,3861,90532,94393
"463",1987,"VA","Virginia",5904000,17414,216354,233768
"464",1987,"VT","Vermont",548000,748,22658,23406
"465",1987,"WA","Washington",4538000,19945,298491,318436
"466",1987,"WI","Wisconsin",4807000,12014,188411,200425
"467",1987,"WV","West Virginia",1897000,2605,38953,41558
"468",1987,"WY","Wyoming",490000,1387,18366,19753
"469",1988,"US","National",244498982,1566221,12356865,13923086
"470",1988,"AK","Alaska",513000,2682,22566,25248
"471",1988,"AL","Alabama",4127000,23052,165209,188261
"472",1988,"AR","Arkansas",2422000,10237,91962,102199
"473",1988,"AZ","Arizona",3466000,21147,237808,258955
"474",1988,"CA","California",28168000,261912,1607180,1869092
"475",1988,"CO","Colorado",3290000,15548,187719,203267
"476",1988,"CT","Connecticut",3241000,14759,150455,165214
"477",1988,"DC","District of Columbia",620000,11914,49557,61471
"478",1988,"DE","Delaware",660000,2981,28693,31674
"479",1988,"FL","Florida",12377000,138343,967869,1106212
"480",1988,"GA","Georgia",6401000,42589,362376,404965
"481",1988,"HI","Hawaii",1093000,2810,62650,65460
"482",1988,"IA","Iowa",2834000,7279,108254,115533
"483",1988,"ID","Idaho",999000,2345,37345,39690
"484",1988,"IL","Illinois",11544000,93557,555316,648873
"485",1988,"IN","Indiana",5575000,21187,210177,231364
"486",1988,"KS","Kansas",2487000,9083,112280,121363
"487",1988,"KY","Kentucky",3721000,12284,104362,116646
"488",1988,"LA","Louisiana",4420000,31711,222913,254624
"489",1988,"MA","Massachusetts",5871000,36376,256639,293015
"490",1988,"MD","Maryland",4644000,37466,227457,264923
"491",1988,"ME","Maine",1206000,1898,41249,43147
"492",1988,"MI","Michigan",9300000,68980,496867,565847
"493",1988,"MN","Minnesota",4306000,12490,173302,185792
"494",1988,"MO","Missouri",5139000,28393,220578,248971
"495",1988,"MS","Mississippi",2627000,8544,85840,94384
"496",1988,"MT","Montana",804000,989,33318,34307
"497",1988,"NC","North Carolina",6526000,32753,284557,317310
"498",1988,"ND","North Dakota",663000,392,17695,18087
"499",1988,"NE","Nebraska",1601000,4374,61908,66282
"500",1988,"NH","New Hampshire",1097000,1622,34951,36573
"501",1988,"NJ","New Jersey",7720000,44993,363807,408800
"502",1988,"NM","New Mexico",1510000,9938,89817,99755
"503",1988,"NV","Nevada",1060000,8275,60128,68403
"504",1988,"NY","New York",17898000,196396,932845,1129241
"505",1988,"OH","Ohio",10872000,49144,455890,505034
"506",1988,"OK","Oklahoma",3263000,14179,168194,182373
"507",1988,"OR","Oregon",2741000,14959,178520,193479
"508",1988,"PA","Pennsylvania",12027000,43534,338486,382020
"509",1988,"RI","Rhode Island",995000,3947,47837,51784
"510",1988,"SC","South Carolina",3493000,25889,163164,189053
"511",1988,"SD","South Dakota",715000,813,17641,18454
"512",1988,"TN","Tennessee",4919000,26205,193647,219852
"513",1988,"TX","Texas",16780000,109499,1235870,1345369
"514",1988,"UT","Utah",1691000,4110,90223,94333
"515",1988,"VA","Virginia",5996000,17940,232496,250436
"516",1988,"VT","Vermont",556000,791,22786,23577
"517",1988,"WA","Washington",4619000,21543,307008,328551
"518",1988,"WI","Wisconsin",4858000,10414,182545,192959
"519",1988,"WV","West Virginia",1884000,2476,39703,42179
"520",1988,"WY","Wyoming",471000,1479,17206,18685
"521",1989,"US","National",246819230,1646037,12605412,14251449
"522",1989,"AK","Alaska",527000,2623,22567,25190
"523",1989,"AL","Alabama",4118000,24329,166244,190573
"524",1989,"AR","Arkansas",2406000,11397,98213,109610
"525",1989,"AZ","Arizona",3556000,21320,265284,286604
"526",1989,"CA","California",29063000,284136,1681516,1965652
"527",1989,"CO","Colorado",3317000,15636,184692,200328
"528",1989,"CT","Connecticut",3239000,16576,154119,170695
"529",1989,"DC","District of Columbia",604000,12937,49235,62172
"530",1989,"DE","Delaware",673000,3745,28998,32743
"531",1989,"FL","Florida",12671000,140575,975042,1115617
"532",1989,"GA","Georgia",6436000,47357,407868,455225
"533",1989,"HI","Hawaii",1112000,3004,66723,69727
"534",1989,"IA","Iowa",2840000,7563,108349,115912
"535",1989,"ID","Idaho",1014000,2582,37278,39860
"536",1989,"IL","Illinois",11658000,98611,558803,657414
"537",1989,"IN","Indiana",5593000,22735,225592,248327
"538",1989,"KS","Kansas",2513000,10073,115146,125219
"539",1989,"KY","Kentucky",3727000,13302,110328,123630
"540",1989,"LA","Louisiana",4382000,34257,239235,273492
"541",1989,"MA","Massachusetts",5913000,39912,263780,303692
"542",1989,"MD","Maryland",4694000,40152,220955,261107
"543",1989,"ME","Maine",1222000,1676,42116,43792
"544",1989,"MI","Michigan",9273000,65760,487682,553442
"545",1989,"MN","Minnesota",4353000,12549,178252,190801
"546",1989,"MO","Missouri",5159000,32634,231874,264508
"547",1989,"MS","Mississippi",2621000,8156,83980,92136
"548",1989,"MT","Montana",806000,935,31285,32220
"549",1989,"NC","North Carolina",6571000,35902,309323,345225
"550",1989,"ND","North Dakota",660000,417,16485,16902
"551",1989,"NE","Nebraska",1611000,4503,61413,65916
"552",1989,"NH","New Hampshire",1107000,1865,37945,39810
"553",1989,"NJ","New Jersey",7736000,47111,360532,407643
"554",1989,"NM","New Mexico",1528000,10755,89693,100448
"555",1989,"NV","Nevada",1111000,6947,62732,69679
"556",1989,"NY","New York",17950000,203042,926596,1129638
"557",1989,"OH","Ohio",10907000,51109,465143,516252
"558",1989,"OK","Oklahoma",3224000,15847,161558,177405
"559",1989,"OR","Oregon",2820000,14625,159119,173744
"560",1989,"PA","Pennsylvania",12040000,45586,359008,404594
"561",1989,"RI","Rhode Island",998000,3772,48372,52144
"562",1989,"SC","South Carolina",3512000,28576,168772,197348
"563",1989,"SD","South Dakota",715000,969,18230,19199
"564",1989,"TN","Tennessee",4940000,27118,195854,222972
"565",1989,"TX","Texas",16991000,111889,1234977,1346866
"566",1989,"UT","Utah",1707000,4417,92577,96994
"567",1989,"VA","Virginia",6098000,19057,237757,256814
"568",1989,"VT","Vermont",567000,753,22429,23182
"569",1989,"WA","Washington",4761000,22460,291472,313932
"570",1989,"WI","Wisconsin",4867000,10834,191869,202703
"571",1989,"WV","West Virginia",1857000,2724,41154,43878
"572",1989,"WY","Wyoming",475000,1227,17246,18473
"573",1990,"US","National",249464396,1820127,12655486,14475613
"574",1990,"AK","Alaska",550043,2885,25457,28342
"575",1990,"AL","Alabama",4040587,28630,169974,198604
"576",1990,"AR","Arkansas",2350725,12511,101897,114408
"577",1990,"AZ","Arizona",3665228,23911,265229,289140
"578",1990,"CA","California",29760021,311051,1654186,1965237
"579",1990,"CO","Colorado",3294394,17328,182106,199434
"580",1990,"CT","Connecticut",3287116,18201,158867,177068
"581",1990,"DC","District of Columbia",606900,14919,50470,65389
"582",1990,"DE","Delaware",666168,4365,31344,35709
"583",1990,"FL","Florida",12937926,160990,978944,1139934
"584",1990,"GA","Georgia",6478216,48996,389165,438161
"585",1990,"HI","Hawaii",1108229,3113,64563,67676
"586",1990,"IA","Iowa",2776755,8321,105550,113871
"587",1990,"ID","Idaho",1006749,2776,38069,40845
"588",1990,"IL","Illinois",11430602,110575,567841,678416
"589",1990,"IN","Indiana",5544159,26275,233376,259651
"590",1990,"KS","Kansas",2477574,11093,117571,128664
"591",1990,"KY","Kentucky",3685296,14386,107208,121594
"592",1990,"LA","Louisiana",4219973,37914,235822,273736
"593",1990,"MA","Massachusetts",6016425,44300,274442,318742
"594",1990,"MD","Maryland",4781468,43940,234842,278782
"595",1990,"ME","Maine",1227928,1759,43647,45406
"596",1990,"MI","Michigan",9295297,73468,483764,557232
"597",1990,"MN","Minnesota",4375099,13392,185185,198577
"598",1990,"MO","Missouri",5117073,36602,225422,262024
"599",1990,"MS","Mississippi",2573216,8758,90803,99561
"600",1990,"MT","Montana",799065,1273,34702,35975
"601",1990,"NC","North Carolina",6628637,41332,322306,363638
"602",1990,"ND","North Dakota",638800,472,18196,18668
"603",1990,"NE","Nebraska",1578385,5209,61290,66499
"604",1990,"NH","New Hampshire",1109252,1459,38976,40435
"605",1990,"NJ","New Jersey",7730188,50057,371023,421080
"606",1990,"NM","New Mexico",1515069,11821,89448,101269
"607",1990,"NV","Nevada",1201833,7222,65652,72874
"608",1990,"NY","New York",17990455,212458,932416,1144874
"609",1990,"OH","Ohio",10847115,54904,470469,525373
"610",1990,"OK","Oklahoma",3145585,17222,158889,176111
"611",1990,"OR","Oregon",2842321,14405,146073,160478
"612",1990,"PA","Pennsylvania",11881643,51213,361805,413018
"613",1990,"RI","Rhode Island",1003464,4334,49378,53712
"614",1990,"SC","South Carolina",3486703,34050,176729,210779
"615",1990,"SD","South Dakota",696004,1133,19116,20249
"616",1990,"TN","Tennessee",4877185,32698,213648,246346
"617",1990,"TX","Texas",16986510,129343,1200151,1329494
"618",1990,"UT","Utah",1722850,4892,92620,97512
"619",1990,"VA","Virginia",6187358,21694,253063,274757
"620",1990,"VT","Vermont",562758,716,23713,24429
"621",1990,"WA","Washington",4866692,24410,278440,302850
"622",1990,"WI","Wisconsin",4891769,12948,202052,215000
"623",1990,"WV","West Virginia",1793477,3036,41855,44891
"624",1990,"WY","Wyoming",453588,1367,17732,19099
"625",1991,"US","National",252153092,1911767,12961116,14872883
"626",1991,"AK","Alaska",570000,3499,29000,32499
"627",1991,"AL","Alabama",4089000,34518,184882,219400
"628",1991,"AR","Arkansas",2372000,14072,108677,122749
"629",1991,"AZ","Arizona",3750000,25152,252559,277711
"630",1991,"CA","California",30380000,331122,1726391,2057513
"631",1991,"CO","Colorado",3377000,18887,186235,205122
"632",1991,"CT","Connecticut",3291000,17761,158770,176531
"633",1991,"DC","District of Columbia",598000,14671,49722,64393
"634",1991,"DE","Delaware",680000,4857,35055,39912
"635",1991,"FL","Florida",13277000,157243,977570,1134813
"636",1991,"GA","Georgia",6623000,48894,381165,430059
"637",1991,"HI","Hawaii",1135000,2744,65020,67764
"638",1991,"IA","Iowa",2795000,8477,107069,115546
"639",1991,"ID","Idaho",1039000,3016,40578,43594
"640",1991,"IL","Illinois",11543000,119955,587868,707823
"641",1991,"IN","Indiana",5610000,28349,241930,270279
"642",1991,"KS","Kansas",2495000,12465,125616,138081
"643",1991,"KY","Kentucky",3713000,16262,108430,124692
"644",1991,"LA","Louisiana",4252000,40438,232732,273170
"645",1991,"MA","Massachusetts",5996000,44138,274990,319128
"646",1991,"MD","Maryland",4860000,46469,255299,301768
"647",1991,"ME","Maine",1235000,1631,44900,46531
"648",1991,"MI","Michigan",9368000,75232,499781,575013
"649",1991,"MN","Minnesota",4432000,14006,185268,199274
"650",1991,"MO","Missouri",5158000,39358,239982,279340
"651",1991,"MS","Mississippi",2592000,10085,99317,109402
"652",1991,"MT","Montana",808000,1130,28347,29477
"653",1991,"NC","North Carolina",6737000,44355,352368,396723
"654",1991,"ND","North Dakota",635000,415,17326,17741
"655",1991,"NE","Nebraska",1593000,5330,64031,69361
"656",1991,"NH","New Hampshire",1105000,1318,36780,38098
"657",1991,"NJ","New Jersey",7760000,49257,372212,421469
"658",1991,"NM","New Mexico",1548000,12922,90474,103396
"659",1991,"NV","Nevada",1284000,8693,72183,80876
"660",1991,"NY","New York",18058000,210184,917467,1127651
"661",1991,"OH","Ohio",10939000,61460,489100,550560
"662",1991,"OK","Oklahoma",3175000,18533,161449,179982
"663",1991,"OR","Oregon",2922000,14795,153370,168165
"664",1991,"PA","Pennsylvania",11961000,53824,371814,425638
"665",1991,"RI","Rhode Island",1004000,4638,45957,50595
"666",1991,"SC","South Carolina",3560000,34621,185359,219980
"667",1991,"SD","South Dakota",703000,1281,20366,21647
"668",1991,"TN","Tennessee",4953000,35955,229856,265811
"669",1991,"TX","Texas",17349000,145743,1210784,1356527
"670",1991,"UT","Utah",1770000,5077,94178,99255
"671",1991,"VA","Virginia",6286000,23459,266160,289619
"672",1991,"VT","Vermont",567000,662,21764,22426
"673",1991,"WA","Washington",5018000,26224,290115,316339
"674",1991,"WI","Wisconsin",4955000,13723,207560,221283
"675",1991,"WV","West Virginia",1801000,3440,44528,47968
"676",1991,"WY","Wyoming",460000,1427,18762,20189
"677",1992,"US","National",255029699,1932274,12505917,14438191
"678",1992,"AK","Alaska",587000,3877,28816,32693
"679",1992,"AL","Alabama",4136000,36052,181837,217889
"680",1992,"AR","Arkansas",2399000,13831,100402,114233
"681",1992,"AZ","Arizona",3832000,25706,243629,269335
"682",1992,"CA","California",30867000,345624,1716137,2061761
"683",1992,"CO","Colorado",3470000,20086,186684,206770
"684",1992,"CT","Connecticut",3281000,16252,149535,165787
"685",1992,"DC","District of Columbia",589000,16685,50502,67187
"686",1992,"DE","Delaware",689000,4280,29126,33406
"687",1992,"FL","Florida",13488000,162827,964533,1127360
"688",1992,"GA","Georgia",6751000,49496,382934,432430
"689",1992,"HI","Hawaii",1160000,2998,67901,70899
"690",1992,"IA","Iowa",2812000,7816,103459,111275
"691",1992,"ID","Idaho",1067000,3003,39636,42639
"692",1992,"IL","Illinois",11631000,113664,556900,670564
"693",1992,"IN","Indiana",5662000,28791,236584,265375
"694",1992,"KS","Kansas",2523000,12888,121334,134222
"695",1992,"KY","Kentucky",3755000,20107,104692,124799
"696",1992,"LA","Louisiana",4287000,42209,238438,280647
"697",1992,"MA","Massachusetts",5998000,46727,253344,300071
"698",1992,"MD","Maryland",4908000,49085,256418,305503
"699",1992,"ME","Maine",1235000,1616,41900,43516
"700",1992,"MI","Michigan",9437000,72672,456800,529472
"701",1992,"MN","Minnesota",4480000,15144,190520,205664
"702",1992,"MO","Missouri",5193000,38448,226246,264694
"703",1992,"MS","Mississippi",2614000,10763,101181,111944
"704",1992,"MT","Montana",824000,1400,36472,37872
"705",1992,"NC","North Carolina",6843000,46600,350447,397047
"706",1992,"ND","North Dakota",636000,530,17935,18465
"707",1992,"NE","Nebraska",1606000,5598,63846,69444
"708",1992,"NH","New Hampshire",1111000,1397,32828,34225
"709",1992,"NJ","New Jersey",7789000,48745,345718,394463
"710",1992,"NM","New Mexico",1581000,14781,86942,101723
"711",1992,"NV","Nevada",1327000,9247,73077,82324
"712",1992,"NY","New York",18119000,203311,858178,1061489
"713",1992,"OH","Ohio",11016000,57935,456017,513952
"714",1992,"OK","Oklahoma",3212000,20005,154459,174464
"715",1992,"OR","Oregon",2977000,15189,158100,173289
"716",1992,"PA","Pennsylvania",12009000,51276,356155,407431
"717",1992,"RI","Rhode Island",1005000,3965,42044,46009
"718",1992,"SC","South Carolina",3603000,34029,178298,212327
"719",1992,"SD","South Dakota",711000,1383,19939,21322
"720",1992,"TN","Tennessee",5024000,37487,220534,258021
"721",1992,"TX","Texas",17656000,142369,1103779,1246148
"722",1992,"UT","Utah",1813000,5267,97322,102589
"723",1992,"VA","Virginia",6377000,23907,250211,274118
"724",1992,"VT","Vermont",570000,624,18813,19437
"725",1992,"WA","Washington",5136000,27454,289581,317035
"726",1992,"WI","Wisconsin",5007000,13806,202448,216254
"727",1992,"WV","West Virginia",1812000,3833,43455,47288
"728",1992,"WY","Wyoming",466000,1489,19831,21320
"729",1993,"US","National",257782608,1926017,12218777,14144794
"730",1993,"AK","Alaska",599000,4557,28795,33352
"731",1993,"AL","Alabama",4187000,32676,171598,204274
"732",1993,"AR","Arkansas",2424000,14381,102231,116612
"733",1993,"AZ","Arizona",3936000,28142,264371,292513
"734",1993,"CA","California",31211000,336381,1678884,2015265
"735",1993,"CO","Colorado",3566000,20229,176856,197085
"736",1993,"CT","Connecticut",3277000,14949,137443,152392
"737",1993,"DC","District of Columbia",578000,16888,51091,67979
"738",1993,"DE","Delaware",7e+05,4801,29304,34105
"739",1993,"FL","Florida",13679000,164975,977363,1142338
"740",1993,"GA","Georgia",6917000,50019,378348,428367
"741",1993,"HI","Hawaii",1172000,3061,70505,73566
"742",1993,"IA","Iowa",2814000,9159,99080,108239
"743",1993,"ID","Idaho",1099000,3097,39161,42258
"744",1993,"IL","Illinois",11697000,112260,544869,657129
"745",1993,"IN","Indiana",5713000,27941,227149,255090
"746",1993,"KS","Kansas",2531000,12564,113360,125924
"747",1993,"KY","Kentucky",3789000,17530,105979,123509
"748",1993,"LA","Louisiana",4295000,45600,248461,294061
"749",1993,"MA","Massachusetts",6012000,48393,245831,294224
"750",1993,"MD","Maryland",4965000,49540,253647,303187
"751",1993,"ME","Maine",1239000,1558,37519,39077
"752",1993,"MI","Michigan",9478000,75021,441767,516788
"753",1993,"MN","Minnesota",4517000,15986,183347,199333
"754",1993,"MO","Missouri",5234000,38963,227731,266694
"755",1993,"MS","Mississippi",2643000,11467,105308,116775
"756",1993,"MT","Montana",839000,1489,38699,40188
"757",1993,"NC","North Carolina",6945000,47178,345377,392555
"758",1993,"ND","North Dakota",635000,522,17387,17909
"759",1993,"NE","Nebraska",1607000,6071,62725,68796
"760",1993,"NH","New Hampshire",1125000,1550,31131,32681
"761",1993,"NJ","New Jersey",7879000,49390,328867,378257
"762",1993,"NM","New Mexico",1616000,15024,86236,101260
"763",1993,"NV","Nevada",1389000,12157,73685,85842
"764",1993,"NY","New York",18197000,195352,814824,1010176
"765",1993,"OH","Ohio",11091000,55915,441550,497465
"766",1993,"OK","Oklahoma",3231000,20512,150546,171058
"767",1993,"OR","Oregon",3032000,15254,159558,174812
"768",1993,"PA","Pennsylvania",12048000,50295,343841,394136
"769",1993,"RI","Rhode Island",1e+06,4017,40973,44990
"770",1993,"SC","South Carolina",3643000,37281,177779,215060
"771",1993,"SD","South Dakota",715000,1490,19661,21151
"772",1993,"TN","Tennessee",5099000,39047,228117,267164
"773",1993,"TX","Texas",18031000,137419,1023612,1161031
"774",1993,"UT","Utah",1860000,5599,91816,97415
"775",1993,"VA","Virginia",6491000,24160,242975,267135
"776",1993,"VT","Vermont",576000,658,22223,22881
"777",1993,"WA","Washington",5255000,27040,285753,312793
"778",1993,"WI","Wisconsin",5038000,13321,190923,204244
"779",1993,"WV","West Virginia",1820000,3793,42300,46093
"780",1993,"WY","Wyoming",470000,1345,18221,19566
"781",1994,"US","National",260327021,1857670,12131873,13989543
"782",1994,"AK","Alaska",606000,4644,29947,34591
"783",1994,"AL","Alabama",4219000,28844,178015,206859
"784",1994,"AR","Arkansas",2453000,14598,103115,117713
"785",1994,"AZ","Arizona",4075000,28653,294273,322926
"786",1994,"CA","California",31431000,318395,1622102,1940497
"787",1994,"CO","Colorado",3656000,18632,175808,194440
"788",1994,"CT","Connecticut",3275000,14916,134030,148946
"789",1994,"DC","District of Columbia",570000,15177,48009,63186
"790",1994,"DE","Delaware",706000,4549,29971,34520
"791",1994,"FL","Florida",13953000,160016,991105,1151121
"792",1994,"GA","Georgia",7055000,47103,376926,424029
"793",1994,"HI","Hawaii",1179000,3091,75672,78763
"794",1994,"IA","Iowa",2829000,8914,94475,103389
"795",1994,"ID","Idaho",1133000,3238,42954,46192
"796",1994,"IL","Illinois",11752000,112928,548222,661150
"797",1994,"IN","Indiana",5752000,30205,233975,264180
"798",1994,"KS","Kansas",2554000,11314,112477,123791
"799",1994,"KY","Kentucky",3827000,16991,110725,127716
"800",1994,"LA","Louisiana",4315000,42369,245488,287857
"801",1994,"MA","Massachusetts",6041000,42749,225532,268281
"802",1994,"MD","Maryland",5006000,47457,259039,306496
"803",1994,"ME","Maine",1240000,1611,38971,40582
"804",1994,"MI","Michigan",9496000,72751,444325,517076
"805",1994,"MN","Minnesota",4567000,16397,181856,198253
"806",1994,"MO","Missouri",5278000,39240,240898,280138
"807",1994,"MS","Mississippi",2669000,13177,115924,129101
"808",1994,"MT","Montana",856000,1516,41445,42961
"809",1994,"NC","North Carolina",7070000,46308,351397,397705
"810",1994,"ND","North Dakota",638000,522,16933,17455
"811",1994,"NE","Nebraska",1623000,6322,65746,72068
"812",1994,"NH","New Hampshire",1137000,1328,29837,31165
"813",1994,"NJ","New Jersey",7904000,48544,319856,368400
"814",1994,"NM","New Mexico",1654000,14708,87638,102346
"815",1994,"NV","Nevada",1457000,14597,82693,97290
"816",1994,"NY","New York",18169000,175433,745845,921278
"817",1994,"OH","Ohio",11102000,53930,441380,495310
"818",1994,"OK","Oklahoma",3258000,21225,160250,181475
"819",1994,"OR","Oregon",3086000,16067,178240,194307
"820",1994,"PA","Pennsylvania",12052000,51425,342901,394326
"821",1994,"RI","Rhode Island",997000,3744,37323,41067
"822",1994,"SC","South Carolina",3664000,37756,182114,219870
"823",1994,"SD","South Dakota",721000,1641,20726,22367
"824",1994,"TN","Tennessee",5175000,38705,226247,264952
"825",1994,"TX","Texas",18378000,129838,949387,1079225
"826",1994,"UT","Utah",1908000,5810,95332,101142
"827",1994,"VA","Virginia",6552000,23437,241763,265200
"828",1994,"VT","Vermont",580000,562,18290,18852
"829",1994,"WA","Washington",5343000,27317,294734,322051
"830",1994,"WI","Wisconsin",5082000,13748,186704,200452
"831",1994,"WV","West Virginia",1822000,3931,42136,46067
"832",1994,"WY","Wyoming",476000,1297,19122,20419
"833",1995,"US","National",262803276,1798792,12063935,13862727
"834",1995,"AK","Alaska",604000,4656,30097,34753
"835",1995,"AL","Alabama",4253000,26894,179294,206188
"836",1995,"AR","Arkansas",2484000,13741,102780,116521
"837",1995,"AZ","Arizona",4218000,30095,316355,346450
"838",1995,"CA","California",31589000,305154,1536830,1841984
"839",1995,"CO","Colorado",3747000,16494,185705,202199
"840",1995,"CT","Connecticut",3275000,13293,134188,147481
"841",1995,"DC","District of Columbia",554000,14744,52697,67441
"842",1995,"DE","Delaware",717000,5198,31790,36988
"843",1995,"FL","Florida",14166000,151711,939288,1090999
"844",1995,"GA","Georgia",7201000,47317,385005,432322
"845",1995,"HI","Hawaii",1187000,3509,81938,85447
"846",1995,"IA","Iowa",2842000,10071,106504,116575
"847",1995,"ID","Idaho",1163000,3745,47444,51189
"848",1995,"IL","Illinois",11830000,117836,527572,645408
"849",1995,"IN","Indiana",5803000,30451,238317,268768
"850",1995,"KS","Kansas",2565000,10792,114558,125350
"851",1995,"KY","Kentucky",3860000,14079,115298,129377
"852",1995,"LA","Louisiana",4342000,43741,246132,289873
"853",1995,"MA","Massachusetts",6074000,41739,221971,263710
"854",1995,"MD","Maryland",5042000,49757,267625,317382
"855",1995,"ME","Maine",1241000,1631,39132,40763
"856",1995,"MI","Michigan",9549000,65680,429223,494903
"857",1995,"MN","Minnesota",4610000,16416,190911,207327
"858",1995,"MO","Missouri",5324000,35339,237278,272617
"859",1995,"MS","Mississippi",2697000,13560,108195,121755
"860",1995,"MT","Montana",870000,1491,40246,41737
"861",1995,"NC","North Carolina",7195000,46508,359256,405764
"862",1995,"ND","North Dakota",641000,556,17817,18373
"863",1995,"NE","Nebraska",1637000,6253,68140,74393
"864",1995,"NH","New Hampshire",1148000,1314,29170,30484
"865",1995,"NJ","New Jersey",7945000,47652,326056,373708
"866",1995,"NM","New Mexico",1685000,13804,94508,108312
"867",1995,"NV","Nevada",1530000,14461,86203,100664
"868",1995,"NY","New York",18136000,152683,674342,827025
"869",1995,"OH","Ohio",11151000,53799,437424,491223
"870",1995,"OK","Oklahoma",3278000,21770,161693,183463
"871",1995,"OR","Oregon",3141000,16408,189765,206173
"872",1995,"PA","Pennsylvania",12072000,51586,354623,406209
"873",1995,"RI","Rhode Island",990000,3643,38378,42021
"874",1995,"SC","South Carolina",3673000,36067,186656,222723
"875",1995,"SD","South Dakota",729000,1513,20799,22312
"876",1995,"TN","Tennessee",5256000,40549,241315,281864
"877",1995,"TX","Texas",18724000,124303,940033,1064336
"878",1995,"UT","Utah",1951000,6415,112417,118832
"879",1995,"VA","Virginia",6618000,23921,240084,264005
"880",1995,"VT","Vermont",585000,692,19395,20087
"881",1995,"WA","Washington",5431000,26300,314213,340513
"882",1995,"WI","Wisconsin",5123000,14399,184665,199064
"883",1995,"WV","West Virginia",1828000,3842,41093,44935
"884",1995,"WY","Wyoming",480000,1220,19517,20737
"885",1996,"US","National",265228572,1688540,11805323,13493863
"886",1996,"AK","Alaska",607000,4417,28667,33084
"887",1996,"AL","Alabama",4273000,24159,181803,205962
"888",1996,"AR","Arkansas",2510000,13161,104790,117951
"889",1996,"AZ","Arizona",4428000,27963,284964,312927
"890",1996,"CA","California",31878000,274996,1385135,1660131
"891",1996,"CO","Colorado",3823000,15463,180218,195681
"892",1996,"CT","Connecticut",3274000,13490,124924,138414
"893",1996,"DC","District of Columbia",543000,13411,51188,64599
"894",1996,"DE","Delaware",725000,4845,30643,35488
"895",1996,"FL","Florida",14400000,151350,928273,1079623
"896",1996,"GA","Georgia",7353000,46966,416986,463952
"897",1996,"HI","Hawaii",1184000,3322,74639,77961
"898",1996,"IA","Iowa",2852000,7771,96296,104067
"899",1996,"ID","Idaho",1189000,3177,44532,47709
"900",1996,"IL","Illinois",11847000,105482,524777,630259
"901",1996,"IN","Indiana",5841000,31366,231376,262742
"902",1996,"KS","Kansas",2572000,10642,109772,120414
"903",1996,"KY","Kentucky",3884000,12448,110531,122979
"904",1996,"LA","Louisiana",4351000,40426,257130,297556
"905",1996,"MA","Massachusetts",6092000,39122,194636,233758
"906",1996,"MD","Maryland",5072000,47230,260231,307461
"907",1996,"ME","Maine",1243000,1553,40636,42189
"908",1996,"MI","Michigan",9594000,60951,430020,490971
"909",1996,"MN","Minnesota",4658000,15782,192109,207891
"910",1996,"MO","Missouri",5359000,31669,240781,272450
"911",1996,"MS","Mississippi",2716000,13261,109581,122842
"912",1996,"MT","Montana",879000,1415,38084,39499
"913",1996,"NC","North Carolina",7323000,43068,361616,404684
"914",1996,"ND","North Dakota",644000,541,16648,17189
"915",1996,"NE","Nebraska",1652000,7182,66110,73292
"916",1996,"NH","New Hampshire",1162000,1373,31436,32809
"917",1996,"NJ","New Jersey",7988000,42459,303657,346116
"918",1996,"NM","New Mexico",1713000,14399,98698,113097
"919",1996,"NV","Nevada",1603000,13005,83047,96052
"920",1996,"NY","New York",18185000,132206,619250,751456
"921",1996,"OH","Ohio",11173000,47896,449935,497831
"922",1996,"OK","Oklahoma",3301000,19710,166892,186602
"923",1996,"OR","Oregon",3204000,14837,177295,192132
"924",1996,"PA","Pennsylvania",12056000,57905,370851,428756
"925",1996,"RI","Rhode Island",990000,3437,36099,39536
"926",1996,"SC","South Carolina",3699000,36875,192986,229861
"927",1996,"SD","South Dakota",732000,1297,20443,21740
"928",1996,"TN","Tennessee",5320000,41175,248729,289904
"929",1996,"TX","Texas",19128000,123270,968732,1092002
"930",1996,"UT","Utah",2e+06,6638,113079,119717
"931",1996,"VA","Virginia",6675000,22782,242100,264882
"932",1996,"VT","Vermont",589000,714,16973,17687
"933",1996,"WA","Washington",5533000,23857,303111,326968
"934",1996,"WI","Wisconsin",5160000,13039,184143,197182
"935",1996,"WV","West Virginia",1826000,3836,41510,45346
"936",1996,"WY","Wyoming",481000,1201,19261,20462
"937",1997,"US","National",267783607,1636099,11558975,13195074
"938",1997,"AK","Alaska",609000,4270,27840,32110
"939",1997,"AL","Alabama",4319000,24379,186809,211188
"940",1997,"AR","Arkansas",2523000,13293,105759,119052
"941",1997,"AZ","Arizona",4555000,28411,299323,327734
"942",1997,"CA","California",32268000,257582,1312367,1569949
"943",1997,"CO","Colorado",3893000,14139,166902,181041
"944",1997,"CT","Connecticut",3270000,12781,117505,130286
"945",1997,"DC","District of Columbia",529000,10708,41341,52049
"946",1997,"DE","Delaware",732000,5753,36578,42331
"947",1997,"FL","Florida",14654000,149996,915613,1065609
"948",1997,"GA","Georgia",7486000,45408,388155,433563
"949",1997,"HI","Hawaii",1187000,3299,68193,71492
"950",1997,"IA","Iowa",2852000,8841,99986,108827
"951",1997,"ID","Idaho",1210000,3107,44388,47495
"952",1997,"IL","Illinois",11896000,102476,509113,611589
"953",1997,"IN","Indiana",5864000,30179,231723,261902
"954",1997,"KS","Kansas",2595000,11151,122553,133704
"955",1997,"KY","Kentucky",3908000,12386,109819,122205
"956",1997,"LA","Louisiana",4352000,37248,243423,280671
"957",1997,"MA","Massachusetts",6118000,39411,185437,224848
"958",1997,"MD","Maryland",5094000,43127,244842,287969
"959",1997,"ME","Maine",1242000,1500,37396,38896
"960",1997,"MI","Michigan",9774000,57663,422916,480579
"961",1997,"MN","Minnesota",4686000,15827,191006,206833
"962",1997,"MO","Missouri",5402000,31192,228889,260081
"963",1997,"MS","Mississippi",2731000,12808,113644,126452
"964",1997,"MT","Montana",879000,1161,37592,38753
"965",1997,"NC","North Carolina",7425000,45071,362672,407743
"966",1997,"ND","North Dakota",641000,559,16821,17380
"967",1997,"NE","Nebraska",1657000,7265,63717,70982
"968",1997,"NH","New Hampshire",1173000,1328,29635,30963
"969",1997,"NJ","New Jersey",8053000,39673,287038,326711
"970",1997,"NM","New Mexico",1730000,14762,104721,119483
"971",1997,"NV","Nevada",1677000,13395,88307,101702
"972",1997,"NY","New York",18137000,124890,584438,709328
"973",1997,"OH","Ohio",11186000,48706,455799,504505
"974",1997,"OK","Oklahoma",3317000,18560,163698,182258
"975",1997,"OR","Oregon",3243000,14412,188916,203328
"976",1997,"PA","Pennsylvania",12020000,53140,359323,412463
"977",1997,"RI","Rhode Island",987000,3292,32777,36069
"978",1997,"SC","South Carolina",3760000,37235,193402,230637
"979",1997,"SD","South Dakota",738000,1457,22491,23948
"980",1997,"TN","Tennessee",5368000,42389,253484,295873
"981",1997,"TX","Texas",19439000,117126,948231,1065357
"982",1997,"UT","Utah",2059000,6878,116569,123447
"983",1997,"VA","Virginia",6734000,23249,237773,261022
"984",1997,"VT","Vermont",589000,705,15953,16658
"985",1997,"WA","Washington",5610000,24724,307742,332466
"986",1997,"WI","Wisconsin",5170000,13988,176145,190133
"987",1997,"WV","West Virginia",1816000,3971,40868,44839
"988",1997,"WY","Wyoming",480000,1225,18843,20068
"989",1998,"US","National",270248003,1533887,10951827,12485714
"990",1998,"AK","Alaska",614000,4015,25316,29331
"991",1998,"AL","Alabama",4352000,22286,177779,200065
"992",1998,"AR","Arkansas",2538000,12442,96271,108713
"993",1998,"AZ","Arizona",4669000,26984,280001,306985
"994",1998,"CA","California",32667000,229883,1188791,1418674
"995",1998,"CO","Colorado",3971000,15008,163189,178197
"996",1998,"CT","Connecticut",3274000,11993,111978,123971
"997",1998,"DC","District of Columbia",523000,8988,37222,46210
"998",1998,"DE","Delaware",744000,5672,34230,39902
"999",1998,"FL","Florida",14916000,140016,887107,1027123
"1000",1998,"GA","Georgia",7642000,43762,373717,417479
"1001",1998,"HI","Hawaii",1193000,2946,60677,63623
"1002",1998,"IA","Iowa",2862000,8916,91272,100188
"1003",1998,"ID","Idaho",1229000,3468,42185,45653
"1004",1998,"IL","Illinois",12045000,97291,487915,585206
"1005",1998,"IN","Indiana",5899000,25423,220529,245952
"1006",1998,"KS","Kansas",2629000,10972,117114,128086
"1007",1998,"KY","Kentucky",3936000,12909,109721,122630
"1008",1998,"LA","Louisiana",4369000,34057,232378,266435
"1009",1998,"MA","Massachusetts",6147000,38192,173011,211203
"1010",1998,"MD","Maryland",5135000,40903,234624,275527
"1011",1998,"ME","Maine",1244000,1566,36261,37827
"1012",1998,"MI","Michigan",9817000,60947,398773,459720
"1013",1998,"MN","Minnesota",4725000,14656,176541,191197
"1014",1998,"MO","Missouri",5439000,30222,232284,262506
"1015",1998,"MS","Mississippi",2752000,11302,109345,120647
"1016",1998,"MT","Montana",880000,1797,36564,38361
"1017",1998,"NC","North Carolina",7546000,43723,357892,401615
"1018",1998,"ND","North Dakota",638000,570,16535,17105
"1019",1998,"NE","Nebraska",1663000,7507,65752,73259
"1020",1998,"NH","New Hampshire",1185000,1270,27405,28675
"1021",1998,"NJ","New Jersey",8115000,35720,260810,296530
"1022",1998,"NM","New Mexico",1737000,16700,100011,116711
"1023",1998,"NV","Nevada",1747000,11244,81006,92250
"1024",1998,"NY","New York",18175000,115915,536287,652202
"1025",1998,"OH","Ohio",11209000,40628,444438,485066
"1026",1998,"OK","Oklahoma",3347000,18053,149426,167479
"1027",1998,"OR","Oregon",3282000,13778,171545,185323
"1028",1998,"PA","Pennsylvania",12001000,50470,342318,392788
"1029",1998,"RI","Rhode Island",988000,3084,31672,34756
"1030",1998,"SC","South Carolina",3836000,34647,186960,221607
"1031",1998,"SD","South Dakota",738000,1139,18227,19366
"1032",1998,"TN","Tennessee",5431000,38832,234588,273420
"1033",1998,"TX","Texas",19760000,111566,898496,1010062
"1034",1998,"UT","Utah",2100000,6599,109025,115624
"1035",1998,"VA","Virginia",6791000,22115,226461,248576
"1036",1998,"VT","Vermont",591000,628,17924,18552
"1037",1998,"WA","Washington",5689000,24380,309419,333799
"1038",1998,"WI","Wisconsin",5224000,13009,172084,185093
"1039",1998,"WV","West Virginia",1811000,4503,41627,46130
"1040",1998,"WY","Wyoming",481000,1191,17124,18315
"1041",1999,"US","National",272690813,1426044,10208334,11634378
"1042",1999,"AK","Alaska",619500,3908,23099,27007
"1043",1999,"AL","Alabama",4369862,21421,171398,192819
"1044",1999,"AR","Arkansas",2551373,10848,92283,103131
"1045",1999,"AZ","Arizona",4778332,26334,255401,281735
"1046",1999,"CA","California",33145121,207879,1053285,1261164
"1047",1999,"CO","Colorado",4056133,13811,151002,164813
"1048",1999,"CT","Connecticut",3282031,11342,99894,111236
"1049",1999,"DC","District of Columbia",519000,8448,33420,41868
"1050",1999,"DE","Delaware",753538,5534,30922,36456
"1051",1999,"FL","Florida",15111244,129044,808674,937718
"1052",1999,"GA","Georgia",7788240,41585,359383,400968
"1053",1999,"HI","Hawaii",1185497,2785,54539,57324
"1054",1999,"IA","Iowa",2869413,8034,84463,92497
"1055",1999,"ID","Idaho",1251700,3066,36363,39429
"1056",1999,"IL","Illinois",12128370,83621,463939,547560
"1057",1999,"IN","Indiana",5942901,22261,201547,223808
"1058",1999,"KS","Kansas",2654052,10159,107644,117803
"1059",1999,"KY","Kentucky",3960825,12212,104768,116980
"1060",1999,"LA","Louisiana",4372035,32033,219219,251252
"1061",1999,"MA","Massachusetts",6175169,34023,167437,201460
"1062",1999,"MD","Maryland",5171634,38447,215973,254420
"1063",1999,"ME","Maine",1253040,1404,34618,36022
"1064",1999,"MI","Michigan",9863775,56709,369887,426596
"1065",1999,"MN","Minnesota",4775508,13085,158717,171802
"1066",1999,"MO","Missouri",5468338,27353,223010,250363
"1067",1999,"MS","Mississippi",2768619,9671,108560,118231
"1068",1999,"MT","Montana",882779,2090,29103,31193
"1069",1999,"NC","North Carolina",7650789,41474,354497,395971
"1070",1999,"ND","North Dakota",633666,424,14748,15172
"1071",1999,"NE","Nebraska",1666028,7167,61277,68444
"1072",1999,"NH","New Hampshire",1201134,1159,26247,27406
"1073",1999,"NJ","New Jersey",8143412,33540,243333,276873
"1074",1999,"NM","New Mexico",1739844,14520,89220,103740
"1075",1999,"NV","Nevada",1809253,10311,73874,84185
"1076",1999,"NY","New York",18196601,107147,489596,596743
"1077",1999,"OH","Ohio",11256654,35616,414264,449880
"1078",1999,"OK","Oklahoma",3358044,17066,140220,157286
"1079",1999,"OR","Oregon",3316154,12432,153434,165866
"1080",1999,"PA","Pennsylvania",11994016,50431,323021,373452
"1081",1999,"RI","Rhode Island",990819,2840,32657,35497
"1082",1999,"SC","South Carolina",3885736,32920,173987,206907
"1083",1999,"SD","South Dakota",733133,1227,18159,19386
"1084",1999,"TN","Tennessee",5483535,38111,219302,257413
"1085",1999,"TX","Texas",20044141,112306,896261,1008567
"1086",1999,"UT","Utah",2129836,5869,100130,105999
"1087",1999,"VA","Virginia",6872912,21626,210260,231886
"1088",1999,"VT","Vermont",593740,676,16059,16735
"1089",1999,"WA","Washington",5756361,21716,280793,302509
"1090",1999,"WI","Wisconsin",5250446,12908,160154,173062
"1091",1999,"WV","West Virginia",1806928,6336,42825,49161
"1092",1999,"WY","Wyoming",479602,1115,15468,16583
"1093",2000,"US","National",281421906,1425486,10182584,11608070
"1094",2000,"AK","Alaska",626932,3554,23087,26641
"1095",2000,"AL","Alabama",4447100,21620,180539,202159
"1096",2000,"AR","Arkansas",2673400,11904,98115,110019
"1097",2000,"AZ","Arizona",5130632,27281,271811,299092
"1098",2000,"CA","California",33871648,210531,1056183,1266714
"1099",2000,"CO","Colorado",4301261,14367,156937,171304
"1100",2000,"CT","Connecticut",3405565,11058,99033,110091
"1101",2000,"DC","District of Columbia",572059,8626,33000,41626
"1102",2000,"DE","Delaware",783600,5363,29727,35090
"1103",2000,"FL","Florida",15982378,129777,780377,910154
"1104",2000,"GA","Georgia",8186453,41319,347630,388949
"1105",2000,"HI","Hawaii",1211537,2954,60033,62987
"1106",2000,"IA","Iowa",2926324,7796,86834,94630
"1107",2000,"ID","Idaho",1293953,3267,37961,41228
"1108",2000,"IL","Illinois",12419293,81196,445278,526474
"1109",2000,"IN","Indiana",6080485,21230,206905,228135
"1110",2000,"KS","Kansas",2688418,10470,108057,118527
"1111",2000,"KY","Kentucky",4041769,11903,107723,119626
"1112",2000,"LA","Louisiana",4468976,30440,211904,242344
"1113",2000,"MA","Massachusetts",6349097,30230,161901,192131
"1114",2000,"MD","Maryland",5296486,41663,213422,255085
"1115",2000,"ME","Maine",1274923,1397,32003,33400
"1116",2000,"MI","Michigan",9938444,55159,353297,408456
"1117",2000,"MN","Minnesota",4919479,13813,157798,171611
"1118",2000,"MO","Missouri",5595211,27419,225919,253338
"1119",2000,"MS","Mississippi",2844658,10267,103644,113911
"1120",2000,"MT","Montana",902195,2807,32198,35005
"1121",2000,"NC","North Carolina",8049313,40051,355921,395972
"1122",2000,"ND","North Dakota",642200,523,14171,14694
"1123",2000,"NE","Nebraska",1711263,5606,64479,70085
"1124",2000,"NH","New Hampshire",1235786,2167,27901,30068
"1125",2000,"NJ","New Jersey",8414350,32298,233637,265935
"1126",2000,"NM","New Mexico",1819046,13786,86605,100391
"1127",2000,"NV","Nevada",1998257,10474,74823,85297
"1128",2000,"NY","New York",18976457,105111,483078,588189
"1129",2000,"OH","Ohio",11353140,37935,420939,458874
"1130",2000,"OK","Oklahoma",3450654,17177,140125,157302
"1131",2000,"OR","Oregon",3421399,12000,153780,165780
"1132",2000,"PA","Pennsylvania",12281054,51584,316274,367858
"1133",2000,"RI","Rhode Island",1048319,3121,33323,36444
"1134",2000,"SC","South Carolina",4012012,33225,181290,214515
"1135",2000,"SD","South Dakota",754844,1259,16252,17511
"1136",2000,"TN","Tennessee",5689283,40233,237985,278218
"1137",2000,"TX","Texas",20851820,113653,919658,1033311
"1138",2000,"UT","Utah",2233169,5711,94247,99958
"1139",2000,"VA","Virginia",7078515,19943,194405,214348
"1140",2000,"VT","Vermont",608827,691,17494,18185
"1141",2000,"WA","Washington",5894121,21788,279144,300932
"1142",2000,"WI","Wisconsin",5363675,12700,159424,172124
"1143",2000,"WV","West Virginia",1808344,5723,41344,47067
"1144",2000,"WY","Wyoming",493782,1316,14969,16285
"1145",2001,"US","National",285317559,1439480,10437189,11876669
"1146",2001,"AK","Alaska",633630,3735,23160,26895
"1147",2001,"AL","Alabama",4468912,19582,173253,192835
"1148",2001,"AR","Arkansas",2694698,12190,99106,111296
"1149",2001,"AZ","Arizona",5306966,28675,293874,322549
"1150",2001,"CA","California",34600463,212867,1134189,1347056
"1151",2001,"CO","Colorado",4430989,15492,170887,186379
"1152",2001,"CT","Connecticut",3434602,11492,95299,106791
"1153",2001,"DC","District of Columbia",573822,9195,35232,44427
"1154",2001,"DE","Delaware",796599,4868,27399,32267
"1155",2001,"FL","Florida",16373330,130713,782517,913230
"1156",2001,"GA","Georgia",8405677,41671,347872,389543
"1157",2001,"HI","Hawaii",1227024,3117,62830,65947
"1158",2001,"IA","Iowa",2931967,7865,88634,96499
"1159",2001,"ID","Idaho",1320585,3211,38181,41392
"1160",2001,"IL","Illinois",12520227,79270,434648,513918
"1161",2001,"IN","Indiana",6126743,22734,211548,234282
"1162",2001,"KS","Kansas",2702125,10909,105537,116446
"1163",2001,"KY","Kentucky",4068816,10510,107356,117866
"1164",2001,"LA","Louisiana",4470368,30678,207693,238371
"1165",2001,"MA","Massachusetts",6401164,30585,167079,197664
"1166",2001,"MD","Maryland",5386079,42088,219512,261600
"1167",2001,"ME","Maine",1284470,1435,33154,34589
"1168",2001,"MI","Michigan",10006266,55424,352353,407777
"1169",2001,"MN","Minnesota",4984535,13145,165046,178191
"1170",2001,"MO","Missouri",5637309,30472,238411,268883
"1171",2001,"MS","Mississippi",2859733,10006,109609,119615
"1172",2001,"MT","Montana",905382,3187,30175,33362
"1173",2001,"NC","North Carolina",8206105,40465,363777,404242
"1174",2001,"ND","North Dakota",636550,505,14834,15339
"1175",2001,"NE","Nebraska",1720039,5214,68963,74177
"1176",2001,"NH","New Hampshire",1259359,2144,27089,29233
"1177",2001,"NJ","New Jersey",8511116,33094,240551,273645
"1178",2001,"NM","New Mexico",1830935,14288,83095,97383
"1179",2001,"NV","Nevada",2097722,12359,77486,89845
"1180",2001,"NY","New York",19084350,98022,458003,556025
"1181",2001,"OH","Ohio",11389785,40023,435115,475138
"1182",2001,"OK","Oklahoma",3469577,17726,141679,159405
"1183",2001,"OR","Oregon",3473441,10650,164524,175174
"1184",2001,"PA","Pennsylvania",12303104,50432,313408,363840
"1185",2001,"RI","Rhode Island",1059659,3278,35742,39020
"1186",2001,"SC","South Carolina",4062125,33114,186054,219168
"1187",2001,"SD","South Dakota",758324,1171,16473,17644
"1188",2001,"TN","Tennessee",5749398,42776,252992,295768
"1189",2001,"TX","Texas",21370983,122155,976654,1098809
"1190",2001,"UT","Utah",2278712,5314,90993,96307
"1191",2001,"VA","Virginia",7196750,20939,207506,228445
"1192",2001,"VT","Vermont",612978,644,16334,16978
"1193",2001,"WA","Washington",5993390,21258,287234,308492
"1194",2001,"WI","Wisconsin",5405947,12486,166924,179410
"1195",2001,"WV","West Virginia",1800975,5035,41085,46120
"1196",2001,"WY","Wyoming",493754,1272,16120,17392
"1197",2002,"US","National",287973924,1423677,10455277,11878954
"1198",2002,"AK","Alaska",641482,3627,24118,27745
"1199",2002,"AL","Alabama",4478896,19931,180400,200331
"1200",2002,"AR","Arkansas",2706268,11501,101171,112672
"1201",2002,"AZ","Arizona",5441125,30171,318296,348467
"1202",2002,"CA","California",35001986,208388,1176484,1384872
"1203",2002,"CO","Colorado",4501051,15882,180054,195936
"1204",2002,"CT","Connecticut",3458587,10807,93426,104233
"1205",2002,"DC","District of Columbia",569157,9322,36477,45799
"1206",2002,"DE","Delaware",805945,4836,26967,31803
"1207",2002,"FL","Florida",16691701,128721,777236,905957
"1208",2002,"GA","Georgia",8544005,39271,346559,385830
"1209",2002,"HI","Hawaii",1240663,3262,71976,75238
"1210",2002,"IA","Iowa",2935840,8388,92877,101265
"1211",2002,"ID","Idaho",1343124,3419,39128,42547
"1212",2002,"IL","Illinois",12586447,75759,430479,506238
"1213",2002,"IN","Indiana",6156913,22001,208965,230966
"1214",2002,"KS","Kansas",2711769,10229,100768,110997
"1215",2002,"KY","Kentucky",4089822,11101,108590,119691
"1216",2002,"LA","Louisiana",4476192,29690,198838,228528
"1217",2002,"MA","Massachusetts",6421800,31137,167753,198890
"1218",2002,"MD","Maryland",5450525,42015,217105,259120
"1219",2002,"ME","Maine",1294894,1396,32985,34381
"1220",2002,"MI","Michigan",10043221,54306,335060,389366
"1221",2002,"MN","Minnesota",5024791,13428,164026,177454
"1222",2002,"MO","Missouri",5669544,30557,230520,261077
"1223",2002,"MS","Mississippi",2866733,9858,109584,119442
"1224",2002,"MT","Montana",910372,3197,28751,31948
"1225",2002,"NC","North Carolina",8305820,39118,353708,392826
"1226",2002,"ND","North Dakota",633911,496,14762,15258
"1227",2002,"NE","Nebraska",1727564,5428,68178,73606
"1228",2002,"NH","New Hampshire",1274405,2056,26250,28306
"1229",2002,"NJ","New Jersey",8575252,32252,227715,259967
"1230",2002,"NM","New Mexico",1852044,13719,80477,94196
"1231",2002,"NV","Nevada",2167455,13856,83896,97752
"1232",2002,"NY","New York",19134293,95030,442091,537121
"1233",2002,"OH","Ohio",11408699,40128,428976,469104
"1234",2002,"OK","Oklahoma",3489700,17587,148128,165715
"1235",2002,"OR","Oregon",3520355,10298,161145,171443
"1236",2002,"PA","Pennsylvania",12328827,49578,300868,350446
"1237",2002,"RI","Rhode Island",1068326,3051,35342,38393
"1238",2002,"SC","South Carolina",4103770,33761,183808,217569
"1239",2002,"SD","South Dakota",760437,1350,15992,17342
"1240",2002,"TN","Tennessee",5789796,41562,249399,290961
"1241",2002,"TX","Texas",21736925,126018,1004274,1130292
"1242",2002,"UT","Utah",2318789,5488,97641,103129
"1243",2002,"VA","Virginia",7287829,21256,207783,229039
"1244",2002,"VT","Vermont",616408,658,14942,15600
"1245",2002,"WA","Washington",6067060,20964,288967,309931
"1246",2002,"WI","Wisconsin",5439692,12238,164749,176987
"1247",2002,"WV","West Virginia",1804884,4221,41099,45320
"1248",2002,"WY","Wyoming",498830,1364,16494,17858
"1249",2003,"US","National",290788976,1383676,10442862,11826538
"1250",2003,"AK","Alaska",648280,3877,24386,28263
"1251",2003,"AL","Alabama",4503726,19331,182241,201572
"1252",2003,"AR","Arkansas",2727774,12449,99084,111533
"1253",2003,"AZ","Arizona",5579222,28638,314335,342973
"1254",2003,"CA","California",35462712,205551,1215086,1420637
"1255",2003,"CO","Colorado",4547633,15757,179706,195463
"1256",2003,"CT","Connecticut",3486960,11045,92981,104026
"1257",2003,"DC","District of Columbia",557620,9061,32696,41757
"1258",2003,"DE","Delaware",818166,5525,27943,33468
"1259",2003,"FL","Florida",16999181,124280,757696,881976
"1260",2003,"GA","Georgia",8676460,39435,369589,409024
"1261",2003,"HI","Hawaii",1248755,3400,65867,69267
"1262",2003,"IA","Iowa",2941976,8175,87554,95729
"1263",2003,"ID","Idaho",1367034,3362,40042,43404
"1264",2003,"IL","Illinois",12649087,70376,415885,486261
"1265",2003,"IN","Indiana",6199571,21842,208039,229881
"1266",2003,"KS","Kansas",2724786,10831,109276,120107
"1267",2003,"KY","Kentucky",4118189,10232,103370,113602
"1268",2003,"LA","Louisiana",4493665,28622,193698,222320
"1269",2003,"MA","Massachusetts",6420357,30377,164543,194920
"1270",2003,"MD","Maryland",5512310,38778,209418,248196
"1271",2003,"ME","Maine",1309205,1422,32078,33500
"1272",2003,"MI","Michigan",10082364,51550,330565,382115
"1273",2003,"MN","Minnesota",5064172,13316,157663,170979
"1274",2003,"MO","Missouri",5719204,28067,233564,261631
"1275",2003,"MS","Mississippi",2882594,9336,106867,116203
"1276",2003,"MT","Montana",918157,3351,28428,31779
"1277",2003,"NC","North Carolina",8421190,38243,359660,397903
"1278",2003,"ND","North Dakota",633400,508,13364,13872
"1279",2003,"NE","Nebraska",1737475,5105,65189,70294
"1280",2003,"NH","New Hampshire",1288705,1937,26456,28393
"1281",2003,"NJ","New Jersey",8642412,31488,220350,251838
"1282",2003,"NM","New Mexico",1878562,12535,76816,89351
"1283",2003,"NV","Nevada",2242207,13813,96128,109941
"1284",2003,"NY","New York",19212425,89486,432079,521565
"1285",2003,"OH","Ohio",11437680,38185,417483,455668
"1286",2003,"OK","Oklahoma",3506469,17758,151208,168966
"1287",2003,"OR","Oregon",3564330,10506,169863,180369
"1288",2003,"PA","Pennsylvania",12370761,49210,300639,349849
"1289",2003,"RI","Rhode Island",1076084,3074,32231,35305
"1290",2003,"SC","South Carolina",4148744,33455,187592,221047
"1291",2003,"SD","South Dakota",764905,1329,15324,16653
"1292",2003,"TN","Tennessee",5845208,40409,256565,296974
"1293",2003,"TX","Texas",22103374,122246,1016735,1138981
"1294",2003,"UT","Utah",2352119,5889,100084,105973
"1295",2003,"VA","Virginia",7365284,20490,200449,220939
"1296",2003,"VT","Vermont",619343,707,13803,14510
"1297",2003,"WA","Washington",6131298,21272,291542,312814
"1298",2003,"WI","Wisconsin",5474290,12104,157684,169788
"1299",2003,"WV","West Virginia",1811440,4627,42370,46997
"1300",2003,"WY","Wyoming",502111,1314,16648,17962
"1301",2004,"US","National",293656842,1360088,10319386,11679474
"1302",2004,"AK","Alaska",657755,4159,22172,26331
"1303",2004,"AL","Alabama",4525375,19324,182340,201664
"1304",2004,"AR","Arkansas",2750000,13814,110911,124725
"1305",2004,"AZ","Arizona",5739879,28952,291203,320155
"1306",2004,"CA","California",35842038,189175,1227194,1416369
"1307",2004,"CO","Colorado",4601821,17121,180322,197443
"1308",2004,"CT","Connecticut",3498966,10113,93942,104055
"1309",2004,"DC","District of Columbia",554239,7590,26896,34486
"1310",2004,"DE","Delaware",830069,5105,27256,32361
"1311",2004,"FL","Florida",17385430,123754,727141,850895
"1312",2004,"GA","Georgia",8918129,40217,376656,416873
"1313",2004,"HI","Hawaii",1262124,3213,60525,63738
"1314",2004,"IA","Iowa",2952904,8499,85775,94274
"1315",2004,"ID","Idaho",1395140,3452,38799,42251
"1316",2004,"IL","Illinois",12712016,69365,403486,472851
"1317",2004,"IN","Indiana",6226537,20294,211929,232223
"1318",2004,"KS","Kansas",2733697,10330,109771,120101
"1319",2004,"KY","Kentucky",4141835,10152,105209,115361
"1320",2004,"LA","Louisiana",4506685,28844,199153,227997
"1321",2004,"MA","Massachusetts",6407382,29489,158150,187639
"1322",2004,"MD","Maryland",5561332,38961,202474,241435
"1323",2004,"ME","Maine",1314985,1364,31740,33104
"1324",2004,"MI","Michigan",10104206,49737,309805,359542
"1325",2004,"MN","Minnesota",5096546,13751,155019,168770
"1326",2004,"MO","Missouri",5759532,28226,224629,252855
"1327",2004,"MS","Mississippi",2900768,8568,100980,109548
"1328",2004,"MT","Montana",926920,2723,27215,29938
"1329",2004,"NC","North Carolina",8540468,38244,355328,393572
"1330",2004,"ND","North Dakota",636308,558,12493,13051
"1331",2004,"NE","Nebraska",1747704,5393,61512,66905
"1332",2004,"NH","New Hampshire",1299169,2202,26658,28860
"1333",2004,"NJ","New Jersey",8685166,30943,211313,242256
"1334",2004,"NM","New Mexico",1903006,13081,79895,92976
"1335",2004,"NV","Nevada",2332898,14379,98215,112594
"1336",2004,"NY","New York",19280727,84914,422734,507648
"1337",2004,"OH","Ohio",11450143,38787,419337,458124
"1338",2004,"OK","Oklahoma",3523546,17635,149472,167107
"1339",2004,"OR","Oregon",3591363,10724,166475,177199
"1340",2004,"PA","Pennsylvania",12394471,50998,299611,350609
"1341",2004,"RI","Rhode Island",1079916,2673,31166,33839
"1342",2004,"SC","South Carolina",4197892,33160,190456,223616
"1343",2004,"SD","South Dakota",770621,1319,14885,16204
"1344",2004,"TN","Tennessee",5893298,41113,254991,296104
"1345",2004,"TX","Texas",22471549,121554,1010702,1132256
"1346",2004,"UT","Utah",2420708,5647,97762,103409
"1347",2004,"VA","Virginia",7481332,20608,200368,220976
"1348",2004,"VT","Vermont",621233,713,14559,15272
"1349",2004,"WA","Washington",6207046,21330,300837,322167
"1350",2004,"WI","Wisconsin",5503533,11548,146710,158258
"1351",2004,"WV","West Virginia",1812548,5110,46326,51436
"1352",2004,"WY","Wyoming",505887,1163,16889,18052
"1353",2005,"US","National",296507061,1390745,10174754,11565499
"1354",2005,"AK","Alaska",663253,4194,23975,28169
"1355",2005,"AL","Alabama",4548327,19678,177393,197071
"1356",2005,"AR","Arkansas",2775708,14670,112914,127584
"1357",2005,"AZ","Arizona",5953007,30478,287345,317823
"1358",2005,"CA","California",36154147,190178,1200531,1390709
"1359",2005,"CO","Colorado",4663295,18498,188449,206947
"1360",2005,"CT","Connecticut",3500701,9542,90270,99812
"1361",2005,"DC","District of Columbia",582049,8032,26133,34165
"1362",2005,"DE","Delaware",841741,5332,26245,31577
"1363",2005,"FL","Florida",17768191,125957,712998,838955
"1364",2005,"GA","Georgia",9132553,40725,378534,419259
"1365",2005,"HI","Hawaii",1273278,3253,61115,64368
"1366",2005,"IA","Iowa",2965524,8697,84370,93067
"1367",2005,"ID","Idaho",1429367,3670,38556,42226
"1368",2005,"IL","Illinois",12765427,70496,394670,465166
"1369",2005,"IN","Indiana",6266019,20302,216778,237080
"1370",2005,"KS","Kansas",2748172,10701,104588,115289
"1371",2005,"KY","Kentucky",4172608,11134,105608,116742
"1372",2005,"LA","Louisiana",4507331,26889,166611,193500
"1373",2005,"MA","Massachusetts",6433367,29644,151727,181371
"1374",2005,"MD","Maryland",5589599,39369,198483,237852
"1375",2005,"ME","Maine",1318220,1483,31889,33372
"1376",2005,"MI","Michigan",10100833,55936,312892,368828
"1377",2005,"MN","Minnesota",5126739,15243,158301,173544
"1378",2005,"MO","Missouri",5797703,30477,227809,258286
"1379",2005,"MS","Mississippi",2908496,8131,95231,103362
"1380",2005,"MT","Montana",934737,2634,29407,32041
"1381",2005,"NC","North Carolina",8672459,40650,353855,394505
"1382",2005,"ND","North Dakota",634605,706,12848,13554
"1383",2005,"NE","Nebraska",1758163,5052,60348,65400
"1384",2005,"NH","New Hampshire",1306819,1761,24031,25792
"1385",2005,"NJ","New Jersey",8703150,30919,203391,234310
"1386",2005,"NM","New Mexico",1925985,12448,79575,92023
"1387",2005,"NV","Nevada",2412301,14654,102424,117078
"1388",2005,"NY","New York",19315721,85839,405990,491829
"1389",2005,"OH","Ohio",11470685,40162,420705,460867
"1390",2005,"OK","Oklahoma",3543442,18044,143406,161450
"1391",2005,"OR","Oregon",3638871,10444,160199,170643
"1392",2005,"PA","Pennsylvania",12405348,52761,300444,353205
"1393",2005,"RI","Rhode Island",1073579,2710,29287,31997
"1394",2005,"SC","South Carolina",4246933,32590,185606,218196
"1395",2005,"SD","South Dakota",774883,1387,13694,15081
"1396",2005,"TN","Tennessee",5955745,45104,256093,301197
"1397",2005,"TX","Texas",22928508,121091,990293,1111384
"1398",2005,"UT","Utah",2490334,5612,95546,101158
"1399",2005,"VA","Virginia",7564327,21434,200404,221838
"1400",2005,"VT","Vermont",622387,782,14749,15531
"1401",2005,"WA","Washington",6291899,21745,307661,329406
"1402",2005,"WI","Wisconsin",5527644,13367,147556,160923
"1403",2005,"WV","West Virginia",1814083,4968,47757,52725
"1404",2005,"WY","Wyoming",508798,1172,16070,17242
"1405",2006,"US","National",299398484,1435123,10019601,11454724
"1406",2006,"AK","Alaska",670053,4610,23975,28585
"1407",2006,"AL","Alabama",4599030,19553,181249,200802
"1408",2006,"AR","Arkansas",2810872,15538,112025,127563
"1409",2006,"AZ","Arizona",6166318,33456,294389,327845
"1410",2006,"CA","California",36457549,194483,1159988,1354471
"1411",2006,"CO","Colorado",4753377,18794,163439,182233
"1412",2006,"CT","Connecticut",3504809,10505,90638,101143
"1413",2006,"DC","District of Columbia",581530,8772,27064,35836
"1414",2006,"DE","Delaware",853476,5983,29670,35653
"1415",2006,"FL","Florida",18089888,129602,721101,850703
"1416",2006,"GA","Georgia",9363941,44754,362712,407466
"1417",2006,"HI","Hawaii",1285498,3608,54247,57855
"1418",2006,"IA","Iowa",2982085,8521,84202,92723
"1419",2006,"ID","Idaho",1466465,3666,35135,38801
"1420",2006,"IL","Illinois",12831970,69498,387478,456976
"1421",2006,"IN","Indiana",6313520,20303,217783,238086
"1422",2006,"KS","Kansas",2764075,11960,104260,116220
"1423",2006,"KY","Kentucky",4206074,11361,109428,120789
"1424",2006,"LA","Louisiana",4287768,30923,174975,205898
"1425",2006,"MA","Massachusetts",6437193,32217,153943,186160
"1426",2006,"MD","Maryland",5615727,38111,195484,233595
"1427",2006,"ME","Maine",1321574,1533,33658,35191
"1428",2006,"MI","Michigan",10095643,56981,325594,382575
"1429",2006,"MN","Minnesota",5167101,16042,159276,175318
"1430",2006,"MO","Missouri",5842713,31897,224007,255904
"1431",2006,"MS","Mississippi",2910540,9076,92853,101929
"1432",2006,"MT","Montana",944632,3564,26986,30550
"1433",2006,"NC","North Carolina",8856505,42088,364549,406637
"1434",2006,"ND","North Dakota",635867,1255,13359,14614
"1435",2006,"NE","Nebraska",1768331,5197,59411,64608
"1436",2006,"NH","New Hampshire",1314895,1785,26060,27845
"1437",2006,"NJ","New Jersey",8724560,30550,198820,229370
"1438",2006,"NM","New Mexico",1954599,12797,76000,88797
"1439",2006,"NV","Nevada",2495529,18687,102338,121025
"1440",2006,"NY","New York",19306183,84016,398577,482593
"1441",2006,"OH","Ohio",11478006,41491,423334,464825
"1442",2006,"OK","Oklahoma",3579212,17905,129728,147633
"1443",2006,"OR","Oregon",3700758,10534,137858,148392
"1444",2006,"PA","Pennsylvania",12440621,55028,304589,359617
"1445",2006,"RI","Rhode Island",1067610,2460,27914,30374
"1446",2006,"SC","South Carolina",4321249,33322,184712,218034
"1447",2006,"SD","South Dakota",781919,2071,13812,15883
"1448",2006,"TN","Tennessee",6038803,46043,249860,295903
"1449",2006,"TX","Texas",23507783,121602,959846,1081448
"1450",2006,"UT","Utah",2550063,5771,89572,95343
"1451",2006,"VA","Virginia",7642884,21683,190257,211940
"1452",2006,"VT","Vermont",623908,905,14920,15825
"1453",2006,"WA","Washington",6395798,22303,288456,310759
"1454",2006,"WI","Wisconsin",5556506,15899,156748,172647
"1455",2006,"WV","West Virginia",1818470,5113,47941,53054
"1456",2006,"WY","Wyoming",515004,1307,15381,16688
"1457",2007,"US","National",301621157,1422970,9882212,11305182
"1458",2007,"AK","Alaska",683478,4520,23096,27616
"1459",2007,"AL","Alabama",4627851,20775,184082,204857
"1460",2007,"AR","Arkansas",2834797,15226,112130,127356
"1461",2007,"AZ","Arizona",6338755,32835,287308,320143
"1462",2007,"CA","California",36553215,191561,1112510,1304071
"1463",2007,"CO","Colorado",4861515,17101,145808,162909
"1464",2007,"CT","Connecticut",3502309,10547,86528,97075
"1465",2007,"DC","District of Columbia",588292,8325,28922,37247
"1466",2007,"DE","Delaware",864764,6100,29216,35316
"1467",2007,"FL","Florida",18251243,131878,746249,878127
"1468",2007,"GA","Georgia",9544750,46917,371248,418165
"1469",2007,"HI","Hawaii",1283388,3544,52866,56410
"1470",2007,"IA","Iowa",2988046,8970,79133,88103
"1471",2007,"ID","Idaho",1499402,3841,34124,37965
"1472",2007,"IL","Illinois",12852548,68528,377322,445850
"1473",2007,"IN","Indiana",6345289,21310,213887,235197
"1474",2007,"KS","Kansas",2775997,12730,102961,115691
"1475",2007,"KY","Kentucky",4241474,12329,107987,120316
"1476",2007,"LA","Louisiana",4293204,31789,180516,212305
"1477",2007,"MA","Massachusetts",6449755,28487,154743,183230
"1478",2007,"MD","Maryland",5618344,36063,192796,228859
"1479",2007,"ME","Maine",1317207,1565,32249,33814
"1480",2007,"MI","Michigan",10071822,53765,308550,362315
"1481",2007,"MN","Minnesota",5197621,15054,158257,173311
"1482",2007,"MO","Missouri",5878415,32962,225113,258075
"1483",2007,"MS","Mississippi",2918785,8502,90887,99389
"1484",2007,"MT","Montana",957861,3638,27837,31475
"1485",2007,"NC","North Carolina",9061032,42231,369893,412124
"1486",2007,"ND","North Dakota",639715,1343,12796,14139
"1487",2007,"NE","Nebraska",1774571,5524,55765,61289
"1488",2007,"NH","New Hampshire",1315828,1896,26394,28290
"1489",2007,"NJ","New Jersey",8685920,28544,192338,220882
"1490",2007,"NM","New Mexico",1969915,13311,75168,88479
"1491",2007,"NV","Nevada",2565382,19365,97118,116483
"1492",2007,"NY","New York",19297729,79962,383624,463586
"1493",2007,"OH","Ohio",11466917,40759,397681,438440
"1494",2007,"OK","Oklahoma",3617316,18234,128714,146948
"1495",2007,"OR","Oregon",3747455,11015,132773,143788
"1496",2007,"PA","Pennsylvania",12432792,51806,293850,345656
"1497",2007,"RI","Rhode Island",1057832,2424,27576,30000
"1498",2007,"SC","South Carolina",4407709,34630,189304,223934
"1499",2007,"SD","South Dakota",796214,1926,13829,15755
"1500",2007,"TN","Tennessee",6156719,46482,252342,298824
"1501",2007,"TX","Texas",23904380,122014,985421,1107435
"1502",2007,"UT","Utah",2645330,6347,93082,99429
"1503",2007,"VA","Virginia",7712091,21035,191763,212798
"1504",2007,"VT","Vermont",621254,802,14702,15504
"1505",2007,"WA","Washington",6468424,21768,261776,283544
"1506",2007,"WI","Wisconsin",5601640,16330,159305,175635
"1507",2007,"WV","West Virginia",1812035,5016,45620,50636
"1508",2007,"WY","Wyoming",522830,1344,15053,16397
"1509",2008,"US","National",304059724,1394461,9774152,11168613
"1510",2008,"AK","Alaska",686293,4475,20090,24565
"1511",2008,"AL","Alabama",4661900,21110,190416,211526
"1512",2008,"AR","Arkansas",2855390,14649,110360,125009
"1513",2008,"AZ","Arizona",6500180,31567,266653,298220
"1514",2008,"CA","California",36756666,185329,1080996,1266325
"1515",2008,"CO","Colorado",4939456,17480,139340,156820
"1516",2008,"CT","Connecticut",3501252,10737,87210,97947
"1517",2008,"DC","District of Columbia",591833,8509,30211,38720
"1518",2008,"DE","Delaware",873092,6187,31385,37572
"1519",2008,"FL","Florida",18328340,126256,758889,885145
"1520",2008,"GA","Georgia",9685744,47353,387917,435270
"1521",2008,"HI","Hawaii",1288198,3510,45944,49454
"1522",2008,"IA","Iowa",3002555,8651,73273,81924
"1523",2008,"ID","Idaho",1523816,3680,31940,35620
"1524",2008,"IL","Illinois",12901563,67780,378355,446135
"1525",2008,"IN","Indiana",6376792,21525,213639,235164
"1526",2008,"KS","Kansas",2802134,11554,94882,106436
"1527",2008,"KY","Kentucky",4269245,12690,114492,127182
"1528",2008,"LA","Louisiana",4410796,29613,171179,200792
"1529",2008,"MA","Massachusetts",6497967,30137,155919,186056
"1530",2008,"MD","Maryland",5633597,35393,198165,233558
"1531",2008,"ME","Maine",1316456,1572,32433,34005
"1532",2008,"MI","Michigan",10003422,51512,295100,346612
"1533",2008,"MN","Minnesota",5220393,13853,149517,163370
"1534",2008,"MO","Missouri",5911605,29701,216522,246223
"1535",2008,"MS","Mississippi",2938618,8942,85488,94430
"1536",2008,"MT","Montana",967440,3013,26300,29313
"1537",2008,"NC","North Carolina",9222414,43125,372763,415888
"1538",2008,"ND","North Dakota",641481,1441,13029,14470
"1539",2008,"NE","Nebraska",1783432,5570,51350,56920
"1540",2008,"NH","New Hampshire",1315809,2054,28387,30441
"1541",2008,"NJ","New Jersey",8682661,28351,199127,227478
"1542",2008,"NM","New Mexico",1984356,12967,75718,88685
"1543",2008,"NV","Nevada",2600167,18973,90006,108979
"1544",2008,"NY","New York",19490297,77546,388599,466145
"1545",2008,"OH","Ohio",11485910,40436,391667,432103
"1546",2008,"OK","Oklahoma",3642361,19359,126535,145894
"1547",2008,"OR","Oregon",3790060,9909,125169,135078
"1548",2008,"PA","Pennsylvania",12448279,51044,300294,351338
"1549",2008,"RI","Rhode Island",1050788,2656,29895,32551
"1550",2008,"SC","South Carolina",4479800,32746,189950,222696
"1551",2008,"SD","South Dakota",804194,2227,13867,16094
"1552",2008,"TN","Tennessee",6214888,44913,251089,296002
"1553",2008,"TX","Texas",24326974,123585,969865,1093450
"1554",2008,"UT","Utah",2736424,6165,92373,98538
"1555",2008,"VA","Virginia",7769089,20031,196726,216757
"1556",2008,"VT","Vermont",621270,854,15903,16757
"1557",2008,"WA","Washington",6549224,21888,249283,271171
"1558",2008,"WI","Wisconsin",5627967,15507,155456,170963
"1559",2008,"WV","West Virginia",1814468,5006,45971,50977
"1560",2008,"WY","Wyoming",532668,1330,14515,15845
"1561",2009,"US","National",307006550,1325896,9337060,10662956
"1562",2009,"AK","Alaska",698473,4424,20538,24962
"1563",2009,"AL","Alabama",4708708,21194,178007,199201
"1564",2009,"AR","Arkansas",2889450,14905,109078,123983
"1565",2009,"AZ","Arizona",6595778,28128,236721,264849
"1566",2009,"CA","California",36961664,174934,1009433,1184367
"1567",2009,"CO","Colorado",5024748,17022,134196,151218
"1568",2009,"CT","Connecticut",3518288,10588,82625,93213
"1569",2009,"DC","District of Columbia",599657,8089,28495,36584
"1570",2009,"DE","Delaware",885122,5713,29685,35398
"1571",2009,"FL","Florida",18537969,113541,712010,825551
"1572",2009,"GA","Georgia",9829211,42073,360985,403058
"1573",2009,"HI","Hawaii",1295178,3550,47516,51066
"1574",2009,"IA","Iowa",3007856,8485,70080,78565
"1575",2009,"ID","Idaho",1545801,3805,31220,35025
"1576",2009,"IL","Illinois",12910409,64185,353347,417532
"1577",2009,"IN","Indiana",6423113,21455,199907,221362
"1578",2009,"KS","Kansas",2818747,11460,90930,102390
"1579",2009,"KY","Kentucky",4314113,11000,108914,119914
"1580",2009,"LA","Louisiana",4492076,28878,172619,201497
"1581",2009,"MA","Massachusetts",6593587,30503,153178,183681
"1582",2009,"MD","Maryland",5699478,33625,182295,215920
"1583",2009,"ME","Maine",1318301,1580,31706,33286
"1584",2009,"MI","Michigan",9969727,49825,284019,333844
"1585",2009,"MN","Minnesota",5266214,12874,139286,152160
"1586",2009,"MO","Missouri",5987580,29513,201783,231296
"1587",2009,"MS","Mississippi",2951996,8451,87327,95778
"1588",2009,"MT","Montana",974989,2798,24826,27624
"1589",2009,"NC","North Carolina",9380884,37946,343707,381653
"1590",2009,"ND","North Dakota",646844,1723,12813,14536
"1591",2009,"NE","Nebraska",1796619,5199,49731,54930
"1592",2009,"NH","New Hampshire",1324575,2125,28790,30915
"1593",2009,"NJ","New Jersey",8707739,27113,180752,207865
"1594",2009,"NM","New Mexico",2009671,12709,74639,87348
"1595",2009,"NV","Nevada",2643085,18639,80976,99615
"1596",2009,"NY","New York",19541453,75110,377537,452647
"1597",2009,"OH","Ohio",11542645,38305,376446,414751
"1598",2009,"OK","Oklahoma",3687050,18560,132350,150910
"1599",2009,"OR","Oregon",3825657,9968,114780,124748
"1600",2009,"PA","Pennsylvania",12604767,48188,277182,325370
"1601",2009,"RI","Rhode Island",1053209,2678,27558,30236
"1602",2009,"SC","South Carolina",4561242,30799,178310,209109
"1603",2009,"SD","South Dakota",812383,1777,14378,16155
"1604",2009,"TN","Tennessee",6296254,41933,237157,279090
"1605",2009,"TX","Texas",24782302,121684,995082,1116766
"1606",2009,"UT","Utah",2784572,5998,91751,97749
"1607",2009,"VA","Virginia",7882590,18195,194020,212215
"1608",2009,"VT","Vermont",621760,837,15010,15847
"1609",2009,"WA","Washington",6664195,22412,245215,267627
"1610",2009,"WI","Wisconsin",5654774,14650,147692,162342
"1611",2009,"WV","West Virginia",1819777,5554,46215,51769
"1612",2009,"WY","Wyoming",544270,1196,14243,15439
"1613",2010,"US","National",309330219,1251248,9112625,10363873
"1614",2010,"AK","Alaska",714146,4537,20259,24796
"1615",2010,"AL","Alabama",4785401,18363,168828,187191
"1616",2010,"AR","Arkansas",2921588,14711,103820,118531
"1617",2010,"AZ","Arizona",6413158,26528,226802,253330
"1618",2010,"CA","California",37338198,164133,981939,1146072
"1619",2010,"CO","Colorado",5047692,16339,135001,151340
"1620",2010,"CT","Connecticut",3575498,10083,78259,88342
"1621",2010,"DC","District of Columbia",604912,8026,28802,36828
"1622",2010,"DE","Delaware",899792,5608,31078,36686
"1623",2010,"FL","Florida",18838613,101969,669035,771004
"1624",2010,"GA","Georgia",9712157,39068,353449,392517
"1625",2010,"HI","Hawaii",1363359,3603,45667,49270
"1626",2010,"IA","Iowa",3050202,8191,68740,76931
"1627",2010,"ID","Idaho",1571102,3464,31436,34900
"1628",2010,"IL","Illinois",12841980,57132,349064,406196
"1629",2010,"IN","Indiana",6490622,20983,199274,220257
"1630",2010,"KS","Kansas",2859143,10602,89109,99711
"1631",2010,"KY","Kentucky",4347223,10604,111170,121774
"1632",2010,"LA","Louisiana",4545343,25241,165667,190908
"1633",2010,"MA","Massachusetts",6555466,30737,154496,185233
"1634",2010,"MD","Maryland",5785681,31607,173309,204916
"1635",2010,"ME","Maine",1327379,1621,32900,34521
"1636",2010,"MI","Michigan",9877143,48693,271501,320194
"1637",2010,"MN","Minnesota",5310658,12515,136431,148946
"1638",2010,"MO","Missouri",5995715,27440,200858,228298
"1639",2010,"MS","Mississippi",2970072,7999,88596,96595
"1640",2010,"MT","Montana",990958,2733,25409,28142
"1641",2010,"NC","North Carolina",9560234,34679,329202,363881
"1642",2010,"ND","North Dakota",674629,1548,12010,13558
"1643",2010,"NE","Nebraska",1830141,5093,48827,53920
"1644",2010,"NH","New Hampshire",1316807,2204,29230,31434
"1645",2010,"NJ","New Jersey",8799593,27055,183042,210097
"1646",2010,"NM","New Mexico",2065913,12147,70776,82923
"1647",2010,"NV","Nevada",2704283,17929,75004,92933
"1648",2010,"NY","New York",19395206,76492,379710,456202
"1649",2010,"OH","Ohio",11537968,36306,376836,413142
"1650",2010,"OK","Oklahoma",3760184,18100,129464,147564
"1651",2010,"OR","Oregon",3838332,9648,116657,126305
"1652",2010,"PA","Pennsylvania",12717722,46612,276366,322978
"1653",2010,"RI","Rhode Island",1052528,2709,26959,29668
"1654",2010,"SC","South Carolina",4637106,27923,181098,209021
"1655",2010,"SD","South Dakota",816598,2196,15188,17384
"1656",2010,"TN","Tennessee",6357436,38909,232855,271764
"1657",2010,"TX","Texas",25253466,113231,951246,1064477
"1658",2010,"UT","Utah",2775479,5925,88316,94241
"1659",2010,"VA","Virginia",8023953,17184,187403,204587
"1660",2010,"VT","Vermont",625909,820,14160,14980
"1661",2010,"WA","Washington",6742950,21138,249426,270564
"1662",2010,"WI","Wisconsin",5691659,14167,142781,156948
"1663",2010,"WV","West Virginia",1854368,5586,41301,46887
"1664",2010,"WY","Wyoming",564554,1117,13869,14986
"1665",2011,"US","National",311587816,1206031,9052743,10258774
"1666",2011,"AK","Alaska",723860,4416,19094,23510
"1667",2011,"AL","Alabama",4803689,20166,173192,193358
"1668",2011,"AR","Arkansas",2938582,14173,110430,124603
"1669",2011,"AZ","Arizona",6467315,26789,229896,256685
"1670",2011,"CA","California",37683933,154943,973822,1128765
"1671",2011,"CO","Colorado",5116302,16085,132781,148866
"1672",2011,"CT","Connecticut",3586717,9889,77205,87094
"1673",2011,"DC","District of Columbia",619020,7433,29654,37087
"1674",2011,"DE","Delaware",908137,5144,31163,36307
"1675",2011,"FL","Florida",19082262,98198,671200,769398
"1676",2011,"GA","Georgia",9812460,36762,357235,393997
"1677",2011,"HI","Hawaii",1378129,3465,43874,47339
"1678",2011,"IA","Iowa",3064097,7883,72043,79926
"1679",2011,"ID","Idaho",1583744,3202,32875,36077
"1680",2011,"IL","Illinois",12859752,54523,344468,398991
"1681",2011,"IN","Indiana",6516353,21619,206016,227635
"1682",2011,"KS","Kansas",2870386,10209,88655,98864
"1683",2011,"KY","Kentucky",4366814,10465,119037,129502
"1684",2011,"LA","Louisiana",4574766,25373,168529,193902
"1685",2011,"MA","Massachusetts",6607003,28232,148829,177061
"1686",2011,"MD","Maryland",5839572,28817,166846,195663
"1687",2011,"ME","Maine",1328544,1638,33829,35467
"1688",2011,"MI","Michigan",9876801,43731,251329,295060
"1689",2011,"MN","Minnesota",5347299,12323,136183,148506
"1690",2011,"MO","Missouri",6008984,26888,199085,225973
"1691",2011,"MS","Mississippi",2977457,8009,89809,97818
"1692",2011,"MT","Montana",997667,2755,23885,26640
"1693",2011,"NC","North Carolina",9651103,33421,337806,371227
"1694",2011,"ND","North Dakota",684740,1699,13334,15033
"1695",2011,"NE","Nebraska",1842234,4672,50894,55566
"1696",2011,"NH","New Hampshire",1317807,2864,32756,35620
"1697",2011,"NJ","New Jersey",8834773,27203,189719,216922
"1698",2011,"NM","New Mexico",2078674,11904,73549,85453
"1699",2011,"NV","Nevada",2720028,15452,70075,85527
"1700",2011,"NY","New York",19501616,77463,371837,449300
"1701",2011,"OH","Ohio",11541007,35218,380572,415790
"1702",2011,"OK","Oklahoma",3784163,17311,127618,144929
"1703",2011,"OR","Oregon",3868229,9643,121869,131512
"1704",2011,"PA","Pennsylvania",12743948,46189,283442,329631
"1705",2011,"RI","Rhode Island",1050646,2586,27976,30562
"1706",2011,"SC","South Carolina",4673348,27894,183243,211137
"1707",2011,"SD","South Dakota",823593,2105,15299,17404
"1708",2011,"TN","Tennessee",6399787,38895,230900,269795
"1709",2011,"TX","Texas",25631778,104734,892810,997544
"1710",2011,"UT","Utah",2814347,5547,84084,89631
"1711",2011,"VA","Virginia",8104384,16014,182902,198916
"1712",2011,"VT","Vermont",626592,925,15086,16011
"1713",2011,"WA","Washington",6823267,20152,244209,264361
"1714",2011,"WI","Wisconsin",5709843,14268,139912,154180
"1715",2011,"WV","West Virginia",1854908,5497,39009,44506
"1716",2011,"WY","Wyoming",567356,1245,12878,14123
"1717",2012,"US","National",313873685,1217057,9001992,10219049
"1718",2012,"AK","Alaska",730307,4412,20037,24449
"1719",2012,"AL","Alabama",4817528,21693,168878,190571
"1720",2012,"AR","Arkansas",2949828,13851,109389,123240
"1721",2012,"AZ","Arizona",6551149,28077,231701,259778
"1722",2012,"CA","California",37999878,160944,1049465,1210409
"1723",2012,"CO","Colorado",5189458,15951,139355,155306
"1724",2012,"CT","Connecticut",3591765,10183,77169,87352
"1725",2012,"DC","District of Columbia",633427,7866,30757,38623
"1726",2012,"DE","Delaware",917053,5048,30707,35755
"1727",2012,"FL","Florida",19320749,94087,632988,727075
"1728",2012,"GA","Georgia",9915646,37675,339473,377148
"1729",2012,"HI","Hawaii",1390090,3378,43419,46797
"1730",2012,"IA","Iowa",3075039,8167,70357,78524
"1731",2012,"ID","Idaho",1595590,3348,31825,35173
"1732",2012,"IL","Illinois",12868192,53556,332706,386262
"1733",2012,"IN","Indiana",6537782,22544,197994,220538
"1734",2012,"KS","Kansas",2885398,10292,91066,101358
"1735",2012,"KY","Kentucky",4379730,9852,112800,122652
"1736",2012,"LA","Louisiana",4602134,22839,162673,185512
"1737",2012,"MA","Massachusetts",6645303,27047,143325,170372
"1738",2012,"MD","Maryland",5884868,28086,162309,190395
"1739",2012,"ME","Maine",1328501,1626,33398,35024
"1740",2012,"MI","Michigan",9882519,44962,249249,294211
"1741",2012,"MN","Minnesota",5379646,12419,138152,150571
"1742",2012,"MO","Missouri",6024522,27189,199813,227002
"1743",2012,"MS","Mississippi",2986450,7769,83933,91702
"1744",2012,"MT","Montana",1005494,2803,26102,28905
"1745",2012,"NC","North Carolina",9748364,34464,328594,363058
"1746",2012,"ND","North Dakota",701345,1723,14297,16020
"1747",2012,"NE","Nebraska",1855350,4802,51203,56005
"1748",2012,"NH","New Hampshire",1321617,2841,32074,34915
"1749",2012,"NJ","New Jersey",8867749,25727,181481,207208
"1750",2012,"NM","New Mexico",2083540,11660,75094,86754
"1751",2012,"NV","Nevada",2754354,16763,77510,94273
"1752",2012,"NY","New York",19576125,79535,375268,454803
"1753",2012,"OH","Ohio",11553031,34827,370435,405262
"1754",2012,"OK","Oklahoma",3815780,18102,130969,149071
"1755",2012,"OR","Oregon",3899801,9638,126417,136055
"1756",2012,"PA","Pennsylvania",12764475,45384,276562,321946
"1757",2012,"RI","Rhode Island",1050304,2657,27039,29696
"1758",2012,"SC","South Carolina",4723417,26474,181049,207523
"1759",2012,"SD","South Dakota",834047,2701,17326,20027
"1760",2012,"TN","Tennessee",6454914,41213,217925,259138
"1761",2012,"TX","Texas",26060796,106475,876459,982934
"1762",2012,"UT","Utah",2854871,5939,86284,92223
"1763",2012,"VA","Virginia",8186628,15676,178434,194110
"1764",2012,"VT","Vermont",625953,891,15653,16544
"1765",2012,"WA","Washington",6895318,20553,254377,274930
"1766",2012,"WI","Wisconsin",5724554,16254,140780,157034
"1767",2012,"WV","West Virginia",1856680,5943,44500,50443
"1768",2012,"WY","Wyoming",576626,1161,13222,14383
"1769",2013,"US","National",316497531,1168298,8651892,9820190
"1770",2013,"AK","Alaska",737259,4709,21211,25920
"1771",2013,"AL","Alabama",4833996,20834,161835,182669
"1772",2013,"AR","Arkansas",2958765,13705,106477,120182
"1773",2013,"AZ","Arizona",6634997,27576,223294,250870
"1774",2013,"CA","California",38431393,154739,1018907,1173646
"1775",2013,"CO","Colorado",5272086,16099,139974,156073
"1776",2013,"CT","Connecticut",3599341,9439,71274,80713
"1777",2013,"DC","District of Columbia",649111,8415,31097,39512
"1778",2013,"DE","Delaware",925240,4633,29001,33634
"1779",2013,"FL","Florida",19600311,91993,607170,699163
"1780",2013,"GA","Georgia",9994759,37519,339808,377327
"1781",2013,"HI","Hawaii",1408987,3585,45266,48851
"1782",2013,"IA","Iowa",3092341,8443,67976,76419
"1783",2013,"ID","Idaho",1612843,3471,30230,33701
"1784",2013,"IL","Illinois",12890552,51956,296048,348004
"1785",2013,"IN","Indiana",6570713,23627,187472,211099
"1786",2013,"KS","Kansas",2895801,9928,85704,95632
"1787",2013,"KY","Kentucky",4399583,9280,104448,113728
"1788",2013,"LA","Louisiana",4629284,24127,165679,189806
"1789",2013,"MA","Massachusetts",6708874,27264,137274,164538
"1790",2013,"MD","Maryland",5938737,28235,157918,186153
"1791",2013,"ME","Maine",1328702,1761,30454,32215
"1792",2013,"MI","Michigan",9898193,44757,230135,274892
"1793",2013,"MN","Minnesota",5422060,12710,131193,143903
"1794",2013,"MO","Missouri",6044917,26216,189655,215871
"1795",2013,"MS","Mississippi",2992206,8303,81548,89851
"1796",2013,"MT","Montana",1014864,2924,26195,29119
"1797",2013,"NC","North Carolina",9848917,33587,305631,339218
"1798",2013,"ND","North Dakota",723857,1979,15356,17335
"1799",2013,"NE","Nebraska",1868969,4949,49197,54146
"1800",2013,"NH","New Hampshire",1322616,2952,30409,33361
"1801",2013,"NJ","New Jersey",8911502,25748,167634,193382
"1802",2013,"NM","New Mexico",2086895,12990,78958,91948
"1803",2013,"NV","Nevada",2791494,16888,79177,96065
"1804",2013,"NY","New York",19695680,77563,358603,436166
"1805",2013,"OH","Ohio",11572005,33722,338414,372136
"1806",2013,"OK","Oklahoma",3853118,17187,126418,143605
"1807",2013,"OR","Oregon",3928068,9536,125083,134619
"1808",2013,"PA","Pennsylvania",12781296,42825,263176,306001
"1809",2013,"RI","Rhode Island",1053354,2710,25741,28451
"1810",2013,"SC","South Carolina",4771929,24263,173261,197524
"1811",2013,"SD","South Dakota",845510,2733,16274,19007
"1812",2013,"TN","Tennessee",6497269,38063,207683,245746
"1813",2013,"TX","Texas",26505637,108757,862289,971046
"1814",2013,"UT","Utah",2902787,6644,88334,94978
"1815",2013,"VA","Virginia",8270345,16355,171558,187913
"1816",2013,"VT","Vermont",626855,775,13882,14657
"1817",2013,"WA","Washington",6973742,20223,259139,279362
"1818",2013,"WI","Wisconsin",5742953,16118,125694,141812
"1819",2013,"WV","West Virginia",1853595,5657,39929,45586
"1820",2013,"WY","Wyoming",583223,1212,12809,14021
"1821",2014,"US","National",318907401,1153022,8209010,9362032
"1822",2014,"AK","Alaska",737046,4684,20334,25018
"1823",2014,"AL","Alabama",4846411,20727,154087,174814
"1824",2014,"AR","Arkansas",2966835,14248,99452,113700
"1825",2014,"AZ","Arizona",6728783,26422,213406,239828
"1826",2014,"CA","California",38792291,153763,947193,1100956
"1827",2014,"CO","Colorado",5355588,16487,135789,152276
"1828",2014,"CT","Connecticut",3594762,8575,69326,77901
"1829",2014,"DC","District of Columbia",659836,8199,34147,42346
"1830",2014,"DE","Delaware",935968,4568,27915,32483
"1831",2014,"FL","Florida",19905569,91345,583774,675119
"1832",2014,"GA","Georgia",10097132,38955,339146,378101
"1833",2014,"HI","Hawaii",1420257,3362,46022,49384
"1834",2014,"IA","Iowa",3109481,8484,65100,73584
"1835",2014,"ID","Idaho",1634806,3439,30440,33879
"1836",2014,"IL","Illinois",12882189,47775,269647,317422
"1837",2014,"IN","Indiana",6597880,24105,174909,199014
"1838",2014,"KS","Kansas",2902507,10235,80029,90264
"1839",2014,"KY","Kentucky",4412617,9495,99909,109404
"1840",2014,"LA","Louisiana",4648990,23983,161192,185175
"1841",2014,"MA","Massachusetts",6755124,26689,125481,152170
"1842",2014,"MD","Maryland",5975346,26767,150390,177157
"1843",2014,"ME","Maine",1330256,1698,26427,28125
"1844",2014,"MI","Michigan",9916306,42555,202692,245247
"1845",2014,"MN","Minnesota",5457125,12505,125377,137882
"1846",2014,"MO","Missouri",6063827,26882,176436,203318
"1847",2014,"MS","Mississippi",2993443,8331,86887,95218
"1848",2014,"MT","Montana",1023252,3361,25525,28886
"1849",2014,"NC","North Carolina",9940387,32718,285498,318216
"1850",2014,"ND","North Dakota",740040,2001,15857,17858
"1851",2014,"NE","Nebraska",1882980,5201,47526,52727
"1852",2014,"NH","New Hampshire",1327996,2625,26098,28723
"1853",2014,"NJ","New Jersey",8938844,23319,154945,178264
"1854",2014,"NM","New Mexico",2085567,12465,73877,86342
"1855",2014,"NV","Nevada",2838281,18043,74574,92617
"1856",2014,"NY","New York",19748858,75972,339113,415085
"1857",2014,"OH","Ohio",11596998,33130,322517,355647
"1858",2014,"OK","Oklahoma",3879610,16052,117445,133497
"1859",2014,"OR","Oregon",3971202,10294,123142,133436
"1860",2014,"PA","Pennsylvania",12793767,40298,246982,287280
"1861",2014,"RI","Rhode Island",1054907,2320,22982,25302
"1862",2014,"SC","South Carolina",4829160,24038,168281,192319
"1863",2014,"SD","South Dakota",853304,2801,16036,18837
"1864",2014,"TN","Tennessee",6547779,39989,200911,240900
"1865",2014,"TX","Texas",26979078,109711,813515,923226
"1866",2014,"UT","Utah",2944498,6464,85473,91937
"1867",2014,"VA","Virginia",8328098,16522,161934,178456
"1868",2014,"VT","Vermont",626767,643,9721,10364
"1869",2014,"WA","Washington",7063166,20185,261257,281442
"1870",2014,"WI","Wisconsin",5759432,16763,120535,137298
"1871",2014,"WV","West Virginia",1848751,5850,38282,44132
"1872",2014,"WY","Wyoming",584304,1142,11477,12619
"1873",2015,"US","National",320896618,1199310,8024115,9223425
"1874",2015,"AK","Alaska",737709,5391,20806,26197
"1875",2015,"AL","Alabama",4853875,22957,144785,167742
"1876",2015,"AR","Arkansas",2977853,15769,97391,113160
"1877",2015,"AZ","Arizona",6817565,27968,207184,235152
"1878",2015,"CA","California",38993940,166883,1024914,1191797
"1879",2015,"CO","Colorado",5448819,17348,144044,161392
"1880",2015,"CT","Connecticut",3584730,7938,65610,73548
"1881",2015,"DC","District of Columbia",670377,8538,31444,39982
"1882",2015,"DE","Delaware",944076,4760,25545,30305
"1883",2015,"FL","Florida",20244914,93625,570270,663895
"1884",2015,"GA","Georgia",10199398,38891,316013,354904
"1885",2015,"HI","Hawaii",1431603,4201,45389,49590
"1886",2015,"IA","Iowa",3121997,8619,64688,73307
"1887",2015,"ID","Idaho",1652828,3593,28912,32505
"1888",2015,"IL","Illinois",12839047,49755,256962,306717
"1889",2015,"IN","Indiana",6612768,25373,171878,197251
"1890",2015,"KS","Kansas",2906721,11483,80059,91542
"1891",2015,"KY","Kentucky",4424611,9887,97545,107432
"1892",2015,"LA","Louisiana",4668960,25202,157708,182910
"1893",2015,"MA","Massachusetts",6784240,26453,114547,141000
"1894",2015,"MD","Maryland",5994983,28185,142547,170732
"1895",2015,"ME","Maine",1329453,1726,24361,26087
"1896",2015,"MI","Michigan",9917715,41712,191191,232903
"1897",2015,"MN","Minnesota",5482435,13319,121984,135303
"1898",2015,"MO","Missouri",6076204,30292,173788,204080
"1899",2015,"MS","Mississippi",2989390,8190,85785,93975
"1900",2015,"MT","Montana",1032073,3647,27276,30923
"1901",2015,"NC","North Carolina",10035186,34734,275915,310649
"1902",2015,"ND","North Dakota",756835,1949,17716,19665
"1903",2015,"NE","Nebraska",1893765,5167,42597,47764
"1904",2015,"NH","New Hampshire",1330111,2692,23453,26145
"1905",2015,"NJ","New Jersey",8935421,22879,145701,168580
"1906",2015,"NM","New Mexico",2080328,13672,77212,90884
"1907",2015,"NV","Nevada",2883758,20118,77137,97255
"1908",2015,"NY","New York",19747183,75126,317225,392351
"1909",2015,"OH","Ohio",11605090,34373,303743,338116
"1910",2015,"OK","Oklahoma",3907414,16746,114055,130801
"1911",2015,"OR","Oregon",4024634,10680,119752,130432
"1912",2015,"PA","Pennsylvania",12791904,40348,231941,272289
"1913",2015,"RI","Rhode Island",1055607,2565,20038,22603
"1914",2015,"SC","South Carolina",4894834,24448,162830,187278
"1915",2015,"SD","South Dakota",857919,3302,16739,20041
"1916",2015,"TN","Tennessee",6595056,40816,196047,236863
"1917",2015,"TX","Texas",27429639,113193,779234,892427
"1918",2015,"UT","Utah",2990632,7138,89797,96935
"1919",2015,"VA","Virginia",8367587,16705,157803,174508
"1920",2015,"VT","Vermont",626088,747,9064,9811
"1921",2015,"WA","Washington",7160290,20505,249474,269979
"1922",2015,"WI","Wisconsin",5767891,17549,114171,131720
"1923",2015,"WV","West Virginia",1841053,6397,38694,45091
"1924",2015,"WY","Wyoming",586555,1300,11151,12451
"1925",2016,"US","National",323405935,1285606,7928530,9214136
"1926",2016,"AK","Alaska",741522,5966,24876,30842
"1927",2016,"AL","Alabama",4860545,25878,143259,169137
"1928",2016,"AR","Arkansas",2988231,16563,98092,114655
"1929",2016,"AZ","Arizona",6908642,32542,207317,239859
"1930",2016,"CA","California",39296476,174796,1002070,1176866
"1931",2016,"CO","Colorado",5530105,19030,152146,171176
"1932",2016,"CT","Connecticut",3587685,8169,64875,73044
"1933",2016,"DC","District of Columbia",684336,8236,32377,40613
"1934",2016,"DE","Delaware",952698,4859,26370,31229
"1935",2016,"FL","Florida",20656589,88700,553812,642512
"1936",2016,"GA","Georgia",10313620,40268,307305,347573
"1937",2016,"HI","Hawaii",1428683,3452,42353,45805
"1938",2016,"IA","Iowa",3130869,9170,65888,75058
"1939",2016,"ID","Idaho",1680026,3876,29357,33233
"1940",2016,"IL","Illinois",12835726,56054,263256,319310
"1941",2016,"IN","Indiana",6634007,26516,168460,194976
"1942",2016,"KS","Kansas",2907731,11665,82293,93958
"1943",2016,"KY","Kentucky",4436113,10452,97713,108165
"1944",2016,"LA","Louisiana",4686157,26477,154511,180988
"1945",2016,"MA","Massachusetts",6823721,25975,106430,132405
"1946",2016,"MD","Maryland",6024752,29019,139716,168735
"1947",2016,"ME","Maine",1330232,1649,21908,23557
"1948",2016,"MI","Michigan",9933445,45782,190249,236031
"1949",2016,"MN","Minnesota",5525050,13365,117723,131088
"1950",2016,"MO","Missouri",6091176,31720,170661,202381
"1951",2016,"MS","Mississippi",2985415,8411,82521,90932
"1952",2016,"MT","Montana",1038656,3886,28156,32042
"1953",2016,"NC","North Carolina",10156689,37767,277765,315532
"1954",2016,"ND","North Dakota",755548,1905,17451,19356
"1955",2016,"NE","Nebraska",1907603,5661,43197,48858
"1956",2016,"NH","New Hampshire",1335015,2668,20323,22991
"1957",2016,"NJ","New Jersey",8978416,21861,138012,159873
"1958",2016,"NM","New Mexico",2085432,14585,81930,96515
"1959",2016,"NV","Nevada",2939254,19924,75922,95846
"1960",2016,"NY","New York",19836286,74315,305224,379539
"1961",2016,"OH","Ohio",11622554,35759,300945,336704
"1962",2016,"OK","Oklahoma",3921207,17855,118010,135865
"1963",2016,"OR","Oregon",4085989,10983,121716,132699
"1964",2016,"PA","Pennsylvania",12787085,40389,222394,262783
"1965",2016,"RI","Rhode Island",1057566,2529,18910,21439
"1966",2016,"SC","South Carolina",4959822,25137,161534,186671
"1967",2016,"SD","South Dakota",861542,3636,17207,20843
"1968",2016,"TN","Tennessee",6649404,42459,191199,233658
"1969",2016,"TX","Texas",27904862,121064,769892,890956
"1970",2016,"UT","Utah",3044321,7406,90561,97967
"1971",2016,"VA","Virginia",8414380,18495,157292,175787
"1972",2016,"VT","Vermont",623354,851,9705,10556
"1973",2016,"WA","Washington",7280934,22101,254994,277095
"1974",2016,"WI","Wisconsin",5772917,17716,111911,129627
"1975",2016,"WV","West Virginia",1828637,6633,37282,43915
"1976",2016,"WY","Wyoming",584910,1431,11460,12891
"1977",2017,"AK","Alaska",739786,6338,26203,32541
"1978",2017,"AL","Alabama",4875120,25469,143774,169243
"1979",2017,"AR","Arkansas",3002997,16996,94419,111415
"1980",2017,"AZ","Arizona",7048876,35647,204999,240646
"1981",2017,"CA","California",39399349,178597,987063,1165660
"1982",2017,"CO","Colorado",5615902,20901,152032,172933
"1983",2017,"CT","Connecticut",3573880,8190,63646,71836
"1984",2017,"DC","District of Columbia",695691,6976,29736,36712
"1985",2017,"DE","Delaware",957078,4377,23430,27807
"1986",2017,"FL","Florida",20976812,85606,527125,612731
"1987",2017,"GA","Georgia",10413055,37118,297651,334769
"1988",2017,"HI","Hawaii",1424203,3577,40392,43969
"1989",2017,"IA","Iowa",3143637,9038,65652,74690
"1990",2017,"ID","Idaho",1718904,4111,28557,32668
"1991",2017,"IL","Illinois",12786196,55777,255108,310885
"1992",2017,"IN","Indiana",6660082,26307,158932,185239
"1993",2017,"KS","Kansas",2910689,11654,79387,91041
"1994",2017,"KY","Kentucky",4453874,10292,95899,106191
"1995",2017,"LA","Louisiana",4670818,25986,157272,183258
"1996",2017,"MA","Massachusetts",6863246,24318,97977,122295
"1997",2017,"MD","Maryland",6024891,30321,134705,165026
"1998",2017,"ME","Maine",1335063,1610,20142,21752
"1999",2017,"MI","Michigan",9976447,44883,179839,224722
"2000",2017,"MN","Minnesota",5568155,13345,122430,135775
"2001",2017,"MO","Missouri",6108612,32450,173380,205830
"2002",2017,"MS","Mississippi",2989663,7661,82764,90425
"2003",2017,"MT","Montana",1053090,3937,27294,31231
"2004",2017,"NC","North Carolina",10270800,38043,265483,303526
"2005",2017,"ND","North Dakota",755176,2133,16653,18786
"2006",2017,"NE","Nebraska",1917575,5979,43856,49835
"2007",2017,"NH","New Hampshire",1349767,2642,18550,21192
"2008",2017,"NJ","New Jersey",8888543,20604,140086,160690
"2009",2017,"NM","New Mexico",2093395,16300,81865,98165
"2010",2017,"NV","Nevada",2972405,16663,78320,94983
"2011",2017,"NY","New York",19590719,70746,293390,364136
"2012",2017,"OH","Ohio",11664129,34621,280557,315178
"2013",2017,"OK","Oklahoma",3932640,17989,113611,131600
"2014",2017,"OR","Oregon",4146592,11629,122524,134153
"2015",2017,"PA","Pennsylvania",12790447,40030,210316,250346
"2016",2017,"RI","Rhode Island",1056486,2474,18585,21059
"2017",2017,"SC","South Carolina",5021219,25412,160368,185780
"2018",2017,"SD","South Dakota",873286,3753,16588,20341
"2019",2017,"TN","Tennessee",6708794,43940,198028,241968
"2020",2017,"TX","Texas",28322717,123984,723143,847127
"2021",2017,"UT","Utah",3103118,7515,86201,93716
"2022",2017,"VA","Virginia",8465207,17811,152515,170326
"2023",2017,"VT","Vermont",624525,1082,9339,10421
"2024",2017,"WA","Washington",7425432,22483,235206,257689
"2025",2017,"WI","Wisconsin",5792051,18638,104908,123546
"2026",2017,"WV","West Virginia",1817048,6564,32560,39124
"2027",2017,"WY","Wyoming",578934,1358,10528,11886
"2028",2018,"AK","Alaska",735139,6555,24345,30900
"2029",2018,"AL","Alabama",4887681,25567,138702,164269
"2030",2018,"AR","Arkansas",3009733,16904,89177,106081
"2031",2018,"AZ","Arizona",7158024,34053,192730,226783
"2032",2018,"CA","California",39461588,176604,941644,1118248
"2033",2018,"CO","Colorado",5691287,22851,154292,177143
"2034",2018,"CT","Connecticut",3571520,7485,59356,66841
"2035",2018,"DC","District of Columbia",701547,6995,30726,37721
"2036",2018,"DE","Delaware",965479,4079,22405,26484
"2037",2018,"FL","Florida",21244317,81980,486017,567997
"2038",2018,"GA","Georgia",10511131,35619,277803,313422
"2039",2018,"HI","Hawaii",1420593,3622,41027,44649
"2040",2018,"IA","Iowa",3148618,8303,57024,65327
"2041",2018,"ID","Idaho",1750536,4196,25822,30018
"2042",2018,"IL","Illinois",12723071,52343,246679,299022
"2043",2018,"IN","Indiana",6695497,25009,146948,171957
"2044",2018,"KS","Kansas",2911359,12861,77449,90310
"2045",2018,"KY","Kentucky",4461153,9719,89235,98954
"2046",2018,"LA","Louisiana",4659690,25314,152996,178310
"2047",2018,"MA","Massachusetts",6882635,23424,87658,111082
"2048",2018,"MD","Maryland",6035802,28330,122945,151275
"2049",2018,"ME","Maine",1339057,1500,18201,19701
"2050",2018,"MI","Michigan",9984072,45176,166186,211362
"2051",2018,"MN","Minnesota",5606249,12403,112186,124589
"2052",2018,"MO","Missouri",6121623,30696,162698,193394
"2053",2018,"MS","Mississippi",2981020,7929,71701,79630
"2054",2018,"MT","Montana",1060665,4040,26787,30827
"2055",2018,"NC","North Carolina",10381615,36980,243323,280303
"2056",2018,"ND","North Dakota",758080,2154,15621,17775
"2057",2018,"NE","Nebraska",1925614,5583,40193,45776
"2058",2018,"NH","New Hampshire",1353465,2404,17201,19605
"2059",2018,"NJ","New Jersey",8886025,18536,125155,143691
"2060",2018,"NM","New Mexico",2092741,17637,70722,88359
"2061",2018,"NV","Nevada",3027341,16715,73998,90713
"2062",2018,"NY","New York",19530351,68512,281543,350055
"2063",2018,"OH","Ohio",11676341,34426,257848,292274
"2064",2018,"OK","Oklahoma",3940235,18701,114395,133096
"2065",2018,"OR","Oregon",4181886,12146,122401,134547
"2066",2018,"PA","Pennsylvania",12800922,39099,190633,229732
"2067",2018,"RI","Rhode Island",1058287,2326,17625,19951
"2068",2018,"SC","South Carolina",5084156,25463,156330,181793
"2069",2018,"SD","South Dakota",878698,3483,15191,18674
"2070",2018,"TN","Tennessee",6771631,42687,192897,235584
"2071",2018,"TX","Texas",28628666,118197,681143,799340
"2072",2018,"UT","Utah",3153550,7551,76294,83845
"2073",2018,"VA","Virginia",8501286,17357,142931,160288
"2074",2018,"VT","Vermont",624358,1155,8211,9366
"2075",2018,"WA","Washington",7523869,23719,223256,246975
"2076",2018,"WI","Wisconsin",5807406,17365,91238,108603
"2077",2018,"WV","West Virginia",1804291,5411,27888,33299
"2078",2018,"WY","Wyoming",577601,1235,10308,11543
"2079",2019,"AK","Alaska",733603,6346,21293,27639
"2080",2019,"AL","Alabama",4907965,24769,128726,153495
"2081",2019,"AR","Arkansas",3020985,17547,86029,103576
"2082",2019,"AZ","Arizona",7291843,32603,177628,210231
"2083",2019,"CA","California",39437610,174341,921177,1095518
"2084",2019,"CO","Colorado",5758486,22149,150564,172713
"2085",2019,"CT","Connecticut",3566022,6583,51076,57659
"2086",2019,"DC","District of Columbia",708253,7403,30819,38222
"2087",2019,"DE","Delaware",976668,4128,21932,26060
"2088",2019,"FL","Florida",21492056,81291,460966,542257
"2089",2019,"GA","Georgia",10628020,34666,294817,329483
"2090",2019,"HI","Hawaii",1415615,3745,40617,44362
"2091",2019,"IA","Iowa",3159596,9086,58446,67532
"2092",2019,"ID","Idaho",1789060,4162,22244,26406
"2093",2019,"IL","Illinois",12667017,52601,235033,287634
"2094",2019,"IN","Indiana",6731010,25006,131097,156103
"2095",2019,"KS","Kansas",2912635,11811,66306,78117
"2096",2019,"KY","Kentucky",4472345,9872,85387,95259
"2097",2019,"LA","Louisiana",4658285,26072,148429,174501
"2098",2019,"MA","Massachusetts",6894883,22662,81399,104061
"2099",2019,"MD","Maryland",6054954,27511,118091,145602
"2100",2019,"ME","Maine",1345770,1562,16791,18353
"2101",2019,"MI","Michigan",9984795,43793,158317,202110
"2102",2019,"MN","Minnesota",5640053,13395,117971,131366
"2103",2019,"MO","Missouri",6140475,30680,163223,193903
"2104",2019,"MS","Mississippi",2978227,7779,69727,77506
"2105",2019,"MT","Montana",1070123,4472,23929,28401
"2106",2019,"NC","North Carolina",10501384,39773,251135,290908
"2107",2019,"ND","North Dakota",763724,2302,15270,17572
"2108",2019,"NE","Nebraska",1932571,5887,39553,45440
"2109",2019,"NH","New Hampshire",1360783,2152,16552,18704
"2110",2019,"NJ","New Jersey",8891258,18382,118637,137019
"2111",2019,"NM","New Mexico",2099634,17302,66744,84046
"2112",2019,"NV","Nevada",3090771,15334,72028,87362
"2113",2019,"NY","New York",19463131,70260,269787,340047
"2114",2019,"OH","Ohio",11696507,34618,240540,275158
"2115",2019,"OK","Oklahoma",3960676,17279,113504,130783
"2116",2019,"OR","Oregon",4216116,12382,117567,129949
"2117",2019,"PA","Pennsylvania",12798883,39160,179670,218830
"2118",2019,"RI","Rhode Island",1058158,2357,16312,18669
"2119",2019,"SC","South Carolina",5157702,26307,151970,178277
"2120",2019,"SD","South Dakota",887127,3523,15686,19209
"2121",2019,"TN","Tennessee",6830325,40908,181801,222709
"2122",2019,"TX","Texas",28986794,122263,697305,819568
"2123",2019,"UT","Utah",3203383,7588,69469,77057
"2124",2019,"VA","Virginia",8556642,17916,140944,158860
"2125",2019,"VT","Vermont",624046,1293,8968,10261
"2126",2019,"WA","Washington",7614024,23095,207539,230634
"2127",2019,"WI","Wisconsin",5824581,17305,85796,103101
"2128",2019,"WV","West Virginia",1795263,5725,27327,33052
"2129",2019,"WY","Wyoming",580116,1247,9097,10344
"2130",2020,"AK","Alaska",731158,6126,16528,22654
"2131",2020,"AL","Alabama",4921532,22322,105161,127483
"2132",2020,"AR","Arkansas",3030522,20363,79200,99563
"2133",2020,"AZ","Arizona",7421401,35980,165323,201303
"2134",2020,"CA","California",39368078,174026,842054,1016080
"2135",2020,"CO","Colorado",5807719,24570,164582,189152
"2136",2020,"CT","Connecticut",3557006,6459,55670,62129
"2137",2020,"DC","District of Columbia",712816,7127,24899,32026
"2138",2020,"DE","Delaware",986809,4262,19355,23617
"2139",2020,"FL","Florida",21733312,83368,384556,467924
"2140",2020,"GA","Georgia",10710017,42850,214988,257838
"2141",2020,"HI","Hawaii",1407006,3576,33928,37504
"2142",2020,"IA","Iowa",3163561,9601,53725,63326
"2143",2020,"ID","Idaho",1826913,4432,20313,24745
"2144",2020,"IL","Illinois",12587530,53612,196287,249899
"2145",2020,"IN","Indiana",6754953,24161,120453,144614
"2146",2020,"KS","Kansas",2913805,12385,64077,76462
"2147",2020,"KY","Kentucky",4477251,11600,79673,91273
"2148",2020,"LA","Louisiana",4645318,29704,133989,163693
"2149",2020,"MA","Massachusetts",6893574,21288,72602,93890
"2150",2020,"MD","Maryland",6055802,24215,97487,121702
"2151",2020,"ME","Maine",1350141,1466,15610,17076
"2152",2020,"MI","Michigan",9966555,47641,135633,183274
"2153",2020,"MN","Minnesota",5657342,15698,120212,135910
"2154",2020,"MO","Missouri",6151548,33385,155698,189083
"2155",2020,"MS","Mississippi",2966786,8638,62351,70989
"2156",2020,"MT","Montana",1080577,5077,22917,27994
"2157",2020,"NC","North Carolina",10600823,44451,236026,280477
"2158",2020,"ND","North Dakota",765309,2518,16256,18774
"2159",2020,"NE","Nebraska",1937552,6473,36991,43464
"2160",2020,"NH","New Hampshire",1366275,2000,15014,17014
"2161",2020,"NJ","New Jersey",8882371,17353,102875,120228
"2162",2020,"NM","New Mexico",2106319,16393,59859,76252
"2163",2020,"NV","Nevada",3138259,14445,60462,74907
"2164",2020,"NY","New York",19336776,70339,272788,343127
"2165",2020,"OH","Ohio",11693217,36104,216363,252467
"2166",2020,"OK","Oklahoma",3980783,18255,107705,125960
"2167",2020,"OR","Oregon",4241507,12380,112782,125162
"2168",2020,"PA","Pennsylvania",12783254,49793,210167,259960
"2169",2020,"RI","Rhode Island",1057125,2440,13166,15606
"2170",2020,"SC","South Carolina",5218040,27691,141987,169678
"2171",2020,"SD","South Dakota",892717,4476,17468,21944
"2172",2020,"TN","Tennessee",6886834,46328,171675,218003
"2173",2020,"TX","Texas",29360759,131084,659160,790244
"2174",2020,"UT","Utah",3249879,8471,80091,88562
"2175",2020,"VA","Virginia",8590563,17925,125114,143039
"2176",2020,"VT","Vermont",623347,1081,7586,8667
"2177",2020,"WA","Washington",7693612,22596,210223,232819
"2178",2020,"WI","Wisconsin",5832655,18861,86654,105515
"2179",2020,"WV","West Virginia",1784787,6352,24976,31328
"2180",2020,"WY","Wyoming",582328,1364,9379,10743
"2181",2021,"US","United States Total",332031554,1284885,6083874,7368759
"2182",2021,"AK","Alaska",734182,5573,13456,19029
"2183",2021,"AL","Alabama",5049846,17590,74271,91861
"2184",2021,"AR","Arkansas",3028122,21271,76580,97851
"2185",2021,"AZ","Arizona",7264877,30922,153641,184563
"2186",2021,"CA","California",39142991,188343,847567,1035910
"2187",2021,"CO","Colorado",5811297,27916,182850,210766
"2188",2021,"CT","Connecticut",3623355,6109,55018,61127
"2189",2021,"DC","District of Columbia",668791,6362,27669,34031
"2190",2021,"DE","Delaware",1004807,4212,18904,23116
"2191",2021,"FL","Florida",21828069,73632,331252,404884
"2192",2021,"GA","Georgia",10788029,37741,172761,210502
"2193",2021,"HI","Hawaii",1447154,3965,36660,40625
"2194",2021,"IA","Iowa",3197689,9434,48232,57666
"2195",2021,"ID","Idaho",1904314,4585,18371,22956
"2196",2021,"IL","Illinois",12686469,43739,176763,220502
"2197",2021,"IN","Indiana",6813532,22661,105814,128475
"2198",2021,"KS","Kansas",2937922,13071,66020,79091
"2199",2021,"KY","Kentucky",4506589,12121,73175,85296
"2200",2021,"LA","Louisiana",4627098,30666,117013,147679
"2201",2021,"MA","Massachusetts",6989690,21043,69918,90961
"2202",2021,"MD","Maryland",6174610,26866,93975,120841
"2203",2021,"ME","Maine",1377238,1555,15621,17176
"2204",2021,"MI","Michigan",10037504,49295,137199,186494
"2205",2021,"MN","Minnesota",5711471,17643,116831,134474
"2206",2021,"MO","Missouri",6169823,32348,144792,177140
"2207",2021,"MS","Mississippi",2949586,7532,54873,62405
"2208",2021,"MT","Montana",1106227,5197,22449,27646
"2209",2021,"NC","North Carolina",10565885,44328,220527,264855
"2210",2021,"ND","North Dakota",777934,2150,16685,18835
"2211",2021,"NE","Nebraska",1963554,5831,35709,41540
"2212",2021,"NH","New Hampshire",1387505,1800,14396,16196
"2213",2021,"NJ","New Jersey",9267961,17003,102821,119824
"2214",2021,"NM","New Mexico",2116677,17374,58682,76056
"2215",2021,"NV","Nevada",3146402,13592,70236,83828
"2216",2021,"NY","New York",19857492,61227,208058,269285
"2217",2021,"OH","Ohio",11764342,37341,202361,239702
"2218",2021,"OK","Oklahoma",3991225,17483,104908,122391
"2219",2021,"OR","Oregon",4256301,14526,114532,129058
"2220",2021,"PA","Pennsylvania",13012059,36664,162165,198829
"2221",2021,"RI","Rhode Island",1096985,2199,13474,15673
"2222",2021,"SC","South Carolina",5193266,26685,129509,156194
"2223",2021,"SD","South Dakota",896164,3511,15038,18549
"2224",2021,"TN","Tennessee",6968351,46813,157193,204006
"2225",2021,"TX","Texas",29558864,133909,642003,775912
"2226",2021,"UT","Utah",3339113,8653,70096,78749
"2227",2021,"VA","Virginia",8657365,19526,125478,145004
"2228",2021,"VT","Vermont",646972,1255,8953,10208
"2229",2021,"WA","Washington",7740745,25987,234972,260959
"2230",2021,"WI","Wisconsin",5880101,19134,90409,109543
"2231",2021,"WV","West Virginia",1785526,5205,24225,29430
"2232",2021,"WY","Wyoming",579483,1297,9769,11066
"2233",2022,"US","United States Total",333287557,1295605,6578281,7873886
"2234",2022,"AL","Alabama",5074296,22232,93113,115345
"2235",2022,"AK","Alaska",733583,5627,13311,18938
"2236",2022,"AZ","Arizona",7359197,32835,151613,184448
"2237",2022,"AR","Arkansas",3045637,19895,75176,95071
"2238",2022,"CA","California",39029342,196537,921693,1118230
"2239",2022,"CO","Colorado",5839926,29221,185350,214571
"2240",2022,"CT","Connecticut",3626205,5569,54671,60240
"2241",2022,"DE","Delaware",1018396,3996,20201,24197
"2242",2022,"DC","District of Columbia",671803,5478,24023,29501
"2243",2022,"FL","Florida",22244823,65158,357443,422601
"2244",2022,"GA","Georgia",10912876,40513,186463,226976
"2245",2022,"HI","Hawaii",1440196,3978,35742,39720
"2246",2022,"ID","Idaho",1939033,4823,18250,23073
"2247",2022,"IL","Illinois",12582032,36555,212960,249515
"2248",2022,"IN","Indiana",6833037,21273,103912,125185
"2249",2022,"IA","Iowa",3200517,9305,44864,54169
"2250",2022,"KS","Kansas",2937150,13125,62322,75447
"2251",2022,"KY","Kentucky",4512310,9924,67055,76979
"2252",2022,"LA","Louisiana",4590241,29364,126655,156019
"2253",2022,"ME","Maine",1385340,1462,16922,18384
"2254",2022,"MD","Maryland",6164660,26171,105629,131800
"2255",2022,"MA","Massachusetts",6981974,22636,75041,97677
"2256",2022,"MI","Michigan",10034113,46489,155469,201958
"2257",2022,"MN","Minnesota",5717184,16195,113019,129214
"2258",2022,"MS","Mississippi",2940057,7172,51147,58319
"2259",2022,"MO","Missouri",6177957,30541,146445,176986
"2260",2022,"MT","Montana",1122867,4816,21841,26657
"2261",2022,"NE","Nebraska",1967923,5602,37263,42865
"2262",2022,"NV","Nevada",3177772,14597,76224,90821
"2263",2022,"NH","New Hampshire",1395231,1794,14410,16204
"2264",2022,"NJ","New Jersey",9261699,20185,133241,153426
"2265",2022,"NM","New Mexico",2113344,16416,62897,79313
"2266",2022,"NY","New York",19677151,84499,338321,422820
"2267",2022,"NC","North Carolina",10698973,43361,221436,264797
"2268",2022,"NC","North Dakota",779261,2226,15646,17872
"2269",2022,"OH","Ohio",11756058,35038,212398,247436
"2270",2022,"OK","Oklahoma",4019800,17166,94513,111679
"2271",2022,"OR","Oregon",4240137,14815,125097,139912
"2272",2022,"PA","Pennsylvania",12972008,37258,195015,232273
"2273",2022,"RI","Rhode Island",1093734,1897,14074,15971
"2274",2022,"SC","South Carolina",5282634,26361,123172,149533
"2275",2022,"SD","South Dakota",909824,3448,15809,19257
"2276",2022,"TN","Tennessee",7051339,44944,164387,209331
"2277",2022,"TX","Texas",30029572,131000,693451,824451
"2278",2022,"UT","Utah",3380800,8244,64370,72614
"2279",2022,"VT","Vermont",647064,1446,10989,12435
"2280",2022,"VA","Virginia",8683619,20624,148845,169469
"2281",2022,"WA","Washington",7785786,29504,262437,291941
"2282",2022,"WV","West Virginia",1775156,5213,23663,28876
"2283",2022,"WI","Wisconsin",5892539,17889,80703,98592
"2284",2022,"WY","Wyoming",581381,1188,9590,10778
"2285",2023,"US","United States Total",336806231,1278301,6514295,7792596
"2286",2023,"AL","Alabama",5117673,21352,95542,116894
"2287",2023,"AK","Alaska",736510,5403,13858,19261
"2288",2023,"AZ","Arizona",7473027,32415,143974,176389
"2289",2023,"AR","Arkansas",3069463,19132,68654,87786
"2290",2023,"CA","California",39198693,198715,911797,1110512
"2291",2023,"CO","Colorado",5901339,28633,172509,201142
"2292",2023,"CT","Connecticut",3643023,5552,56993,62545
"2293",2023,"DE","Delaware",1036423,4084,20068,24152
"2294",2023,"DC","District of Columbia",687324,7846,29296,37142
"2295",2023,"FL","Florida",22904868,67048,346059,413107
"2296",2023,"GA","Georgia",11064432,40607,207769,248376
"2297",2023,"HI","Hawaii",1441387,3345,30882,34227
"2298",2023,"ID","Idaho",1971122,4738,16139,20877
"2299",2023,"IL","Illinois",12642259,39022,215682,254704
"2300",2023,"IN","Indiana",6880131,23514,105802,129316
"2301",2023,"IA","Iowa",3218414,8807,46157,54964
"2302",2023,"KS","Kansas",2951500,13831,68982,82813
"2303",2023,"KY","Kentucky",4550595,10431,70974,81405
"2304",2023,"LA","Louisiana",4588071,25788,119435,145223
"2305",2023,"ME","Maine",1399646,1453,15798,17251
"2306",2023,"MD","Maryland",6217062,27371,133482,160853
"2307",2023,"MA","Massachusetts",7066568,22675,79095,101770
"2308",2023,"MI","Michigan",10083356,46461,157244,203705
"2309",2023,"MN","Minnesota",5753048,15126,98198,113324
"2310",2023,"MS","Mississippi",2943172,5941,46639,52580
"2311",2023,"MO","Missouri",6208038,29239,133972,163211
"2312",2023,"MT","Montana",1131302,5076,20855,25931
"2313",2023,"NE","Nebraska",1987864,4625,39275,43900
"2314",2023,"NV","Nevada",3214363,13941,81631,95572
"2315",2023,"NH","New Hampshire",1402199,1613,12788,14401
"2316",2023,"NJ","New Jersey",9379642,21136,143279,164415
"2317",2023,"NM","New Mexico",2121164,15843,61007,76850
"2318",2023,"NY","New York",19737367,77199,355852,433051
"2319",2023,"NC","North Carolina",10881189,42815,225319,268134
"2320",2023,"ND","North Dakota",789047,2208,15342,17550
"2321",2023,"OH","Ohio",11824034,35626,206514,242140
"2322",2023,"OK","Oklahoma",4063882,16996,87749,104745
"2323",2023,"OR","Oregon",4253653,14124,110677,124801
"2324",2023,"PA","Pennsylvania",13017721,34871,203662,238533
"2325",2023,"RI","Rhode Island",1103429,1848,12303,14151
"2326",2023,"SC","South Carolina",5387830,25705,119846,145551
"2327",2023,"SD","South Dakota",918305,3234,14903,18137
"2328",2023,"TN","Tennessee",7148304,45497,169654,215151
"2329",2023,"TX","Texas",30727890,125145,685014,810159
"2330",2023,"UT","Utah",3443222,7968,55726,63694
"2331",2023,"VT","Vermont",648708,1401,11790,13191
"2332",2023,"VA","Virginia",8734685,21101,145881,166982
"2333",2023,"WA","Washington",7857320,28231,227166,255397
"2334",2023,"WV","West Virginia",1770495,4761,21042,25803
"2335",2023,"WI","Wisconsin",5930405,17675,73391,91066
"2336",2023,"WY","Wyoming",585067,1133,8629,9762
"2337",2024,"US","United States Total",340110988,1221345,5986400,7207745
"2338",2024,"AL","Alabama",5157699,18561,80721,99282
"2339",2024,"AK","Alaska",740133,5359,12665,18024
"2340",2024,"AZ","Arizona",7582384,31991,135883,167874
"2341",2024,"AR","Arkansas",3088354,17893,59591,77484
"2342",2024,"CA","California",39431263,191641,819559,1011200
"2343",2024,"CO","Colorado",5957493,28378,154466,182844
"2344",2024,"CT","Connecticut",3675069,4998,50205,55203
"2345",2024,"DE","Delaware",1051917,3795,18364,22159
"2346",2024,"DC","District of Columbia",702250,7061,25937,32998
"2347",2024,"FL","Florida",23372215,62423,331980,394403
"2348",2024,"GA","Georgia",11180878,36420,187263,223683
"2349",2024,"HI","Hawaii",1446146,3148,28154,31302
"2350",2024,"ID","Idaho",2001619,4616,14737,19353
"2351",2024,"IL","Illinois",12710158,36756,218004,254760
"2352",2024,"IN","Indiana",6924275,21669,95457,117126
"2353",2024,"IA","Iowa",3241488,7885,42034,49919
"2354",2024,"KS","Kansas",2970606,13033,58116,71149
"2355",2024,"KY","Kentucky",4588372,9779,61938,71717
"2356",2024,"LA","Louisiana",4597740,23900,105583,129483
"2357",2024,"ME","Maine",1405012,1406,16047,17453
"2358",2024,"MD","Maryland",6263220,26330,128369,154699
"2359",2024,"MA","Massachusetts",7136171,22457,79362,101819
"2360",2024,"MI","Michigan",10140459,44043,139823,183866
"2361",2024,"MN","Minnesota",5793151,14868,93054,107922
"2362",2024,"MS","Mississippi",2943045,6194,40115,46309
"2363",2024,"MO","Missouri",6245466,28857,121238,150095
"2364",2024,"MT","Montana",1137233,4816,18392,23208
"2365",2024,"NE","Nebraska",2005465,4423,32622,37045
"2366",2024,"NV","Nevada",3267467,13135,71786,84921
"2367",2024,"NH","New Hampshire",1409032,1551,12935,14486
"2368",2024,"NJ","New Jersey",9500851,20684,135610,156294
"2369",2024,"NM","New Mexico",2130256,15276,58605,73881
"2370",2024,"NY","New York",19867248,75528,341627,417155
"2371",2024,"NC","North Carolina",11046024,41511,217402,258913
"2372",2024,"ND","North Dakota",796568,2026,13399,15425
"2373",2024,"OH","Ohio",11883304,34898,184339,219237
"2374",2024,"OK","Oklahoma",4095393,17316,80996,98312
"2375",2024,"OR","Oregon",4272371,14143,102026,116169
"2376",2024,"PA","Pennsylvania",13078751,32123,187680,219803
"2377",2024,"RI","Rhode Island",1112308,1708,11483,13191
"2378",2024,"SC","South Carolina",5478831,23927,107701,131628
"2379",2024,"SD","South Dakota",924669,3350,14665,18015
"2380",2024,"TN","Tennessee",7227750,42807,146876,189683
"2381",2024,"TX","Texas",31290831,121845,638482,760327
"2382",2024,"UT","Utah",3503613,8045,49361,57406
"2383",2024,"VT","Vermont",648493,1421,10554,11975
"2384",2024,"VA","Virginia",8811195,19200,138307,157507
"2385",2024,"WA","Washington",7958180,25950,196288,222238
"2386",2024,"WV","West Virginia",1769979,4404,20566,24970
"2387",2024,"WI","Wisconsin",5960975,16602,68794,85396
"2388",2024,"WY","Wyoming",587618,1195,7239,8434
