"","year","state","state_name","race_pct","race_count"
"1",1980,"AL","Alabama",0.320214719027141,32021.4719027141
"2",1980,"AK","Alaska",0.224880033512156,22488.0033512156
"3",1980,"AZ","Arizona",0.0481020654248747,4810.20654248747
"4",1980,"AR","Arkansas",0.166850876978512,16685.0876978512
"5",1980,"CA","California",0.141304339691994,14130.4339691994
"6",1980,"CO","Colorado",0.0455047936052822,4550.47936052822
"7",1980,"CT","Connecticut",0.0747630333269586,7476.30333269586
"8",1980,"DE","Delaware",0.183644004584212,18364.4004584212
"9",1980,"DC","District of Columbia",0.705592312305404,70559.2312305404
"10",1980,"FL","Florida",0.184574946001635,18457.4946001635
"11",1980,"GA","Georgia",0.204550144058236,20455.0144058236
"12",1980,"HI","Hawaii",0.654601104374944,65460.1104374944
"13",1980,"ID","Idaho",0.0126224044788151,1262.24044788151
"14",1980,"IL","Illinois",0.168081989215822,16808.1989215822
"15",1980,"IN","Indiana",0.0842512544061898,8425.12544061898
"16",1980,"IA","Iowa",0.0230644405508038,2306.44405508038
"17",1980,"KS","Kansas",0.0714366447402484,7143.66447402484
"18",1980,"KY","Kentucky",0.0754781198365559,7547.81198365559
"19",1980,"LA","Louisiana",0.288974186566457,28897.4186566457
"20",1980,"ME","Maine",0.0132189261810679,1321.89261810679
"21",1980,"MD","Maryland",0.239538504191632,23953.8504191632
"22",1980,"MA","Massachusetts",0.0505390270684253,5053.90270684253
"23",1980,"MI","Michigan",0.144923808044113,14492.3808044113
"24",1980,"MN","Minnesota",0.02111874868088,2111.874868088
"25",1980,"MS","Mississippi",0.314110713310408,31411.0713310408
"26",1980,"MO","Missouri",0.120834875482302,12083.4875482302
"27",1980,"MT","Montana",0.0558008294183098,5580.08294183098
"28",1980,"NE","Nebraska",0.0399784535487637,3997.84535487637
"29",1980,"NV","Nevada",0.0869268190122414,8692.68190122414
"30",1980,"NH","New Hampshire",0.00983080205538621,983.080205538621
"31",1980,"NJ","New Jersey",0.129657482470971,12965.7482470971
"32",1980,"NM","New Mexico",0.0953710913457255,9537.10913457255
"33",1980,"NY","New York",0.159374864963753,15937.4864963753
"34",1980,"NC","North Carolina",0.227073819887086,22707.3819887086
"35",1980,"ND","North Dakota",0.0365648850949307,3656.48850949307
"36",1980,"OH","Ohio",0.0942090282069365,9420.90282069365
"37",1980,"OK","Oklahoma",0.125085538759251,12508.5538759251
"38",1980,"OR","Oregon",0.0483233142959671,4832.33142959671
"39",1980,"PA","Pennsylvania",0.0989084474728844,9890.84474728843
"40",1980,"RI","Rhode Island",0.0397259388649823,3972.59388649823
"41",1980,"SC","South Carolina",0.308383353282802,30838.3353282802
"42",1980,"SD","South Dakota",0.0640874604553643,6408.74604553643
"43",1980,"TN","Tennessee",0.154753006160054,15475.3006160054
"44",1980,"TX","Texas",0.123769124842214,12376.9124842214
"45",1980,"UT","Utah",0.0226568944277256,2265.68944277256
"46",1980,"VT","Vermont",0.00549700567085301,549.700567085301
"47",1980,"VA","Virginia",0.188563344590222,18856.3344590222
"48",1980,"WA","Washington",0.0713970398195025,7139.70398195025
"49",1980,"WV","West Virginia",0.0310223505165501,3102.23505165501
"50",1980,"WI","Wisconsin",0.048074816461353,4807.4816461353
"51",1980,"WY","Wyoming",0.0240299187211725,2402.99187211725
"52",1981,"AL","Alabama",0.282153904783946,28215.3904783946
"53",1981,"AK","Alaska",0.239244324981149,23924.4324981149
"54",1981,"AZ","Arizona",0.0532689360114524,5326.89360114524
"55",1981,"AR","Arkansas",0.15588678412313,15588.678412313
"56",1981,"CA","California",0.160562615220312,16056.2615220312
"57",1981,"CO","Colorado",0.0512876162636312,5128.76162636312
"58",1981,"CT","Connecticut",0.0731523523017012,7315.23523017012
"59",1981,"DE","Delaware",0.159741547361621,15974.1547361621
"60",1981,"DC","District of Columbia",0.745258040356302,74525.8040356303
"61",1981,"FL","Florida",0.180615170023165,18061.5170023165
"62",1981,"GA","Georgia",0.213540242775897,21354.0242775897
"63",1981,"HI","Hawaii",0.693357784675765,69335.7784675765
"64",1981,"ID","Idaho",0.010951844425938,1095.1844425938
"65",1981,"IL","Illinois",0.166604808118421,16660.4808118421
"66",1981,"IN","Indiana",0.0795362923834495,7953.62923834495
"67",1981,"IA","Iowa",0.0296567891227775,2965.67891227775
"68",1981,"KS","Kansas",0.0775025857669225,7750.25857669225
"69",1981,"KY","Kentucky",0.0734744274328324,7347.44274328324
"70",1981,"LA","Louisiana",0.28961747231758,28961.747231758
"71",1981,"ME","Maine",0.0106068654076685,1060.68654076685
"72",1981,"MD","Maryland",0.234165652145935,23416.5652145935
"73",1981,"MA","Massachusetts",0.0522185734377834,5221.85734377834
"74",1981,"MI","Michigan",0.141370728869922,14137.0728869922
"75",1981,"MN","Minnesota",0.0358237950739333,3582.37950739333
"76",1981,"MS","Mississippi",0.331061723122304,33106.1723122304
"77",1981,"MO","Missouri",0.11302340386599,11302.340386599
"78",1981,"MT","Montana",0.0461824569334856,4618.24569334856
"79",1981,"NE","Nebraska",0.0501821685762391,5018.21685762391
"80",1981,"NV","Nevada",0.108545240568409,10854.5240568409
"81",1981,"NH","New Hampshire",0.00930447979336674,930.447979336675
"82",1981,"NJ","New Jersey",0.130791295941954,13079.1295941954
"83",1981,"NM","New Mexico",0.154492439902991,15449.2439902991
"84",1981,"NY","New York",0.162837883385608,16283.7883385608
"85",1981,"NC","North Carolina",0.229270919030478,22927.0919030478
"86",1981,"ND","North Dakota",0.0377284125590037,3772.84125590037
"87",1981,"OH","Ohio",0.110957003610662,11095.7003610662
"88",1981,"OK","Oklahoma",0.130190683365851,13019.0683365851
"89",1981,"OR","Oregon",0.0467661419220578,4676.61419220578
"90",1981,"PA","Pennsylvania",0.0985113321732185,9851.13321732185
"91",1981,"RI","Rhode Island",0.0364869265897817,3648.69265897817
"92",1981,"SC","South Carolina",0.329385121909848,32938.5121909848
"93",1981,"SD","South Dakota",0.0813564340931441,8135.64340931441
"94",1981,"TN","Tennessee",0.178850664893327,17885.0664893327
"95",1981,"TX","Texas",0.132822345447296,13282.2345447296
"96",1981,"UT","Utah",0.0274652640144227,2746.52640144227
"97",1981,"VT","Vermont",0.00556881906460955,556.881906460954
"98",1981,"VA","Virginia",0.206433475344221,20643.3475344221
"99",1981,"WA","Washington",0.0801706792683121,8017.06792683121
"100",1981,"WV","West Virginia",0.0251124792170336,2511.24792170336
"101",1981,"WI","Wisconsin",0.0452865245186155,4528.65245186155
"102",1981,"WY","Wyoming",0.0265392747300176,2653.92747300176
"103",1982,"AL","Alabama",0.247899663962911,24789.9663962911
"104",1982,"AK","Alaska",0.224171725941176,22417.1725941176
"105",1982,"AZ","Arizona",0.0483908164683131,4839.08164683131
"106",1982,"AR","Arkansas",0.185644773136222,18564.4773136222
"107",1982,"CA","California",0.158010491713808,15801.0491713808
"108",1982,"CO","Colorado",0.0466917559493251,4669.17559493252
"109",1982,"CT","Connecticut",0.0681675023611336,6816.75023611336
"110",1982,"DE","Delaware",0.177201954781499,17720.1954781499
"111",1982,"DC","District of Columbia",0.726402638572791,72640.2638572791
"112",1982,"FL","Florida",0.179842661687189,17984.2661687189
"113",1982,"GA","Georgia",0.229318916447644,22931.8916447644
"114",1982,"HI","Hawaii",0.700764985795137,70076.4985795137
"115",1982,"ID","Idaho",0.0161592680903847,1615.92680903847
"116",1982,"IL","Illinois",0.169998328686363,16999.8328686363
"117",1982,"IN","Indiana",0.0829689595317438,8296.89595317438
"118",1982,"IA","Iowa",0.0297037728395581,2970.37728395581
"119",1982,"KS","Kansas",0.0724478843497265,7244.78843497265
"120",1982,"KY","Kentucky",0.0689690254524901,6896.90254524901
"121",1982,"LA","Louisiana",0.320811467888052,32081.1467888052
"122",1982,"ME","Maine",0.0109955118451218,1099.55118451218
"123",1982,"MD","Maryland",0.227105784046902,22710.5784046902
"124",1982,"MA","Massachusetts",0.045687189553337,4568.7189553337
"125",1982,"MI","Michigan",0.14189754457944,14189.754457944
"126",1982,"MN","Minnesota",0.0231505192713424,2315.05192713424
"127",1982,"MS","Mississippi",0.359205553241679,35920.5553241679
"128",1982,"MO","Missouri",0.10823087665693,10823.087665693
"129",1982,"MT","Montana",0.0619984743066231,6199.84743066231
"130",1982,"NE","Nebraska",0.0345063276199512,3450.63276199512
"131",1982,"NV","Nevada",0.101198633693147,10119.8633693147
"132",1982,"NH","New Hampshire",0.00760941673020196,760.941673020196
"133",1982,"NJ","New Jersey",0.144050438018831,14405.0438018831
"134",1982,"NM","New Mexico",0.161312489332886,16131.2489332886
"135",1982,"NY","New York",0.164516116233204,16451.6116233204
"136",1982,"NC","North Carolina",0.224420073836853,22442.0073836853
"137",1982,"ND","North Dakota",0.0367703359231671,3677.03359231671
"138",1982,"OH","Ohio",0.116450754936989,11645.0754936989
"139",1982,"OK","Oklahoma",0.100118955868048,10011.8955868048
"140",1982,"OR","Oregon",0.0657824628105292,6578.24628105292
"141",1982,"PA","Pennsylvania",0.10499647996518,10499.647996518
"142",1982,"RI","Rhode Island",0.0460374322890762,4603.74322890762
"143",1982,"SC","South Carolina",0.323850049020303,32385.0049020303
"144",1982,"SD","South Dakota",0.0728154258962727,7281.54258962727
"145",1982,"TN","Tennessee",0.215824508196168,21582.4508196168
"146",1982,"TX","Texas",0.127686587643454,12768.6587643454
"147",1982,"UT","Utah",0.0265260588177674,2652.60588177674
"148",1982,"VT","Vermont",0.00520775507426562,520.775507426562
"149",1982,"VA","Virginia",0.204577440617057,20457.7440617057
"150",1982,"WA","Washington",0.0772523619995471,7725.23619995471
"151",1982,"WV","West Virginia",0.0277197944145806,2771.97944145806
"152",1982,"WI","Wisconsin",0.0477238512812591,4772.38512812591
"153",1982,"WY","Wyoming",0.0256817748408066,2568.17748408066
"154",1983,"AL","Alabama",0.23403882319669,23403.882319669
"155",1983,"AK","Alaska",0.24011410584983,24011.410584983
"156",1983,"AZ","Arizona",0.0582707893253556,5827.07893253556
"157",1983,"AR","Arkansas",0.19470085200174,19470.085200174
"158",1983,"CA","California",0.166837490703319,16683.7490703319
"159",1983,"CO","Colorado",0.0591426695083267,5914.26695083267
"160",1983,"CT","Connecticut",0.102244645331625,10224.4645331625
"161",1983,"DE","Delaware",0.189248762555197,18924.8762555197
"162",1983,"DC","District of Columbia",0.72033226988636,72033.226988636
"163",1983,"FL","Florida",0.163424465111636,16342.4465111636
"164",1983,"GA","Georgia",0.26031877192715,26031.877192715
"165",1983,"HI","Hawaii",0.677778443856272,67777.8443856272
"166",1983,"ID","Idaho",0.0238353272715934,2383.53272715934
"167",1983,"IL","Illinois",0.15962549871633,15962.549871633
"168",1983,"IN","Indiana",0.0868017865684957,8680.17865684957
"169",1983,"IA","Iowa",0.0248136669971276,2481.36669971276
"170",1983,"KS","Kansas",0.0687959980164338,6879.59980164338
"171",1983,"KY","Kentucky",0.0940487517583878,9404.87517583878
"172",1983,"LA","Louisiana",0.296431990708455,29643.1990708455
"173",1983,"ME","Maine",0.0124291848565128,1242.91848565128
"174",1983,"MD","Maryland",0.246537024100733,24653.7024100733
"175",1983,"MA","Massachusetts",0.0387276536507124,3872.76536507124
"176",1983,"MI","Michigan",0.129832188675506,12983.2188675506
"177",1983,"MN","Minnesota",0.0289928468241524,2899.28468241524
"178",1983,"MS","Mississippi",0.340072102119595,34007.2102119595
"179",1983,"MO","Missouri",0.110874920941545,11087.4920941545
"180",1983,"MT","Montana",0.0787485497276679,7874.85497276679
"181",1983,"NE","Nebraska",0.0380415639020138,3804.15639020138
"182",1983,"NV","Nevada",0.0857770124849087,8577.70124849086
"183",1983,"NH","New Hampshire",0.0044908419000725,449.08419000725
"184",1983,"NJ","New Jersey",0.136212615713463,13621.2615713463
"185",1983,"NM","New Mexico",0.182914278449517,18291.4278449517
"186",1983,"NY","New York",0.167401765464093,16740.1765464093
"187",1983,"NC","North Carolina",0.260976021595249,26097.6021595249
"188",1983,"ND","North Dakota",0.042940418826251,4294.0418826251
"189",1983,"OH","Ohio",0.115344853559654,11534.4853559654
"190",1983,"OK","Oklahoma",0.116048232262442,11604.8232262442
"191",1983,"OR","Oregon",0.0597770178032149,5977.70178032149
"192",1983,"PA","Pennsylvania",0.101619338651977,10161.9338651977
"193",1983,"RI","Rhode Island",0.0238756681793895,2387.56681793895
"194",1983,"SC","South Carolina",0.355410616118541,35541.0616118541
"195",1983,"SD","South Dakota",0.0623488159167913,6234.88159167913
"196",1983,"TN","Tennessee",0.199088529552268,19908.8529552268
"197",1983,"TX","Texas",0.132442171377967,13244.2171377967
"198",1983,"UT","Utah",0.0449981607162456,4499.81607162456
"199",1983,"VT","Vermont",0.0110544410824104,1105.44410824104
"200",1983,"VA","Virginia",0.199022000789272,19902.2000789272
"201",1983,"WA","Washington",0.0698023874252333,6980.23874252333
"202",1983,"WV","West Virginia",0.0314062447113415,3140.62447113415
"203",1983,"WI","Wisconsin",0.0513719975993217,5137.19975993217
"204",1983,"WY","Wyoming",0.03627091609745,3627.091609745
"205",1984,"AL","Alabama",0.229518299427754,22951.8299427754
"206",1984,"AK","Alaska",0.187402072703059,18740.2072703059
"207",1984,"AZ","Arizona",0.0595191189992609,5951.91189992609
"208",1984,"AR","Arkansas",0.181374901016438,18137.4901016438
"209",1984,"CA","California",0.17107079536984,17107.079536984
"210",1984,"CO","Colorado",0.0541078197002509,5410.78197002509
"211",1984,"CT","Connecticut",0.119816466147772,11981.6466147772
"212",1984,"DE","Delaware",0.164635513601246,16463.5513601246
"213",1984,"DC","District of Columbia",0.710563036720705,71056.3036720705
"214",1984,"FL","Florida",0.179069155121633,17906.9155121633
"215",1984,"GA","Georgia",0.284715776614322,28471.5776614322
"216",1984,"HI","Hawaii",0.65747233050662,65747.233050662
"217",1984,"ID","Idaho",0.0322259660385981,3222.59660385981
"218",1984,"IL","Illinois",0.159104197776161,15910.4197776161
"219",1984,"IN","Indiana",0.0844276440109725,8442.76440109725
"220",1984,"IA","Iowa",0.0283869589875366,2838.69589875366
"221",1984,"KS","Kansas",0.06521929105648,6521.929105648
"222",1984,"KY","Kentucky",0.095610470887332,9561.0470887332
"223",1984,"LA","Louisiana",0.278957921028643,27895.7921028643
"224",1984,"ME","Maine",0.00771151946936654,771.151946936654
"225",1984,"MD","Maryland",0.240257775226946,24025.7775226946
"226",1984,"MA","Massachusetts",0.0434078602702646,4340.78602702646
"227",1984,"MI","Michigan",0.137199657516561,13719.9657516561
"228",1984,"MN","Minnesota",0.0380807246511978,3808.07246511978
"229",1984,"MS","Mississippi",0.342844192677638,34284.4192677638
"230",1984,"MO","Missouri",0.0920467828135675,9204.67828135675
"231",1984,"MT","Montana",0.0574828872823816,5748.28872823816
"232",1984,"NE","Nebraska",0.0409306082944932,4093.06082944932
"233",1984,"NV","Nevada",0.124673478078487,12467.3478078487
"234",1984,"NH","New Hampshire",0.0144732454019887,1447.32454019887
"235",1984,"NJ","New Jersey",0.145789928463671,14578.9928463671
"236",1984,"NM","New Mexico",0.16342105427073,16342.105427073
"237",1984,"NY","New York",0.173406636008209,17340.6636008209
"238",1984,"NC","North Carolina",0.250990194897346,25099.0194897346
"239",1984,"ND","North Dakota",0.0423174639284889,4231.74639284889
"240",1984,"OH","Ohio",0.11601631119816,11601.631119816
"241",1984,"OK","Oklahoma",0.115504509271322,11550.4509271322
"242",1984,"OR","Oregon",0.0421937290161979,4219.37290161979
"243",1984,"PA","Pennsylvania",0.0998454012031904,9984.54012031904
"244",1984,"RI","Rhode Island",0.0549933896804491,5499.33896804491
"245",1984,"SC","South Carolina",0.347822556674419,34782.2556674419
"246",1984,"SD","South Dakota",0.0576009844889378,5760.09844889378
"247",1984,"TN","Tennessee",0.179032826089451,17903.2826089451
"248",1984,"TX","Texas",0.127848980834785,12784.8980834785
"249",1984,"UT","Utah",0.0518745645648812,5187.45645648812
"250",1984,"VT","Vermont",0.0134288668665511,1342.88668665511
"251",1984,"VA","Virginia",0.195571009667223,19557.1009667223
"252",1984,"WA","Washington",0.0786480548536571,7864.80548536571
"253",1984,"WV","West Virginia",0.0269565877747712,2695.65877747712
"254",1984,"WI","Wisconsin",0.0427733909849937,4277.33909849936
"255",1984,"WY","Wyoming",0.0210726415006445,2107.26415006445
"256",1985,"AL","Alabama",0.213903967617201,21390.3967617201
"257",1985,"AK","Alaska",0.219102497480766,21910.2497480766
"258",1985,"AZ","Arizona",0.0663907340726186,6639.07340726186
"259",1985,"AR","Arkansas",0.209105956175413,20910.5956175413
"260",1985,"CA","California",0.158873129827388,15887.3129827388
"261",1985,"CO","Colorado",0.0578729531214358,5787.29531214358
"262",1985,"CT","Connecticut",0.0937201520243198,9372.01520243198
"263",1985,"DE","Delaware",0.174929327358619,17492.9327358619
"264",1985,"DC","District of Columbia",0.792396002706784,79239.6002706784
"265",1985,"FL","Florida",0.191789125247927,19178.9125247927
"266",1985,"GA","Georgia",0.27377821480035,27377.821480035
"267",1985,"HI","Hawaii",0.680987577107283,68098.7577107283
"268",1985,"ID","Idaho",0.040141194095111,4014.1194095111
"269",1985,"IL","Illinois",0.166227587971099,16622.7587971099
"270",1985,"IN","Indiana",0.088317747699062,8831.7747699062
"271",1985,"IA","Iowa",0.0330223451712667,3302.23451712667
"272",1985,"KS","Kansas",0.0544648278655356,5446.48278655356
"273",1985,"KY","Kentucky",0.089912929794354,8991.2929794354
"274",1985,"LA","Louisiana",0.321326887238206,32132.6887238206
"275",1985,"ME","Maine",0.00806171959800826,806.171959800826
"276",1985,"MD","Maryland",0.232704752459786,23270.4752459786
"277",1985,"MA","Massachusetts",0.0468742583165454,4687.42583165454
"278",1985,"MI","Michigan",0.146130796265895,14613.0796265895
"279",1985,"MN","Minnesota",0.0492232517544852,4922.32517544852
"280",1985,"MS","Mississippi",0.381219985218741,38121.9985218741
"281",1985,"MO","Missouri",0.11126163439092,11126.163439092
"282",1985,"MT","Montana",0.0767301120767085,7673.01120767085
"283",1985,"NE","Nebraska",0.041848650257867,4184.8650257867
"284",1985,"NV","Nevada",0.140225715702953,14022.5715702953
"285",1985,"NH","New Hampshire",0.0108817978446138,1088.17978446138
"286",1985,"NJ","New Jersey",0.150164304029972,15016.4304029972
"287",1985,"NM","New Mexico",0.146956059025693,14695.6059025693
"288",1985,"NY","New York",0.177613446199244,17761.3446199244
"289",1985,"NC","North Carolina",0.220857507654765,22085.7507654765
"290",1985,"ND","North Dakota",0.0449535959060202,4495.35959060202
"291",1985,"OH","Ohio",0.110606454679933,11060.6454679933
"292",1985,"OK","Oklahoma",0.125003792123412,12500.3792123412
"293",1985,"OR","Oregon",0.0619275630869135,6192.75630869135
"294",1985,"PA","Pennsylvania",0.106091972000951,10609.1972000951
"295",1985,"RI","Rhode Island",0.0536067564456241,5360.67564456241
"296",1985,"SC","South Carolina",0.295852262311213,29585.2262311213
"297",1985,"SD","South Dakota",0.0789687718380973,7896.87718380973
"298",1985,"TN","Tennessee",0.16528744563761,16528.744563761
"299",1985,"TX","Texas",0.135224477492152,13522.4477492152
"300",1985,"UT","Utah",0.0316409357599262,3164.09357599262
"301",1985,"VT","Vermont",0.00646011663744031,646.011663744031
"302",1985,"VA","Virginia",0.218672398171039,21867.2398171039
"303",1985,"WA","Washington",0.0827418816177967,8274.18816177967
"304",1985,"WV","West Virginia",0.0282522363336596,2825.22363336596
"305",1985,"WI","Wisconsin",0.0817913130627866,8179.13130627866
"306",1985,"WY","Wyoming",0.0223637176685395,2236.37176685395
"307",1986,"AL","Alabama",0.239664829842617,23966.4829842617
"308",1986,"AK","Alaska",0.251003622437362,25100.3622437362
"309",1986,"AZ","Arizona",0.0720980684235814,7209.80684235814
"310",1986,"AR","Arkansas",0.204765052092379,20476.5052092379
"311",1986,"CA","California",0.15625639853818,15625.639853818
"312",1986,"CO","Colorado",0.080809970037832,8080.9970037832
"313",1986,"CT","Connecticut",0.0750350542987891,7503.50542987891
"314",1986,"DE","Delaware",0.186535444016922,18653.5444016922
"315",1986,"DC","District of Columbia",0.746062779713632,74606.2779713632
"316",1986,"FL","Florida",0.17555709561557,17555.709561557
"317",1986,"GA","Georgia",0.330532653932791,33053.265393279
"318",1986,"HI","Hawaii",0.673026727788733,67302.6727788733
"319",1986,"ID","Idaho",0.0162925165429628,1629.25165429628
"320",1986,"IL","Illinois",0.178020617569406,17802.0617569406
"321",1986,"IN","Indiana",0.0912853746877943,9128.53746877943
"322",1986,"IA","Iowa",0.0216701736535097,2167.01736535097
"323",1986,"KS","Kansas",0.0872391198783831,8723.91198783831
"324",1986,"KY","Kentucky",0.0811457842769673,8114.57842769673
"325",1986,"LA","Louisiana",0.306121375806457,30612.1375806457
"326",1986,"ME","Maine",0.00622014719009352,622.014719009352
"327",1986,"MD","Maryland",0.226251539921037,22625.1539921037
"328",1986,"MA","Massachusetts",0.0576630161766465,5766.30161766465
"329",1986,"MI","Michigan",0.151758562194982,15175.8562194982
"330",1986,"MN","Minnesota",0.0369509186571929,3695.09186571929
"331",1986,"MS","Mississippi",0.389457285519644,38945.7285519644
"332",1986,"MO","Missouri",0.112666930893268,11266.6930893268
"333",1986,"MT","Montana",0.061765867652982,6176.5867652982
"334",1986,"NE","Nebraska",0.0403473213757316,4034.73213757316
"335",1986,"NV","Nevada",0.120059085706881,12005.9085706881
"336",1986,"NH","New Hampshire",0.00791267247598803,791.267247598803
"337",1986,"NJ","New Jersey",0.15179502435893,15179.502435893
"338",1986,"NM","New Mexico",0.118752386906845,11875.2386906845
"339",1986,"NY","New York",0.179475839520923,17947.5839520923
"340",1986,"NC","North Carolina",0.218738841220812,21873.8841220812
"341",1986,"ND","North Dakota",0.0366837472052871,3668.37472052871
"342",1986,"OH","Ohio",0.108012539237915,10801.2539237915
"343",1986,"OK","Oklahoma",0.168861437138054,16886.1437138054
"344",1986,"OR","Oregon",0.0654608632500162,6546.08632500162
"345",1986,"PA","Pennsylvania",0.0959726192103026,9597.26192103026
"346",1986,"RI","Rhode Island",0.038053953839043,3805.3953839043
"347",1986,"SC","South Carolina",0.304499693485567,30449.9693485567
"348",1986,"SD","South Dakota",0.0636992967487322,6369.92967487322
"349",1986,"TN","Tennessee",0.190821266470625,19082.1266470625
"350",1986,"TX","Texas",0.132203565187447,13220.3565187447
"351",1986,"UT","Utah",0.0281781886407091,2817.81886407091
"352",1986,"VT","Vermont",0.00747166210398934,747.166210398934
"353",1986,"VA","Virginia",0.205263456169499,20526.3456169499
"354",1986,"WA","Washington",0.102199116622612,10219.9116622612
"355",1986,"WV","West Virginia",0.0280034970745119,2800.34970745119
"356",1986,"WI","Wisconsin",0.0700988232385411,7009.88232385411
"357",1986,"WY","Wyoming",0.0247685883755674,2476.85883755674
"358",1987,"AL","Alabama",0.282232333585018,28223.2333585018
"359",1987,"AK","Alaska",0.256486457878257,25648.6457878257
"360",1987,"AZ","Arizona",0.0719945008452068,7199.45008452068
"361",1987,"AR","Arkansas",0.184226870760817,18422.6870760817
"362",1987,"CA","California",0.157705959662217,15770.5959662217
"363",1987,"CO","Colorado",0.0776633862800168,7766.33862800168
"364",1987,"CT","Connecticut",0.0719713963426235,7197.13963426235
"365",1987,"DE","Delaware",0.183090141393881,18309.0141393881
"366",1987,"DC","District of Columbia",0.726128380395584,72612.8380395584
"367",1987,"FL","Florida",0.163088620904513,16308.8620904513
"368",1987,"GA","Georgia",0.32285739165693,32285.739165693
"369",1987,"HI","Hawaii",0.708639606386221,70863.9606386221
"370",1987,"ID","Idaho",0.0162945784171441,1629.45784171441
"371",1987,"IL","Illinois",0.172190665074974,17219.0665074974
"372",1987,"IN","Indiana",0.0931078441682416,9310.78441682416
"373",1987,"IA","Iowa",0.0265009327018819,2650.09327018819
"374",1987,"KS","Kansas",0.082132014015925,8213.2014015925
"375",1987,"KY","Kentucky",0.0953139497754719,9531.39497754719
"376",1987,"LA","Louisiana",0.290875928961564,29087.5928961564
"377",1987,"ME","Maine",0.00759627032508437,759.627032508437
"378",1987,"MD","Maryland",0.261091459144972,26109.1459144972
"379",1987,"MA","Massachusetts",0.0615867713918209,6158.67713918209
"380",1987,"MI","Michigan",0.15396039334104,15396.039334104
"381",1987,"MN","Minnesota",0.0442881481473252,4428.81481473252
"382",1987,"MS","Mississippi",0.399899606389603,39989.9606389604
"383",1987,"MO","Missouri",0.109686263778714,10968.6263778714
"384",1987,"MT","Montana",0.0743629736667148,7436.29736667148
"385",1987,"NE","Nebraska",0.047935406604409,4793.5406604409
"386",1987,"NV","Nevada",0.137902145982174,13790.2145982174
"387",1987,"NH","New Hampshire",0.00552506074488249,552.506074488249
"388",1987,"NJ","New Jersey",0.154653232338221,15465.3232338221
"389",1987,"NM","New Mexico",0.0954204285588292,9542.04285588292
"390",1987,"NY","New York",0.175506541055478,17550.6541055478
"391",1987,"NC","North Carolina",0.224518501326848,22451.8501326848
"392",1987,"ND","North Dakota",0.0439112326981017,4391.12326981017
"393",1987,"OH","Ohio",0.101813981792147,10181.3981792147
"394",1987,"OK","Oklahoma",0.14789520380313,14789.520380313
"395",1987,"OR","Oregon",0.0607303192171194,6073.03192171194
"396",1987,"PA","Pennsylvania",0.0956335357408894,9563.35357408894
"397",1987,"RI","Rhode Island",0.057002550868298,5700.2550868298
"398",1987,"SC","South Carolina",0.317648828451631,31764.8828451631
"399",1987,"SD","South Dakota",0.0753269874835653,7532.69874835653
"400",1987,"TN","Tennessee",0.188008241556076,18800.8241556077
"401",1987,"TX","Texas",0.138974777144949,13897.4777144949
"402",1987,"UT","Utah",0.0268625350940654,2686.25350940654
"403",1987,"VT","Vermont",0.0113977695647362,1139.77695647362
"404",1987,"VA","Virginia",0.229716206930464,22971.6206930464
"405",1987,"WA","Washington",0.0995444343902459,9954.44343902459
"406",1987,"WV","West Virginia",0.0358762444075816,3587.62444075816
"407",1987,"WI","Wisconsin",0.059186291240984,5918.6291240984
"408",1987,"WY","Wyoming",0.0194715975404981,1947.15975404981
"409",1988,"AL","Alabama",0.277992606324964,27799.2606324964
"410",1988,"AK","Alaska",0.244106919765698,24410.6919765698
"411",1988,"AZ","Arizona",0.0560472714447699,5604.72714447699
"412",1988,"AR","Arkansas",0.21892474224965,21892.474224965
"413",1988,"CA","California",0.15721541352463,15721.541352463
"414",1988,"CO","Colorado",0.0780860821439814,7808.60821439814
"415",1988,"CT","Connecticut",0.0850695136074512,8506.95136074512
"416",1988,"DE","Delaware",0.143927965267129,14392.7965267129
"417",1988,"DC","District of Columbia",0.718125759846943,71812.5759846943
"418",1988,"FL","Florida",0.177131447284367,17713.1447284367
"419",1988,"GA","Georgia",0.319633930439983,31963.3930439983
"420",1988,"HI","Hawaii",0.725126339608296,72512.6339608296
"421",1988,"ID","Idaho",0.030694360723265,3069.4360723265
"422",1988,"IL","Illinois",0.188245690498182,18824.5690498182
"423",1988,"IN","Indiana",0.0834600886652982,8346.00886652982
"424",1988,"IA","Iowa",0.0239768432152257,2397.68432152257
"425",1988,"KS","Kansas",0.0922162943665651,9221.62943665651
"426",1988,"KY","Kentucky",0.0637639197610482,6376.39197610482
"427",1988,"LA","Louisiana",0.327402455241692,32740.2455241692
"428",1988,"ME","Maine",0.00980602464803313,980.602464803313
"429",1988,"MD","Maryland",0.318050141956637,31805.0141956637
"430",1988,"MA","Massachusetts",0.0682555505949706,6825.55505949706
"431",1988,"MI","Michigan",0.155957020752738,15595.7020752738
"432",1988,"MN","Minnesota",0.0594896138968296,5948.96138968296
"433",1988,"MS","Mississippi",0.368587585170751,36858.7585170751
"434",1988,"MO","Missouri",0.106163810511551,10616.3810511551
"435",1988,"MT","Montana",0.0832808891594622,8328.08891594622
"436",1988,"NE","Nebraska",0.049699337521546,4969.9337521546
"437",1988,"NV","Nevada",0.144691530175285,14469.1530175285
"438",1988,"NH","New Hampshire",0.00465920885864043,465.920885864043
"439",1988,"NJ","New Jersey",0.149864186661281,14986.4186661281
"440",1988,"NM","New Mexico",0.111924458271251,11192.4458271251
"441",1988,"NY","New York",0.179165911845878,17916.5911845878
"442",1988,"NC","North Carolina",0.23209618041676,23209.618041676
"443",1988,"ND","North Dakota",0.0399088542372438,3990.88542372438
"444",1988,"OH","Ohio",0.111306352652576,11130.6352652576
"445",1988,"OK","Oklahoma",0.135855665428733,13585.5665428733
"446",1988,"OR","Oregon",0.0591802770094513,5918.02770094513
"447",1988,"PA","Pennsylvania",0.0980938509402725,9809.38509402725
"448",1988,"RI","Rhode Island",0.0500098358105196,5000.98358105196
"449",1988,"SC","South Carolina",0.286359837654979,28635.9837654979
"450",1988,"SD","South Dakota",0.0785743172929576,7857.43172929576
"451",1988,"TN","Tennessee",0.186123760556601,18612.3760556601
"452",1988,"TX","Texas",0.137894157729835,13789.4157729835
"453",1988,"UT","Utah",0.0260608182295016,2606.08182295016
"454",1988,"VT","Vermont",0.0134826036469417,1348.26036469417
"455",1988,"VA","Virginia",0.250739985377728,25073.9985377728
"456",1988,"WA","Washington",0.0761068961162554,7610.68961162554
"457",1988,"WV","West Virginia",0.0408752655782938,4087.52655782938
"458",1988,"WI","Wisconsin",0.0627041480723853,6270.41480723853
"459",1988,"WY","Wyoming",0.00795274263159321,795.274263159321
"460",1989,"AL","Alabama",0.271187174358077,27118.7174358077
"461",1989,"AK","Alaska",0.252120443235494,25212.0443235494
"462",1989,"AZ","Arizona",0.0516207920743723,5162.07920743723
"463",1989,"AR","Arkansas",0.202215244712601,20221.5244712601
"464",1989,"CA","California",0.171169445214427,17116.9445214427
"465",1989,"CO","Colorado",0.0825231204002958,8252.31204002958
"466",1989,"CT","Connecticut",0.0865811262359066,8658.11262359066
"467",1989,"DE","Delaware",0.171567734642407,17156.7734642407
"468",1989,"DC","District of Columbia",0.69132912789003,69132.912789003
"469",1989,"FL","Florida",0.179710695831776,17971.0695831777
"470",1989,"GA","Georgia",0.365535185401177,36553.5185401177
"471",1989,"HI","Hawaii",0.710638982949031,71063.8982949031
"472",1989,"ID","Idaho",0.0244516530181832,2445.16530181832
"473",1989,"IL","Illinois",0.17232827501181,17232.827501181
"474",1989,"IN","Indiana",0.0954639644095076,9546.39644095076
"475",1989,"IA","Iowa",0.0314532730934657,3145.32730934657
"476",1989,"KS","Kansas",0.0859472808597284,8594.72808597284
"477",1989,"KY","Kentucky",0.0539009384905359,5390.09384905359
"478",1989,"LA","Louisiana",0.318223464652472,31822.3464652472
"479",1989,"ME","Maine",0.00746697892691447,746.697892691447
"480",1989,"MD","Maryland",0.273316684818492,27331.6684818492
"481",1989,"MA","Massachusetts",0.0753825690817625,7538.25690817625
"482",1989,"MI","Michigan",0.163927802145866,16392.7802145866
"483",1989,"MN","Minnesota",0.0641093897075759,6410.93897075759
"484",1989,"MS","Mississippi",0.379748503141973,37974.8503141973
"485",1989,"MO","Missouri",0.118309479958243,11830.9479958243
"486",1989,"MT","Montana",0.0686312299674297,6863.12299674297
"487",1989,"NE","Nebraska",0.056329639969287,5632.9639969287
"488",1989,"NV","Nevada",0.119060166969275,11906.0166969275
"489",1989,"NH","New Hampshire",0.00919288637664496,919.288637664496
"490",1989,"NJ","New Jersey",0.152522676456067,15252.2676456067
"491",1989,"NM","New Mexico",0.0991904208064948,9919.04208064948
"492",1989,"NY","New York",0.184704729196107,18470.4729196107
"493",1989,"NC","North Carolina",0.229240824721768,22924.0824721768
"494",1989,"ND","North Dakota",0.0482170721257959,4821.70721257958
"495",1989,"OH","Ohio",0.116991279164988,11699.1279164988
"496",1989,"OK","Oklahoma",0.147812722343995,14781.2722343995
"497",1989,"OR","Oregon",0.0386498993641195,3864.98993641195
"498",1989,"PA","Pennsylvania",0.101177438872141,10117.7438872141
"499",1989,"RI","Rhode Island",0.0601717029867638,6017.17029867638
"500",1989,"SC","South Carolina",0.298908884695077,29890.8884695077
"501",1989,"SD","South Dakota",0.0935574293796272,9355.74293796272
"502",1989,"TN","Tennessee",0.195475166633416,19547.5166633416
"503",1989,"TX","Texas",0.141305840425609,14130.5840425609
"504",1989,"UT","Utah",0.026005675674352,2600.5675674352
"505",1989,"VT","Vermont",0.00517610694753945,517.610694753945
"506",1989,"VA","Virginia",0.220774680736739,22077.4680736739
"507",1989,"WA","Washington",0.0681258402977033,6812.58402977033
"508",1989,"WV","West Virginia",0.049853974791844,4985.3974791844
"509",1989,"WI","Wisconsin",0.0516587325856199,5165.87325856199
"510",1989,"WY","Wyoming",0.0139112587308581,1391.12587308581
"511",1990,"AL","Alabama",0.262863129541587,26286.3129541587
"512",1990,"AK","Alaska",0.218842076400625,21884.2076400625
"513",1990,"AZ","Arizona",0.0363443943025693,3634.43943025693
"514",1990,"AR","Arkansas",0.152195119564786,15219.5119564786
"515",1990,"CA","California",0.170460033265672,17046.0033265672
"516",1990,"CO","Colorado",0.0791731074286902,7917.31074286902
"517",1990,"CT","Connecticut",0.0936077742399075,9360.77742399075
"518",1990,"DE","Delaware",0.224471423114194,22447.1423114194
"519",1990,"DC","District of Columbia",0.688720963414408,68872.0963414408
"520",1990,"FL","Florida",0.172844861441372,17284.4861441372
"521",1990,"GA","Georgia",0.339826185535217,33982.6185535217
"522",1990,"HI","Hawaii",0.727418533722607,72741.8533722607
"523",1990,"ID","Idaho",0.0274952116335782,2749.52116335782
"524",1990,"IL","Illinois",0.187020917550452,18702.0917550452
"525",1990,"IN","Indiana",0.0837122123375632,8371.22123375632
"526",1990,"IA","Iowa",0.031077368153969,3107.7368153969
"527",1990,"KS","Kansas",0.0951925276162705,9519.25276162705
"528",1990,"KY","Kentucky",0.0769939936984389,7699.39936984389
"529",1990,"LA","Louisiana",0.279418174469306,27941.8174469306
"530",1990,"ME","Maine",0.00861338686005157,861.338686005157
"531",1990,"MD","Maryland",0.276888798273638,27688.8798273638
"532",1990,"MA","Massachusetts",0.0699015629824621,6990.15629824621
"533",1990,"MI","Michigan",0.158230664385802,15823.0664385802
"534",1990,"MN","Minnesota",0.0535113004099624,5351.13004099624
"535",1990,"MS","Mississippi",0.371171581207348,37117.1581207348
"536",1990,"MO","Missouri",0.139668094262608,13966.8094262608
"537",1990,"MT","Montana",0.0818931264576858,8189.31264576858
"538",1990,"NE","Nebraska",0.0458689146462812,4586.89146462812
"539",1990,"NV","Nevada",0.0825829763221734,8258.29763221734
"540",1990,"NH","New Hampshire",0.0136254857622393,1362.54857622393
"541",1990,"NJ","New Jersey",0.177119137325071,17711.9137325071
"542",1990,"NM","New Mexico",0.108422031968521,10842.2031968521
"543",1990,"NY","New York",0.194966733481281,19496.6733481281
"544",1990,"NC","North Carolina",0.23278588797409,23278.588797409
"545",1990,"ND","North Dakota",0.0583015259674736,5830.15259674736
"546",1990,"OH","Ohio",0.112996569923231,11299.6569923231
"547",1990,"OK","Oklahoma",0.155374349929118,15537.4349929118
"548",1990,"OR","Oregon",0.0462952960332561,4629.52960332561
"549",1990,"PA","Pennsylvania",0.102489670852975,10248.9670852975
"550",1990,"RI","Rhode Island",0.0645938274115435,6459.38274115435
"551",1990,"SC","South Carolina",0.31829904534835,31829.904534835
"552",1990,"SD","South Dakota",0.098490630976922,9849.0630976922
"553",1990,"TN","Tennessee",0.211133040152273,21113.3040152273
"554",1990,"TX","Texas",0.152969644557074,15296.9644557074
"555",1990,"UT","Utah",0.0405993806550737,4059.93806550737
"556",1990,"VT","Vermont",0.0030441861618232,304.41861618232
"557",1990,"VA","Virginia",0.22396440297181,22396.440297181
"558",1990,"WA","Washington",0.0768325483708397,7683.25483708396
"559",1990,"WV","West Virginia",0.0447188916048182,4471.88916048182
"560",1990,"WI","Wisconsin",0.0599642990913492,5996.42990913492
"561",1990,"WY","Wyoming",0.0158951855442475,1589.51855442475
"562",1991,"AL","Alabama",0.303857722449595,30385.7722449595
"563",1991,"AK","Alaska",0.256635881153484,25663.5881153484
"564",1991,"AZ","Arizona",0.0423694850389336,4236.94850389336
"565",1991,"AR","Arkansas",0.176461627178132,17646.1627178132
"566",1991,"CA","California",0.160256929099106,16025.6929099106
"567",1991,"CO","Colorado",0.0762607687052014,7626.07687052014
"568",1991,"CT","Connecticut",0.124147377145876,12414.7377145876
"569",1991,"DE","Delaware",0.230926959511186,23092.6959511186
"570",1991,"DC","District of Columbia",0.675367542388342,67536.7542388342
"571",1991,"FL","Florida",0.171453870836435,17145.3870836435
"572",1991,"GA","Georgia",0.354622918532172,35462.2918532172
"573",1991,"HI","Hawaii",0.675475066285179,67547.5066285178
"574",1991,"ID","Idaho",0.0442603091566011,4426.03091566011
"575",1991,"IL","Illinois",0.190979818988287,19097.9818988287
"576",1991,"IN","Indiana",0.0955446237144927,9554.46237144927
"577",1991,"IA","Iowa",0.0221211934144058,2212.11934144058
"578",1991,"KS","Kansas",0.0838537107445191,8385.3710744519
"579",1991,"KY","Kentucky",0.062110416494466,6211.0416494466
"580",1991,"LA","Louisiana",0.287211852458253,28721.1852458253
"581",1991,"ME","Maine",0.0114024091926287,1140.24091926287
"582",1991,"MD","Maryland",0.288038973087089,28803.8973087089
"583",1991,"MA","Massachusetts",0.0728285185252488,7282.85185252488
"584",1991,"MI","Michigan",0.159812951574932,15981.2951574932
"585",1991,"MN","Minnesota",0.0601797384360118,6017.97384360117
"586",1991,"MS","Mississippi",0.385963147656458,38596.3147656458
"587",1991,"MO","Missouri",0.120526154266077,12052.6154266077
"588",1991,"MT","Montana",0.0812228043271637,8122.28043271637
"589",1991,"NE","Nebraska",0.0476274479033803,4762.74479033803
"590",1991,"NV","Nevada",0.115202746956621,11520.2746956621
"591",1991,"NH","New Hampshire",0.0319561619485014,3195.61619485014
"592",1991,"NJ","New Jersey",0.185822076266078,18582.2076266078
"593",1991,"NM","New Mexico",0.105149547721812,10514.9547721812
"594",1991,"NY","New York",0.190465734310845,19046.5734310845
"595",1991,"NC","North Carolina",0.254030339783522,25403.0339783522
"596",1991,"ND","North Dakota",0.0697687487392753,6976.87487392753
"597",1991,"OH","Ohio",0.119049210599362,11904.9210599362
"598",1991,"OK","Oklahoma",0.152237984090337,15223.7984090337
"599",1991,"OR","Oregon",0.0535123696779439,5351.23696779439
"600",1991,"PA","Pennsylvania",0.105177280827452,10517.7280827452
"601",1991,"RI","Rhode Island",0.0500642733385951,5006.42733385951
"602",1991,"SC","South Carolina",0.337920974421083,33792.0974421083
"603",1991,"SD","South Dakota",0.0793163374945227,7931.63374945227
"604",1991,"TN","Tennessee",0.184909794203322,18490.9794203322
"605",1991,"TX","Texas",0.142555405198589,14255.5405198589
"606",1991,"UT","Utah",0.0342867995323013,3428.67995323013
"607",1991,"VT","Vermont",0.0120046656662705,1200.46656662705
"608",1991,"VA","Virginia",0.238224822003827,23822.4822003827
"609",1991,"WA","Washington",0.108497775200129,10849.7775200129
"610",1991,"WV","West Virginia",0.0442704828710118,4427.04828710118
"611",1991,"WI","Wisconsin",0.0634804523137388,6348.04523137388
"612",1991,"WY","Wyoming",0.0170681945364325,1706.81945364325
"613",1992,"AL","Alabama",0.275966907788725,27596.6907788725
"614",1992,"AK","Alaska",0.266290217008754,26629.0217008754
"615",1992,"AZ","Arizona",0.0459694942305435,4596.94942305435
"616",1992,"AR","Arkansas",0.161364483436751,16136.4483436751
"617",1992,"CA","California",0.166839855469515,16683.9855469515
"618",1992,"CO","Colorado",0.101468631440864,10146.8631440864
"619",1992,"CT","Connecticut",0.134131576698018,13413.1576698018
"620",1992,"DE","Delaware",0.219799162414884,21979.9162414884
"621",1992,"DC","District of Columbia",0.689581090608445,68958.1090608445
"622",1992,"FL","Florida",0.176798218942116,17679.8218942116
"623",1992,"GA","Georgia",0.335220223094485,33522.0223094485
"624",1992,"HI","Hawaii",0.704050548241083,70405.0548241083
"625",1992,"ID","Idaho",0.0224417226285917,2244.17226285917
"626",1992,"IL","Illinois",0.196117663190784,19611.7663190784
"627",1992,"IN","Indiana",0.11983895016211,11983.895016211
"628",1992,"IA","Iowa",0.0320083850741313,3200.83850741313
"629",1992,"KS","Kansas",0.0981474697088941,9814.74697088941
"630",1992,"KY","Kentucky",0.0642881694596515,6428.81694596515
"631",1992,"LA","Louisiana",0.301188273081865,30118.8273081865
"632",1992,"ME","Maine",0.0203069987233675,2030.69987233675
"633",1992,"MD","Maryland",0.277951632603566,27795.1632603566
"634",1992,"MA","Massachusetts",0.0601614462774604,6016.14462774604
"635",1992,"MI","Michigan",0.161973451516347,16197.3451516347
"636",1992,"MN","Minnesota",0.070415666351135,7041.5666351135
"637",1992,"MS","Mississippi",0.403832574576833,40383.2574576833
"638",1992,"MO","Missouri",0.126316503179079,12631.6503179079
"639",1992,"MT","Montana",0.0992710998108335,9927.10998108335
"640",1992,"NE","Nebraska",0.0531323438912054,5313.23438912054
"641",1992,"NV","Nevada",0.112609258028802,11260.9258028802
"642",1992,"NH","New Hampshire",0.0369022471271358,3690.22471271358
"643",1992,"NJ","New Jersey",0.172769059881799,17276.9059881799
"644",1992,"NM","New Mexico",0.103602769205784,10360.2769205784
"645",1992,"NY","New York",0.199627839966323,19962.7839966323
"646",1992,"NC","North Carolina",0.264658947205148,26465.8947205148
"647",1992,"ND","North Dakota",0.0719455015826952,7194.55015826952
"648",1992,"OH","Ohio",0.118009421416595,11800.9421416595
"649",1992,"OK","Oklahoma",0.189782963705653,18978.2963705653
"650",1992,"OR","Oregon",0.0629383252088696,6293.83252088696
"651",1992,"PA","Pennsylvania",0.0991046017556715,9910.46017556715
"652",1992,"RI","Rhode Island",0.0497048491187719,4970.48491187719
"653",1992,"SC","South Carolina",0.333085751578893,33308.5751578893
"654",1992,"SD","South Dakota",0.0889232949737872,8892.32949737872
"655",1992,"TN","Tennessee",0.161903289359908,16190.3289359908
"656",1992,"TX","Texas",0.145591492393244,14559.1492393244
"657",1992,"UT","Utah",0.0249490318289761,2494.90318289761
"658",1992,"VT","Vermont",0.0110895559206715,1108.95559206715
"659",1992,"VA","Virginia",0.229862535492116,22986.2535492116
"660",1992,"WA","Washington",0.103175459900668,10317.5459900668
"661",1992,"WV","West Virginia",0.0474297232517948,4742.97232517948
"662",1992,"WI","Wisconsin",0.0770519456288885,7705.19456288885
"663",1992,"WY","Wyoming",0.0221313666253976,2213.13666253976
"664",1993,"AL","Alabama",0.28305732906065,28305.732906065
"665",1993,"AK","Alaska",0.251110068082333,25111.0068082333
"666",1993,"AZ","Arizona",0.0790540474546883,7905.40474546883
"667",1993,"AR","Arkansas",0.17440785346674,17440.785346674
"668",1993,"CA","California",0.167230079353331,16723.0079353331
"669",1993,"CO","Colorado",0.100832454477682,10083.2454477682
"670",1993,"CT","Connecticut",0.0937043311358891,9370.43311358891
"671",1993,"DE","Delaware",0.179922968442533,17992.2968442533
"672",1993,"DC","District of Columbia",0.692200868899486,69220.0868899486
"673",1993,"FL","Florida",0.183627710053516,18362.7710053516
"674",1993,"GA","Georgia",0.317653539008411,31765.3539008411
"675",1993,"HI","Hawaii",0.683507101136399,68350.7101136399
"676",1993,"ID","Idaho",0.0217522112505521,2175.22112505521
"677",1993,"IL","Illinois",0.205269509514956,20526.9509514956
"678",1993,"IN","Indiana",0.109135233848214,10913.5233848214
"679",1993,"IA","Iowa",0.0369772222131639,3697.72222131639
"680",1993,"KS","Kansas",0.0971958313104666,9719.58313104666
"681",1993,"KY","Kentucky",0.0710112005899889,7101.12005899889
"682",1993,"LA","Louisiana",0.321439769246874,32143.9769246874
"683",1993,"ME","Maine",0.0281685449713061,2816.85449713061
"684",1993,"MD","Maryland",0.295261058375104,29526.1058375104
"685",1993,"MA","Massachusetts",0.0743701009450596,7437.01009450596
"686",1993,"MI","Michigan",0.158706405930668,15870.6405930668
"687",1993,"MN","Minnesota",0.0620243138098564,6202.43138098564
"688",1993,"MS","Mississippi",0.380083153220601,38008.3153220601
"689",1993,"MO","Missouri",0.115233649237535,11523.3649237535
"690",1993,"MT","Montana",0.0924681587347528,9246.81587347528
"691",1993,"NE","Nebraska",0.0519722072914227,5197.22072914227
"692",1993,"NV","Nevada",0.12395553889965,12395.553889965
"693",1993,"NH","New Hampshire",0.0281103954746309,2811.03954746309
"694",1993,"NJ","New Jersey",0.176754938927261,17675.4938927261
"695",1993,"NM","New Mexico",0.130832008177381,13083.2008177381
"696",1993,"NY","New York",0.2040690218925,20406.90218925
"697",1993,"NC","North Carolina",0.266489684841292,26648.9684841292
"698",1993,"ND","North Dakota",0.0705203300584043,7052.03300584043
"699",1993,"OH","Ohio",0.122669362639936,12266.9362639936
"700",1993,"OK","Oklahoma",0.187731040757381,18773.1040757381
"701",1993,"OR","Oregon",0.0456589807600765,4565.89807600765
"702",1993,"PA","Pennsylvania",0.0949952506495592,9499.52506495592
"703",1993,"RI","Rhode Island",0.0438946996344844,4389.46996344844
"704",1993,"SC","South Carolina",0.328027809531839,32802.7809531839
"705",1993,"SD","South Dakota",0.0995854049338141,9958.54049338141
"706",1993,"TN","Tennessee",0.206840838219867,20684.0838219867
"707",1993,"TX","Texas",0.159080502076289,15908.0502076289
"708",1993,"UT","Utah",0.027813607585881,2781.3607585881
"709",1993,"VT","Vermont",0.0204291186656296,2042.91186656296
"710",1993,"VA","Virginia",0.223306121002696,22330.6121002696
"711",1993,"WA","Washington",0.0877638649496281,8776.38649496281
"712",1993,"WV","West Virginia",0.050955070184605,5095.5070184605
"713",1993,"WI","Wisconsin",0.0834800379050102,8348.00379050102
"714",1993,"WY","Wyoming",0.0167187993320943,1671.87993320943
"715",1994,"AL","Alabama",0.292634174803133,29263.4174803133
"716",1994,"AK","Alaska",0.252822699567074,25282.2699567074
"717",1994,"AZ","Arizona",0.0758746718221043,7587.46718221043
"718",1994,"AR","Arkansas",0.176711905186874,17671.1905186874
"719",1994,"CA","California",0.17756260740435,17756.260740435
"720",1994,"CO","Colorado",0.109877212917639,10987.7212917639
"721",1994,"CT","Connecticut",0.0977017753372203,9770.17753372203
"722",1994,"DE","Delaware",0.204746277957285,20474.6277957285
"723",1994,"DC","District of Columbia",0.702228092028291,70222.8092028291
"724",1994,"FL","Florida",0.202221489075532,20222.1489075532
"725",1994,"GA","Georgia",0.327645625458053,32764.5625458053
"726",1994,"HI","Hawaii",0.68258905848818,68258.905848818
"727",1994,"ID","Idaho",0.0193811463205425,1938.11463205425
"728",1994,"IL","Illinois",0.19518954026641,19518.954026641
"729",1994,"IN","Indiana",0.117217684613465,11721.7684613465
"730",1994,"IA","Iowa",0.0342624644399521,3426.24644399521
"731",1994,"KS","Kansas",0.11047827003988,11047.827003988
"732",1994,"KY","Kentucky",0.0640630269352869,6406.30269352869
"733",1994,"LA","Louisiana",0.31418640769827,31418.640769827
"734",1994,"ME","Maine",0.0239119012044919,2391.19012044919
"735",1994,"MD","Maryland",0.306594586956864,30659.4586956864
"736",1994,"MA","Massachusetts",0.0901580652799632,9015.80652799632
"737",1994,"MI","Michigan",0.175420986269544,17542.0986269544
"738",1994,"MN","Minnesota",0.0734081219796861,7340.81219796861
"739",1994,"MS","Mississippi",0.387785067102322,38778.5067102322
"740",1994,"MO","Missouri",0.135709814037723,13570.9814037723
"741",1994,"MT","Montana",0.0634981689307363,6349.81689307363
"742",1994,"NE","Nebraska",0.0662195148455519,6621.95148455519
"743",1994,"NV","Nevada",0.102993547825832,10299.3547825832
"744",1994,"NH","New Hampshire",0.0347004283621908,3470.04283621908
"745",1994,"NJ","New Jersey",0.178477900447392,17847.7900447392
"746",1994,"NM","New Mexico",0.100985182276831,10098.5182276831
"747",1994,"NY","New York",0.21555911541281,21555.911541281
"748",1994,"NC","North Carolina",0.249960372488021,24996.0372488021
"749",1994,"ND","North Dakota",0.0692188638483634,6921.88638483634
"750",1994,"OH","Ohio",0.127148571560879,12714.8571560879
"751",1994,"OK","Oklahoma",0.1361749246639,13617.49246639
"752",1994,"OR","Oregon",0.0565888036849152,5658.88036849152
"753",1994,"PA","Pennsylvania",0.0997230213955782,9972.30213955782
"754",1994,"RI","Rhode Island",0.0460603745108699,4606.03745108699
"755",1994,"SC","South Carolina",0.315411459882595,31541.1459882595
"756",1994,"SD","South Dakota",0.0729416955954643,7294.16955954643
"757",1994,"TN","Tennessee",0.227054849930621,22705.4849930621
"758",1994,"TX","Texas",0.163789026788343,16378.9026788343
"759",1994,"UT","Utah",0.033600768312653,3360.0768312653
"760",1994,"VT","Vermont",0.0145473137367809,1454.73137367809
"761",1994,"VA","Virginia",0.230029252726231,23002.9252726231
"762",1994,"WA","Washington",0.0848524459428946,8485.24459428946
"763",1994,"WV","West Virginia",0.0516447012118614,5164.47012118614
"764",1994,"WI","Wisconsin",0.0921610798075717,9216.10798075717
"765",1994,"WY","Wyoming",0.0262648690458932,2626.48690458932
"766",1995,"AL","Alabama",0.260115255588684,26011.5255588684
"767",1995,"AK","Alaska",0.202665241198577,20266.5241198577
"768",1995,"AZ","Arizona",0.068605385668735,6860.5385668735
"769",1995,"AR","Arkansas",0.174398051734549,17439.8051734549
"770",1995,"CA","California",0.189798335001462,18979.8335001462
"771",1995,"CO","Colorado",0.0896679642182097,8966.79642182097
"772",1995,"CT","Connecticut",0.0919745318818062,9197.45318818062
"773",1995,"DE","Delaware",0.190642105798702,19064.2105798702
"774",1995,"DC","District of Columbia",0.721146160846236,72114.6160846236
"775",1995,"FL","Florida",0.189727674578575,18972.7674578575
"776",1995,"GA","Georgia",0.361034875161799,36103.48751618
"777",1995,"HI","Hawaii",0.676208274680407,67620.8274680407
"778",1995,"ID","Idaho",0.0208152666527214,2081.52666527214
"779",1995,"IL","Illinois",0.196289089653355,19628.9089653355
"780",1995,"IN","Indiana",0.0823484108989166,8234.84108989166
"781",1995,"IA","Iowa",0.0380387062761988,3803.87062761988
"782",1995,"KS","Kansas",0.135865218254486,13586.5218254486
"783",1995,"KY","Kentucky",0.070832022347187,7083.2022347187
"784",1995,"LA","Louisiana",0.31452622521939,31452.622521939
"785",1995,"ME","Maine",0.0104788831812467,1047.88831812467
"786",1995,"MD","Maryland",0.335001400999394,33500.1400999394
"787",1995,"MA","Massachusetts",0.0882426940828269,8824.26940828269
"788",1995,"MI","Michigan",0.176024883212475,17602.4883212475
"789",1995,"MN","Minnesota",0.055205009244552,5520.5009244552
"790",1995,"MS","Mississippi",0.374443438791033,37444.3438791033
"791",1995,"MO","Missouri",0.112815141079847,11281.5141079847
"792",1995,"MT","Montana",0.0519760120562377,5197.60120562377
"793",1995,"NE","Nebraska",0.0440914022463785,4409.14022463785
"794",1995,"NV","Nevada",0.142598537480145,14259.8537480145
"795",1995,"NH","New Hampshire",0.0159979101195922,1599.79101195922
"796",1995,"NJ","New Jersey",0.176106309989847,17610.6309989847
"797",1995,"NM","New Mexico",0.125969789032552,12596.9789032552
"798",1995,"NY","New York",0.221245028053438,22124.5028053438
"799",1995,"NC","North Carolina",0.230151044563351,23015.1044563351
"800",1995,"ND","North Dakota",0.0488552688117312,4885.52688117312
"801",1995,"OH","Ohio",0.126082211419316,12608.2211419316
"802",1995,"OK","Oklahoma",0.136874059302624,13687.4059302624
"803",1995,"OR","Oregon",0.0629682670772465,6296.82670772465
"804",1995,"PA","Pennsylvania",0.110964226632389,11096.4226632389
"805",1995,"RI","Rhode Island",0.0731841829869565,7318.41829869565
"806",1995,"SC","South Carolina",0.304376518392464,30437.6518392464
"807",1995,"SD","South Dakota",0.058431723464168,5843.1723464168
"808",1995,"TN","Tennessee",0.217669288017111,21766.9288017111
"809",1995,"TX","Texas",0.185108288948877,18510.8288948877
"810",1995,"UT","Utah",0.0289804580363516,2898.04580363516
"811",1995,"VT","Vermont",0.0156230734898458,1562.30734898458
"812",1995,"VA","Virginia",0.229112339643411,22911.2339643411
"813",1995,"WA","Washington",0.0942402584461793,9424.02584461793
"814",1995,"WV","West Virginia",0.0272792550762226,2727.92550762226
"815",1995,"WI","Wisconsin",0.0851043776964026,8510.43776964026
"816",1995,"WY","Wyoming",0.0315772791872335,3157.72791872335
"817",1996,"AL","Alabama",0.32910457295743,32910.457295743
"818",1996,"AK","Alaska",0.23468851428001,23468.851428001
"819",1996,"AZ","Arizona",0.0994496815447846,9944.96815447847
"820",1996,"AR","Arkansas",0.186358123207494,18635.8123207494
"821",1996,"CA","California",0.195890637855128,19589.0637855128
"822",1996,"CO","Colorado",0.0719172186034867,7191.72186034867
"823",1996,"CT","Connecticut",0.11208282895039,11208.282895039
"824",1996,"DE","Delaware",0.229015944195247,22901.5944195247
"825",1996,"DC","District of Columbia",0.734250269632755,73425.0269632755
"826",1996,"FL","Florida",0.168370540774191,16837.0540774191
"827",1996,"GA","Georgia",0.332558280408991,33255.8280408991
"828",1996,"HI","Hawaii",0.727012621105127,72701.2621105127
"829",1996,"ID","Idaho",0.0272690371501297,2726.90371501297
"830",1996,"IL","Illinois",0.195746324236946,19574.6324236946
"831",1996,"IN","Indiana",0.0750364034244699,7503.64034244699
"832",1996,"IA","Iowa",0.0475143803529141,4751.4380352914
"833",1996,"KS","Kansas",0.10793994646774,10793.994646774
"834",1996,"KY","Kentucky",0.0932472690179983,9324.72690179983
"835",1996,"LA","Louisiana",0.324428705500758,32442.8705500758
"836",1996,"ME","Maine",0.0106607194047449,1066.07194047449
"837",1996,"MD","Maryland",0.312433932013638,31243.3932013638
"838",1996,"MA","Massachusetts",0.108331915671994,10833.1915671994
"839",1996,"MI","Michigan",0.153914042032303,15391.4042032303
"840",1996,"MN","Minnesota",0.0577284992054973,5772.84992054973
"841",1996,"MS","Mississippi",0.403855758231014,40385.5758231014
"842",1996,"MO","Missouri",0.123412636265119,12341.2636265119
"843",1996,"MT","Montana",0.101196710801636,10119.6710801636
"844",1996,"NE","Nebraska",0.0562071304694584,5620.71304694584
"845",1996,"NV","Nevada",0.139031240446921,13903.1240446921
"846",1996,"NH","New Hampshire",0.0168976351117739,1689.76351117739
"847",1996,"NJ","New Jersey",0.167290563130726,16729.0563130726
"848",1996,"NM","New Mexico",0.115003309256218,11500.3309256218
"849",1996,"NY","New York",0.221207150423077,22120.7150423077
"850",1996,"NC","North Carolina",0.257834736595334,25783.4736595334
"851",1996,"ND","North Dakota",0.0423163038197416,4231.63038197416
"852",1996,"OH","Ohio",0.130338775081843,13033.8775081843
"853",1996,"OK","Oklahoma",0.176891158154029,17689.1158154029
"854",1996,"OR","Oregon",0.0550382743592583,5503.82743592583
"855",1996,"PA","Pennsylvania",0.124263522521568,12426.3522521568
"856",1996,"RI","Rhode Island",0.0711340209825935,7113.40209825935
"857",1996,"SC","South Carolina",0.344346894701016,34434.6894701016
"858",1996,"SD","South Dakota",0.0682927424272204,6829.27424272204
"859",1996,"TN","Tennessee",0.209357122044197,20935.7122044197
"860",1996,"TX","Texas",0.138075463676022,13807.5463676022
"861",1996,"UT","Utah",0.0474922021892554,4749.22021892554
"862",1996,"VT","Vermont",0.0177722212721872,1777.22212721872
"863",1996,"VA","Virginia",0.249646662676967,24964.6662676967
"864",1996,"WA","Washington",0.102658510660847,10265.8510660847
"865",1996,"WV","West Virginia",0.025828603500046,2582.8603500046
"866",1996,"WI","Wisconsin",0.0908975461668364,9089.75461668364
"867",1996,"WY","Wyoming",0.0363170052880716,3631.70052880717
"868",1997,"AL","Alabama",0.298496755783423,29849.6755783423
"869",1997,"AK","Alaska",0.218769233431612,21876.9233431612
"870",1997,"AZ","Arizona",0.0988013711170235,9880.13711170235
"871",1997,"AR","Arkansas",0.185799135454036,18579.9135454036
"872",1997,"CA","California",0.194664054046602,19466.4054046602
"873",1997,"CO","Colorado",0.0840808226075526,8408.08226075526
"874",1997,"CT","Connecticut",0.13535456908365,13535.456908365
"875",1997,"DE","Delaware",0.261094617126464,26109.4617126464
"876",1997,"DC","District of Columbia",0.726278564499513,72627.8564499513
"877",1997,"FL","Florida",0.159290361569907,15929.0361569907
"878",1997,"GA","Georgia",0.351068394741221,35106.8394741221
"879",1997,"HI","Hawaii",0.702939562198473,70293.9562198473
"880",1997,"ID","Idaho",0.0319384844586739,3193.84844586739
"881",1997,"IL","Illinois",0.193047063344636,19304.7063344636
"882",1997,"IN","Indiana",0.0750378195577392,7503.78195577392
"883",1997,"IA","Iowa",0.0424756787746513,4247.56787746513
"884",1997,"KS","Kansas",0.105933685800547,10593.3685800547
"885",1997,"KY","Kentucky",0.0765890157684751,7658.90157684751
"886",1997,"LA","Louisiana",0.345071879829931,34507.1879829931
"887",1997,"ME","Maine",0.00902937625465053,902.937625465053
"888",1997,"MD","Maryland",0.299379240679586,29937.9240679586
"889",1997,"MA","Massachusetts",0.0885402531166306,8854.02531166306
"890",1997,"MI","Michigan",0.145137998832746,14513.7998832746
"891",1997,"MN","Minnesota",0.0708252449063218,7082.52449063218
"892",1997,"MS","Mississippi",0.42476607067118,42476.607067118
"893",1997,"MO","Missouri",0.133028228145903,13302.8228145903
"894",1997,"MT","Montana",0.0978174109848212,9781.74109848212
"895",1997,"NE","Nebraska",0.0627088871448545,6270.88871448545
"896",1997,"NV","Nevada",0.130565191487161,13056.5191487161
"897",1997,"NH","New Hampshire",0.0264894761396986,2648.94761396986
"898",1997,"NJ","New Jersey",0.192819231333485,19281.9231333485
"899",1997,"NM","New Mexico",0.145892667539764,14589.2667539764
"900",1997,"NY","New York",0.232921061436639,23292.1061436639
"901",1997,"NC","North Carolina",0.253846116659839,25384.6116659839
"902",1997,"ND","North Dakota",0.0556019030794867,5560.19030794867
"903",1997,"OH","Ohio",0.126749316687745,12674.9316687745
"904",1997,"OK","Oklahoma",0.19198026049789,19198.026049789
"905",1997,"OR","Oregon",0.0689952424762587,6899.52424762587
"906",1997,"PA","Pennsylvania",0.130455882293578,13045.5882293578
"907",1997,"RI","Rhode Island",0.0654696434623081,6546.96434623081
"908",1997,"SC","South Carolina",0.292419628951663,29241.9628951663
"909",1997,"SD","South Dakota",0.0713363924878987,7133.63924878986
"910",1997,"TN","Tennessee",0.2117754846975,21177.54846975
"911",1997,"TX","Texas",0.149671604767697,14967.1604767697
"912",1997,"UT","Utah",0.0481673371424482,4816.73371424482
"913",1997,"VT","Vermont",0.0160821689292605,1608.21689292605
"914",1997,"VA","Virginia",0.26602671945585,26602.671945585
"915",1997,"WA","Washington",0.099517866732505,9951.7866732505
"916",1997,"WV","West Virginia",0.0302365333168886,3023.65333168886
"917",1997,"WI","Wisconsin",0.0760469385424042,7604.69385424042
"918",1997,"WY","Wyoming",0.0447364602617579,4473.64602617579
"919",1998,"AL","Alabama",0.296964285280765,29696.4285280765
"920",1998,"AK","Alaska",0.231794313184599,23179.4313184599
"921",1998,"AZ","Arizona",0.0843846089071304,8438.46089071304
"922",1998,"AR","Arkansas",0.187883707829172,18788.3707829172
"923",1998,"CA","California",0.19930843747944,19930.843747944
"924",1998,"CO","Colorado",0.073422769105379,7342.2769105379
"925",1998,"CT","Connecticut",0.128509167032254,12850.9167032254
"926",1998,"DE","Delaware",0.248549436598106,24854.9436598106
"927",1998,"DC","District of Columbia",0.693682436012508,69368.2436012508
"928",1998,"FL","Florida",0.165543191058894,16554.3191058894
"929",1998,"GA","Georgia",0.36518786303743,36518.786303743
"930",1998,"HI","Hawaii",0.707804145815153,70780.4145815153
"931",1998,"ID","Idaho",0.0276343113046506,2763.43113046506
"932",1998,"IL","Illinois",0.184891524900788,18489.1524900788
"933",1998,"IN","Indiana",0.0787946111089466,7879.46111089466
"934",1998,"IA","Iowa",0.044676967061604,4467.6967061604
"935",1998,"KS","Kansas",0.110507901867924,11050.7901867924
"936",1998,"KY","Kentucky",0.0507273026318523,5072.73026318523
"937",1998,"LA","Louisiana",0.320549160275081,32054.9160275081
"938",1998,"ME","Maine",0.00376496538520385,376.496538520385
"939",1998,"MD","Maryland",0.332204542727019,33220.4542727019
"940",1998,"MA","Massachusetts",0.0749295055017115,7492.95055017115
"941",1998,"MI","Michigan",0.160622923364461,16062.2923364461
"942",1998,"MN","Minnesota",0.0843136384147825,8431.36384147825
"943",1998,"MS","Mississippi",0.382275983703594,38227.5983703594
"944",1998,"MO","Missouri",0.136573686536767,13657.3686536767
"945",1998,"MT","Montana",0.0787350413683024,7873.50413683024
"946",1998,"NE","Nebraska",0.0638845422227114,6388.45422227114
"947",1998,"NV","Nevada",0.136576854978361,13657.6854978361
"948",1998,"NH","New Hampshire",0.0175035066317146,1750.35066317146
"949",1998,"NJ","New Jersey",0.21823479224139,21823.479224139
"950",1998,"NM","New Mexico",0.161447661405198,16144.7661405198
"951",1998,"NY","New York",0.221298193950078,22129.8193950078
"952",1998,"NC","North Carolina",0.254150040869559,25415.0040869559
"953",1998,"ND","North Dakota",0.0700827158895074,7008.27158895074
"954",1998,"OH","Ohio",0.126863004117414,12686.3004117414
"955",1998,"OK","Oklahoma",0.161522808002549,16152.2808002549
"956",1998,"OR","Oregon",0.0856214365957315,8562.14365957315
"957",1998,"PA","Pennsylvania",0.125778830633346,12577.8830633346
"958",1998,"RI","Rhode Island",0.0699171067740761,6991.71067740761
"959",1998,"SC","South Carolina",0.288953192288742,28895.3192288742
"960",1998,"SD","South Dakota",0.0745643292927768,7456.43292927768
"961",1998,"TN","Tennessee",0.213259864391525,21325.9864391525
"962",1998,"TX","Texas",0.17240714019891,17240.714019891
"963",1998,"UT","Utah",0.0578106084142112,5781.06084142112
"964",1998,"VT","Vermont",0.016740434414853,1674.0434414853
"965",1998,"VA","Virginia",0.244876935367211,24487.6935367211
"966",1998,"WA","Washington",0.0896800998269145,8968.00998269145
"967",1998,"WV","West Virginia",0.0455875981273122,4558.75981273122
"968",1998,"WI","Wisconsin",0.0714543391788628,7145.43391788628
"969",1998,"WY","Wyoming",0.033062091767044,3306.2091767044
"970",1999,"AL","Alabama",0.281246960194072,28124.6960194072
"971",1999,"AK","Alaska",0.252705527317872,25270.5527317872
"972",1999,"AZ","Arizona",0.0666619735426616,6666.19735426616
"973",1999,"AR","Arkansas",0.193061768331171,19306.1768331171
"974",1999,"CA","California",0.201244720604021,20124.4720604021
"975",1999,"CO","Colorado",0.0653216878386907,6532.16878386907
"976",1999,"CT","Connecticut",0.140251472865254,14025.1472865254
"977",1999,"DE","Delaware",0.274187510494731,27418.7510494731
"978",1999,"DC","District of Columbia",0.685060045946204,68506.0045946204
"979",1999,"FL","Florida",0.180692157755089,18069.2157755089
"980",1999,"GA","Georgia",0.35252534297729,35252.534297729
"981",1999,"HI","Hawaii",0.751292228445744,75129.2228445744
"982",1999,"ID","Idaho",0.0257565143681331,2575.65143681331
"983",1999,"IL","Illinois",0.190221128828127,19022.1128828127
"984",1999,"IN","Indiana",0.0670215894139683,6702.15894139683
"985",1999,"IA","Iowa",0.0410692155214858,4106.92155214858
"986",1999,"KS","Kansas",0.116140630679797,11614.0630679797
"987",1999,"KY","Kentucky",0.0969211963648997,9692.11963648997
"988",1999,"LA","Louisiana",0.37025758493738,37025.758493738
"989",1999,"ME","Maine",0.0149375733034982,1493.75733034982
"990",1999,"MD","Maryland",0.333862853643242,33386.2853643242
"991",1999,"MA","Massachusetts",0.110780879397578,11078.0879397578
"992",1999,"MI","Michigan",0.168429637603637,16842.9637603637
"993",1999,"MN","Minnesota",0.0778477631943223,7784.77631943223
"994",1999,"MS","Mississippi",0.373848348702107,37384.8348702107
"995",1999,"MO","Missouri",0.130246181503858,13024.6181503858
"996",1999,"MT","Montana",0.0999423620813165,9994.23620813165
"997",1999,"NE","Nebraska",0.0708060816797314,7080.60816797314
"998",1999,"NV","Nevada",0.122330368943943,12233.0368943943
"999",1999,"NH","New Hampshire",0.0238343581131746,2383.43581131746
"1000",1999,"NJ","New Jersey",0.194740815768214,19474.0815768214
"1001",1999,"NM","New Mexico",0.133690790972571,13369.0790972571
"1002",1999,"NY","New York",0.228196984569772,22819.6984569772
"1003",1999,"NC","North Carolina",0.281064595791524,28106.4595791524
"1004",1999,"ND","North Dakota",0.0789253758325802,7892.53758325802
"1005",1999,"OH","Ohio",0.124787999108798,12478.7999108798
"1006",1999,"OK","Oklahoma",0.180065111517688,18006.5111517688
"1007",1999,"OR","Oregon",0.0810293595175093,8102.93595175093
"1008",1999,"PA","Pennsylvania",0.130467398048563,13046.7398048563
"1009",1999,"RI","Rhode Island",0.0998119460626595,9981.19460626595
"1010",1999,"SC","South Carolina",0.280133016179992,28013.3016179992
"1011",1999,"SD","South Dakota",0.0751657158229637,7516.57158229637
"1012",1999,"TN","Tennessee",0.170820740046832,17082.0740046832
"1013",1999,"TX","Texas",0.163150766089252,16315.0766089252
"1014",1999,"UT","Utah",0.0549762069671937,5497.62069671937
"1015",1999,"VT","Vermont",0.0188494167165997,1884.94167165997
"1016",1999,"VA","Virginia",0.245105400452778,24510.5400452778
"1017",1999,"WA","Washington",0.0737796836147691,7377.96836147691
"1018",1999,"WV","West Virginia",0.0540568968691,5405.68968691
"1019",1999,"WI","Wisconsin",0.0977388312817939,9773.8831281794
"1020",1999,"WY","Wyoming",0.0319102608555181,3191.02608555181
"1021",2000,"AL","Alabama",0.274025960649049,27402.5960649049
"1022",2000,"AK","Alaska",0.254857923108936,25485.7923108936
"1023",2000,"AZ","Arizona",0.0684305993461712,6843.05993461712
"1024",2000,"AR","Arkansas",0.20018493460134,20018.493460134
"1025",2000,"CA","California",0.196024400730646,19602.4400730646
"1026",2000,"CO","Colorado",0.0807485139795229,8074.85139795229
"1027",2000,"CT","Connecticut",0.15016521021869,15016.521021869
"1028",2000,"DE","Delaware",0.259263737250501,25926.3737250501
"1029",2000,"DC","District of Columbia",0.65928952666298,65928.952666298
"1030",2000,"FL","Florida",0.16636417842393,16636.417842393
"1031",2000,"GA","Georgia",0.367194045268842,36719.4045268842
"1032",2000,"HI","Hawaii",0.738725992614101,73872.5992614101
"1033",2000,"ID","Idaho",0.0351359357028574,3513.59357028574
"1034",2000,"IL","Illinois",0.195512874563901,19551.2874563901
"1035",2000,"IN","Indiana",0.0989359628513583,9893.59628513583
"1036",2000,"IA","Iowa",0.0394255755364292,3942.55755364292
"1037",2000,"KS","Kansas",0.105358129592201,10535.8129592201
"1038",2000,"KY","Kentucky",0.108775646922932,10877.5646922932
"1039",2000,"LA","Louisiana",0.351990121852324,35199.0121852324
"1040",2000,"ME","Maine",0.0141193500249372,1411.93500249372
"1041",2000,"MD","Maryland",0.32777197386832,32777.197386832
"1042",2000,"MA","Massachusetts",0.1202827171559,12028.27171559
"1043",2000,"MI","Michigan",0.176455373681298,17645.5373681298
"1044",2000,"MN","Minnesota",0.0798984732235928,7989.84732235928
"1045",2000,"MS","Mississippi",0.378202890313634,37820.2890313634
"1046",2000,"MO","Missouri",0.12866794386118,12866.794386118
"1047",2000,"MT","Montana",0.0822491714706532,8224.91714706532
"1048",2000,"NE","Nebraska",0.066356234137711,6635.6234137711
"1049",2000,"NV","Nevada",0.116089367949209,11608.9367949209
"1050",2000,"NH","New Hampshire",0.0290383492374772,2903.83492374772
"1051",2000,"NJ","New Jersey",0.20879033103941,20879.033103941
"1052",2000,"NM","New Mexico",0.166030453999129,16603.0453999129
"1053",2000,"NY","New York",0.22619818083341,22619.818083341
"1054",2000,"NC","North Carolina",0.262440297574647,26244.0297574647
"1055",2000,"ND","North Dakota",0.0837515759353313,8375.15759353313
"1056",2000,"OH","Ohio",0.145781843517932,14578.1843517932
"1057",2000,"OK","Oklahoma",0.194170172435978,19417.0172435978
"1058",2000,"OR","Oregon",0.0650604734310726,6506.04734310726
"1059",2000,"PA","Pennsylvania",0.12131703246676,12131.703246676
"1060",2000,"RI","Rhode Island",0.0886075682817438,8860.75682817438
"1061",2000,"SC","South Carolina",0.265326755436814,26532.6755436814
"1062",2000,"SD","South Dakota",0.0829314790871648,8293.14790871648
"1063",2000,"TN","Tennessee",0.189999420471482,18999.9420471482
"1064",2000,"TX","Texas",0.165365284071337,16536.5284071337
"1065",2000,"UT","Utah",0.0404353545270587,4043.53545270587
"1066",2000,"VT","Vermont",0.0271055842192456,2710.55842192456
"1067",2000,"VA","Virginia",0.239460103847103,23946.0103847103
"1068",2000,"WA","Washington",0.103490596247415,10349.0596247415
"1069",2000,"WV","West Virginia",0.0402285828941331,4022.85828941331
"1070",2000,"WI","Wisconsin",0.10435479530477,10435.479530477
"1071",2000,"WY","Wyoming",0.0287646831855584,2876.46831855584
"1072",2001,"AL","Alabama",0.282166033244244,28216.6033244244
"1073",2001,"AK","Alaska",0.262865747555463,26286.5747555463
"1074",2001,"AZ","Arizona",0.102410595170286,10241.0595170286
"1075",2001,"AR","Arkansas",0.196903443374342,19690.3443374342
"1076",2001,"CA","California",0.210724668657293,21072.4668657293
"1077",2001,"CO","Colorado",0.091543131082415,9154.3131082415
"1078",2001,"CT","Connecticut",0.141264776591893,14126.4776591893
"1079",2001,"DE","Delaware",0.220639603210439,22063.9603210439
"1080",2001,"DC","District of Columbia",0.677186689249555,67718.6689249555
"1081",2001,"FL","Florida",0.168713483002761,16871.3483002761
"1082",2001,"GA","Georgia",0.377679963430245,37767.9963430245
"1083",2001,"HI","Hawaii",0.725660915684797,72566.0915684797
"1084",2001,"ID","Idaho",0.0340699552562409,3406.99552562409
"1085",2001,"IL","Illinois",0.206701442883849,20670.1442883849
"1086",2001,"IN","Indiana",0.106574535222951,10657.4535222951
"1087",2001,"IA","Iowa",0.043246832382503,4324.6832382503
"1088",2001,"KS","Kansas",0.0905794394645453,9057.94394645453
"1089",2001,"KY","Kentucky",0.0965059963675259,9650.59963675259
"1090",2001,"LA","Louisiana",0.342149917310013,34214.9917310013
"1091",2001,"ME","Maine",0.0160070763787183,1600.70763787183
"1092",2001,"MD","Maryland",0.338734103284459,33873.4103284459
"1093",2001,"MA","Massachusetts",0.103740822281462,10374.0822281462
"1094",2001,"MI","Michigan",0.174479177262097,17447.9177262097
"1095",2001,"MN","Minnesota",0.0709986523379892,7099.86523379892
"1096",2001,"MS","Mississippi",0.37242325921503,37242.325921503
"1097",2001,"MO","Missouri",0.123739806276204,12373.9806276204
"1098",2001,"MT","Montana",0.072529887697485,7252.9887697485
"1099",2001,"NE","Nebraska",0.0655938939640096,6559.38939640096
"1100",2001,"NV","Nevada",0.145824039069688,14582.4039069688
"1101",2001,"NH","New Hampshire",0.0211719817254153,2117.19817254153
"1102",2001,"NJ","New Jersey",0.219821187773325,21982.1187773325
"1103",2001,"NM","New Mexico",0.175350899808264,17535.0899808264
"1104",2001,"NY","New York",0.247251169187405,24725.1169187405
"1105",2001,"NC","North Carolina",0.268723296488722,26872.3296488722
"1106",2001,"ND","North Dakota",0.075028207534184,7502.8207534184
"1107",2001,"OH","Ohio",0.141014321006072,14101.4321006072
"1108",2001,"OK","Oklahoma",0.17138804341499,17138.804341499
"1109",2001,"OR","Oregon",0.0804794652736677,8047.94652736677
"1110",2001,"PA","Pennsylvania",0.10950646763944,10950.646763944
"1111",2001,"RI","Rhode Island",0.0888082931329089,8880.82931329089
"1112",2001,"SC","South Carolina",0.26269950060193,26269.950060193
"1113",2001,"SD","South Dakota",0.0740774486113001,7407.74486113001
"1114",2001,"TN","Tennessee",0.198018116451262,19801.8116451262
"1115",2001,"TX","Texas",0.14689265833382,14689.265833382
"1116",2001,"UT","Utah",0.0484872314830396,4848.72314830396
"1117",2001,"VT","Vermont",0.022941464395224,2294.1464395224
"1118",2001,"VA","Virginia",0.276802870198728,27680.2870198728
"1119",2001,"WA","Washington",0.122656025582592,12265.6025582592
"1120",2001,"WV","West Virginia",0.0358833116353488,3588.33116353488
"1121",2001,"WI","Wisconsin",0.0840506545297113,8405.06545297113
"1122",2001,"WY","Wyoming",0.0292173296366205,2921.73296366205
"1123",2002,"AL","Alabama",0.281956449641562,28195.6449641562
"1124",2002,"AK","Alaska",0.293194586445898,29319.4586445898
"1125",2002,"AZ","Arizona",0.105174108154013,10517.4108154013
"1126",2002,"AR","Arkansas",0.208823048741917,20882.3048741917
"1127",2002,"CA","California",0.209511626905322,20951.1626905322
"1128",2002,"CO","Colorado",0.0815483714245966,8154.83714245966
"1129",2002,"CT","Connecticut",0.139357292463107,13935.7292463107
"1130",2002,"DE","Delaware",0.21831709371055,21831.709371055
"1131",2002,"DC","District of Columbia",0.665824844721954,66582.4844721954
"1132",2002,"FL","Florida",0.180974568446102,18097.4568446102
"1133",2002,"GA","Georgia",0.344090324411546,34409.0324411546
"1134",2002,"HI","Hawaii",0.743148899848793,74314.8899848793
"1135",2002,"ID","Idaho",0.03586058887401,3586.058887401
"1136",2002,"IL","Illinois",0.203245521121643,20324.5521121643
"1137",2002,"IN","Indiana",0.0789754238794059,7897.54238794059
"1138",2002,"IA","Iowa",0.0507476177981774,5074.76177981774
"1139",2002,"KS","Kansas",0.0925365295195213,9253.65295195213
"1140",2002,"KY","Kentucky",0.081313238750082,8131.3238750082
"1141",2002,"LA","Louisiana",0.344204405132577,34420.4405132577
"1142",2002,"ME","Maine",0.0277531236682871,2775.31236682871
"1143",2002,"MD","Maryland",0.335618333316153,33561.8333316153
"1144",2002,"MA","Massachusetts",0.121614882758629,12161.4882758629
"1145",2002,"MI","Michigan",0.174275708315907,17427.5708315907
"1146",2002,"MN","Minnesota",0.0771618126859965,7716.18126859964
"1147",2002,"MS","Mississippi",0.402958215219755,40295.8215219755
"1148",2002,"MO","Missouri",0.136381251829244,13638.1251829244
"1149",2002,"MT","Montana",0.0659655413850132,6596.55413850132
"1150",2002,"NE","Nebraska",0.0665790201831079,6657.90201831079
"1151",2002,"NV","Nevada",0.15851331600076,15851.331600076
"1152",2002,"NH","New Hampshire",0.0339663062629595,3396.63062629595
"1153",2002,"NJ","New Jersey",0.205065412065637,20506.5412065637
"1154",2002,"NM","New Mexico",0.135750899719943,13575.0899719943
"1155",2002,"NY","New York",0.241654340580037,24165.4340580037
"1156",2002,"NC","North Carolina",0.285384046232268,28538.4046232268
"1157",2002,"ND","North Dakota",0.0911926941713946,9119.26941713946
"1158",2002,"OH","Ohio",0.138738978114881,13873.8978114881
"1159",2002,"OK","Oklahoma",0.174137236580798,17413.7236580798
"1160",2002,"OR","Oregon",0.0736470594454948,7364.70594454948
"1161",2002,"PA","Pennsylvania",0.11247188530255,11247.188530255
"1162",2002,"RI","Rhode Island",0.0854711695809632,8547.11695809632
"1163",2002,"SC","South Carolina",0.293426369714191,29342.6369714191
"1164",2002,"SD","South Dakota",0.081486331360033,8148.6331360033
"1165",2002,"TN","Tennessee",0.200677106710164,20067.7106710164
"1166",2002,"TX","Texas",0.154630124226543,15463.0124226543
"1167",2002,"UT","Utah",0.0597004087669729,5970.04087669729
"1168",2002,"VT","Vermont",0.021998656760855,2199.8656760855
"1169",2002,"VA","Virginia",0.270549604808291,27054.9604808291
"1170",2002,"WA","Washington",0.132734618053811,13273.4618053811
"1171",2002,"WV","West Virginia",0.0407315050784632,4073.15050784632
"1172",2002,"WI","Wisconsin",0.0844978758833318,8449.78758833318
"1173",2002,"WY","Wyoming",0.0321235625800487,3212.35625800487
"1174",2003,"AL","Alabama",0.297643202722739,29764.3202722739
"1175",2003,"AK","Alaska",0.313337226309648,31333.7226309648
"1176",2003,"AZ","Arizona",0.103650803819274,10365.0803819274
"1177",2003,"AR","Arkansas",0.200505165935415,20050.5165935415
"1178",2003,"CA","California",0.222539869736763,22253.9869736763
"1179",2003,"CO","Colorado",0.11082735112846,11082.735112846
"1180",2003,"CT","Connecticut",0.151048145622356,15104.8145622356
"1181",2003,"DE","Delaware",0.231655104227826,23165.5104227826
"1182",2003,"DC","District of Columbia",0.634001334944269,63400.1334944269
"1183",2003,"FL","Florida",0.188421736521796,18842.1736521796
"1184",2003,"GA","Georgia",0.313904494001126,31390.4494001126
"1185",2003,"HI","Hawaii",0.822281097864092,82228.1097864092
"1186",2003,"ID","Idaho",0.0416402805162398,4164.02805162398
"1187",2003,"IL","Illinois",0.193204441040766,19320.4441040766
"1188",2003,"IN","Indiana",0.10776703879785,10776.703879785
"1189",2003,"IA","Iowa",0.0516705734587434,5167.05734587434
"1190",2003,"KS","Kansas",0.124963536142462,12496.3536142462
"1191",2003,"KY","Kentucky",0.10257000343916,10257.000343916
"1192",2003,"LA","Louisiana",0.341195982563641,34119.5982563641
"1193",2003,"ME","Maine",0.0297553312979352,2975.53312979352
"1194",2003,"MD","Maryland",0.348209050697172,34820.9050697171
"1195",2003,"MA","Massachusetts",0.110650792647729,11065.0792647729
"1196",2003,"MI","Michigan",0.181036104263668,18103.6104263668
"1197",2003,"MN","Minnesota",0.0858371766355432,8583.71766355432
"1198",2003,"MS","Mississippi",0.390725468376327,39072.5468376327
"1199",2003,"MO","Missouri",0.146770285073377,14677.0285073377
"1200",2003,"MT","Montana",0.0898342439602803,8983.42439602803
"1201",2003,"NE","Nebraska",0.0816818362523477,8168.18362523477
"1202",2003,"NV","Nevada",0.18287144849743,18287.144849743
"1203",2003,"NH","New Hampshire",0.0395219433269728,3952.19433269728
"1204",2003,"NJ","New Jersey",0.217310426703033,21731.0426703033
"1205",2003,"NM","New Mexico",0.152890977839647,15289.0977839647
"1206",2003,"NY","New York",0.257106509207434,25710.6509207435
"1207",2003,"NC","North Carolina",0.267398778984433,26739.8778984433
"1208",2003,"ND","North Dakota",0.0685314438701805,6853.14438701805
"1209",2003,"OH","Ohio",0.149833339606988,14983.3339606988
"1210",2003,"OK","Oklahoma",0.232573275030889,23257.3275030889
"1211",2003,"OR","Oregon",0.0918354021857821,9183.54021857821
"1212",2003,"PA","Pennsylvania",0.130099787543493,13009.9787543493
"1213",2003,"RI","Rhode Island",0.101377323531686,10137.7323531686
"1214",2003,"SC","South Carolina",0.313135125326187,31313.5125326187
"1215",2003,"SD","South Dakota",0.094828172753807,9482.8172753807
"1216",2003,"TN","Tennessee",0.191922464329878,19192.2464329878
"1217",2003,"TX","Texas",0.169678462239078,16967.8462239078
"1218",2003,"UT","Utah",0.0578118167113003,5781.18167113003
"1219",2003,"VT","Vermont",0.0282524195710852,2825.24195710852
"1220",2003,"VA","Virginia",0.262239999060409,26223.9999060409
"1221",2003,"WA","Washington",0.136230370805643,13623.0370805643
"1222",2003,"WV","West Virginia",0.0563064082915207,5630.64082915207
"1223",2003,"WI","Wisconsin",0.0928448913835142,9284.48913835142
"1224",2003,"WY","Wyoming",0.0499426224597164,4994.26224597164
"1225",2004,"AL","Alabama",0.30198663933265,30198.663933265
"1226",2004,"AK","Alaska",0.313597401991135,31359.7401991135
"1227",2004,"AZ","Arizona",0.0983057625313165,9830.57625313165
"1228",2004,"AR","Arkansas",0.193451519048705,19345.1519048705
"1229",2004,"CA","California",0.227486873480929,22748.6873480929
"1230",2004,"CO","Colorado",0.106635767762605,10663.5767762605
"1231",2004,"CT","Connecticut",0.13935319062276,13935.319062276
"1232",2004,"DE","Delaware",0.229054177144065,22905.4177144065
"1233",2004,"DC","District of Columbia",0.63454469742703,63454.469742703
"1234",2004,"FL","Florida",0.192861762928722,19286.1762928722
"1235",2004,"GA","Georgia",0.317337527169078,31733.7527169078
"1236",2004,"HI","Hawaii",0.804976975989246,80497.6975989246
"1237",2004,"ID","Idaho",0.0536569598067535,5365.69598067535
"1238",2004,"IL","Illinois",0.196294631445556,19629.4631445556
"1239",2004,"IN","Indiana",0.113648691886351,11364.8691886351
"1240",2004,"IA","Iowa",0.0538086017536144,5380.86017536144
"1241",2004,"KS","Kansas",0.137283708530968,13728.3708530968
"1242",2004,"KY","Kentucky",0.108442892591246,10844.2892591246
"1243",2004,"LA","Louisiana",0.338998580135794,33899.8580135794
"1244",2004,"ME","Maine",0.046984632677331,4698.4632677331
"1245",2004,"MD","Maryland",0.34304843671869,34304.843671869
"1246",2004,"MA","Massachusetts",0.115656040420926,11565.6040420926
"1247",2004,"MI","Michigan",0.187686199608391,18768.6199608391
"1248",2004,"MN","Minnesota",0.0891224091400617,8912.24091400617
"1249",2004,"MS","Mississippi",0.388863260284224,38886.3260284224
"1250",2004,"MO","Missouri",0.154346481615921,15434.6481615921
"1251",2004,"MT","Montana",0.0857564479531725,8575.64479531725
"1252",2004,"NE","Nebraska",0.0910659390914579,9106.59390914579
"1253",2004,"NV","Nevada",0.172081255150614,17208.1255150614
"1254",2004,"NH","New Hampshire",0.0402893334493256,4028.93334493256
"1255",2004,"NJ","New Jersey",0.217355729501588,21735.5729501588
"1256",2004,"NM","New Mexico",0.173646978936887,17364.6978936887
"1257",2004,"NY","New York",0.250933884244005,25093.3884244005
"1258",2004,"NC","North Carolina",0.267611431126815,26761.1431126815
"1259",2004,"ND","North Dakota",0.0756494559902653,7564.94559902653
"1260",2004,"OH","Ohio",0.148442840699166,14844.2840699166
"1261",2004,"OK","Oklahoma",0.221441066025772,22144.1066025772
"1262",2004,"OR","Oregon",0.101984550942522,10198.4550942522
"1263",2004,"PA","Pennsylvania",0.126497275977456,12649.7275977456
"1264",2004,"RI","Rhode Island",0.0991064079206098,9910.64079206098
"1265",2004,"SC","South Carolina",0.317211107481088,31721.1107481088
"1266",2004,"SD","South Dakota",0.115844400235254,11584.4400235254
"1267",2004,"TN","Tennessee",0.19060732433384,19060.732433384
"1268",2004,"TX","Texas",0.170352370914123,17035.2370914123
"1269",2004,"UT","Utah",0.0527668970291004,5276.68970291004
"1270",2004,"VT","Vermont",0.0347185404941509,3471.85404941509
"1271",2004,"VA","Virginia",0.255146371032626,25514.6371032626
"1272",2004,"WA","Washington",0.160840859238659,16084.0859238659
"1273",2004,"WV","West Virginia",0.0485578823501661,4855.78823501661
"1274",2004,"WI","Wisconsin",0.0966518480511337,9665.18480511337
"1275",2004,"WY","Wyoming",0.0515554041298773,5155.54041298773
"1276",2005,"AL","Alabama",0.291176385871368,29117.6385871368
"1277",2005,"AK","Alaska",0.273599500750892,27359.9500750892
"1278",2005,"AZ","Arizona",0.108803262476953,10880.3262476953
"1279",2005,"AR","Arkansas",0.192895550684673,19289.5550684673
"1280",2005,"CA","California",0.22171199044472,22171.199044472
"1281",2005,"CO","Colorado",0.0956858185127706,9568.58185127706
"1282",2005,"CT","Connecticut",0.137805427067566,13780.5427067566
"1283",2005,"DE","Delaware",0.244421162767976,24442.1162767976
"1284",2005,"DC","District of Columbia",0.623697623763463,62369.7623763463
"1285",2005,"FL","Florida",0.191877459406238,19187.7459406238
"1286",2005,"GA","Georgia",0.341739503204626,34173.9503204626
"1287",2005,"HI","Hawaii",0.789192643245768,78919.2643245768
"1288",2005,"ID","Idaho",0.0513467482330309,5134.67482330309
"1289",2005,"IL","Illinois",0.206234716482181,20623.4716482181
"1290",2005,"IN","Indiana",0.113835712547323,11383.5712547323
"1291",2005,"IA","Iowa",0.0628127257122414,6281.27257122414
"1292",2005,"KS","Kansas",0.115558515516843,11555.8515516843
"1293",2005,"KY","Kentucky",0.094962555451614,9496.2555451614
"1294",2005,"LA","Louisiana",0.354823936200368,35482.3936200368
"1295",2005,"ME","Maine",0.0387975549218579,3879.75549218579
"1296",2005,"MD","Maryland",0.346306183359546,34630.6183359546
"1297",2005,"MA","Massachusetts",0.131521043570438,13152.1043570438
"1298",2005,"MI","Michigan",0.190489933721091,19048.9933721091
"1299",2005,"MN","Minnesota",0.110321988469525,11032.1988469525
"1300",2005,"MS","Mississippi",0.39572612202819,39572.612202819
"1301",2005,"MO","Missouri",0.151520864577168,15152.0864577168
"1302",2005,"MT","Montana",0.0747197523819564,7471.97523819564
"1303",2005,"NE","Nebraska",0.0910374681044609,9103.74681044609
"1304",2005,"NV","Nevada",0.169805459351905,16980.5459351905
"1305",2005,"NH","New Hampshire",0.0369257580640311,3692.57580640311
"1306",2005,"NJ","New Jersey",0.216867398303478,21686.7398303478
"1307",2005,"NM","New Mexico",0.159949483390057,15994.9483390057
"1308",2005,"NY","New York",0.254238103644345,25423.8103644345
"1309",2005,"NC","North Carolina",0.277807847069424,27780.7847069424
"1310",2005,"ND","North Dakota",0.0903489633539309,9034.89633539309
"1311",2005,"OH","Ohio",0.148753982584388,14875.3982584388
"1312",2005,"OK","Oklahoma",0.229455681814675,22945.5681814675
"1313",2005,"OR","Oregon",0.11004242546084,11004.242546084
"1314",2005,"PA","Pennsylvania",0.130975443035567,13097.5443035567
"1315",2005,"RI","Rhode Island",0.103447442121417,10344.7442121417
"1316",2005,"SC","South Carolina",0.312911423545839,31291.1423545839
"1317",2005,"SD","South Dakota",0.122769818551438,12276.9818551438
"1318",2005,"TN","Tennessee",0.186712395122908,18671.2395122908
"1319",2005,"TX","Texas",0.171300781731503,17130.0781731503
"1320",2005,"UT","Utah",0.0559501457901403,5595.01457901403
"1321",2005,"VT","Vermont",0.0350810707585501,3508.10707585501
"1322",2005,"VA","Virginia",0.255767743699234,25576.7743699234
"1323",2005,"WA","Washington",0.156424106356363,15642.4106356363
"1324",2005,"WV","West Virginia",0.0437648523876505,4376.48523876505
"1325",2005,"WI","Wisconsin",0.0980548144393164,9805.48144393164
"1326",2005,"WY","Wyoming",0.0461431820144321,4614.31820144321
"1327",2006,"AL","Alabama",0.285965420957381,28596.5420957381
"1328",2006,"AK","Alaska",0.260276333834808,26027.6333834808
"1329",2006,"AZ","Arizona",0.122547119696699,12254.7119696699
"1330",2006,"AR","Arkansas",0.198761755158947,19876.1755158947
"1331",2006,"CA","California",0.225545621144102,22554.5621144102
"1332",2006,"CO","Colorado",0.0951318559406813,9513.18559406813
"1333",2006,"CT","Connecticut",0.150517418953858,15051.7418953858
"1334",2006,"DE","Delaware",0.263334428342468,26333.4428342468
"1335",2006,"DC","District of Columbia",0.612280494460876,61228.0494460876
"1336",2006,"FL","Florida",0.188484523353162,18848.4523353162
"1337",2006,"GA","Georgia",0.331718614411257,33171.8614411257
"1338",2006,"HI","Hawaii",0.762961082158229,76296.1082158229
"1339",2006,"ID","Idaho",0.060224677783402,6022.4677783402
"1340",2006,"IL","Illinois",0.211274791281448,21127.4791281448
"1341",2006,"IN","Indiana",0.102462069313817,10246.2069313817
"1342",2006,"IA","Iowa",0.058464961876428,5846.4961876428
"1343",2006,"KS","Kansas",0.115397427422256,11539.7427422256
"1344",2006,"KY","Kentucky",0.100257734857262,10025.7734857262
"1345",2006,"LA","Louisiana",0.343384769658919,34338.4769658919
"1346",2006,"ME","Maine",0.0396753802912769,3967.53802912769
"1347",2006,"MD","Maryland",0.359155576651765,35915.5576651765
"1348",2006,"MA","Massachusetts",0.135081006472727,13508.1006472726
"1349",2006,"MI","Michigan",0.18721532213872,18721.532213872
"1350",2006,"MN","Minnesota",0.101789233471994,10178.9233471994
"1351",2006,"MS","Mississippi",0.392391865930463,39239.1865930463
"1352",2006,"MO","Missouri",0.14566969162169,14566.969162169
"1353",2006,"MT","Montana",0.0798246496863304,7982.46496863304
"1354",2006,"NE","Nebraska",0.0932999746931186,9329.99746931186
"1355",2006,"NV","Nevada",0.203367366022269,20336.7366022269
"1356",2006,"NH","New Hampshire",0.0455205541197953,4552.05541197953
"1357",2006,"NJ","New Jersey",0.217394584823303,21739.4584823303
"1358",2006,"NM","New Mexico",0.146404906886608,14640.4906886608
"1359",2006,"NY","New York",0.266449857629309,26644.9857629309
"1360",2006,"NC","North Carolina",0.262319145245529,26231.9145245529
"1361",2006,"ND","North Dakota",0.0991751552122051,9917.51552122051
"1362",2006,"OH","Ohio",0.144151790644384,14415.1790644384
"1363",2006,"OK","Oklahoma",0.230038460827394,23003.8460827394
"1364",2006,"OR","Oregon",0.114692986512676,11469.2986512676
"1365",2006,"PA","Pennsylvania",0.134658612136963,13465.8612136963
"1366",2006,"RI","Rhode Island",0.10927845301871,10927.845301871
"1367",2006,"SC","South Carolina",0.318285527286728,31828.5527286728
"1368",2006,"SD","South Dakota",0.096947460180952,9694.7460180952
"1369",2006,"TN","Tennessee",0.199530272092888,19953.0272092888
"1370",2006,"TX","Texas",0.173242281173455,17324.2281173455
"1371",2006,"UT","Utah",0.0631451852472091,6314.51852472091
"1372",2006,"VT","Vermont",0.0401274367333698,4012.74367333698
"1373",2006,"VA","Virginia",0.255294906050314,25529.4906050314
"1374",2006,"WA","Washington",0.171754645067662,17175.4645067662
"1375",2006,"WV","West Virginia",0.043657087567324,4365.7087567324
"1376",2006,"WI","Wisconsin",0.0944584349622683,9445.84349622683
"1377",2006,"WY","Wyoming",0.0446462300649068,4464.62300649068
"1378",2007,"AL","Alabama",0.293571161444753,29357.1161444753
"1379",2007,"AK","Alaska",0.255499364532574,25549.9364532574
"1380",2007,"AZ","Arizona",0.11339530272359,11339.530272359
"1381",2007,"AR","Arkansas",0.20356551660505,20356.551660505
"1382",2007,"CA","California",0.221020635114689,22102.0635114689
"1383",2007,"CO","Colorado",0.0924078755985454,9240.78755985454
"1384",2007,"CT","Connecticut",0.144326030995308,14432.6030995308
"1385",2007,"DE","Delaware",0.261527979549303,26152.7979549303
"1386",2007,"DC","District of Columbia",0.613459726441901,61345.9726441901
"1387",2007,"FL","Florida",0.191336879031276,19133.6879031276
"1388",2007,"GA","Georgia",0.338427197786399,33842.7197786399
"1389",2007,"HI","Hawaii",0.784981082092498,78498.1082092498
"1390",2007,"ID","Idaho",0.0405975137471298,4059.75137471298
"1391",2007,"IL","Illinois",0.218750805147049,21875.0805147049
"1392",2007,"IN","Indiana",0.106185030879199,10618.5030879199
"1393",2007,"IA","Iowa",0.0639992368644694,6399.92368644694
"1394",2007,"KS","Kansas",0.111218882577557,11121.8882577557
"1395",2007,"KY","Kentucky",0.095673604149998,9567.3604149998
"1396",2007,"LA","Louisiana",0.327163303063519,32716.3303063519
"1397",2007,"ME","Maine",0.0406945551217096,4069.45551217096
"1398",2007,"MD","Maryland",0.355886867243991,35588.6867243992
"1399",2007,"MA","Massachusetts",0.139825949486307,13982.5949486307
"1400",2007,"MI","Michigan",0.180453180731377,18045.3180731377
"1401",2007,"MN","Minnesota",0.104943716874749,10494.3716874749
"1402",2007,"MS","Mississippi",0.396777736913362,39677.7736913362
"1403",2007,"MO","Missouri",0.151133394287059,15113.3394287059
"1404",2007,"MT","Montana",0.0942251130208653,9422.51130208653
"1405",2007,"NE","Nebraska",0.0954243648957471,9542.43648957471
"1406",2007,"NV","Nevada",0.19125181135789,19125.181135789
"1407",2007,"NH","New Hampshire",0.0432938879731659,4329.38879731659
"1408",2007,"NJ","New Jersey",0.244295966421089,24429.596642109
"1409",2007,"NM","New Mexico",0.164665176639355,16466.5176639355
"1410",2007,"NY","New York",0.269387829303493,26938.7829303493
"1411",2007,"NC","North Carolina",0.267944748945835,26794.4748945835
"1412",2007,"ND","North Dakota",0.118265518703863,11826.5518703863
"1413",2007,"OH","Ohio",0.14617816512018,14617.816512018
"1414",2007,"OK","Oklahoma",0.25975498258256,25975.498258256
"1415",2007,"OR","Oregon",0.120369897437326,12036.9897437326
"1416",2007,"PA","Pennsylvania",0.130142388874616,13014.2388874616
"1417",2007,"RI","Rhode Island",0.115478285964168,11547.8285964168
"1418",2007,"SC","South Carolina",0.316649642842834,31664.9642842834
"1419",2007,"SD","South Dakota",0.0763048830444121,7630.48830444121
"1420",2007,"TN","Tennessee",0.20031161931692,20031.161931692
"1421",2007,"TX","Texas",0.169708598451303,16970.8598451303
"1422",2007,"UT","Utah",0.0692608895366596,6926.08895366596
"1423",2007,"VT","Vermont",0.0441614876882121,4416.14876882121
"1424",2007,"VA","Virginia",0.266431297580584,26643.1297580584
"1425",2007,"WA","Washington",0.163854587805403,16385.4587805403
"1426",2007,"WV","West Virginia",0.0474348259931766,4743.48259931766
"1427",2007,"WI","Wisconsin",0.100612008209026,10061.2008209026
"1428",2007,"WY","Wyoming",0.0442619155981352,4426.19155981352
"1429",2008,"AL","Alabama",0.291716290084166,29171.6290084166
"1430",2008,"AK","Alaska",0.260667288498986,26066.7288498986
"1431",2008,"AZ","Arizona",0.131641180601258,13164.1180601258
"1432",2008,"AR","Arkansas",0.18955119310144,18955.119310144
"1433",2008,"CA","California",0.221511832590971,22151.1832590971
"1434",2008,"CO","Colorado",0.101594885888185,10159.4885888185
"1435",2008,"CT","Connecticut",0.144736849372965,14473.6849372965
"1436",2008,"DE","Delaware",0.250298778892166,25029.8778892166
"1437",2008,"DC","District of Columbia",0.595649916634476,59564.9916634476
"1438",2008,"FL","Florida",0.189679030876168,18967.9030876168
"1439",2008,"GA","Georgia",0.347543664328168,34754.3664328168
"1440",2008,"HI","Hawaii",0.794945622672604,79494.5622672604
"1441",2008,"ID","Idaho",0.0413089500392229,4130.89500392229
"1442",2008,"IL","Illinois",0.214002890897125,21400.2890897125
"1443",2008,"IN","Indiana",0.105389021455499,10538.9021455499
"1444",2008,"IA","Iowa",0.059564807544315,5956.4807544315
"1445",2008,"KS","Kansas",0.122548767722621,12254.8767722621
"1446",2008,"KY","Kentucky",0.0959622416306221,9596.22416306221
"1447",2008,"LA","Louisiana",0.333419506217034,33341.9506217034
"1448",2008,"ME","Maine",0.0400162300872727,4001.62300872727
"1449",2008,"MD","Maryland",0.351519328326613,35151.9328326613
"1450",2008,"MA","Massachusetts",0.133669630482867,13366.9630482867
"1451",2008,"MI","Michigan",0.192366447941268,19236.6447941268
"1452",2008,"MN","Minnesota",0.10954694169874,10954.694169874
"1453",2008,"MS","Mississippi",0.406425326121974,40642.5326121974
"1454",2008,"MO","Missouri",0.153752978716562,15375.2978716562
"1455",2008,"MT","Montana",0.0875224309983947,8752.24309983947
"1456",2008,"NE","Nebraska",0.0831418229734712,8314.18229734712
"1457",2008,"NV","Nevada",0.198586276280087,19858.6276280087
"1458",2008,"NH","New Hampshire",0.0439474972905565,4394.74972905565
"1459",2008,"NJ","New Jersey",0.245348275743161,24534.8275743161
"1460",2008,"NM","New Mexico",0.173498434826801,17349.8434826801
"1461",2008,"NY","New York",0.262284991606708,26228.4991606708
"1462",2008,"NC","North Carolina",0.262663318335971,26266.3318335971
"1463",2008,"ND","North Dakota",0.12057087512288,12057.087512288
"1464",2008,"OH","Ohio",0.148765354326004,14876.5354326004
"1465",2008,"OK","Oklahoma",0.253079523891612,25307.9523891612
"1466",2008,"OR","Oregon",0.133938559729771,13393.8559729771
"1467",2008,"PA","Pennsylvania",0.134325281576513,13432.5281576513
"1468",2008,"RI","Rhode Island",0.111135981540676,11113.5981540676
"1469",2008,"SC","South Carolina",0.315498289580754,31549.8289580754
"1470",2008,"SD","South Dakota",0.0902142088195537,9021.42088195537
"1471",2008,"TN","Tennessee",0.191051328255069,19105.1328255069
"1472",2008,"TX","Texas",0.175591604566451,17559.1604566451
"1473",2008,"UT","Utah",0.0603264686963537,6032.64686963537
"1474",2008,"VT","Vermont",0.0420519947676356,4205.19947676356
"1475",2008,"VA","Virginia",0.268294699426756,26829.4699426756
"1476",2008,"WA","Washington",0.161620597002517,16162.0597002517
"1477",2008,"WV","West Virginia",0.0508436387898175,5084.36387898175
"1478",2008,"WI","Wisconsin",0.101258435383284,10125.8435383284
"1479",2008,"WY","Wyoming",0.0526365873919129,5263.65873919129
"1480",2009,"AL","Alabama",0.289556873972243,28955.6873972243
"1481",2009,"AK","Alaska",0.2458409398893,24584.09398893
"1482",2009,"AZ","Arizona",0.14541594069593,14541.594069593
"1483",2009,"AR","Arkansas",0.196014156115916,19601.4156115916
"1484",2009,"CA","California",0.224331256657763,22433.1256657763
"1485",2009,"CO","Colorado",0.0985841031593098,9858.41031593099
"1486",2009,"CT","Connecticut",0.14655440569414,14655.440569414
"1487",2009,"DE","Delaware",0.249555708124777,24955.5708124777
"1488",2009,"DC","District of Columbia",0.581668722863708,58166.8722863708
"1489",2009,"FL","Florida",0.188012141596945,18801.2141596945
"1490",2009,"GA","Georgia",0.354531499505085,35453.1499505085
"1491",2009,"HI","Hawaii",0.780887062952032,78088.7062952032
"1492",2009,"ID","Idaho",0.0397086058637521,3970.86058637521
"1493",2009,"IL","Illinois",0.207972853137614,20797.2853137614
"1494",2009,"IN","Indiana",0.109442981340527,10944.2981340527
"1495",2009,"IA","Iowa",0.0688425783441404,6884.25783441404
"1496",2009,"KS","Kansas",0.121262417812208,12126.2417812208
"1497",2009,"KY","Kentucky",0.0923944950103842,9239.44950103842
"1498",2009,"LA","Louisiana",0.347914492235142,34791.4492235142
"1499",2009,"ME","Maine",0.0382337325820283,3823.37325820283
"1500",2009,"MD","Maryland",0.37010430391466,37010.430391466
"1501",2009,"MA","Massachusetts",0.13095697315812,13095.697315812
"1502",2009,"MI","Michigan",0.192085207611622,19208.5207611622
"1503",2009,"MN","Minnesota",0.0971030758212698,9710.30758212698
"1504",2009,"MS","Mississippi",0.389591278879704,38959.1278879704
"1505",2009,"MO","Missouri",0.151278041472609,15127.8041472609
"1506",2009,"MT","Montana",0.104464738384883,10446.4738384883
"1507",2009,"NE","Nebraska",0.0866761282619628,8667.61282619628
"1508",2009,"NV","Nevada",0.208249171129414,20824.9171129414
"1509",2009,"NH","New Hampshire",0.0417258771882306,4172.58771882306
"1510",2009,"NJ","New Jersey",0.251041739639022,25104.1739639022
"1511",2009,"NM","New Mexico",0.153419555945237,15341.9555945237
"1512",2009,"NY","New York",0.26056463853564,26056.463853564
"1513",2009,"NC","North Carolina",0.280569126349194,28056.9126349194
"1514",2009,"ND","North Dakota",0.120591215701271,12059.1215701271
"1515",2009,"OH","Ohio",0.150444204799836,15044.4204799836
"1516",2009,"OK","Oklahoma",0.258506959319761,25850.6959319761
"1517",2009,"OR","Oregon",0.107838855887403,10783.8855887403
"1518",2009,"PA","Pennsylvania",0.139646078579915,13964.6078579915
"1519",2009,"RI","Rhode Island",0.119583207150389,11958.3207150389
"1520",2009,"SC","South Carolina",0.313952606326174,31395.2606326174
"1521",2009,"SD","South Dakota",0.110796840122937,11079.6840122937
"1522",2009,"TN","Tennessee",0.19216769965241,19216.769965241
"1523",2009,"TX","Texas",0.177426344681095,17742.6344681095
"1524",2009,"UT","Utah",0.0509122016188618,5091.22016188618
"1525",2009,"VT","Vermont",0.0342776951164831,3427.76951164831
"1526",2009,"VA","Virginia",0.262746493990157,26274.6493990157
"1527",2009,"WA","Washington",0.176655904506582,17665.5904506582
"1528",2009,"WV","West Virginia",0.0587847252224271,5878.47252224271
"1529",2009,"WI","Wisconsin",0.0977595498653867,9775.95498653867
"1530",2009,"WY","Wyoming",0.0560501940977084,5605.01940977084
"1531",2010,"AL","Alabama",0.285621592309627,28562.1592309627
"1532",2010,"AK","Alaska",0.285328250074555,28532.8250074555
"1533",2010,"AZ","Arizona",0.172318758437072,17231.8758437072
"1534",2010,"AR","Arkansas",0.195225205638683,19522.5205638683
"1535",2010,"CA","California",0.243069770172304,24306.9770172304
"1536",2010,"CO","Colorado",0.105837129942573,10583.7129942573
"1537",2010,"CT","Connecticut",0.174736224816871,17473.6224816871
"1538",2010,"DE","Delaware",0.266752371746191,26675.2371746191
"1539",2010,"DC","District of Columbia",0.58645026106151,58645.026106151
"1540",2010,"FL","Florida",0.204598446947988,20459.8446947988
"1541",2010,"GA","Georgia",0.356935498513187,35693.5498513187
"1542",2010,"HI","Hawaii",0.810970177103578,81097.0177103578
"1543",2010,"ID","Idaho",0.0444390836209847,4443.90836209847
"1544",2010,"IL","Illinois",0.219168551086264,21916.8551086264
"1545",2010,"IN","Indiana",0.1221623720118,12216.23720118
"1546",2010,"IA","Iowa",0.0814821084336615,8148.21084336615
"1547",2010,"KS","Kansas",0.121002925626171,12100.2925626171
"1548",2010,"KY","Kentucky",0.0968647702299534,9686.47702299534
"1549",2010,"LA","Louisiana",0.354340369945988,35434.0369945988
"1550",2010,"ME","Maine",0.047474469721525,4747.4469721525
"1551",2010,"MD","Maryland",0.37987261972479,37987.261972479
"1552",2010,"MA","Massachusetts",0.161967595217086,16196.7595217086
"1553",2010,"MI","Michigan",0.209859472172596,20985.9472172596
"1554",2010,"MN","Minnesota",0.109159992141774,10915.9992141774
"1555",2010,"MS","Mississippi",0.393255683784001,39325.5683784001
"1556",2010,"MO","Missouri",0.149071795447583,14907.1795447583
"1557",2010,"MT","Montana",0.107527143993256,10752.7143993256
"1558",2010,"NE","Nebraska",0.100460225996201,10046.0225996201
"1559",2010,"NV","Nevada",0.217685941446888,21768.5941446888
"1560",2010,"NH","New Hampshire",0.0501144042430467,5011.44042430467
"1561",2010,"NJ","New Jersey",0.250320740789511,25032.0740789511
"1562",2010,"NM","New Mexico",0.18600076787869,18600.076787869
"1563",2010,"NY","New York",0.279007433472721,27900.7433472721
"1564",2010,"NC","North Carolina",0.279511218210978,27951.1218210978
"1565",2010,"ND","North Dakota",0.133612312073498,13361.2312073498
"1566",2010,"OH","Ohio",0.16250421753627,16250.421753627
"1567",2010,"OK","Oklahoma",0.309070499243508,30907.0499243508
"1568",2010,"OR","Oregon",0.132896471370188,13289.6471370188
"1569",2010,"PA","Pennsylvania",0.149312878671317,14931.2878671317
"1570",2010,"RI","Rhode Island",0.161784199188186,16178.4199188186
"1571",2010,"SC","South Carolina",0.307392698248779,30739.2698248779
"1572",2010,"SD","South Dakota",0.130176900503935,13017.6900503935
"1573",2010,"TN","Tennessee",0.19918625888806,19918.625888806
"1574",2010,"TX","Texas",0.193336031527017,19333.6031527017
"1575",2010,"UT","Utah",0.0617866708448681,6178.66708448681
"1576",2010,"VT","Vermont",0.0422921896911342,4229.21896911342
"1577",2010,"VA","Virginia",0.273442713524729,27344.2713524729
"1578",2010,"WA","Washington",0.207364153518616,20736.4153518616
"1579",2010,"WV","West Virginia",0.0552769882741385,5527.69882741385
"1580",2010,"WI","Wisconsin",0.112608885699573,11260.8885699573
"1581",2010,"WY","Wyoming",0.0569117190137557,5691.17190137557
"1582",2011,"AL","Alabama",0.285602456700607,28560.2456700607
"1583",2011,"AK","Alaska",0.266081932289212,26608.1932289212
"1584",2011,"AZ","Arizona",0.148497652329971,14849.7652329971
"1585",2011,"AR","Arkansas",0.209945026068621,20994.5026068621
"1586",2011,"CA","California",0.250943314219832,25094.3314219832
"1587",2011,"CO","Colorado",0.0983483081292105,9834.83081292105
"1588",2011,"CT","Connecticut",0.179208751956258,17920.8751956258
"1589",2011,"DE","Delaware",0.275918263437313,27591.8263437313
"1590",2011,"DC","District of Columbia",0.568269769322626,56826.9769322626
"1591",2011,"FL","Florida",0.203102022052521,20310.2022052521
"1592",2011,"GA","Georgia",0.364684621152089,36468.4621152089
"1593",2011,"HI","Hawaii",0.81558746358243,81558.746358243
"1594",2011,"ID","Idaho",0.0551564846588771,5515.64846588771
"1595",2011,"IL","Illinois",0.214755297101736,21475.5297101737
"1596",2011,"IN","Indiana",0.121501759395362,12150.1759395362
"1597",2011,"IA","Iowa",0.0687370863247393,6873.70863247393
"1598",2011,"KS","Kansas",0.134601212371174,13460.1212371174
"1599",2011,"KY","Kentucky",0.10360005671293,10360.005671293
"1600",2011,"LA","Louisiana",0.347277231218583,34727.7231218583
"1601",2011,"ME","Maine",0.0462831175500432,4628.31175500432
"1602",2011,"MD","Maryland",0.391311977851348,39131.1977851348
"1603",2011,"MA","Massachusetts",0.156506124716612,15650.6124716612
"1604",2011,"MI","Michigan",0.207297278508231,20729.7278508231
"1605",2011,"MN","Minnesota",0.121649137376129,12164.9137376129
"1606",2011,"MS","Mississippi",0.398626282724294,39862.6282724293
"1607",2011,"MO","Missouri",0.158823895488222,15882.3895488222
"1608",2011,"MT","Montana",0.098687295865006,9868.7295865006
"1609",2011,"NE","Nebraska",0.112770479938485,11277.0479938485
"1610",2011,"NV","Nevada",0.235050130679325,23505.0130679325
"1611",2011,"NH","New Hampshire",0.0502126604698019,5021.26604698019
"1612",2011,"NJ","New Jersey",0.251128506376587,25112.8506376587
"1613",2011,"NM","New Mexico",0.191813914022402,19181.3914022402
"1614",2011,"NY","New York",0.273695480900493,27369.5480900493
"1615",2011,"NC","North Carolina",0.280722601189791,28072.2601189791
"1616",2011,"ND","North Dakota",0.145984205720601,14598.4205720601
"1617",2011,"OH","Ohio",0.162448998382838,16244.8998382838
"1618",2011,"OK","Oklahoma",0.306348958001638,30634.8958001638
"1619",2011,"OR","Oregon",0.121605897228634,12160.5897228634
"1620",2011,"PA","Pennsylvania",0.148133076903588,14813.3076903588
"1621",2011,"RI","Rhode Island",0.145663590036973,14566.3590036973
"1622",2011,"SC","South Carolina",0.30640416149784,30640.416149784
"1623",2011,"SD","South Dakota",0.122375194045937,12237.5194045937
"1624",2011,"TN","Tennessee",0.19763790810793,19763.790810793
"1625",2011,"TX","Texas",0.197957550159845,19795.7550159845
"1626",2011,"UT","Utah",0.0765893079094431,7658.93079094431
"1627",2011,"VT","Vermont",0.0397194256359658,3971.94256359658
"1628",2011,"VA","Virginia",0.279703819538581,27970.3819538581
"1629",2011,"WA","Washington",0.207061175925436,20706.1175925436
"1630",2011,"WV","West Virginia",0.0539098890566902,5390.98890566902
"1631",2011,"WI","Wisconsin",0.126123526940214,12612.3526940214
"1632",2011,"WY","Wyoming",0.06204038933956,6204.038933956
"1633",2012,"AL","Alabama",0.294867410155541,29486.7410155541
"1634",2012,"AK","Alaska",0.277049010116309,27704.9010116309
"1635",2012,"AZ","Arizona",0.122248711876731,12224.8711876731
"1636",2012,"AR","Arkansas",0.197365040838322,19736.5040838322
"1637",2012,"CA","California",0.253035115076308,25303.5115076308
"1638",2012,"CO","Colorado",0.107741408304709,10774.1408304709
"1639",2012,"CT","Connecticut",0.176580540962262,17658.0540962262
"1640",2012,"DE","Delaware",0.286398938632725,28639.8938632725
"1641",2012,"DC","District of Columbia",0.57059468695436,57059.468695436
"1642",2012,"FL","Florida",0.213625757407763,21362.5757407763
"1643",2012,"GA","Georgia",0.366626026210169,36662.6026210169
"1644",2012,"HI","Hawaii",0.794287965840482,79428.7965840482
"1645",2012,"ID","Idaho",0.0508565990682064,5085.65990682064
"1646",2012,"IL","Illinois",0.216725933510018,21672.5933510018
"1647",2012,"IN","Indiana",0.127640594685111,12764.0594685111
"1648",2012,"IA","Iowa",0.0798804263188949,7988.04263188949
"1649",2012,"KS","Kansas",0.134342268231583,13434.2268231583
"1650",2012,"KY","Kentucky",0.114130859689256,11413.0859689256
"1651",2012,"LA","Louisiana",0.340930051547964,34093.0051547964
"1652",2012,"ME","Maine",0.0501942812815379,5019.42812815379
"1653",2012,"MD","Maryland",0.403562712474115,40356.2712474115
"1654",2012,"MA","Massachusetts",0.154541411549847,15454.1411549847
"1655",2012,"MI","Michigan",0.197550589260486,19755.0589260486
"1656",2012,"MN","Minnesota",0.135394160516739,13539.4160516739
"1657",2012,"MS","Mississippi",0.39940491869912,39940.491869912
"1658",2012,"MO","Missouri",0.171614414851328,17161.4414851328
"1659",2012,"MT","Montana",0.0911903093617931,9119.03093617931
"1660",2012,"NE","Nebraska",0.108796568328459,10879.6568328459
"1661",2012,"NV","Nevada",0.259575207251431,25957.5207251431
"1662",2012,"NH","New Hampshire",0.0496411013767355,4964.11013767355
"1663",2012,"NJ","New Jersey",0.241165282040712,24116.5282040712
"1664",2012,"NM","New Mexico",0.159802539592323,15980.2539592323
"1665",2012,"NY","New York",0.286776452322521,28677.6452322521
"1666",2012,"NC","North Carolina",0.290088431316187,29008.8431316187
"1667",2012,"ND","North Dakota",0.148528163693335,14852.8163693335
"1668",2012,"OH","Ohio",0.16267067984423,16267.067984423
"1669",2012,"OK","Oklahoma",0.290718716021509,29071.8716021509
"1670",2012,"OR","Oregon",0.118713109766885,11871.3109766885
"1671",2012,"PA","Pennsylvania",0.148761812808154,14876.1812808154
"1672",2012,"RI","Rhode Island",0.124754784522524,12475.4784522524
"1673",2012,"SC","South Carolina",0.303373120717874,30337.3120717874
"1674",2012,"SD","South Dakota",0.141459121258192,14145.9121258192
"1675",2012,"TN","Tennessee",0.210132125205184,21013.2125205184
"1676",2012,"TX","Texas",0.195726253923002,19572.6253923002
"1677",2012,"UT","Utah",0.0831402192599317,8314.02192599317
"1678",2012,"VT","Vermont",0.0555010322705762,5550.10322705762
"1679",2012,"VA","Virginia",0.280290047857977,28029.0047857977
"1680",2012,"WA","Washington",0.190447807020167,19044.7807020167
"1681",2012,"WV","West Virginia",0.0555984149198329,5559.84149198329
"1682",2012,"WI","Wisconsin",0.119115325637184,11911.5325637184
"1683",2012,"WY","Wyoming",0.0731064319454855,7310.64319454855
"1684",2013,"AL","Alabama",0.291115183279434,29111.5183279434
"1685",2013,"AK","Alaska",0.298067058579332,29806.7058579332
"1686",2013,"AZ","Arizona",0.156520613355909,15652.0613355909
"1687",2013,"AR","Arkansas",0.204267413031258,20426.7413031258
"1688",2013,"CA","California",0.257577490832142,25757.7490832142
"1689",2013,"CO","Colorado",0.105387854692182,10538.7854692182
"1690",2013,"CT","Connecticut",0.181922040811968,18192.2040811968
"1691",2013,"DE","Delaware",0.266992234361723,26699.2234361723
"1692",2013,"DC","District of Columbia",0.564502353246342,56450.2353246342
"1693",2013,"FL","Florida",0.221568336684535,22156.8336684535
"1694",2013,"GA","Georgia",0.371455772207969,37145.5772207969
"1695",2013,"HI","Hawaii",0.776120210381219,77612.0210381219
"1696",2013,"ID","Idaho",0.0534558527366551,5345.58527366551
"1697",2013,"IL","Illinois",0.213690880872304,21369.0880872304
"1698",2013,"IN","Indiana",0.136861956952156,13686.1956952156
"1699",2013,"IA","Iowa",0.0855790124890416,8557.90124890416
"1700",2013,"KS","Kansas",0.137146974381259,13714.6974381259
"1701",2013,"KY","Kentucky",0.115363167769342,11536.3167769342
"1702",2013,"LA","Louisiana",0.344098432389095,34409.8432389095
"1703",2013,"ME","Maine",0.0435254248690916,4352.54248690916
"1704",2013,"MD","Maryland",0.401832838807343,40183.2838807343
"1705",2013,"MA","Massachusetts",0.177779431799735,17777.9431799735
"1706",2013,"MI","Michigan",0.20101484497881,20101.484497881
"1707",2013,"MN","Minnesota",0.136063463817862,13606.3463817863
"1708",2013,"MS","Mississippi",0.395473440747685,39547.3440747685
"1709",2013,"MO","Missouri",0.171830132792954,17183.0132792954
"1710",2013,"MT","Montana",0.0821857493861815,8218.57493861815
"1711",2013,"NE","Nebraska",0.11557422930917,11557.422930917
"1712",2013,"NV","Nevada",0.247841730402762,24784.1730402762
"1713",2013,"NH","New Hampshire",0.052222347366894,5222.2347366894
"1714",2013,"NJ","New Jersey",0.254083245919839,25408.3245919839
"1715",2013,"NM","New Mexico",0.182070890133516,18207.0890133516
"1716",2013,"NY","New York",0.280283758936526,28028.3758936526
"1717",2013,"NC","North Carolina",0.297783621412757,29778.3621412757
"1718",2013,"ND","North Dakota",0.142973125118865,14297.3125118865
"1719",2013,"OH","Ohio",0.159349451367073,15934.9451367073
"1720",2013,"OK","Oklahoma",0.291440596856017,29144.0596856017
"1721",2013,"OR","Oregon",0.124300858433868,12430.0858433868
"1722",2013,"PA","Pennsylvania",0.160888178151125,16088.8178151125
"1723",2013,"RI","Rhode Island",0.14459108291197,14459.108291197
"1724",2013,"SC","South Carolina",0.306709131254946,30670.9131254946
"1725",2013,"SD","South Dakota",0.1191383949349,11913.83949349
"1726",2013,"TN","Tennessee",0.212303205180756,21230.3205180756
"1727",2013,"TX","Texas",0.187155277219898,18715.5277219898
"1728",2013,"UT","Utah",0.0675281134166535,6752.81134166535
"1729",2013,"VT","Vermont",0.0440599878289042,4405.99878289042
"1730",2013,"VA","Virginia",0.284717690998211,28471.7690998211
"1731",2013,"WA","Washington",0.2033007609326,20330.07609326
"1732",2013,"WV","West Virginia",0.064083773914509,6408.37739145089
"1733",2013,"WI","Wisconsin",0.1211064512252,12110.64512252
"1734",2013,"WY","Wyoming",0.0685307999443512,6853.07999443512
"1735",2014,"AL","Alabama",0.289387574268591,28938.7574268591
"1736",2014,"AK","Alaska",0.2863439116017,28634.39116017
"1737",2014,"AZ","Arizona",0.183843183426727,18384.3183426727
"1738",2014,"AR","Arkansas",0.198822915129676,19882.2915129676
"1739",2014,"CA","California",0.258432138746438,25843.2138746438
"1740",2014,"CO","Colorado",0.110707805152171,11070.7805152171
"1741",2014,"CT","Connecticut",0.20467094216694,20467.094216694
"1742",2014,"DE","Delaware",0.27275662931433,27275.662931433
"1743",2014,"DC","District of Columbia",0.563107761074526,56310.7761074526
"1744",2014,"FL","Florida",0.219017312412956,21901.7312412956
"1745",2014,"GA","Georgia",0.380845506585909,38084.5506585909
"1746",2014,"HI","Hawaii",0.798591446675447,79859.1446675447
"1747",2014,"ID","Idaho",0.062484168430254,6248.4168430254
"1748",2014,"IL","Illinois",0.208711760420202,20871.1760420202
"1749",2014,"IN","Indiana",0.123568744336241,12356.8744336241
"1750",2014,"IA","Iowa",0.0938687935951674,9386.87935951674
"1751",2014,"KS","Kansas",0.15845289838964,15845.289838964
"1752",2014,"KY","Kentucky",0.118509008011836,11850.9008011836
"1753",2014,"LA","Louisiana",0.352054603319164,35205.4603319164
"1754",2014,"ME","Maine",0.0409445301993024,4094.45301993024
"1755",2014,"MD","Maryland",0.409816666570595,40981.6666570595
"1756",2014,"MA","Massachusetts",0.184057825071507,18405.7825071507
"1757",2014,"MI","Michigan",0.201306806366201,20130.6806366201
"1758",2014,"MN","Minnesota",0.144090687509991,14409.0687509991
"1759",2014,"MS","Mississippi",0.405611896167732,40561.1896167732
"1760",2014,"MO","Missouri",0.159952110870904,15995.2110870904
"1761",2014,"MT","Montana",0.0916410747494102,9164.10747494102
"1762",2014,"NE","Nebraska",0.0983978605097068,9839.78605097068
"1763",2014,"NV","Nevada",0.264313497607889,26431.3497607889
"1764",2014,"NH","New Hampshire",0.0544107744925372,5441.07744925372
"1765",2014,"NJ","New Jersey",0.24866601169533,24866.601169533
"1766",2014,"NM","New Mexico",0.147333858065295,14733.3858065295
"1767",2014,"NY","New York",0.292919167210913,29291.9167210913
"1768",2014,"NC","North Carolina",0.294726150873849,29472.6150873849
"1769",2014,"ND","North Dakota",0.139486988136654,13948.6988136654
"1770",2014,"OH","Ohio",0.161543222147139,16154.3222147139
"1771",2014,"OK","Oklahoma",0.270421390742951,27042.1390742951
"1772",2014,"OR","Oregon",0.132151101439454,13215.1101439454
"1773",2014,"PA","Pennsylvania",0.162997087366422,16299.7087366422
"1774",2014,"RI","Rhode Island",0.177355338198463,17735.5338198463
"1775",2014,"SC","South Carolina",0.305824322137988,30582.4322137988
"1776",2014,"SD","South Dakota",0.119241599592265,11924.1599592265
"1777",2014,"TN","Tennessee",0.208053439402489,20805.3439402489
"1778",2014,"TX","Texas",0.201082215732212,20108.2215732212
"1779",2014,"UT","Utah",0.0696155253028641,6961.55253028641
"1780",2014,"VT","Vermont",0.0524297517920101,5242.97517920101
"1781",2014,"VA","Virginia",0.275957342514505,27595.7342514505
"1782",2014,"WA","Washington",0.194486538690508,19448.6538690508
"1783",2014,"WV","West Virginia",0.0624442391703408,6244.42391703408
"1784",2014,"WI","Wisconsin",0.111567456306614,11156.7456306614
"1785",2014,"WY","Wyoming",0.0733318226381648,7333.18226381648
"1786",2015,"AL","Alabama",0.300585431723918,30058.5431723918
"1787",2015,"AK","Alaska",0.373105339624603,37310.5339624603
"1788",2015,"AZ","Arizona",0.159303852337711,15930.3852337711
"1789",2015,"AR","Arkansas",0.210314795599932,21031.4795599932
"1790",2015,"CA","California",0.262319133265231,26231.9133265231
"1791",2015,"CO","Colorado",0.113836408372048,11383.6408372048
"1792",2015,"CT","Connecticut",0.193843167670811,19384.3167670811
"1793",2015,"DE","Delaware",0.286085423231641,28608.5423231641
"1794",2015,"DC","District of Columbia",0.554867876835,55486.7876835
"1795",2015,"FL","Florida",0.214640992569791,21464.0992569791
"1796",2015,"GA","Georgia",0.382907508606241,38290.7508606241
"1797",2015,"HI","Hawaii",0.792666437504251,79266.6437504251
"1798",2015,"ID","Idaho",0.0580353301989639,5803.53301989639
"1799",2015,"IL","Illinois",0.213486677360841,21348.6677360841
"1800",2015,"IN","Indiana",0.14327852125314,14327.852125314
"1801",2015,"IA","Iowa",0.0713686683225132,7136.86683225132
"1802",2015,"KS","Kansas",0.150700265596628,15070.0265596628
"1803",2015,"KY","Kentucky",0.117010593800919,11701.0593800919
"1804",2015,"LA","Louisiana",0.368268515674652,36826.8515674652
"1805",2015,"ME","Maine",0.0709458185205338,7094.58185205338
"1806",2015,"MD","Maryland",0.402729421137521,40272.9421137521
"1807",2015,"MA","Massachusetts",0.187935311836387,18793.5311836387
"1808",2015,"MI","Michigan",0.205868328872163,20586.8328872163
"1809",2015,"MN","Minnesota",0.163329128918362,16332.9128918362
"1810",2015,"MS","Mississippi",0.396035002389823,39603.5002389823
"1811",2015,"MO","Missouri",0.156531487644799,15653.1487644799
"1812",2015,"MT","Montana",0.0753227817526783,7532.27817526783
"1813",2015,"NE","Nebraska",0.109564033525837,10956.4033525837
"1814",2015,"NV","Nevada",0.26697611501205,26697.611501205
"1815",2015,"NH","New Hampshire",0.0543434454894039,5434.34454894039
"1816",2015,"NJ","New Jersey",0.256811339765528,25681.1339765528
"1817",2015,"NM","New Mexico",0.205436758198127,20543.6758198127
"1818",2015,"NY","New York",0.304208207630866,30420.8207630866
"1819",2015,"NC","North Carolina",0.298161287568006,29816.1287568006
"1820",2015,"ND","North Dakota",0.098159811353325,9815.9811353325
"1821",2015,"OH","Ohio",0.175152187224931,17515.2187224931
"1822",2015,"OK","Oklahoma",0.230768043539173,23076.8043539173
"1823",2015,"OR","Oregon",0.132122325147226,13212.2325147226
"1824",2015,"PA","Pennsylvania",0.177927510055636,17792.7510055636
"1825",2015,"RI","Rhode Island",0.149410579514461,14941.0579514461
"1826",2015,"SC","South Carolina",0.306009947655468,30600.9947655468
"1827",2015,"SD","South Dakota",0.135930744641673,13593.0744641673
"1828",2015,"TN","Tennessee",0.210107112073596,21010.7112073596
"1829",2015,"TX","Texas",0.202273042167895,20227.3042167895
"1830",2015,"UT","Utah",0.0702601879703409,7026.01879703409
"1831",2015,"VT","Vermont",0.0458422768366485,4584.22768366485
"1832",2015,"VA","Virginia",0.29318572716383,29318.572716383
"1833",2015,"WA","Washington",0.188021391247765,18802.1391247765
"1834",2015,"WV","West Virginia",0.0667574234687296,6675.74234687296
"1835",2015,"WI","Wisconsin",0.114391874357372,11439.1874357372
"1836",2015,"WY","Wyoming",0.0607150402648249,6071.50402648249
"1837",2016,"AL","Alabama",0.317652267723543,31765.2267723543
"1838",2016,"AK","Alaska",0.373128182132377,37312.8182132377
"1839",2016,"AZ","Arizona",0.147835360838243,14783.5360838243
"1840",2016,"AR","Arkansas",0.202397067078725,20239.7067078725
"1841",2016,"CA","California",0.275835228574678,27583.5228574678
"1842",2016,"CO","Colorado",0.113596347487714,11359.6347487714
"1843",2016,"CT","Connecticut",0.185708678252116,18570.8678252116
"1844",2016,"DE","Delaware",0.276692473692755,27669.2473692755
"1845",2016,"DC","District of Columbia",0.5538079239768,55380.79239768
"1846",2016,"FL","Florida",0.22143295361926,22143.295361926
"1847",2016,"GA","Georgia",0.390358683392001,39035.8683392001
"1848",2016,"HI","Hawaii",0.790277491896789,79027.7491896789
"1849",2016,"ID","Idaho",0.0435335538853004,4353.35538853004
"1850",2016,"IL","Illinois",0.218041713030505,21804.1713030505
"1851",2016,"IN","Indiana",0.130965616242822,13096.5616242822
"1852",2016,"IA","Iowa",0.0784733437854374,7847.33437854374
"1853",2016,"KS","Kansas",0.139026663365843,13902.6663365843
"1854",2016,"KY","Kentucky",0.123122067201195,12312.2067201195
"1855",2016,"LA","Louisiana",0.376469327940839,37646.9327940839
"1856",2016,"ME","Maine",0.0717483721079172,7174.83721079172
"1857",2016,"MD","Maryland",0.411996168911676,41199.6168911676
"1858",2016,"MA","Massachusetts",0.176333717724706,17633.3717724706
"1859",2016,"MI","Michigan",0.200528954680738,20052.8954680738
"1860",2016,"MN","Minnesota",0.135258122648064,13525.8122648064
"1861",2016,"MS","Mississippi",0.42225995562554,42225.995562554
"1862",2016,"MO","Missouri",0.158068608038538,15806.8608038538
"1863",2016,"MT","Montana",0.0756394262982354,7563.94262982354
"1864",2016,"NE","Nebraska",0.106441965535367,10644.1965535367
"1865",2016,"NV","Nevada",0.274201356074337,27420.1356074337
"1866",2016,"NH","New Hampshire",0.0678461765417591,6784.61765417591
"1867",2016,"NJ","New Jersey",0.27246463546613,27246.463546613
"1868",2016,"NM","New Mexico",0.219065950888459,21906.5950888459
"1869",2016,"NY","New York",0.287610826221898,28761.0826221898
"1870",2016,"NC","North Carolina",0.28180056178448,28180.056178448
"1871",2016,"ND","North Dakota",0.122895258425417,12289.5258425417
"1872",2016,"OH","Ohio",0.179178658271992,17917.8658271992
"1873",2016,"OK","Oklahoma",0.260968732381371,26096.8732381371
"1874",2016,"OR","Oregon",0.111731784049912,11173.1784049912
"1875",2016,"PA","Pennsylvania",0.186116073299497,18611.6073299497
"1876",2016,"RI","Rhode Island",0.149021532663344,14902.1532663344
"1877",2016,"SC","South Carolina",0.310409526511474,31040.9526511474
"1878",2016,"SD","South Dakota",0.145642676052385,14564.2676052385
"1879",2016,"TN","Tennessee",0.214147816550226,21414.7816550226
"1880",2016,"TX","Texas",0.205799342872316,20579.9342872316
"1881",2016,"UT","Utah",0.0672678438618584,6726.78438618584
"1882",2016,"VT","Vermont",0.0444010549111489,4440.10549111489
"1883",2016,"VA","Virginia",0.287004140818723,28700.4140818723
"1884",2016,"WA","Washington",0.200570428335089,20057.0428335089
"1885",2016,"WV","West Virginia",0.0617353767121805,6173.53767121805
"1886",2016,"WI","Wisconsin",0.137099509496746,13709.9509496746
"1887",2016,"WY","Wyoming",0.0602839844259938,6028.39844259938
"1888",2017,"AL","Alabama",0.300976928120003,30097.6928120003
"1889",2017,"AK","Alaska",0.355318503676334,35531.8503676334
"1890",2017,"AZ","Arizona",0.130398291236543,13039.8291236542
"1891",2017,"AR","Arkansas",0.209585486389142,20958.5486389142
"1892",2017,"CA","California",0.281273604071163,28127.3604071163
"1893",2017,"CO","Colorado",0.126949671584448,12694.9671584448
"1894",2017,"CT","Connecticut",0.2016259424177,20162.59424177
"1895",2017,"DE","Delaware",0.277064500819503,27706.4500819503
"1896",2017,"DC","District of Columbia",0.549863175771489,54986.3175771489
"1897",2017,"FL","Florida",0.214078090175666,21407.8090175666
"1898",2017,"GA","Georgia",0.39056375623779,39056.375623779
"1899",2017,"HI","Hawaii",0.781580488101117,78158.0488101117
"1900",2017,"ID","Idaho",0.0537841613789101,5378.41613789101
"1901",2017,"IL","Illinois",0.229279492357022,22927.9492357022
"1902",2017,"IN","Indiana",0.132756264162083,13275.6264162083
"1903",2017,"IA","Iowa",0.0834919534619682,8349.19534619682
"1904",2017,"KS","Kansas",0.140938880448033,14093.8880448033
"1905",2017,"KY","Kentucky",0.118911912797551,11891.1912797551
"1906",2017,"LA","Louisiana",0.370024046655355,37002.4046655355
"1907",2017,"ME","Maine",0.0633798578674549,6337.98578674549
"1908",2017,"MD","Maryland",0.394487655224024,39448.7655224024
"1909",2017,"MA","Massachusetts",0.18984645328364,18984.645328364
"1910",2017,"MI","Michigan",0.197602252551758,19760.2252551758
"1911",2017,"MN","Minnesota",0.145530548269074,14553.0548269074
"1912",2017,"MS","Mississippi",0.402479054605303,40247.9054605303
"1913",2017,"MO","Missouri",0.173069307408869,17306.9307408869
"1914",2017,"MT","Montana",0.0850620724713996,8506.20724713996
"1915",2017,"NE","Nebraska",0.0971747643869103,9717.47643869102
"1916",2017,"NV","Nevada",0.248069377208537,24806.9377208537
"1917",2017,"NH","New Hampshire",0.0581869007369813,5818.69007369813
"1918",2017,"NJ","New Jersey",0.266854123889804,26685.4123889804
"1919",2017,"NM","New Mexico",0.206588003936983,20658.8003936983
"1920",2017,"NY","New York",0.300039008798164,30003.9008798164
"1921",2017,"NC","North Carolina",0.29043749905986,29043.749905986
"1922",2017,"ND","North Dakota",0.126898834578481,12689.8834578481
"1923",2017,"OH","Ohio",0.182875581830999,18287.5581830999
"1924",2017,"OK","Oklahoma",0.262200828559537,26220.0828559537
"1925",2017,"OR","Oregon",0.114692240590742,11469.2240590742
"1926",2017,"PA","Pennsylvania",0.183842019449947,18384.2019449947
"1927",2017,"RI","Rhode Island",0.163475922681222,16347.5922681222
"1928",2017,"SC","South Carolina",0.310590060579441,31059.0060579441
"1929",2017,"SD","South Dakota",0.148492812762588,14849.2812762588
"1930",2017,"TN","Tennessee",0.219592010901602,21959.2010901602
"1931",2017,"TX","Texas",0.206467578778504,20646.7578778504
"1932",2017,"UT","Utah",0.0814342145481405,8143.42145481405
"1933",2017,"VT","Vermont",0.0550756751390566,5507.56751390566
"1934",2017,"VA","Virginia",0.296000654098263,29600.0654098263
"1935",2017,"WA","Washington",0.223041997421094,22304.1997421094
"1936",2017,"WV","West Virginia",0.0606969525727303,6069.69525727304
"1937",2017,"WI","Wisconsin",0.13086434989467,13086.434989467
"1938",2017,"WY","Wyoming",0.0589454066135579,5894.54066135579
"1939",2018,"AL","Alabama",0.311239500144083,31123.9500144083
"1940",2018,"AK","Alaska",0.384702813073969,38470.2813073969
"1941",2018,"AZ","Arizona",0.175273177042738,17527.3177042738
"1942",2018,"AR","Arkansas",0.21119084410402,21119.084410402
"1943",2018,"CA","California",0.273756309590912,27375.6309590912
"1944",2018,"CO","Colorado",0.114068056329836,11406.8056329836
"1945",2018,"CT","Connecticut",0.197679314675289,19767.9314675289
"1946",2018,"DE","Delaware",0.322140899753721,32214.0899753721
"1947",2018,"DC","District of Columbia",0.554422698745961,55442.2698745961
"1948",2018,"FL","Florida",0.209911778316659,20991.1778316659
"1949",2018,"GA","Georgia",0.396015209113624,39601.5209113624
"1950",2018,"HI","Hawaii",0.787131518756416,78713.1518756416
"1951",2018,"ID","Idaho",0.0631119217180593,6311.19217180593
"1952",2018,"IL","Illinois",0.231532079475229,23153.2079475229
"1953",2018,"IN","Indiana",0.136556200479882,13655.6200479882
"1954",2018,"IA","Iowa",0.090720911812649,9072.0911812649
"1955",2018,"KS","Kansas",0.139210493471372,13921.0493471372
"1956",2018,"KY","Kentucky",0.116073690761621,11607.3690761621
"1957",2018,"LA","Louisiana",0.372023884215398,37202.3884215398
"1958",2018,"ME","Maine",0.0685822388746846,6858.22388746846
"1959",2018,"MD","Maryland",0.401181231320166,40118.1231320166
"1960",2018,"MA","Massachusetts",0.203342245973998,20334.2245973998
"1961",2018,"MI","Michigan",0.200873612529036,20087.3612529036
"1962",2018,"MN","Minnesota",0.156355728309866,15635.5728309866
"1963",2018,"MS","Mississippi",0.411413881522613,41141.3881522613
"1964",2018,"MO","Missouri",0.173260792388912,17326.0792388912
"1965",2018,"MT","Montana",0.0838894946879581,8388.94946879581
"1966",2018,"NE","Nebraska",0.0979510427933772,9795.10427933772
"1967",2018,"NV","Nevada",0.251260128712407,25126.0128712407
"1968",2018,"NH","New Hampshire",0.0808027724203775,8080.27724203775
"1969",2018,"NJ","New Jersey",0.262435234630043,26243.5234630043
"1970",2018,"NM","New Mexico",0.20427252712272,20427.252712272
"1971",2018,"NY","New York",0.30535565271895,30535.565271895
"1972",2018,"NC","North Carolina",0.299137229850679,29913.7229850679
"1973",2018,"ND","North Dakota",0.13761468791687,13761.468791687
"1974",2018,"OH","Ohio",0.175949545214872,17594.9545214872
"1975",2018,"OK","Oklahoma",0.255530393662631,25553.0393662631
"1976",2018,"OR","Oregon",0.131103629902315,13110.3629902315
"1977",2018,"PA","Pennsylvania",0.182512902076609,18251.2902076609
"1978",2018,"RI","Rhode Island",0.156910818725071,15691.0818725071
"1979",2018,"SC","South Carolina",0.300489391499788,30048.9391499788
"1980",2018,"SD","South Dakota",0.168363239015083,16836.3239015083
"1981",2018,"TN","Tennessee",0.214735976975661,21473.5976975661
"1982",2018,"TX","Texas",0.212168662514401,21216.8662514401
"1983",2018,"UT","Utah",0.0750433395170447,7504.33395170447
"1984",2018,"VT","Vermont",0.0680040682682655,6800.40682682655
"1985",2018,"VA","Virginia",0.307499875483184,30749.9875483184
"1986",2018,"WA","Washington",0.236694440852968,23669.4440852968
"1987",2018,"WV","West Virginia",0.0708147476403771,7081.47476403771
"1988",2018,"WI","Wisconsin",0.123425189475957,12342.5189475957
"1989",2018,"WY","Wyoming",0.0833807241627293,8338.07241627293
"1990",2019,"AL","Alabama",0.312605706901586,31260.5706901586
"1991",2019,"AK","Alaska",0.382697993474082,38269.7993474082
"1992",2019,"AZ","Arizona",0.167713404413503,16771.3404413503
"1993",2019,"AR","Arkansas",0.195025773014652,19502.5773014652
"1994",2019,"CA","California",0.27198169558127,27198.1695581271
"1995",2019,"CO","Colorado",0.120074481419032,12007.4481419032
"1996",2019,"CT","Connecticut",0.209485348595099,20948.5348595099
"1997",2019,"DE","Delaware",0.313413828834368,31341.3828834368
"1998",2019,"DC","District of Columbia",0.546989679727621,54698.9679727621
"1999",2019,"FL","Florida",0.220743823404047,22074.3823404047
"2000",2019,"GA","Georgia",0.413768504605535,41376.8504605535
"2001",2019,"HI","Hawaii",0.780868190120693,78086.8190120693
"2002",2019,"ID","Idaho",0.0539772442631625,5397.72442631625
"2003",2019,"IL","Illinois",0.231221626739246,23122.1626739246
"2004",2019,"IN","Indiana",0.152093808982404,15209.3808982404
"2005",2019,"IA","Iowa",0.0835811546606582,8358.11546606582
"2006",2019,"KS","Kansas",0.131589966536394,13158.9966536394
"2007",2019,"KY","Kentucky",0.11915963118128,11915.963118128
"2008",2019,"LA","Louisiana",0.375763623881891,37576.3623881891
"2009",2019,"ME","Maine",0.0759335854801393,7593.35854801393
"2010",2019,"MD","Maryland",0.406227336856439,40622.7336856439
"2011",2019,"MA","Massachusetts",0.194396780052201,19439.6780052201
"2012",2019,"MI","Michigan",0.202245262065338,20224.5262065338
"2013",2019,"MN","Minnesota",0.151102838176166,15110.2838176166
"2014",2019,"MS","Mississippi",0.402981836381388,40298.1836381388
"2015",2019,"MO","Missouri",0.175516357486849,17551.6357486849
"2016",2019,"MT","Montana",0.0799662251922647,7996.62251922646
"2017",2019,"NE","Nebraska",0.106228854761457,10622.8854761457
"2018",2019,"NV","Nevada",0.282007556193715,28200.7556193715
"2019",2019,"NH","New Hampshire",0.064669660290422,6466.9660290422
"2020",2019,"NJ","New Jersey",0.265256298048147,26525.6298048147
"2021",2019,"NM","New Mexico",0.185263419856497,18526.3419856497
"2022",2019,"NY","New York",0.30669983445396,30669.983445396
"2023",2019,"NC","North Carolina",0.307225652245337,30722.5652245337
"2024",2019,"ND","North Dakota",0.135967365017286,13596.7365017286
"2025",2019,"OH","Ohio",0.183570131475741,18357.0131475741
"2026",2019,"OK","Oklahoma",0.255324167697155,25532.4167697155
"2027",2019,"OR","Oregon",0.146276899365499,14627.6899365499
"2028",2019,"PA","Pennsylvania",0.182239248904111,18223.9248904111
"2029",2019,"RI","Rhode Island",0.161787542314736,16178.7542314736
"2030",2019,"SC","South Carolina",0.298069578989846,29806.9578989846
"2031",2019,"SD","South Dakota",0.149196357000762,14919.6357000762
"2032",2019,"TN","Tennessee",0.220244257227717,22024.4257227717
"2033",2019,"TX","Texas",0.217706681582349,21770.6681582349
"2034",2019,"UT","Utah",0.0772870236093267,7728.70236093267
"2035",2019,"VT","Vermont",0.0576006756358952,5760.06756358952
"2036",2019,"VA","Virginia",0.314838448153667,31483.8448153667
"2037",2019,"WA","Washington",0.217675839222041,21767.5839222041
"2038",2019,"WV","West Virginia",0.0670040060653394,6700.40060653394
"2039",2019,"WI","Wisconsin",0.117109154238984,11710.9154238984
"2040",2019,"WY","Wyoming",0.0708568373608447,7085.68373608447
"2041",2020,"AL","Alabama",0.309165773553815,30916.5773553815
"2042",2020,"AK","Alaska",0.385389961326346,38538.9961326346
"2043",2020,"AZ","Arizona",0.156223761873128,15622.3761873128
"2044",2020,"AR","Arkansas",0.195271565566225,19527.1565566225
"2045",2020,"CA","California",0.278907530679915,27890.7530679915
"2046",2020,"CO","Colorado",0.113101776080524,11310.1776080524
"2047",2020,"CT","Connecticut",0.214933638278067,21493.3638278067
"2048",2020,"DE","Delaware",0.292667950529612,29266.7950529612
"2049",2020,"DC","District of Columbia",0.530803242384573,53080.3242384573
"2050",2020,"FL","Florida",0.231198134821817,23119.8134821817
"2051",2020,"GA","Georgia",0.41343608198441,41343.608198441
"2052",2020,"HI","Hawaii",0.758428186646494,75842.8186646494
"2053",2020,"ID","Idaho",0.0609117874072532,6091.17874072532
"2054",2020,"IL","Illinois",0.234531732631817,23453.1732631817
"2055",2020,"IN","Indiana",0.168706239596886,16870.6239596886
"2056",2020,"IA","Iowa",0.10448607547145,10448.607547145
"2057",2020,"KS","Kansas",0.144149146109947,14414.9146109947
"2058",2020,"KY","Kentucky",0.115478505689532,11547.8505689532
"2059",2020,"LA","Louisiana",0.37064911442172,37064.911442172
"2060",2020,"ME","Maine",0.0576031475214589,5760.31475214589
"2061",2020,"MD","Maryland",0.43100012800918,43100.012800918
"2062",2020,"MA","Massachusetts",0.214525877113094,21452.5877113094
"2063",2020,"MI","Michigan",0.208745581945731,20874.5581945731
"2064",2020,"MN","Minnesota",0.151887517909954,15188.7517909953
"2065",2020,"MS","Mississippi",0.395540440138426,39554.0440138426
"2066",2020,"MO","Missouri",0.164383925967291,16438.3925967291
"2067",2020,"MT","Montana",0.0786778696694926,7867.78696694926
"2068",2020,"NE","Nebraska",0.122967599188885,12296.7599188885
"2069",2020,"NV","Nevada",0.278491649722894,27849.1649722894
"2070",2020,"NH","New Hampshire",0.0653888369502938,6538.88369502938
"2071",2020,"NJ","New Jersey",0.287471449174825,28747.1449174825
"2072",2020,"NM","New Mexico",0.189839962593919,18983.9962593919
"2073",2020,"NY","New York",0.298825551265024,29882.5551265024
"2074",2020,"NC","North Carolina",0.308179054392851,30817.9054392851
"2075",2020,"ND","North Dakota",0.128262830885303,12826.2830885303
"2076",2020,"OH","Ohio",0.202892029028096,20289.2029028096
"2077",2020,"OK","Oklahoma",0.2499657356098,24996.57356098
"2078",2020,"OR","Oregon",0.138299895010054,13829.9895010054
"2079",2020,"PA","Pennsylvania",0.189242419829838,18924.2419829838
"2080",2020,"RI","Rhode Island",0.162156128907814,16215.6128907814
"2081",2020,"SC","South Carolina",0.30565552220211,30565.552220211
"2082",2020,"SD","South Dakota",0.162244754617407,16224.4754617407
"2083",2020,"TN","Tennessee",0.211972336087815,21197.2336087815
"2084",2020,"TX","Texas",0.225728779814354,22572.8779814354
"2085",2020,"UT","Utah",0.07857041757026,7857.041757026
"2086",2020,"VT","Vermont",0.0416809397405869,4168.09397405869
"2087",2020,"VA","Virginia",0.298625856233586,29862.5856233586
"2088",2020,"WA","Washington",0.185815500954974,18581.5500954974
"2089",2020,"WV","West Virginia",0.0617356463142132,6173.56463142132
"2090",2020,"WI","Wisconsin",0.122070609403774,12207.0609403774
"2091",2020,"WY","Wyoming",0.0712551008454781,7125.51008454781
