"Year (time)","Geographic Area Name (NAME)","Aggregate Description (AGG_DESC)","Meaning of Aggregate Description (AGG_DESC_LABEL)","Meaning of Type of Government (GOVTYPE_LABEL)","Meaning of Category (CATEGORY_LABEL)","Item Code (ITEM_CODE)","Meaning of Item Code (ITEM_CODE_LABEL)","Amount ($1,000) (AMOUNT)"
"2012","United States","SF0158","Expenditure - Intergovernmental Expenditure - To Local Government - Police Protection","State","Expenditure","M62","Intergovernmental to Local NEC - Police Protection","1,549,649"
"2013","United States","SF0158","Expenditure - Intergovernmental Expenditure - To Local Government - Police Protection","State","Expenditure","M62","Intergovernmental to Local NEC - Police Protection","1,827,276"
"2014","United States","SF0158","Expenditure - Intergovernmental Expenditure - To Local Government - Police Protection","State","Expenditure","M62","Intergovernmental to Local NEC - Police Protection","1,771,208"
"2015","United States","SF0158","Expenditure - Intergovernmental Expenditure - To Local Government - Police Protection","State","Expenditure","M62","Intergovernmental to Local NEC - Police Protection","1,514,457"
"2016","United States","SF0158","Expenditure - Intergovernmental Expenditure - To Local Government - Police Protection","State","Expenditure","M62","Intergovernmental to Local NEC - Police Protection","1,413,466"
"2017","United States","SF0158","Expenditure - Intergovernmental Expenditure - To Local Government - Police Protection","State","Expenditure","M62","Intergovernmental to Local NEC - Police Protection","1,662,187"
"2018","United States","SF0158","Expenditure - Intergovernmental Expenditure - To Local Government - Police Protection","State","Expenditure","M62","Intergovernmental to Local NEC - Police Protection","1,725,172"
"2019","United States","SF0158","Expenditure - Intergovernmental Expenditure - To Local Government - Police Protection","State","Expenditure","M62","Intergovernmental to Local NEC - Police Protection","1,909,831"
"2020","United States","SF0158","Expenditure - Intergovernmental Expenditure - To Local Government - Police Protection","State","Expenditure","M62","Intergovernmental to Local NEC - Police Protection","1,946,885"
"2021","United States","SF0158","Expenditure - Intergovernmental Expenditure - To Local Government - Police Protection","State","Expenditure","M62","Intergovernmental to Local NEC - Police Protection","1,993,487"
"2022","United States","SF0158","Expenditure - Intergovernmental Expenditure - To Local Government - Police Protection","State","Expenditure","M62","Intergovernmental to Local NEC - Police Protection","2,103,260"
"2023","United States","SF0158","Expenditure - Intergovernmental Expenditure - To Local Government - Police Protection","State","Expenditure","M62","Intergovernmental to Local NEC - Police Protection","2,521,555"
"2024","United States","SF0158","Expenditure - Intergovernmental Expenditure - To Local Government - Police Protection","State","Expenditure","M62","Intergovernmental to Local NEC - Police Protection","2,915,287"
"2012","Alabama","SF0158","Expenditure - Intergovernmental Expenditure - To Local Government - Police Protection","State","Expenditure","M62","Intergovernmental to Local NEC - Police Protection","4,427"
"2013","Alabama","SF0158","Expenditure - Intergovernmental Expenditure - To Local Government - Police Protection","State","Expenditure","M62","Intergovernmental to Local NEC - Police Protection","4,625"
"2014","Alabama","SF0158","Expenditure - Intergovernmental Expenditure - To Local Government - Police Protection","State","Expenditure","M62","Intergovernmental to Local NEC - Police Protection","8,438"
"2015","Alabama","SF0158","Expenditure - Intergovernmental Expenditure - To Local Government - Police Protection","State","Expenditure","M62","Intergovernmental to Local NEC - Police Protection","4,363"
"2016","Alabama","SF0158","Expenditure - Intergovernmental Expenditure - To Local Government - Police Protection","State","Expenditure","M62","Intergovernmental to Local NEC - Police Protection","5,346"
"2017","Alabama","SF0158","Expenditure - Intergovernmental Expenditure - To Local Government - Police Protection","State","Expenditure","M62","Intergovernmental to Local NEC - Police Protection","4,520"
"2018","Alabama","SF0158","Expenditure - Intergovernmental Expenditure - To Local Government - Police Protection","State","Expenditure","M62","Intergovernmental to Local NEC - Police Protection","5,833"
"2019","Alabama","SF0158","Expenditure - Intergovernmental Expenditure - To Local Government - Police Protection","State","Expenditure","M62","Intergovernmental to Local NEC - Police Protection","5,839"
"2020","Alabama","SF0158","Expenditure - Intergovernmental Expenditure - To Local Government - Police Protection","State","Expenditure","M62","Intergovernmental to Local NEC - Police Protection","6,774"
"2021","Alabama","SF0158","Expenditure - Intergovernmental Expenditure - To Local Government - Police Protection","State","Expenditure","M62","Intergovernmental to Local NEC - Police Protection","5,862"
"2022","Alabama","SF0158","Expenditure - Intergovernmental Expenditure - To Local Government - Police Protection","State","Expenditure","M62","Intergovernmental to Local NEC - Police Protection","4,879"
"2023","Alabama","SF0158","Expenditure - Intergovernmental Expenditure - To Local Government - Police Protection","State","Expenditure","M62","Intergovernmental to Local NEC - Police Protection","9,296"
"2024","Alabama","SF0158","Expenditure - Intergovernmental Expenditure - To Local Government - Police Protection","State","Expenditure","M62","Intergovernmental to Local NEC - Police Protection","10,696"
"2012","Alaska","SF0158","Expenditure - Intergovernmental Expenditure - To Local Government - Police Protection","State","Expenditure","M62","Intergovernmental to Local NEC - Police Protection","25,679"
"2013","Alaska","SF0158","Expenditure - Intergovernmental Expenditure - To Local Government - Police Protection","State","Expenditure","M62","Intergovernmental to Local NEC - Police Protection","26,808"
"2014","Alaska","SF0158","Expenditure - Intergovernmental Expenditure - To Local Government - Police Protection","State","Expenditure","M62","Intergovernmental to Local NEC - Police Protection","27,611"
"2015","Alaska","SF0158","Expenditure - Intergovernmental Expenditure - To Local Government - Police Protection","State","Expenditure","M62","Intergovernmental to Local NEC - Police Protection","30,937"
"2016","Alaska","SF0158","Expenditure - Intergovernmental Expenditure - To Local Government - Police Protection","State","Expenditure","M62","Intergovernmental to Local NEC - Police Protection","23,037"
"2017","Alaska","SF0158","Expenditure - Intergovernmental Expenditure - To Local Government - Police Protection","State","Expenditure","M62","Intergovernmental to Local NEC - Police Protection","25,836"
"2018","Alaska","SF0158","Expenditure - Intergovernmental Expenditure - To Local Government - Police Protection","State","Expenditure","M62","Intergovernmental to Local NEC - Police Protection","23,883"
"2019","Alaska","SF0158","Expenditure - Intergovernmental Expenditure - To Local Government - Police Protection","State","Expenditure","M62","Intergovernmental to Local NEC - Police Protection","26,536"
"2020","Alaska","SF0158","Expenditure - Intergovernmental Expenditure - To Local Government - Police Protection","State","Expenditure","M62","Intergovernmental to Local NEC - Police Protection","27,854"
"2021","Alaska","SF0158","Expenditure - Intergovernmental Expenditure - To Local Government - Police Protection","State","Expenditure","M62","Intergovernmental to Local NEC - Police Protection","30,413"
"2022","Alaska","SF0158","Expenditure - Intergovernmental Expenditure - To Local Government - Police Protection","State","Expenditure","M62","Intergovernmental to Local NEC - Police Protection","19,338"
"2023","Alaska","SF0158","Expenditure - Intergovernmental Expenditure - To Local Government - Police Protection","State","Expenditure","M62","Intergovernmental to Local NEC - Police Protection","19,098"
"2024","Alaska","SF0158","Expenditure - Intergovernmental Expenditure - To Local Government - Police Protection","State","Expenditure","M62","Intergovernmental to Local NEC - Police Protection","21,098"
"2012","Arizona","SF0158","Expenditure - Intergovernmental Expenditure - To Local Government - Police Protection","State","Expenditure","M62","Intergovernmental to Local NEC - Police Protection","11,795"
"2013","Arizona","SF0158","Expenditure - Intergovernmental Expenditure - To Local Government - Police Protection","State","Expenditure","M62","Intergovernmental to Local NEC - Police Protection","12,214"
"2014","Arizona","SF0158","Expenditure - Intergovernmental Expenditure - To Local Government - Police Protection","State","Expenditure","M62","Intergovernmental to Local NEC - Police Protection","12,111"
"2015","Arizona","SF0158","Expenditure - Intergovernmental Expenditure - To Local Government - Police Protection","State","Expenditure","M62","Intergovernmental to Local NEC - Police Protection","29,289"
"2016","Arizona","SF0158","Expenditure - Intergovernmental Expenditure - To Local Government - Police Protection","State","Expenditure","M62","Intergovernmental to Local NEC - Police Protection","26,758"
"2017","Arizona","SF0158","Expenditure - Intergovernmental Expenditure - To Local Government - Police Protection","State","Expenditure","M62","Intergovernmental to Local NEC - Police Protection","29,231"
"2018","Arizona","SF0158","Expenditure - Intergovernmental Expenditure - To Local Government - Police Protection","State","Expenditure","M62","Intergovernmental to Local NEC - Police Protection","27,452"
"2019","Arizona","SF0158","Expenditure - Intergovernmental Expenditure - To Local Government - Police Protection","State","Expenditure","M62","Intergovernmental to Local NEC - Police Protection","33,773"
"2020","Arizona","SF0158","Expenditure - Intergovernmental Expenditure - To Local Government - Police Protection","State","Expenditure","M62","Intergovernmental to Local NEC - Police Protection","34,797"
"2021","Arizona","SF0158","Expenditure - Intergovernmental Expenditure - To Local Government - Police Protection","State","Expenditure","M62","Intergovernmental to Local NEC - Police Protection","36,523"
"2022","Arizona","SF0158","Expenditure - Intergovernmental Expenditure - To Local Government - Police Protection","State","Expenditure","M62","Intergovernmental to Local NEC - Police Protection","41,518"
"2023","Arizona","SF0158","Expenditure - Intergovernmental Expenditure - To Local Government - Police Protection","State","Expenditure","M62","Intergovernmental to Local NEC - Police Protection","53,767"
"2024","Arizona","SF0158","Expenditure - Intergovernmental Expenditure - To Local Government - Police Protection","State","Expenditure","M62","Intergovernmental to Local NEC - Police Protection","56,843"
"2012","Arkansas","SF0158","Expenditure - Intergovernmental Expenditure - To Local Government - Police Protection","State","Expenditure","M62","Intergovernmental to Local NEC - Police Protection","374"
"2013","Arkansas","SF0158","Expenditure - Intergovernmental Expenditure - To Local Government - Police Protection","State","Expenditure","M62","Intergovernmental to Local NEC - Police Protection","4,140"
"2014","Arkansas","SF0158","Expenditure - Intergovernmental Expenditure - To Local Government - Police Protection","State","Expenditure","M62","Intergovernmental to Local NEC - Police Protection","1,505"
"2015","Arkansas","SF0158","Expenditure - Intergovernmental Expenditure - To Local Government - Police Protection","State","Expenditure","M62","Intergovernmental to Local NEC - Police Protection","1,406"
"2016","Arkansas","SF0158","Expenditure - Intergovernmental Expenditure - To Local Government - Police Protection","State","Expenditure","M62","Intergovernmental to Local NEC - Police Protection","1,456"
"2017","Arkansas","SF0158","Expenditure - Intergovernmental Expenditure - To Local Government - Police Protection","State","Expenditure","M62","Intergovernmental to Local NEC - Police Protection","1,294"
"2018","Arkansas","SF0158","Expenditure - Intergovernmental Expenditure - To Local Government - Police Protection","State","Expenditure","M62","Intergovernmental to Local NEC - Police Protection","1,521"
"2019","Arkansas","SF0158","Expenditure - Intergovernmental Expenditure - To Local Government - Police Protection","State","Expenditure","M62","Intergovernmental to Local NEC - Police Protection","2,303"
"2020","Arkansas","SF0158","Expenditure - Intergovernmental Expenditure - To Local Government - Police Protection","State","Expenditure","M62","Intergovernmental to Local NEC - Police Protection","1,590"
"2021","Arkansas","SF0158","Expenditure - Intergovernmental Expenditure - To Local Government - Police Protection","State","Expenditure","M62","Intergovernmental to Local NEC - Police Protection","1,264"
"2022","Arkansas","SF0158","Expenditure - Intergovernmental Expenditure - To Local Government - Police Protection","State","Expenditure","M62","Intergovernmental to Local NEC - Police Protection","4,896"
"2023","Arkansas","SF0158","Expenditure - Intergovernmental Expenditure - To Local Government - Police Protection","State","Expenditure","M62","Intergovernmental to Local NEC - Police Protection","10,047"
"2024","Arkansas","SF0158","Expenditure - Intergovernmental Expenditure - To Local Government - Police Protection","State","Expenditure","M62","Intergovernmental to Local NEC - Police Protection","7,057"
"2012","California","SF0158","Expenditure - Intergovernmental Expenditure - To Local Government - Police Protection","State","Expenditure","M62","Intergovernmental to Local NEC - Police Protection","14,283"
"2013","California","SF0158","Expenditure - Intergovernmental Expenditure - To Local Government - Police Protection","State","Expenditure","M62","Intergovernmental to Local NEC - Police Protection","20,466"
"2014","California","SF0158","Expenditure - Intergovernmental Expenditure - To Local Government - Police Protection","State","Expenditure","M62","Intergovernmental to Local NEC - Police Protection","16,046"
"2015","California","SF0158","Expenditure - Intergovernmental Expenditure - To Local Government - Police Protection","State","Expenditure","M62","Intergovernmental to Local NEC - Police Protection","19,721"
"2016","California","SF0158","Expenditure - Intergovernmental Expenditure - To Local Government - Police Protection","State","Expenditure","M62","Intergovernmental to Local NEC - Police Protection","19,186"
"2017","California","SF0158","Expenditure - Intergovernmental Expenditure - To Local Government - Police Protection","State","Expenditure","M62","Intergovernmental to Local NEC - Police Protection","24,818"
"2018","California","SF0158","Expenditure - Intergovernmental Expenditure - To Local Government - Police Protection","State","Expenditure","M62","Intergovernmental to Local NEC - Police Protection","15,107"
"2019","California","SF0158","Expenditure - Intergovernmental Expenditure - To Local Government - Police Protection","State","Expenditure","M62","Intergovernmental to Local NEC - Police Protection","39,318"
"2020","California","SF0158","Expenditure - Intergovernmental Expenditure - To Local Government - Police Protection","State","Expenditure","M62","Intergovernmental to Local NEC - Police Protection","47,956"
"2021","California","SF0158","Expenditure - Intergovernmental Expenditure - To Local Government - Police Protection","State","Expenditure","M62","Intergovernmental to Local NEC - Police Protection","64,874"
"2022","California","SF0158","Expenditure - Intergovernmental Expenditure - To Local Government - Police Protection","State","Expenditure","M62","Intergovernmental to Local NEC - Police Protection","57,745"
"2023","California","SF0158","Expenditure - Intergovernmental Expenditure - To Local Government - Police Protection","State","Expenditure","M62","Intergovernmental to Local NEC - Police Protection","125,279"
"2024","California","SF0158","Expenditure - Intergovernmental Expenditure - To Local Government - Police Protection","State","Expenditure","M62","Intergovernmental to Local NEC - Police Protection","75,189"
"2012","Colorado","SF0158","Expenditure - Intergovernmental Expenditure - To Local Government - Police Protection","State","Expenditure","M62","Intergovernmental to Local NEC - Police Protection","7,246"
"2013","Colorado","SF0158","Expenditure - Intergovernmental Expenditure - To Local Government - Police Protection","State","Expenditure","M62","Intergovernmental to Local NEC - Police Protection","18,225"
"2014","Colorado","SF0158","Expenditure - Intergovernmental Expenditure - To Local Government - Police Protection","State","Expenditure","M62","Intergovernmental to Local NEC - Police Protection","24,211"
"2015","Colorado","SF0158","Expenditure - Intergovernmental Expenditure - To Local Government - Police Protection","State","Expenditure","M62","Intergovernmental to Local NEC - Police Protection","8,087"
"2016","Colorado","SF0158","Expenditure - Intergovernmental Expenditure - To Local Government - Police Protection","State","Expenditure","M62","Intergovernmental to Local NEC - Police Protection","10,500"
"2017","Colorado","SF0158","Expenditure - Intergovernmental Expenditure - To Local Government - Police Protection","State","Expenditure","M62","Intergovernmental to Local NEC - Police Protection","12,112"
"2018","Colorado","SF0158","Expenditure - Intergovernmental Expenditure - To Local Government - Police Protection","State","Expenditure","M62","Intergovernmental to Local NEC - Police Protection","12,320"
"2019","Colorado","SF0158","Expenditure - Intergovernmental Expenditure - To Local Government - Police Protection","State","Expenditure","M62","Intergovernmental to Local NEC - Police Protection","10,185"
"2020","Colorado","SF0158","Expenditure - Intergovernmental Expenditure - To Local Government - Police Protection","State","Expenditure","M62","Intergovernmental to Local NEC - Police Protection","10,615"
"2021","Colorado","SF0158","Expenditure - Intergovernmental Expenditure - To Local Government - Police Protection","State","Expenditure","M62","Intergovernmental to Local NEC - Police Protection","12,952"
"2022","Colorado","SF0158","Expenditure - Intergovernmental Expenditure - To Local Government - Police Protection","State","Expenditure","M62","Intergovernmental to Local NEC - Police Protection","3,065"
"2023","Colorado","SF0158","Expenditure - Intergovernmental Expenditure - To Local Government - Police Protection","State","Expenditure","M62","Intergovernmental to Local NEC - Police Protection","2,346"
"2024","Colorado","SF0158","Expenditure - Intergovernmental Expenditure - To Local Government - Police Protection","State","Expenditure","M62","Intergovernmental to Local NEC - Police Protection","4,542"
"2012","Connecticut","SF0158","Expenditure - Intergovernmental Expenditure - To Local Government - Police Protection","State","Expenditure","M62","Intergovernmental to Local NEC - Police Protection","50,921"
"2013","Connecticut","SF0158","Expenditure - Intergovernmental Expenditure - To Local Government - Police Protection","State","Expenditure","M62","Intergovernmental to Local NEC - Police Protection","133,955"
"2014","Connecticut","SF0158","Expenditure - Intergovernmental Expenditure - To Local Government - Police Protection","State","Expenditure","M62","Intergovernmental to Local NEC - Police Protection","74,182"
"2015","Connecticut","SF0158","Expenditure - Intergovernmental Expenditure - To Local Government - Police Protection","State","Expenditure","M62","Intergovernmental to Local NEC - Police Protection","31,372"
"2016","Connecticut","SF0158","Expenditure - Intergovernmental Expenditure - To Local Government - Police Protection","State","Expenditure","M62","Intergovernmental to Local NEC - Police Protection","38,879"
"2017","Connecticut","SF0158","Expenditure - Intergovernmental Expenditure - To Local Government - Police Protection","State","Expenditure","M62","Intergovernmental to Local NEC - Police Protection","26,543"
"2018","Connecticut","SF0158","Expenditure - Intergovernmental Expenditure - To Local Government - Police Protection","State","Expenditure","M62","Intergovernmental to Local NEC - Police Protection","18,394"
"2019","Connecticut","SF0158","Expenditure - Intergovernmental Expenditure - To Local Government - Police Protection","State","Expenditure","M62","Intergovernmental to Local NEC - Police Protection","26,099"
"2020","Connecticut","SF0158","Expenditure - Intergovernmental Expenditure - To Local Government - Police Protection","State","Expenditure","M62","Intergovernmental to Local NEC - Police Protection","19,135"
"2021","Connecticut","SF0158","Expenditure - Intergovernmental Expenditure - To Local Government - Police Protection","State","Expenditure","M62","Intergovernmental to Local NEC - Police Protection","23,738"
"2022","Connecticut","SF0158","Expenditure - Intergovernmental Expenditure - To Local Government - Police Protection","State","Expenditure","M62","Intergovernmental to Local NEC - Police Protection","24,310"
"2023","Connecticut","SF0158","Expenditure - Intergovernmental Expenditure - To Local Government - Police Protection","State","Expenditure","M62","Intergovernmental to Local NEC - Police Protection","29,766"
"2024","Connecticut","SF0158","Expenditure - Intergovernmental Expenditure - To Local Government - Police Protection","State","Expenditure","M62","Intergovernmental to Local NEC - Police Protection","29,895"
"2012","Delaware","SF0158","Expenditure - Intergovernmental Expenditure - To Local Government - Police Protection","State","Expenditure","M62","Intergovernmental to Local NEC - Police Protection","620"
"2013","Delaware","SF0158","Expenditure - Intergovernmental Expenditure - To Local Government - Police Protection","State","Expenditure","M62","Intergovernmental to Local NEC - Police Protection","631"
"2014","Delaware","SF0158","Expenditure - Intergovernmental Expenditure - To Local Government - Police Protection","State","Expenditure","M62","Intergovernmental to Local NEC - Police Protection","631"
"2015","Delaware","SF0158","Expenditure - Intergovernmental Expenditure - To Local Government - Police Protection","State","Expenditure","M62","Intergovernmental to Local NEC - Police Protection","631"
"2016","Delaware","SF0158","Expenditure - Intergovernmental Expenditure - To Local Government - Police Protection","State","Expenditure","M62","Intergovernmental to Local NEC - Police Protection","631"
"2017","Delaware","SF0158","Expenditure - Intergovernmental Expenditure - To Local Government - Police Protection","State","Expenditure","M62","Intergovernmental to Local NEC - Police Protection","1,504"
"2018","Delaware","SF0158","Expenditure - Intergovernmental Expenditure - To Local Government - Police Protection","State","Expenditure","M62","Intergovernmental to Local NEC - Police Protection","505"
"2019","Delaware","SF0158","Expenditure - Intergovernmental Expenditure - To Local Government - Police Protection","State","Expenditure","M62","Intergovernmental to Local NEC - Police Protection","647"
"2020","Delaware","SF0158","Expenditure - Intergovernmental Expenditure - To Local Government - Police Protection","State","Expenditure","M62","Intergovernmental to Local NEC - Police Protection","674"
"2021","Delaware","SF0158","Expenditure - Intergovernmental Expenditure - To Local Government - Police Protection","State","Expenditure","M62","Intergovernmental to Local NEC - Police Protection","608"
"2022","Delaware","SF0158","Expenditure - Intergovernmental Expenditure - To Local Government - Police Protection","State","Expenditure","M62","Intergovernmental to Local NEC - Police Protection","648"
"2023","Delaware","SF0158","Expenditure - Intergovernmental Expenditure - To Local Government - Police Protection","State","Expenditure","M62","Intergovernmental to Local NEC - Police Protection","668"
"2024","Delaware","SF0158","Expenditure - Intergovernmental Expenditure - To Local Government - Police Protection","State","Expenditure","M62","Intergovernmental to Local NEC - Police Protection","688"
"2012","Florida","SF0158","Expenditure - Intergovernmental Expenditure - To Local Government - Police Protection","State","Expenditure","M62","Intergovernmental to Local NEC - Police Protection","2,997"
"2013","Florida","SF0158","Expenditure - Intergovernmental Expenditure - To Local Government - Police Protection","State","Expenditure","M62","Intergovernmental to Local NEC - Police Protection","430"
"2014","Florida","SF0158","Expenditure - Intergovernmental Expenditure - To Local Government - Police Protection","State","Expenditure","M62","Intergovernmental to Local NEC - Police Protection","203"
"2015","Florida","SF0158","Expenditure - Intergovernmental Expenditure - To Local Government - Police Protection","State","Expenditure","M62","Intergovernmental to Local NEC - Police Protection","162"
"2016","Florida","SF0158","Expenditure - Intergovernmental Expenditure - To Local Government - Police Protection","State","Expenditure","M62","Intergovernmental to Local NEC - Police Protection","1,173"
"2017","Florida","SF0158","Expenditure - Intergovernmental Expenditure - To Local Government - Police Protection","State","Expenditure","M62","Intergovernmental to Local NEC - Police Protection","1,525"
"2018","Florida","SF0158","Expenditure - Intergovernmental Expenditure - To Local Government - Police Protection","State","Expenditure","M62","Intergovernmental to Local NEC - Police Protection","1,746"
"2019","Florida","SF0158","Expenditure - Intergovernmental Expenditure - To Local Government - Police Protection","State","Expenditure","M62","Intergovernmental to Local NEC - Police Protection","2,142"
"2020","Florida","SF0158","Expenditure - Intergovernmental Expenditure - To Local Government - Police Protection","State","Expenditure","M62","Intergovernmental to Local NEC - Police Protection","1,897"
"2021","Florida","SF0158","Expenditure - Intergovernmental Expenditure - To Local Government - Police Protection","State","Expenditure","M62","Intergovernmental to Local NEC - Police Protection","1,823"
"2022","Florida","SF0158","Expenditure - Intergovernmental Expenditure - To Local Government - Police Protection","State","Expenditure","M62","Intergovernmental to Local NEC - Police Protection","1,931"
"2023","Florida","SF0158","Expenditure - Intergovernmental Expenditure - To Local Government - Police Protection","State","Expenditure","M62","Intergovernmental to Local NEC - Police Protection","1,569"
"2024","Florida","SF0158","Expenditure - Intergovernmental Expenditure - To Local Government - Police Protection","State","Expenditure","M62","Intergovernmental to Local NEC - Police Protection","1,973"
"2012","Georgia","SF0158","Expenditure - Intergovernmental Expenditure - To Local Government - Police Protection","State","Expenditure","M62","Intergovernmental to Local NEC - Police Protection","16,102"
"2013","Georgia","SF0158","Expenditure - Intergovernmental Expenditure - To Local Government - Police Protection","State","Expenditure","M62","Intergovernmental to Local NEC - Police Protection","17,585"
"2014","Georgia","SF0158","Expenditure - Intergovernmental Expenditure - To Local Government - Police Protection","State","Expenditure","M62","Intergovernmental to Local NEC - Police Protection","23,482"
"2015","Georgia","SF0158","Expenditure - Intergovernmental Expenditure - To Local Government - Police Protection","State","Expenditure","M62","Intergovernmental to Local NEC - Police Protection","29,229"
"2016","Georgia","SF0158","Expenditure - Intergovernmental Expenditure - To Local Government - Police Protection","State","Expenditure","M62","Intergovernmental to Local NEC - Police Protection","32,134"
"2017","Georgia","SF0158","Expenditure - Intergovernmental Expenditure - To Local Government - Police Protection","State","Expenditure","M62","Intergovernmental to Local NEC - Police Protection","34,342"
"2018","Georgia","SF0158","Expenditure - Intergovernmental Expenditure - To Local Government - Police Protection","State","Expenditure","M62","Intergovernmental to Local NEC - Police Protection","38,420"
"2019","Georgia","SF0158","Expenditure - Intergovernmental Expenditure - To Local Government - Police Protection","State","Expenditure","M62","Intergovernmental to Local NEC - Police Protection","45,041"
"2020","Georgia","SF0158","Expenditure - Intergovernmental Expenditure - To Local Government - Police Protection","State","Expenditure","M62","Intergovernmental to Local NEC - Police Protection","43,988"
"2021","Georgia","SF0158","Expenditure - Intergovernmental Expenditure - To Local Government - Police Protection","State","Expenditure","M62","Intergovernmental to Local NEC - Police Protection","49,089"
"2022","Georgia","SF0158","Expenditure - Intergovernmental Expenditure - To Local Government - Police Protection","State","Expenditure","M62","Intergovernmental to Local NEC - Police Protection","49,522"
"2023","Georgia","SF0158","Expenditure - Intergovernmental Expenditure - To Local Government - Police Protection","State","Expenditure","M62","Intergovernmental to Local NEC - Police Protection","55,794"
"2024","Georgia","SF0158","Expenditure - Intergovernmental Expenditure - To Local Government - Police Protection","State","Expenditure","M62","Intergovernmental to Local NEC - Police Protection","52,031"
"2012","Hawaii","SF0158","Expenditure - Intergovernmental Expenditure - To Local Government - Police Protection","State","Expenditure","M62","Intergovernmental to Local NEC - Police Protection","0"
"2013","Hawaii","SF0158","Expenditure - Intergovernmental Expenditure - To Local Government - Police Protection","State","Expenditure","M62","Intergovernmental to Local NEC - Police Protection","0"
"2014","Hawaii","SF0158","Expenditure - Intergovernmental Expenditure - To Local Government - Police Protection","State","Expenditure","M62","Intergovernmental to Local NEC - Police Protection","0"
"2015","Hawaii","SF0158","Expenditure - Intergovernmental Expenditure - To Local Government - Police Protection","State","Expenditure","M62","Intergovernmental to Local NEC - Police Protection","0"
"2016","Hawaii","SF0158","Expenditure - Intergovernmental Expenditure - To Local Government - Police Protection","State","Expenditure","M62","Intergovernmental to Local NEC - Police Protection","0"
"2017","Hawaii","SF0158","Expenditure - Intergovernmental Expenditure - To Local Government - Police Protection","State","Expenditure","M62","Intergovernmental to Local NEC - Police Protection","0"
"2018","Hawaii","SF0158","Expenditure - Intergovernmental Expenditure - To Local Government - Police Protection","State","Expenditure","M62","Intergovernmental to Local NEC - Police Protection","0"
"2019","Hawaii","SF0158","Expenditure - Intergovernmental Expenditure - To Local Government - Police Protection","State","Expenditure","M62","Intergovernmental to Local NEC - Police Protection","0"
"2020","Hawaii","SF0158","Expenditure - Intergovernmental Expenditure - To Local Government - Police Protection","State","Expenditure","M62","Intergovernmental to Local NEC - Police Protection","0"
"2021","Hawaii","SF0158","Expenditure - Intergovernmental Expenditure - To Local Government - Police Protection","State","Expenditure","M62","Intergovernmental to Local NEC - Police Protection","0"
"2022","Hawaii","SF0158","Expenditure - Intergovernmental Expenditure - To Local Government - Police Protection","State","Expenditure","M62","Intergovernmental to Local NEC - Police Protection","0"
"2023","Hawaii","SF0158","Expenditure - Intergovernmental Expenditure - To Local Government - Police Protection","State","Expenditure","M62","Intergovernmental to Local NEC - Police Protection","0"
"2024","Hawaii","SF0158","Expenditure - Intergovernmental Expenditure - To Local Government - Police Protection","State","Expenditure","M62","Intergovernmental to Local NEC - Police Protection","0"
"2012","Idaho","SF0158","Expenditure - Intergovernmental Expenditure - To Local Government - Police Protection","State","Expenditure","M62","Intergovernmental to Local NEC - Police Protection","2,860"
"2013","Idaho","SF0158","Expenditure - Intergovernmental Expenditure - To Local Government - Police Protection","State","Expenditure","M62","Intergovernmental to Local NEC - Police Protection","3,918"
"2014","Idaho","SF0158","Expenditure - Intergovernmental Expenditure - To Local Government - Police Protection","State","Expenditure","M62","Intergovernmental to Local NEC - Police Protection","1,166"
"2015","Idaho","SF0158","Expenditure - Intergovernmental Expenditure - To Local Government - Police Protection","State","Expenditure","M62","Intergovernmental to Local NEC - Police Protection","1,056"
"2016","Idaho","SF0158","Expenditure - Intergovernmental Expenditure - To Local Government - Police Protection","State","Expenditure","M62","Intergovernmental to Local NEC - Police Protection","1,009"
"2017","Idaho","SF0158","Expenditure - Intergovernmental Expenditure - To Local Government - Police Protection","State","Expenditure","M62","Intergovernmental to Local NEC - Police Protection","1,122"
"2018","Idaho","SF0158","Expenditure - Intergovernmental Expenditure - To Local Government - Police Protection","State","Expenditure","M62","Intergovernmental to Local NEC - Police Protection","1,802"
"2019","Idaho","SF0158","Expenditure - Intergovernmental Expenditure - To Local Government - Police Protection","State","Expenditure","M62","Intergovernmental to Local NEC - Police Protection","1,824"
"2020","Idaho","SF0158","Expenditure - Intergovernmental Expenditure - To Local Government - Police Protection","State","Expenditure","M62","Intergovernmental to Local NEC - Police Protection","1,338"
"2021","Idaho","SF0158","Expenditure - Intergovernmental Expenditure - To Local Government - Police Protection","State","Expenditure","M62","Intergovernmental to Local NEC - Police Protection","1,319"
"2022","Idaho","SF0158","Expenditure - Intergovernmental Expenditure - To Local Government - Police Protection","State","Expenditure","M62","Intergovernmental to Local NEC - Police Protection","1,677"
"2023","Idaho","SF0158","Expenditure - Intergovernmental Expenditure - To Local Government - Police Protection","State","Expenditure","M62","Intergovernmental to Local NEC - Police Protection","1,500"
"2024","Idaho","SF0158","Expenditure - Intergovernmental Expenditure - To Local Government - Police Protection","State","Expenditure","M62","Intergovernmental to Local NEC - Police Protection","2,101"
"2012","Illinois","SF0158","Expenditure - Intergovernmental Expenditure - To Local Government - Police Protection","State","Expenditure","M62","Intergovernmental to Local NEC - Police Protection","28,564"
"2013","Illinois","SF0158","Expenditure - Intergovernmental Expenditure - To Local Government - Police Protection","State","Expenditure","M62","Intergovernmental to Local NEC - Police Protection","30,242"
"2014","Illinois","SF0158","Expenditure - Intergovernmental Expenditure - To Local Government - Police Protection","State","Expenditure","M62","Intergovernmental to Local NEC - Police Protection","32,890"
"2015","Illinois","SF0158","Expenditure - Intergovernmental Expenditure - To Local Government - Police Protection","State","Expenditure","M62","Intergovernmental to Local NEC - Police Protection","25,867"
"2016","Illinois","SF0158","Expenditure - Intergovernmental Expenditure - To Local Government - Police Protection","State","Expenditure","M62","Intergovernmental to Local NEC - Police Protection","16,348"
"2017","Illinois","SF0158","Expenditure - Intergovernmental Expenditure - To Local Government - Police Protection","State","Expenditure","M62","Intergovernmental to Local NEC - Police Protection","28,063"
"2018","Illinois","SF0158","Expenditure - Intergovernmental Expenditure - To Local Government - Police Protection","State","Expenditure","M62","Intergovernmental to Local NEC - Police Protection","33,864"
"2019","Illinois","SF0158","Expenditure - Intergovernmental Expenditure - To Local Government - Police Protection","State","Expenditure","M62","Intergovernmental to Local NEC - Police Protection","31,567"
"2020","Illinois","SF0158","Expenditure - Intergovernmental Expenditure - To Local Government - Police Protection","State","Expenditure","M62","Intergovernmental to Local NEC - Police Protection","32,829"
"2021","Illinois","SF0158","Expenditure - Intergovernmental Expenditure - To Local Government - Police Protection","State","Expenditure","M62","Intergovernmental to Local NEC - Police Protection","39,816"
"2022","Illinois","SF0158","Expenditure - Intergovernmental Expenditure - To Local Government - Police Protection","State","Expenditure","M62","Intergovernmental to Local NEC - Police Protection","43,600"
"2023","Illinois","SF0158","Expenditure - Intergovernmental Expenditure - To Local Government - Police Protection","State","Expenditure","M62","Intergovernmental to Local NEC - Police Protection","52,356"
"2024","Illinois","SF0158","Expenditure - Intergovernmental Expenditure - To Local Government - Police Protection","State","Expenditure","M62","Intergovernmental to Local NEC - Police Protection","71,234"
"2012","Indiana","SF0158","Expenditure - Intergovernmental Expenditure - To Local Government - Police Protection","State","Expenditure","M62","Intergovernmental to Local NEC - Police Protection","12,705"
"2013","Indiana","SF0158","Expenditure - Intergovernmental Expenditure - To Local Government - Police Protection","State","Expenditure","M62","Intergovernmental to Local NEC - Police Protection","7,381"
"2014","Indiana","SF0158","Expenditure - Intergovernmental Expenditure - To Local Government - Police Protection","State","Expenditure","M62","Intergovernmental to Local NEC - Police Protection","10,444"
"2015","Indiana","SF0158","Expenditure - Intergovernmental Expenditure - To Local Government - Police Protection","State","Expenditure","M62","Intergovernmental to Local NEC - Police Protection","9,076"
"2016","Indiana","SF0158","Expenditure - Intergovernmental Expenditure - To Local Government - Police Protection","State","Expenditure","M62","Intergovernmental to Local NEC - Police Protection","12,575"
"2017","Indiana","SF0158","Expenditure - Intergovernmental Expenditure - To Local Government - Police Protection","State","Expenditure","M62","Intergovernmental to Local NEC - Police Protection","13,087"
"2018","Indiana","SF0158","Expenditure - Intergovernmental Expenditure - To Local Government - Police Protection","State","Expenditure","M62","Intergovernmental to Local NEC - Police Protection","12,144"
"2019","Indiana","SF0158","Expenditure - Intergovernmental Expenditure - To Local Government - Police Protection","State","Expenditure","M62","Intergovernmental to Local NEC - Police Protection","11,998"
"2020","Indiana","SF0158","Expenditure - Intergovernmental Expenditure - To Local Government - Police Protection","State","Expenditure","M62","Intergovernmental to Local NEC - Police Protection","16,390"
"2021","Indiana","SF0158","Expenditure - Intergovernmental Expenditure - To Local Government - Police Protection","State","Expenditure","M62","Intergovernmental to Local NEC - Police Protection","17,898"
"2022","Indiana","SF0158","Expenditure - Intergovernmental Expenditure - To Local Government - Police Protection","State","Expenditure","M62","Intergovernmental to Local NEC - Police Protection","27,311"
"2023","Indiana","SF0158","Expenditure - Intergovernmental Expenditure - To Local Government - Police Protection","State","Expenditure","M62","Intergovernmental to Local NEC - Police Protection","26,842"
"2024","Indiana","SF0158","Expenditure - Intergovernmental Expenditure - To Local Government - Police Protection","State","Expenditure","M62","Intergovernmental to Local NEC - Police Protection","30,602"
"2012","Iowa","SF0158","Expenditure - Intergovernmental Expenditure - To Local Government - Police Protection","State","Expenditure","M62","Intergovernmental to Local NEC - Police Protection","9,683"
"2013","Iowa","SF0158","Expenditure - Intergovernmental Expenditure - To Local Government - Police Protection","State","Expenditure","M62","Intergovernmental to Local NEC - Police Protection","8,541"
"2014","Iowa","SF0158","Expenditure - Intergovernmental Expenditure - To Local Government - Police Protection","State","Expenditure","M62","Intergovernmental to Local NEC - Police Protection","7,293"
"2015","Iowa","SF0158","Expenditure - Intergovernmental Expenditure - To Local Government - Police Protection","State","Expenditure","M62","Intergovernmental to Local NEC - Police Protection","6,474"
"2016","Iowa","SF0158","Expenditure - Intergovernmental Expenditure - To Local Government - Police Protection","State","Expenditure","M62","Intergovernmental to Local NEC - Police Protection","6,698"
"2017","Iowa","SF0158","Expenditure - Intergovernmental Expenditure - To Local Government - Police Protection","State","Expenditure","M62","Intergovernmental to Local NEC - Police Protection","7,344"
"2018","Iowa","SF0158","Expenditure - Intergovernmental Expenditure - To Local Government - Police Protection","State","Expenditure","M62","Intergovernmental to Local NEC - Police Protection","6,902"
"2019","Iowa","SF0158","Expenditure - Intergovernmental Expenditure - To Local Government - Police Protection","State","Expenditure","M62","Intergovernmental to Local NEC - Police Protection","7,396"
"2020","Iowa","SF0158","Expenditure - Intergovernmental Expenditure - To Local Government - Police Protection","State","Expenditure","M62","Intergovernmental to Local NEC - Police Protection","6,946"
"2021","Iowa","SF0158","Expenditure - Intergovernmental Expenditure - To Local Government - Police Protection","State","Expenditure","M62","Intergovernmental to Local NEC - Police Protection","10,799"
"2022","Iowa","SF0158","Expenditure - Intergovernmental Expenditure - To Local Government - Police Protection","State","Expenditure","M62","Intergovernmental to Local NEC - Police Protection","9,512"
"2023","Iowa","SF0158","Expenditure - Intergovernmental Expenditure - To Local Government - Police Protection","State","Expenditure","M62","Intergovernmental to Local NEC - Police Protection","10,091"
"2024","Iowa","SF0158","Expenditure - Intergovernmental Expenditure - To Local Government - Police Protection","State","Expenditure","M62","Intergovernmental to Local NEC - Police Protection","10,052"
"2012","Kansas","SF0158","Expenditure - Intergovernmental Expenditure - To Local Government - Police Protection","State","Expenditure","M62","Intergovernmental to Local NEC - Police Protection","7,501"
"2013","Kansas","SF0158","Expenditure - Intergovernmental Expenditure - To Local Government - Police Protection","State","Expenditure","M62","Intergovernmental to Local NEC - Police Protection","5,957"
"2014","Kansas","SF0158","Expenditure - Intergovernmental Expenditure - To Local Government - Police Protection","State","Expenditure","M62","Intergovernmental to Local NEC - Police Protection","5,969"
"2015","Kansas","SF0158","Expenditure - Intergovernmental Expenditure - To Local Government - Police Protection","State","Expenditure","M62","Intergovernmental to Local NEC - Police Protection","4,328"
"2016","Kansas","SF0158","Expenditure - Intergovernmental Expenditure - To Local Government - Police Protection","State","Expenditure","M62","Intergovernmental to Local NEC - Police Protection","4,944"
"2017","Kansas","SF0158","Expenditure - Intergovernmental Expenditure - To Local Government - Police Protection","State","Expenditure","M62","Intergovernmental to Local NEC - Police Protection","3,517"
"2018","Kansas","SF0158","Expenditure - Intergovernmental Expenditure - To Local Government - Police Protection","State","Expenditure","M62","Intergovernmental to Local NEC - Police Protection","4,346"
"2019","Kansas","SF0158","Expenditure - Intergovernmental Expenditure - To Local Government - Police Protection","State","Expenditure","M62","Intergovernmental to Local NEC - Police Protection","4,447"
"2020","Kansas","SF0158","Expenditure - Intergovernmental Expenditure - To Local Government - Police Protection","State","Expenditure","M62","Intergovernmental to Local NEC - Police Protection","4,989"
"2021","Kansas","SF0158","Expenditure - Intergovernmental Expenditure - To Local Government - Police Protection","State","Expenditure","M62","Intergovernmental to Local NEC - Police Protection","5,791"
"2022","Kansas","SF0158","Expenditure - Intergovernmental Expenditure - To Local Government - Police Protection","State","Expenditure","M62","Intergovernmental to Local NEC - Police Protection","4,222"
"2023","Kansas","SF0158","Expenditure - Intergovernmental Expenditure - To Local Government - Police Protection","State","Expenditure","M62","Intergovernmental to Local NEC - Police Protection","4,972"
"2024","Kansas","SF0158","Expenditure - Intergovernmental Expenditure - To Local Government - Police Protection","State","Expenditure","M62","Intergovernmental to Local NEC - Police Protection","5,213"
"2012","Kentucky","SF0158","Expenditure - Intergovernmental Expenditure - To Local Government - Police Protection","State","Expenditure","M62","Intergovernmental to Local NEC - Police Protection","26,078"
"2013","Kentucky","SF0158","Expenditure - Intergovernmental Expenditure - To Local Government - Police Protection","State","Expenditure","M62","Intergovernmental to Local NEC - Police Protection","26,068"
"2014","Kentucky","SF0158","Expenditure - Intergovernmental Expenditure - To Local Government - Police Protection","State","Expenditure","M62","Intergovernmental to Local NEC - Police Protection","25,916"
"2015","Kentucky","SF0158","Expenditure - Intergovernmental Expenditure - To Local Government - Police Protection","State","Expenditure","M62","Intergovernmental to Local NEC - Police Protection","25,737"
"2016","Kentucky","SF0158","Expenditure - Intergovernmental Expenditure - To Local Government - Police Protection","State","Expenditure","M62","Intergovernmental to Local NEC - Police Protection","25,203"
"2017","Kentucky","SF0158","Expenditure - Intergovernmental Expenditure - To Local Government - Police Protection","State","Expenditure","M62","Intergovernmental to Local NEC - Police Protection","31,999"
"2018","Kentucky","SF0158","Expenditure - Intergovernmental Expenditure - To Local Government - Police Protection","State","Expenditure","M62","Intergovernmental to Local NEC - Police Protection","32,907"
"2019","Kentucky","SF0158","Expenditure - Intergovernmental Expenditure - To Local Government - Police Protection","State","Expenditure","M62","Intergovernmental to Local NEC - Police Protection","35,003"
"2020","Kentucky","SF0158","Expenditure - Intergovernmental Expenditure - To Local Government - Police Protection","State","Expenditure","M62","Intergovernmental to Local NEC - Police Protection","36,052"
"2021","Kentucky","SF0158","Expenditure - Intergovernmental Expenditure - To Local Government - Police Protection","State","Expenditure","M62","Intergovernmental to Local NEC - Police Protection","35,436"
"2022","Kentucky","SF0158","Expenditure - Intergovernmental Expenditure - To Local Government - Police Protection","State","Expenditure","M62","Intergovernmental to Local NEC - Police Protection","35,355"
"2023","Kentucky","SF0158","Expenditure - Intergovernmental Expenditure - To Local Government - Police Protection","State","Expenditure","M62","Intergovernmental to Local NEC - Police Protection","38,687"
"2024","Kentucky","SF0158","Expenditure - Intergovernmental Expenditure - To Local Government - Police Protection","State","Expenditure","M62","Intergovernmental to Local NEC - Police Protection","39,622"
"2012","Louisiana","SF0158","Expenditure - Intergovernmental Expenditure - To Local Government - Police Protection","State","Expenditure","M62","Intergovernmental to Local NEC - Police Protection","116,842"
"2013","Louisiana","SF0158","Expenditure - Intergovernmental Expenditure - To Local Government - Police Protection","State","Expenditure","M62","Intergovernmental to Local NEC - Police Protection","114,539"
"2014","Louisiana","SF0158","Expenditure - Intergovernmental Expenditure - To Local Government - Police Protection","State","Expenditure","M62","Intergovernmental to Local NEC - Police Protection","107,918"
"2015","Louisiana","SF0158","Expenditure - Intergovernmental Expenditure - To Local Government - Police Protection","State","Expenditure","M62","Intergovernmental to Local NEC - Police Protection","109,573"
"2016","Louisiana","SF0158","Expenditure - Intergovernmental Expenditure - To Local Government - Police Protection","State","Expenditure","M62","Intergovernmental to Local NEC - Police Protection","109,770"
"2017","Louisiana","SF0158","Expenditure - Intergovernmental Expenditure - To Local Government - Police Protection","State","Expenditure","M62","Intergovernmental to Local NEC - Police Protection","115,861"
"2018","Louisiana","SF0158","Expenditure - Intergovernmental Expenditure - To Local Government - Police Protection","State","Expenditure","M62","Intergovernmental to Local NEC - Police Protection","119,794"
"2019","Louisiana","SF0158","Expenditure - Intergovernmental Expenditure - To Local Government - Police Protection","State","Expenditure","M62","Intergovernmental to Local NEC - Police Protection","118,487"
"2020","Louisiana","SF0158","Expenditure - Intergovernmental Expenditure - To Local Government - Police Protection","State","Expenditure","M62","Intergovernmental to Local NEC - Police Protection","123,713"
"2021","Louisiana","SF0158","Expenditure - Intergovernmental Expenditure - To Local Government - Police Protection","State","Expenditure","M62","Intergovernmental to Local NEC - Police Protection","130,842"
"2022","Louisiana","SF0158","Expenditure - Intergovernmental Expenditure - To Local Government - Police Protection","State","Expenditure","M62","Intergovernmental to Local NEC - Police Protection","146,192"
"2023","Louisiana","SF0158","Expenditure - Intergovernmental Expenditure - To Local Government - Police Protection","State","Expenditure","M62","Intergovernmental to Local NEC - Police Protection","143,456"
"2024","Louisiana","SF0158","Expenditure - Intergovernmental Expenditure - To Local Government - Police Protection","State","Expenditure","M62","Intergovernmental to Local NEC - Police Protection","135,049"
"2012","Maine","SF0158","Expenditure - Intergovernmental Expenditure - To Local Government - Police Protection","State","Expenditure","M62","Intergovernmental to Local NEC - Police Protection","0"
"2013","Maine","SF0158","Expenditure - Intergovernmental Expenditure - To Local Government - Police Protection","State","Expenditure","M62","Intergovernmental to Local NEC - Police Protection","0"
"2014","Maine","SF0158","Expenditure - Intergovernmental Expenditure - To Local Government - Police Protection","State","Expenditure","M62","Intergovernmental to Local NEC - Police Protection","0"
"2015","Maine","SF0158","Expenditure - Intergovernmental Expenditure - To Local Government - Police Protection","State","Expenditure","M62","Intergovernmental to Local NEC - Police Protection","0"
"2016","Maine","SF0158","Expenditure - Intergovernmental Expenditure - To Local Government - Police Protection","State","Expenditure","M62","Intergovernmental to Local NEC - Police Protection","0"
"2017","Maine","SF0158","Expenditure - Intergovernmental Expenditure - To Local Government - Police Protection","State","Expenditure","M62","Intergovernmental to Local NEC - Police Protection","0"
"2018","Maine","SF0158","Expenditure - Intergovernmental Expenditure - To Local Government - Police Protection","State","Expenditure","M62","Intergovernmental to Local NEC - Police Protection","0"
"2019","Maine","SF0158","Expenditure - Intergovernmental Expenditure - To Local Government - Police Protection","State","Expenditure","M62","Intergovernmental to Local NEC - Police Protection","0"
"2020","Maine","SF0158","Expenditure - Intergovernmental Expenditure - To Local Government - Police Protection","State","Expenditure","M62","Intergovernmental to Local NEC - Police Protection","5,400"
"2021","Maine","SF0158","Expenditure - Intergovernmental Expenditure - To Local Government - Police Protection","State","Expenditure","M62","Intergovernmental to Local NEC - Police Protection","5,548"
"2022","Maine","SF0158","Expenditure - Intergovernmental Expenditure - To Local Government - Police Protection","State","Expenditure","M62","Intergovernmental to Local NEC - Police Protection","9,059"
"2023","Maine","SF0158","Expenditure - Intergovernmental Expenditure - To Local Government - Police Protection","State","Expenditure","M62","Intergovernmental to Local NEC - Police Protection","8,386"
"2024","Maine","SF0158","Expenditure - Intergovernmental Expenditure - To Local Government - Police Protection","State","Expenditure","M62","Intergovernmental to Local NEC - Police Protection","16,491"
"2012","Maryland","SF0158","Expenditure - Intergovernmental Expenditure - To Local Government - Police Protection","State","Expenditure","M62","Intergovernmental to Local NEC - Police Protection","70,164"
"2013","Maryland","SF0158","Expenditure - Intergovernmental Expenditure - To Local Government - Police Protection","State","Expenditure","M62","Intergovernmental to Local NEC - Police Protection","72,009"
"2014","Maryland","SF0158","Expenditure - Intergovernmental Expenditure - To Local Government - Police Protection","State","Expenditure","M62","Intergovernmental to Local NEC - Police Protection","94,399"
"2015","Maryland","SF0158","Expenditure - Intergovernmental Expenditure - To Local Government - Police Protection","State","Expenditure","M62","Intergovernmental to Local NEC - Police Protection","95,871"
"2016","Maryland","SF0158","Expenditure - Intergovernmental Expenditure - To Local Government - Police Protection","State","Expenditure","M62","Intergovernmental to Local NEC - Police Protection","95,074"
"2017","Maryland","SF0158","Expenditure - Intergovernmental Expenditure - To Local Government - Police Protection","State","Expenditure","M62","Intergovernmental to Local NEC - Police Protection","102,274"
"2018","Maryland","SF0158","Expenditure - Intergovernmental Expenditure - To Local Government - Police Protection","State","Expenditure","M62","Intergovernmental to Local NEC - Police Protection","106,348"
"2019","Maryland","SF0158","Expenditure - Intergovernmental Expenditure - To Local Government - Police Protection","State","Expenditure","M62","Intergovernmental to Local NEC - Police Protection","116,431"
"2020","Maryland","SF0158","Expenditure - Intergovernmental Expenditure - To Local Government - Police Protection","State","Expenditure","M62","Intergovernmental to Local NEC - Police Protection","125,090"
"2021","Maryland","SF0158","Expenditure - Intergovernmental Expenditure - To Local Government - Police Protection","State","Expenditure","M62","Intergovernmental to Local NEC - Police Protection","114,923"
"2022","Maryland","SF0158","Expenditure - Intergovernmental Expenditure - To Local Government - Police Protection","State","Expenditure","M62","Intergovernmental to Local NEC - Police Protection","118,302"
"2023","Maryland","SF0158","Expenditure - Intergovernmental Expenditure - To Local Government - Police Protection","State","Expenditure","M62","Intergovernmental to Local NEC - Police Protection","245,064"
"2024","Maryland","SF0158","Expenditure - Intergovernmental Expenditure - To Local Government - Police Protection","State","Expenditure","M62","Intergovernmental to Local NEC - Police Protection","110,400"
"2012","Massachusetts","SF0158","Expenditure - Intergovernmental Expenditure - To Local Government - Police Protection","State","Expenditure","M62","Intergovernmental to Local NEC - Police Protection","74,442"
"2013","Massachusetts","SF0158","Expenditure - Intergovernmental Expenditure - To Local Government - Police Protection","State","Expenditure","M62","Intergovernmental to Local NEC - Police Protection","96,931"
"2014","Massachusetts","SF0158","Expenditure - Intergovernmental Expenditure - To Local Government - Police Protection","State","Expenditure","M62","Intergovernmental to Local NEC - Police Protection","64,903"
"2015","Massachusetts","SF0158","Expenditure - Intergovernmental Expenditure - To Local Government - Police Protection","State","Expenditure","M62","Intergovernmental to Local NEC - Police Protection","84,062"
"2016","Massachusetts","SF0158","Expenditure - Intergovernmental Expenditure - To Local Government - Police Protection","State","Expenditure","M62","Intergovernmental to Local NEC - Police Protection","78,371"
"2017","Massachusetts","SF0158","Expenditure - Intergovernmental Expenditure - To Local Government - Police Protection","State","Expenditure","M62","Intergovernmental to Local NEC - Police Protection","65,929"
"2018","Massachusetts","SF0158","Expenditure - Intergovernmental Expenditure - To Local Government - Police Protection","State","Expenditure","M62","Intergovernmental to Local NEC - Police Protection","66,920"
"2019","Massachusetts","SF0158","Expenditure - Intergovernmental Expenditure - To Local Government - Police Protection","State","Expenditure","M62","Intergovernmental to Local NEC - Police Protection","78,107"
"2020","Massachusetts","SF0158","Expenditure - Intergovernmental Expenditure - To Local Government - Police Protection","State","Expenditure","M62","Intergovernmental to Local NEC - Police Protection","101,887"
"2021","Massachusetts","SF0158","Expenditure - Intergovernmental Expenditure - To Local Government - Police Protection","State","Expenditure","M62","Intergovernmental to Local NEC - Police Protection","105,573"
"2022","Massachusetts","SF0158","Expenditure - Intergovernmental Expenditure - To Local Government - Police Protection","State","Expenditure","M62","Intergovernmental to Local NEC - Police Protection","97,497"
"2023","Massachusetts","SF0158","Expenditure - Intergovernmental Expenditure - To Local Government - Police Protection","State","Expenditure","M62","Intergovernmental to Local NEC - Police Protection","106,137"
"2024","Massachusetts","SF0158","Expenditure - Intergovernmental Expenditure - To Local Government - Police Protection","State","Expenditure","M62","Intergovernmental to Local NEC - Police Protection","118,283"
"2012","Michigan","SF0158","Expenditure - Intergovernmental Expenditure - To Local Government - Police Protection","State","Expenditure","M62","Intergovernmental to Local NEC - Police Protection","38,644"
"2013","Michigan","SF0158","Expenditure - Intergovernmental Expenditure - To Local Government - Police Protection","State","Expenditure","M62","Intergovernmental to Local NEC - Police Protection","29,717"
"2014","Michigan","SF0158","Expenditure - Intergovernmental Expenditure - To Local Government - Police Protection","State","Expenditure","M62","Intergovernmental to Local NEC - Police Protection","26,400"
"2015","Michigan","SF0158","Expenditure - Intergovernmental Expenditure - To Local Government - Police Protection","State","Expenditure","M62","Intergovernmental to Local NEC - Police Protection","41,458"
"2016","Michigan","SF0158","Expenditure - Intergovernmental Expenditure - To Local Government - Police Protection","State","Expenditure","M62","Intergovernmental to Local NEC - Police Protection","29,758"
"2017","Michigan","SF0158","Expenditure - Intergovernmental Expenditure - To Local Government - Police Protection","State","Expenditure","M62","Intergovernmental to Local NEC - Police Protection","28,286"
"2018","Michigan","SF0158","Expenditure - Intergovernmental Expenditure - To Local Government - Police Protection","State","Expenditure","M62","Intergovernmental to Local NEC - Police Protection","31,314"
"2019","Michigan","SF0158","Expenditure - Intergovernmental Expenditure - To Local Government - Police Protection","State","Expenditure","M62","Intergovernmental to Local NEC - Police Protection","47,358"
"2020","Michigan","SF0158","Expenditure - Intergovernmental Expenditure - To Local Government - Police Protection","State","Expenditure","M62","Intergovernmental to Local NEC - Police Protection","64,027"
"2021","Michigan","SF0158","Expenditure - Intergovernmental Expenditure - To Local Government - Police Protection","State","Expenditure","M62","Intergovernmental to Local NEC - Police Protection","60,692"
"2022","Michigan","SF0158","Expenditure - Intergovernmental Expenditure - To Local Government - Police Protection","State","Expenditure","M62","Intergovernmental to Local NEC - Police Protection","40,917"
"2023","Michigan","SF0158","Expenditure - Intergovernmental Expenditure - To Local Government - Police Protection","State","Expenditure","M62","Intergovernmental to Local NEC - Police Protection","58,053"
"2024","Michigan","SF0158","Expenditure - Intergovernmental Expenditure - To Local Government - Police Protection","State","Expenditure","M62","Intergovernmental to Local NEC - Police Protection","80,897"
"2012","Minnesota","SF0158","Expenditure - Intergovernmental Expenditure - To Local Government - Police Protection","State","Expenditure","M62","Intergovernmental to Local NEC - Police Protection","99,464"
"2013","Minnesota","SF0158","Expenditure - Intergovernmental Expenditure - To Local Government - Police Protection","State","Expenditure","M62","Intergovernmental to Local NEC - Police Protection","95,638"
"2014","Minnesota","SF0158","Expenditure - Intergovernmental Expenditure - To Local Government - Police Protection","State","Expenditure","M62","Intergovernmental to Local NEC - Police Protection","109,635"
"2015","Minnesota","SF0158","Expenditure - Intergovernmental Expenditure - To Local Government - Police Protection","State","Expenditure","M62","Intergovernmental to Local NEC - Police Protection","124,309"
"2016","Minnesota","SF0158","Expenditure - Intergovernmental Expenditure - To Local Government - Police Protection","State","Expenditure","M62","Intergovernmental to Local NEC - Police Protection","113,471"
"2017","Minnesota","SF0158","Expenditure - Intergovernmental Expenditure - To Local Government - Police Protection","State","Expenditure","M62","Intergovernmental to Local NEC - Police Protection","119,565"
"2018","Minnesota","SF0158","Expenditure - Intergovernmental Expenditure - To Local Government - Police Protection","State","Expenditure","M62","Intergovernmental to Local NEC - Police Protection","119,376"
"2019","Minnesota","SF0158","Expenditure - Intergovernmental Expenditure - To Local Government - Police Protection","State","Expenditure","M62","Intergovernmental to Local NEC - Police Protection","132,086"
"2020","Minnesota","SF0158","Expenditure - Intergovernmental Expenditure - To Local Government - Police Protection","State","Expenditure","M62","Intergovernmental to Local NEC - Police Protection","162,766"
"2021","Minnesota","SF0158","Expenditure - Intergovernmental Expenditure - To Local Government - Police Protection","State","Expenditure","M62","Intergovernmental to Local NEC - Police Protection","173,942"
"2022","Minnesota","SF0158","Expenditure - Intergovernmental Expenditure - To Local Government - Police Protection","State","Expenditure","M62","Intergovernmental to Local NEC - Police Protection","184,278"
"2023","Minnesota","SF0158","Expenditure - Intergovernmental Expenditure - To Local Government - Police Protection","State","Expenditure","M62","Intergovernmental to Local NEC - Police Protection","177,275"
"2024","Minnesota","SF0158","Expenditure - Intergovernmental Expenditure - To Local Government - Police Protection","State","Expenditure","M62","Intergovernmental to Local NEC - Police Protection","210,612"
"2012","Mississippi","SF0158","Expenditure - Intergovernmental Expenditure - To Local Government - Police Protection","State","Expenditure","M62","Intergovernmental to Local NEC - Police Protection","7,897"
"2013","Mississippi","SF0158","Expenditure - Intergovernmental Expenditure - To Local Government - Police Protection","State","Expenditure","M62","Intergovernmental to Local NEC - Police Protection","5,780"
"2014","Mississippi","SF0158","Expenditure - Intergovernmental Expenditure - To Local Government - Police Protection","State","Expenditure","M62","Intergovernmental to Local NEC - Police Protection","6,542"
"2015","Mississippi","SF0158","Expenditure - Intergovernmental Expenditure - To Local Government - Police Protection","State","Expenditure","M62","Intergovernmental to Local NEC - Police Protection","36,589"
"2016","Mississippi","SF0158","Expenditure - Intergovernmental Expenditure - To Local Government - Police Protection","State","Expenditure","M62","Intergovernmental to Local NEC - Police Protection","4,764"
"2017","Mississippi","SF0158","Expenditure - Intergovernmental Expenditure - To Local Government - Police Protection","State","Expenditure","M62","Intergovernmental to Local NEC - Police Protection","25,601"
"2018","Mississippi","SF0158","Expenditure - Intergovernmental Expenditure - To Local Government - Police Protection","State","Expenditure","M62","Intergovernmental to Local NEC - Police Protection","20,596"
"2019","Mississippi","SF0158","Expenditure - Intergovernmental Expenditure - To Local Government - Police Protection","State","Expenditure","M62","Intergovernmental to Local NEC - Police Protection","19,432"
"2020","Mississippi","SF0158","Expenditure - Intergovernmental Expenditure - To Local Government - Police Protection","State","Expenditure","M62","Intergovernmental to Local NEC - Police Protection","18,352"
"2021","Mississippi","SF0158","Expenditure - Intergovernmental Expenditure - To Local Government - Police Protection","State","Expenditure","M62","Intergovernmental to Local NEC - Police Protection","19,484"
"2022","Mississippi","SF0158","Expenditure - Intergovernmental Expenditure - To Local Government - Police Protection","State","Expenditure","M62","Intergovernmental to Local NEC - Police Protection","22,638"
"2023","Mississippi","SF0158","Expenditure - Intergovernmental Expenditure - To Local Government - Police Protection","State","Expenditure","M62","Intergovernmental to Local NEC - Police Protection","30,792"
"2024","Mississippi","SF0158","Expenditure - Intergovernmental Expenditure - To Local Government - Police Protection","State","Expenditure","M62","Intergovernmental to Local NEC - Police Protection","23,179"
"2012","Missouri","SF0158","Expenditure - Intergovernmental Expenditure - To Local Government - Police Protection","State","Expenditure","M62","Intergovernmental to Local NEC - Police Protection","39,637"
"2013","Missouri","SF0158","Expenditure - Intergovernmental Expenditure - To Local Government - Police Protection","State","Expenditure","M62","Intergovernmental to Local NEC - Police Protection","27,623"
"2014","Missouri","SF0158","Expenditure - Intergovernmental Expenditure - To Local Government - Police Protection","State","Expenditure","M62","Intergovernmental to Local NEC - Police Protection","19,470"
"2015","Missouri","SF0158","Expenditure - Intergovernmental Expenditure - To Local Government - Police Protection","State","Expenditure","M62","Intergovernmental to Local NEC - Police Protection","14,385"
"2016","Missouri","SF0158","Expenditure - Intergovernmental Expenditure - To Local Government - Police Protection","State","Expenditure","M62","Intergovernmental to Local NEC - Police Protection","5,595"
"2017","Missouri","SF0158","Expenditure - Intergovernmental Expenditure - To Local Government - Police Protection","State","Expenditure","M62","Intergovernmental to Local NEC - Police Protection","3,541"
"2018","Missouri","SF0158","Expenditure - Intergovernmental Expenditure - To Local Government - Police Protection","State","Expenditure","M62","Intergovernmental to Local NEC - Police Protection","3,464"
"2019","Missouri","SF0158","Expenditure - Intergovernmental Expenditure - To Local Government - Police Protection","State","Expenditure","M62","Intergovernmental to Local NEC - Police Protection","3,479"
"2020","Missouri","SF0158","Expenditure - Intergovernmental Expenditure - To Local Government - Police Protection","State","Expenditure","M62","Intergovernmental to Local NEC - Police Protection","3,526"
"2021","Missouri","SF0158","Expenditure - Intergovernmental Expenditure - To Local Government - Police Protection","State","Expenditure","M62","Intergovernmental to Local NEC - Police Protection","2,647"
"2022","Missouri","SF0158","Expenditure - Intergovernmental Expenditure - To Local Government - Police Protection","State","Expenditure","M62","Intergovernmental to Local NEC - Police Protection","3,653"
"2023","Missouri","SF0158","Expenditure - Intergovernmental Expenditure - To Local Government - Police Protection","State","Expenditure","M62","Intergovernmental to Local NEC - Police Protection","3,924"
"2024","Missouri","SF0158","Expenditure - Intergovernmental Expenditure - To Local Government - Police Protection","State","Expenditure","M62","Intergovernmental to Local NEC - Police Protection","3,820"
"2012","Montana","SF0158","Expenditure - Intergovernmental Expenditure - To Local Government - Police Protection","State","Expenditure","M62","Intergovernmental to Local NEC - Police Protection","1,070"
"2013","Montana","SF0158","Expenditure - Intergovernmental Expenditure - To Local Government - Police Protection","State","Expenditure","M62","Intergovernmental to Local NEC - Police Protection","1,018"
"2014","Montana","SF0158","Expenditure - Intergovernmental Expenditure - To Local Government - Police Protection","State","Expenditure","M62","Intergovernmental to Local NEC - Police Protection","1,028"
"2015","Montana","SF0158","Expenditure - Intergovernmental Expenditure - To Local Government - Police Protection","State","Expenditure","M62","Intergovernmental to Local NEC - Police Protection","1,042"
"2016","Montana","SF0158","Expenditure - Intergovernmental Expenditure - To Local Government - Police Protection","State","Expenditure","M62","Intergovernmental to Local NEC - Police Protection","1,065"
"2017","Montana","SF0158","Expenditure - Intergovernmental Expenditure - To Local Government - Police Protection","State","Expenditure","M62","Intergovernmental to Local NEC - Police Protection","1,055"
"2018","Montana","SF0158","Expenditure - Intergovernmental Expenditure - To Local Government - Police Protection","State","Expenditure","M62","Intergovernmental to Local NEC - Police Protection","437"
"2019","Montana","SF0158","Expenditure - Intergovernmental Expenditure - To Local Government - Police Protection","State","Expenditure","M62","Intergovernmental to Local NEC - Police Protection","0"
"2020","Montana","SF0158","Expenditure - Intergovernmental Expenditure - To Local Government - Police Protection","State","Expenditure","M62","Intergovernmental to Local NEC - Police Protection","0"
"2021","Montana","SF0158","Expenditure - Intergovernmental Expenditure - To Local Government - Police Protection","State","Expenditure","M62","Intergovernmental to Local NEC - Police Protection","0"
"2022","Montana","SF0158","Expenditure - Intergovernmental Expenditure - To Local Government - Police Protection","State","Expenditure","M62","Intergovernmental to Local NEC - Police Protection","13"
"2023","Montana","SF0158","Expenditure - Intergovernmental Expenditure - To Local Government - Police Protection","State","Expenditure","M62","Intergovernmental to Local NEC - Police Protection","13"
"2024","Montana","SF0158","Expenditure - Intergovernmental Expenditure - To Local Government - Police Protection","State","Expenditure","M62","Intergovernmental to Local NEC - Police Protection","0"
"2012","Nebraska","SF0158","Expenditure - Intergovernmental Expenditure - To Local Government - Police Protection","State","Expenditure","M62","Intergovernmental to Local NEC - Police Protection","4,365"
"2013","Nebraska","SF0158","Expenditure - Intergovernmental Expenditure - To Local Government - Police Protection","State","Expenditure","M62","Intergovernmental to Local NEC - Police Protection","5,116"
"2014","Nebraska","SF0158","Expenditure - Intergovernmental Expenditure - To Local Government - Police Protection","State","Expenditure","M62","Intergovernmental to Local NEC - Police Protection","4,837"
"2015","Nebraska","SF0158","Expenditure - Intergovernmental Expenditure - To Local Government - Police Protection","State","Expenditure","M62","Intergovernmental to Local NEC - Police Protection","7,041"
"2016","Nebraska","SF0158","Expenditure - Intergovernmental Expenditure - To Local Government - Police Protection","State","Expenditure","M62","Intergovernmental to Local NEC - Police Protection","7,804"
"2017","Nebraska","SF0158","Expenditure - Intergovernmental Expenditure - To Local Government - Police Protection","State","Expenditure","M62","Intergovernmental to Local NEC - Police Protection","7,936"
"2018","Nebraska","SF0158","Expenditure - Intergovernmental Expenditure - To Local Government - Police Protection","State","Expenditure","M62","Intergovernmental to Local NEC - Police Protection","7,489"
"2019","Nebraska","SF0158","Expenditure - Intergovernmental Expenditure - To Local Government - Police Protection","State","Expenditure","M62","Intergovernmental to Local NEC - Police Protection","8,454"
"2020","Nebraska","SF0158","Expenditure - Intergovernmental Expenditure - To Local Government - Police Protection","State","Expenditure","M62","Intergovernmental to Local NEC - Police Protection","8,529"
"2021","Nebraska","SF0158","Expenditure - Intergovernmental Expenditure - To Local Government - Police Protection","State","Expenditure","M62","Intergovernmental to Local NEC - Police Protection","9,075"
"2022","Nebraska","SF0158","Expenditure - Intergovernmental Expenditure - To Local Government - Police Protection","State","Expenditure","M62","Intergovernmental to Local NEC - Police Protection","7,476"
"2023","Nebraska","SF0158","Expenditure - Intergovernmental Expenditure - To Local Government - Police Protection","State","Expenditure","M62","Intergovernmental to Local NEC - Police Protection","8,761"
"2024","Nebraska","SF0158","Expenditure - Intergovernmental Expenditure - To Local Government - Police Protection","State","Expenditure","M62","Intergovernmental to Local NEC - Police Protection","8,245"
"2012","Nevada","SF0158","Expenditure - Intergovernmental Expenditure - To Local Government - Police Protection","State","Expenditure","M62","Intergovernmental to Local NEC - Police Protection","1,503"
"2013","Nevada","SF0158","Expenditure - Intergovernmental Expenditure - To Local Government - Police Protection","State","Expenditure","M62","Intergovernmental to Local NEC - Police Protection","1,503"
"2014","Nevada","SF0158","Expenditure - Intergovernmental Expenditure - To Local Government - Police Protection","State","Expenditure","M62","Intergovernmental to Local NEC - Police Protection","1,296"
"2015","Nevada","SF0158","Expenditure - Intergovernmental Expenditure - To Local Government - Police Protection","State","Expenditure","M62","Intergovernmental to Local NEC - Police Protection","1,639"
"2016","Nevada","SF0158","Expenditure - Intergovernmental Expenditure - To Local Government - Police Protection","State","Expenditure","M62","Intergovernmental to Local NEC - Police Protection","1,563"
"2017","Nevada","SF0158","Expenditure - Intergovernmental Expenditure - To Local Government - Police Protection","State","Expenditure","M62","Intergovernmental to Local NEC - Police Protection","2,186"
"2018","Nevada","SF0158","Expenditure - Intergovernmental Expenditure - To Local Government - Police Protection","State","Expenditure","M62","Intergovernmental to Local NEC - Police Protection","2,099"
"2019","Nevada","SF0158","Expenditure - Intergovernmental Expenditure - To Local Government - Police Protection","State","Expenditure","M62","Intergovernmental to Local NEC - Police Protection","1,347"
"2020","Nevada","SF0158","Expenditure - Intergovernmental Expenditure - To Local Government - Police Protection","State","Expenditure","M62","Intergovernmental to Local NEC - Police Protection","1,400"
"2021","Nevada","SF0158","Expenditure - Intergovernmental Expenditure - To Local Government - Police Protection","State","Expenditure","M62","Intergovernmental to Local NEC - Police Protection","1,579"
"2022","Nevada","SF0158","Expenditure - Intergovernmental Expenditure - To Local Government - Police Protection","State","Expenditure","M62","Intergovernmental to Local NEC - Police Protection","4,595"
"2023","Nevada","SF0158","Expenditure - Intergovernmental Expenditure - To Local Government - Police Protection","State","Expenditure","M62","Intergovernmental to Local NEC - Police Protection","7,738"
"2024","Nevada","SF0158","Expenditure - Intergovernmental Expenditure - To Local Government - Police Protection","State","Expenditure","M62","Intergovernmental to Local NEC - Police Protection","6,273"
"2012","New Hampshire","SF0158","Expenditure - Intergovernmental Expenditure - To Local Government - Police Protection","State","Expenditure","M62","Intergovernmental to Local NEC - Police Protection","1,105"
"2013","New Hampshire","SF0158","Expenditure - Intergovernmental Expenditure - To Local Government - Police Protection","State","Expenditure","M62","Intergovernmental to Local NEC - Police Protection","1,156"
"2014","New Hampshire","SF0158","Expenditure - Intergovernmental Expenditure - To Local Government - Police Protection","State","Expenditure","M62","Intergovernmental to Local NEC - Police Protection","1,137"
"2015","New Hampshire","SF0158","Expenditure - Intergovernmental Expenditure - To Local Government - Police Protection","State","Expenditure","M62","Intergovernmental to Local NEC - Police Protection","822"
"2016","New Hampshire","SF0158","Expenditure - Intergovernmental Expenditure - To Local Government - Police Protection","State","Expenditure","M62","Intergovernmental to Local NEC - Police Protection","13"
"2017","New Hampshire","SF0158","Expenditure - Intergovernmental Expenditure - To Local Government - Police Protection","State","Expenditure","M62","Intergovernmental to Local NEC - Police Protection","1,030"
"2018","New Hampshire","SF0158","Expenditure - Intergovernmental Expenditure - To Local Government - Police Protection","State","Expenditure","M62","Intergovernmental to Local NEC - Police Protection","1,011"
"2019","New Hampshire","SF0158","Expenditure - Intergovernmental Expenditure - To Local Government - Police Protection","State","Expenditure","M62","Intergovernmental to Local NEC - Police Protection","1,297"
"2020","New Hampshire","SF0158","Expenditure - Intergovernmental Expenditure - To Local Government - Police Protection","State","Expenditure","M62","Intergovernmental to Local NEC - Police Protection","849"
"2021","New Hampshire","SF0158","Expenditure - Intergovernmental Expenditure - To Local Government - Police Protection","State","Expenditure","M62","Intergovernmental to Local NEC - Police Protection","464"
"2022","New Hampshire","SF0158","Expenditure - Intergovernmental Expenditure - To Local Government - Police Protection","State","Expenditure","M62","Intergovernmental to Local NEC - Police Protection","900"
"2023","New Hampshire","SF0158","Expenditure - Intergovernmental Expenditure - To Local Government - Police Protection","State","Expenditure","M62","Intergovernmental to Local NEC - Police Protection","1,436"
"2024","New Hampshire","SF0158","Expenditure - Intergovernmental Expenditure - To Local Government - Police Protection","State","Expenditure","M62","Intergovernmental to Local NEC - Police Protection","1,386"
"2012","New Jersey","SF0158","Expenditure - Intergovernmental Expenditure - To Local Government - Police Protection","State","Expenditure","M62","Intergovernmental to Local NEC - Police Protection","132,690"
"2013","New Jersey","SF0158","Expenditure - Intergovernmental Expenditure - To Local Government - Police Protection","State","Expenditure","M62","Intergovernmental to Local NEC - Police Protection","296,657"
"2014","New Jersey","SF0158","Expenditure - Intergovernmental Expenditure - To Local Government - Police Protection","State","Expenditure","M62","Intergovernmental to Local NEC - Police Protection","363,781"
"2015","New Jersey","SF0158","Expenditure - Intergovernmental Expenditure - To Local Government - Police Protection","State","Expenditure","M62","Intergovernmental to Local NEC - Police Protection","246,524"
"2016","New Jersey","SF0158","Expenditure - Intergovernmental Expenditure - To Local Government - Police Protection","State","Expenditure","M62","Intergovernmental to Local NEC - Police Protection","193,962"
"2017","New Jersey","SF0158","Expenditure - Intergovernmental Expenditure - To Local Government - Police Protection","State","Expenditure","M62","Intergovernmental to Local NEC - Police Protection","179,721"
"2018","New Jersey","SF0158","Expenditure - Intergovernmental Expenditure - To Local Government - Police Protection","State","Expenditure","M62","Intergovernmental to Local NEC - Police Protection","215,835"
"2019","New Jersey","SF0158","Expenditure - Intergovernmental Expenditure - To Local Government - Police Protection","State","Expenditure","M62","Intergovernmental to Local NEC - Police Protection","206,240"
"2020","New Jersey","SF0158","Expenditure - Intergovernmental Expenditure - To Local Government - Police Protection","State","Expenditure","M62","Intergovernmental to Local NEC - Police Protection","164,709"
"2021","New Jersey","SF0158","Expenditure - Intergovernmental Expenditure - To Local Government - Police Protection","State","Expenditure","M62","Intergovernmental to Local NEC - Police Protection","182,232"
"2022","New Jersey","SF0158","Expenditure - Intergovernmental Expenditure - To Local Government - Police Protection","State","Expenditure","M62","Intergovernmental to Local NEC - Police Protection","68,230"
"2023","New Jersey","SF0158","Expenditure - Intergovernmental Expenditure - To Local Government - Police Protection","State","Expenditure","M62","Intergovernmental to Local NEC - Police Protection","67,004"
"2024","New Jersey","SF0158","Expenditure - Intergovernmental Expenditure - To Local Government - Police Protection","State","Expenditure","M62","Intergovernmental to Local NEC - Police Protection","86,067"
"2012","New Mexico","SF0158","Expenditure - Intergovernmental Expenditure - To Local Government - Police Protection","State","Expenditure","M62","Intergovernmental to Local NEC - Police Protection","20,134"
"2013","New Mexico","SF0158","Expenditure - Intergovernmental Expenditure - To Local Government - Police Protection","State","Expenditure","M62","Intergovernmental to Local NEC - Police Protection","20,954"
"2014","New Mexico","SF0158","Expenditure - Intergovernmental Expenditure - To Local Government - Police Protection","State","Expenditure","M62","Intergovernmental to Local NEC - Police Protection","19,462"
"2015","New Mexico","SF0158","Expenditure - Intergovernmental Expenditure - To Local Government - Police Protection","State","Expenditure","M62","Intergovernmental to Local NEC - Police Protection","24,680"
"2016","New Mexico","SF0158","Expenditure - Intergovernmental Expenditure - To Local Government - Police Protection","State","Expenditure","M62","Intergovernmental to Local NEC - Police Protection","27,059"
"2017","New Mexico","SF0158","Expenditure - Intergovernmental Expenditure - To Local Government - Police Protection","State","Expenditure","M62","Intergovernmental to Local NEC - Police Protection","16,064"
"2018","New Mexico","SF0158","Expenditure - Intergovernmental Expenditure - To Local Government - Police Protection","State","Expenditure","M62","Intergovernmental to Local NEC - Police Protection","23,593"
"2019","New Mexico","SF0158","Expenditure - Intergovernmental Expenditure - To Local Government - Police Protection","State","Expenditure","M62","Intergovernmental to Local NEC - Police Protection","22,936"
"2020","New Mexico","SF0158","Expenditure - Intergovernmental Expenditure - To Local Government - Police Protection","State","Expenditure","M62","Intergovernmental to Local NEC - Police Protection","25,990"
"2021","New Mexico","SF0158","Expenditure - Intergovernmental Expenditure - To Local Government - Police Protection","State","Expenditure","M62","Intergovernmental to Local NEC - Police Protection","28,716"
"2022","New Mexico","SF0158","Expenditure - Intergovernmental Expenditure - To Local Government - Police Protection","State","Expenditure","M62","Intergovernmental to Local NEC - Police Protection","30,207"
"2023","New Mexico","SF0158","Expenditure - Intergovernmental Expenditure - To Local Government - Police Protection","State","Expenditure","M62","Intergovernmental to Local NEC - Police Protection","37,321"
"2024","New Mexico","SF0158","Expenditure - Intergovernmental Expenditure - To Local Government - Police Protection","State","Expenditure","M62","Intergovernmental to Local NEC - Police Protection","47,798"
"2012","New York","SF0158","Expenditure - Intergovernmental Expenditure - To Local Government - Police Protection","State","Expenditure","M62","Intergovernmental to Local NEC - Police Protection","148,172"
"2013","New York","SF0158","Expenditure - Intergovernmental Expenditure - To Local Government - Police Protection","State","Expenditure","M62","Intergovernmental to Local NEC - Police Protection","186,833"
"2014","New York","SF0158","Expenditure - Intergovernmental Expenditure - To Local Government - Police Protection","State","Expenditure","M62","Intergovernmental to Local NEC - Police Protection","160,083"
"2015","New York","SF0158","Expenditure - Intergovernmental Expenditure - To Local Government - Police Protection","State","Expenditure","M62","Intergovernmental to Local NEC - Police Protection","166,258"
"2016","New York","SF0158","Expenditure - Intergovernmental Expenditure - To Local Government - Police Protection","State","Expenditure","M62","Intergovernmental to Local NEC - Police Protection","172,653"
"2017","New York","SF0158","Expenditure - Intergovernmental Expenditure - To Local Government - Police Protection","State","Expenditure","M62","Intergovernmental to Local NEC - Police Protection","168,036"
"2018","New York","SF0158","Expenditure - Intergovernmental Expenditure - To Local Government - Police Protection","State","Expenditure","M62","Intergovernmental to Local NEC - Police Protection","171,271"
"2019","New York","SF0158","Expenditure - Intergovernmental Expenditure - To Local Government - Police Protection","State","Expenditure","M62","Intergovernmental to Local NEC - Police Protection","222,536"
"2020","New York","SF0158","Expenditure - Intergovernmental Expenditure - To Local Government - Police Protection","State","Expenditure","M62","Intergovernmental to Local NEC - Police Protection","191,053"
"2021","New York","SF0158","Expenditure - Intergovernmental Expenditure - To Local Government - Police Protection","State","Expenditure","M62","Intergovernmental to Local NEC - Police Protection","126,413"
"2022","New York","SF0158","Expenditure - Intergovernmental Expenditure - To Local Government - Police Protection","State","Expenditure","M62","Intergovernmental to Local NEC - Police Protection","242,683"
"2023","New York","SF0158","Expenditure - Intergovernmental Expenditure - To Local Government - Police Protection","State","Expenditure","M62","Intergovernmental to Local NEC - Police Protection","280,652"
"2024","New York","SF0158","Expenditure - Intergovernmental Expenditure - To Local Government - Police Protection","State","Expenditure","M62","Intergovernmental to Local NEC - Police Protection","320,558"
"2012","North Carolina","SF0158","Expenditure - Intergovernmental Expenditure - To Local Government - Police Protection","State","Expenditure","M62","Intergovernmental to Local NEC - Police Protection","66,281"
"2013","North Carolina","SF0158","Expenditure - Intergovernmental Expenditure - To Local Government - Police Protection","State","Expenditure","M62","Intergovernmental to Local NEC - Police Protection","44,194"
"2014","North Carolina","SF0158","Expenditure - Intergovernmental Expenditure - To Local Government - Police Protection","State","Expenditure","M62","Intergovernmental to Local NEC - Police Protection","40,173"
"2015","North Carolina","SF0158","Expenditure - Intergovernmental Expenditure - To Local Government - Police Protection","State","Expenditure","M62","Intergovernmental to Local NEC - Police Protection","37,637"
"2016","North Carolina","SF0158","Expenditure - Intergovernmental Expenditure - To Local Government - Police Protection","State","Expenditure","M62","Intergovernmental to Local NEC - Police Protection","40,803"
"2017","North Carolina","SF0158","Expenditure - Intergovernmental Expenditure - To Local Government - Police Protection","State","Expenditure","M62","Intergovernmental to Local NEC - Police Protection","45,838"
"2018","North Carolina","SF0158","Expenditure - Intergovernmental Expenditure - To Local Government - Police Protection","State","Expenditure","M62","Intergovernmental to Local NEC - Police Protection","37,793"
"2019","North Carolina","SF0158","Expenditure - Intergovernmental Expenditure - To Local Government - Police Protection","State","Expenditure","M62","Intergovernmental to Local NEC - Police Protection","45,763"
"2020","North Carolina","SF0158","Expenditure - Intergovernmental Expenditure - To Local Government - Police Protection","State","Expenditure","M62","Intergovernmental to Local NEC - Police Protection","40,677"
"2021","North Carolina","SF0158","Expenditure - Intergovernmental Expenditure - To Local Government - Police Protection","State","Expenditure","M62","Intergovernmental to Local NEC - Police Protection","50,511"
"2022","North Carolina","SF0158","Expenditure - Intergovernmental Expenditure - To Local Government - Police Protection","State","Expenditure","M62","Intergovernmental to Local NEC - Police Protection","62,772"
"2023","North Carolina","SF0158","Expenditure - Intergovernmental Expenditure - To Local Government - Police Protection","State","Expenditure","M62","Intergovernmental to Local NEC - Police Protection","55,718"
"2024","North Carolina","SF0158","Expenditure - Intergovernmental Expenditure - To Local Government - Police Protection","State","Expenditure","M62","Intergovernmental to Local NEC - Police Protection","51,219"
"2012","North Dakota","SF0158","Expenditure - Intergovernmental Expenditure - To Local Government - Police Protection","State","Expenditure","M62","Intergovernmental to Local NEC - Police Protection","98"
"2013","North Dakota","SF0158","Expenditure - Intergovernmental Expenditure - To Local Government - Police Protection","State","Expenditure","M62","Intergovernmental to Local NEC - Police Protection","90"
"2014","North Dakota","SF0158","Expenditure - Intergovernmental Expenditure - To Local Government - Police Protection","State","Expenditure","M62","Intergovernmental to Local NEC - Police Protection","1"
"2015","North Dakota","SF0158","Expenditure - Intergovernmental Expenditure - To Local Government - Police Protection","State","Expenditure","M62","Intergovernmental to Local NEC - Police Protection","427"
"2016","North Dakota","SF0158","Expenditure - Intergovernmental Expenditure - To Local Government - Police Protection","State","Expenditure","M62","Intergovernmental to Local NEC - Police Protection","0"
"2017","North Dakota","SF0158","Expenditure - Intergovernmental Expenditure - To Local Government - Police Protection","State","Expenditure","M62","Intergovernmental to Local NEC - Police Protection","0"
"2018","North Dakota","SF0158","Expenditure - Intergovernmental Expenditure - To Local Government - Police Protection","State","Expenditure","M62","Intergovernmental to Local NEC - Police Protection","0"
"2019","North Dakota","SF0158","Expenditure - Intergovernmental Expenditure - To Local Government - Police Protection","State","Expenditure","M62","Intergovernmental to Local NEC - Police Protection","0"
"2020","North Dakota","SF0158","Expenditure - Intergovernmental Expenditure - To Local Government - Police Protection","State","Expenditure","M62","Intergovernmental to Local NEC - Police Protection","0"
"2021","North Dakota","SF0158","Expenditure - Intergovernmental Expenditure - To Local Government - Police Protection","State","Expenditure","M62","Intergovernmental to Local NEC - Police Protection","0"
"2022","North Dakota","SF0158","Expenditure - Intergovernmental Expenditure - To Local Government - Police Protection","State","Expenditure","M62","Intergovernmental to Local NEC - Police Protection","0"
"2023","North Dakota","SF0158","Expenditure - Intergovernmental Expenditure - To Local Government - Police Protection","State","Expenditure","M62","Intergovernmental to Local NEC - Police Protection","60"
"2024","North Dakota","SF0158","Expenditure - Intergovernmental Expenditure - To Local Government - Police Protection","State","Expenditure","M62","Intergovernmental to Local NEC - Police Protection","20"
"2012","Ohio","SF0158","Expenditure - Intergovernmental Expenditure - To Local Government - Police Protection","State","Expenditure","M62","Intergovernmental to Local NEC - Police Protection","108,673"
"2013","Ohio","SF0158","Expenditure - Intergovernmental Expenditure - To Local Government - Police Protection","State","Expenditure","M62","Intergovernmental to Local NEC - Police Protection","104,668"
"2014","Ohio","SF0158","Expenditure - Intergovernmental Expenditure - To Local Government - Police Protection","State","Expenditure","M62","Intergovernmental to Local NEC - Police Protection","73,674"
"2015","Ohio","SF0158","Expenditure - Intergovernmental Expenditure - To Local Government - Police Protection","State","Expenditure","M62","Intergovernmental to Local NEC - Police Protection","58,211"
"2016","Ohio","SF0158","Expenditure - Intergovernmental Expenditure - To Local Government - Police Protection","State","Expenditure","M62","Intergovernmental to Local NEC - Police Protection","61,998"
"2017","Ohio","SF0158","Expenditure - Intergovernmental Expenditure - To Local Government - Police Protection","State","Expenditure","M62","Intergovernmental to Local NEC - Police Protection","64,058"
"2018","Ohio","SF0158","Expenditure - Intergovernmental Expenditure - To Local Government - Police Protection","State","Expenditure","M62","Intergovernmental to Local NEC - Police Protection","57,709"
"2019","Ohio","SF0158","Expenditure - Intergovernmental Expenditure - To Local Government - Police Protection","State","Expenditure","M62","Intergovernmental to Local NEC - Police Protection","61,490"
"2020","Ohio","SF0158","Expenditure - Intergovernmental Expenditure - To Local Government - Police Protection","State","Expenditure","M62","Intergovernmental to Local NEC - Police Protection","58,520"
"2021","Ohio","SF0158","Expenditure - Intergovernmental Expenditure - To Local Government - Police Protection","State","Expenditure","M62","Intergovernmental to Local NEC - Police Protection","72,781"
"2022","Ohio","SF0158","Expenditure - Intergovernmental Expenditure - To Local Government - Police Protection","State","Expenditure","M62","Intergovernmental to Local NEC - Police Protection","71,819"
"2023","Ohio","SF0158","Expenditure - Intergovernmental Expenditure - To Local Government - Police Protection","State","Expenditure","M62","Intergovernmental to Local NEC - Police Protection","119,359"
"2024","Ohio","SF0158","Expenditure - Intergovernmental Expenditure - To Local Government - Police Protection","State","Expenditure","M62","Intergovernmental to Local NEC - Police Protection","187,418"
"2012","Oklahoma","SF0158","Expenditure - Intergovernmental Expenditure - To Local Government - Police Protection","State","Expenditure","M62","Intergovernmental to Local NEC - Police Protection","12"
"2013","Oklahoma","SF0158","Expenditure - Intergovernmental Expenditure - To Local Government - Police Protection","State","Expenditure","M62","Intergovernmental to Local NEC - Police Protection","15"
"2014","Oklahoma","SF0158","Expenditure - Intergovernmental Expenditure - To Local Government - Police Protection","State","Expenditure","M62","Intergovernmental to Local NEC - Police Protection","0"
"2015","Oklahoma","SF0158","Expenditure - Intergovernmental Expenditure - To Local Government - Police Protection","State","Expenditure","M62","Intergovernmental to Local NEC - Police Protection","6"
"2016","Oklahoma","SF0158","Expenditure - Intergovernmental Expenditure - To Local Government - Police Protection","State","Expenditure","M62","Intergovernmental to Local NEC - Police Protection","0"
"2017","Oklahoma","SF0158","Expenditure - Intergovernmental Expenditure - To Local Government - Police Protection","State","Expenditure","M62","Intergovernmental to Local NEC - Police Protection","33"
"2018","Oklahoma","SF0158","Expenditure - Intergovernmental Expenditure - To Local Government - Police Protection","State","Expenditure","M62","Intergovernmental to Local NEC - Police Protection","3"
"2019","Oklahoma","SF0158","Expenditure - Intergovernmental Expenditure - To Local Government - Police Protection","State","Expenditure","M62","Intergovernmental to Local NEC - Police Protection","65"
"2020","Oklahoma","SF0158","Expenditure - Intergovernmental Expenditure - To Local Government - Police Protection","State","Expenditure","M62","Intergovernmental to Local NEC - Police Protection","117"
"2021","Oklahoma","SF0158","Expenditure - Intergovernmental Expenditure - To Local Government - Police Protection","State","Expenditure","M62","Intergovernmental to Local NEC - Police Protection","65"
"2022","Oklahoma","SF0158","Expenditure - Intergovernmental Expenditure - To Local Government - Police Protection","State","Expenditure","M62","Intergovernmental to Local NEC - Police Protection","227"
"2023","Oklahoma","SF0158","Expenditure - Intergovernmental Expenditure - To Local Government - Police Protection","State","Expenditure","M62","Intergovernmental to Local NEC - Police Protection","270"
"2024","Oklahoma","SF0158","Expenditure - Intergovernmental Expenditure - To Local Government - Police Protection","State","Expenditure","M62","Intergovernmental to Local NEC - Police Protection","339"
"2012","Oregon","SF0158","Expenditure - Intergovernmental Expenditure - To Local Government - Police Protection","State","Expenditure","M62","Intergovernmental to Local NEC - Police Protection","106"
"2013","Oregon","SF0158","Expenditure - Intergovernmental Expenditure - To Local Government - Police Protection","State","Expenditure","M62","Intergovernmental to Local NEC - Police Protection","225"
"2014","Oregon","SF0158","Expenditure - Intergovernmental Expenditure - To Local Government - Police Protection","State","Expenditure","M62","Intergovernmental to Local NEC - Police Protection","9"
"2015","Oregon","SF0158","Expenditure - Intergovernmental Expenditure - To Local Government - Police Protection","State","Expenditure","M62","Intergovernmental to Local NEC - Police Protection","13"
"2016","Oregon","SF0158","Expenditure - Intergovernmental Expenditure - To Local Government - Police Protection","State","Expenditure","M62","Intergovernmental to Local NEC - Police Protection","1,139"
"2017","Oregon","SF0158","Expenditure - Intergovernmental Expenditure - To Local Government - Police Protection","State","Expenditure","M62","Intergovernmental to Local NEC - Police Protection","1,534"
"2018","Oregon","SF0158","Expenditure - Intergovernmental Expenditure - To Local Government - Police Protection","State","Expenditure","M62","Intergovernmental to Local NEC - Police Protection","1,224"
"2019","Oregon","SF0158","Expenditure - Intergovernmental Expenditure - To Local Government - Police Protection","State","Expenditure","M62","Intergovernmental to Local NEC - Police Protection","1,635"
"2020","Oregon","SF0158","Expenditure - Intergovernmental Expenditure - To Local Government - Police Protection","State","Expenditure","M62","Intergovernmental to Local NEC - Police Protection","4,624"
"2021","Oregon","SF0158","Expenditure - Intergovernmental Expenditure - To Local Government - Police Protection","State","Expenditure","M62","Intergovernmental to Local NEC - Police Protection","7,611"
"2022","Oregon","SF0158","Expenditure - Intergovernmental Expenditure - To Local Government - Police Protection","State","Expenditure","M62","Intergovernmental to Local NEC - Police Protection","30,655"
"2023","Oregon","SF0158","Expenditure - Intergovernmental Expenditure - To Local Government - Police Protection","State","Expenditure","M62","Intergovernmental to Local NEC - Police Protection","44,314"
"2024","Oregon","SF0158","Expenditure - Intergovernmental Expenditure - To Local Government - Police Protection","State","Expenditure","M62","Intergovernmental to Local NEC - Police Protection","3,788"
"2012","Pennsylvania","SF0158","Expenditure - Intergovernmental Expenditure - To Local Government - Police Protection","State","Expenditure","M62","Intergovernmental to Local NEC - Police Protection","45,397"
"2013","Pennsylvania","SF0158","Expenditure - Intergovernmental Expenditure - To Local Government - Police Protection","State","Expenditure","M62","Intergovernmental to Local NEC - Police Protection","34,424"
"2014","Pennsylvania","SF0158","Expenditure - Intergovernmental Expenditure - To Local Government - Police Protection","State","Expenditure","M62","Intergovernmental to Local NEC - Police Protection","30,714"
"2015","Pennsylvania","SF0158","Expenditure - Intergovernmental Expenditure - To Local Government - Police Protection","State","Expenditure","M62","Intergovernmental to Local NEC - Police Protection","30,931"
"2016","Pennsylvania","SF0158","Expenditure - Intergovernmental Expenditure - To Local Government - Police Protection","State","Expenditure","M62","Intergovernmental to Local NEC - Police Protection","32,703"
"2017","Pennsylvania","SF0158","Expenditure - Intergovernmental Expenditure - To Local Government - Police Protection","State","Expenditure","M62","Intergovernmental to Local NEC - Police Protection","34,135"
"2018","Pennsylvania","SF0158","Expenditure - Intergovernmental Expenditure - To Local Government - Police Protection","State","Expenditure","M62","Intergovernmental to Local NEC - Police Protection","42,041"
"2019","Pennsylvania","SF0158","Expenditure - Intergovernmental Expenditure - To Local Government - Police Protection","State","Expenditure","M62","Intergovernmental to Local NEC - Police Protection","62,817"
"2020","Pennsylvania","SF0158","Expenditure - Intergovernmental Expenditure - To Local Government - Police Protection","State","Expenditure","M62","Intergovernmental to Local NEC - Police Protection","65,578"
"2021","Pennsylvania","SF0158","Expenditure - Intergovernmental Expenditure - To Local Government - Police Protection","State","Expenditure","M62","Intergovernmental to Local NEC - Police Protection","72,795"
"2022","Pennsylvania","SF0158","Expenditure - Intergovernmental Expenditure - To Local Government - Police Protection","State","Expenditure","M62","Intergovernmental to Local NEC - Police Protection","53,234"
"2023","Pennsylvania","SF0158","Expenditure - Intergovernmental Expenditure - To Local Government - Police Protection","State","Expenditure","M62","Intergovernmental to Local NEC - Police Protection","50,714"
"2024","Pennsylvania","SF0158","Expenditure - Intergovernmental Expenditure - To Local Government - Police Protection","State","Expenditure","M62","Intergovernmental to Local NEC - Police Protection","157,405"
"2012","Rhode Island","SF0158","Expenditure - Intergovernmental Expenditure - To Local Government - Police Protection","State","Expenditure","M62","Intergovernmental to Local NEC - Police Protection","0"
"2013","Rhode Island","SF0158","Expenditure - Intergovernmental Expenditure - To Local Government - Police Protection","State","Expenditure","M62","Intergovernmental to Local NEC - Police Protection","53"
"2014","Rhode Island","SF0158","Expenditure - Intergovernmental Expenditure - To Local Government - Police Protection","State","Expenditure","M62","Intergovernmental to Local NEC - Police Protection","200"
"2015","Rhode Island","SF0158","Expenditure - Intergovernmental Expenditure - To Local Government - Police Protection","State","Expenditure","M62","Intergovernmental to Local NEC - Police Protection","0"
"2016","Rhode Island","SF0158","Expenditure - Intergovernmental Expenditure - To Local Government - Police Protection","State","Expenditure","M62","Intergovernmental to Local NEC - Police Protection","103"
"2017","Rhode Island","SF0158","Expenditure - Intergovernmental Expenditure - To Local Government - Police Protection","State","Expenditure","M62","Intergovernmental to Local NEC - Police Protection","0"
"2018","Rhode Island","SF0158","Expenditure - Intergovernmental Expenditure - To Local Government - Police Protection","State","Expenditure","M62","Intergovernmental to Local NEC - Police Protection","32"
"2019","Rhode Island","SF0158","Expenditure - Intergovernmental Expenditure - To Local Government - Police Protection","State","Expenditure","M62","Intergovernmental to Local NEC - Police Protection","36"
"2020","Rhode Island","SF0158","Expenditure - Intergovernmental Expenditure - To Local Government - Police Protection","State","Expenditure","M62","Intergovernmental to Local NEC - Police Protection","105"
"2021","Rhode Island","SF0158","Expenditure - Intergovernmental Expenditure - To Local Government - Police Protection","State","Expenditure","M62","Intergovernmental to Local NEC - Police Protection","165"
"2022","Rhode Island","SF0158","Expenditure - Intergovernmental Expenditure - To Local Government - Police Protection","State","Expenditure","M62","Intergovernmental to Local NEC - Police Protection","106"
"2023","Rhode Island","SF0158","Expenditure - Intergovernmental Expenditure - To Local Government - Police Protection","State","Expenditure","M62","Intergovernmental to Local NEC - Police Protection","328"
"2024","Rhode Island","SF0158","Expenditure - Intergovernmental Expenditure - To Local Government - Police Protection","State","Expenditure","M62","Intergovernmental to Local NEC - Police Protection","86"
"2012","South Carolina","SF0158","Expenditure - Intergovernmental Expenditure - To Local Government - Police Protection","State","Expenditure","M62","Intergovernmental to Local NEC - Police Protection","15,780"
"2013","South Carolina","SF0158","Expenditure - Intergovernmental Expenditure - To Local Government - Police Protection","State","Expenditure","M62","Intergovernmental to Local NEC - Police Protection","24,404"
"2014","South Carolina","SF0158","Expenditure - Intergovernmental Expenditure - To Local Government - Police Protection","State","Expenditure","M62","Intergovernmental to Local NEC - Police Protection","11,004"
"2015","South Carolina","SF0158","Expenditure - Intergovernmental Expenditure - To Local Government - Police Protection","State","Expenditure","M62","Intergovernmental to Local NEC - Police Protection","9,981"
"2016","South Carolina","SF0158","Expenditure - Intergovernmental Expenditure - To Local Government - Police Protection","State","Expenditure","M62","Intergovernmental to Local NEC - Police Protection","9,210"
"2017","South Carolina","SF0158","Expenditure - Intergovernmental Expenditure - To Local Government - Police Protection","State","Expenditure","M62","Intergovernmental to Local NEC - Police Protection","18,015"
"2018","South Carolina","SF0158","Expenditure - Intergovernmental Expenditure - To Local Government - Police Protection","State","Expenditure","M62","Intergovernmental to Local NEC - Police Protection","9,585"
"2019","South Carolina","SF0158","Expenditure - Intergovernmental Expenditure - To Local Government - Police Protection","State","Expenditure","M62","Intergovernmental to Local NEC - Police Protection","11,421"
"2020","South Carolina","SF0158","Expenditure - Intergovernmental Expenditure - To Local Government - Police Protection","State","Expenditure","M62","Intergovernmental to Local NEC - Police Protection","12,326"
"2021","South Carolina","SF0158","Expenditure - Intergovernmental Expenditure - To Local Government - Police Protection","State","Expenditure","M62","Intergovernmental to Local NEC - Police Protection","12,402"
"2022","South Carolina","SF0158","Expenditure - Intergovernmental Expenditure - To Local Government - Police Protection","State","Expenditure","M62","Intergovernmental to Local NEC - Police Protection","11,314"
"2023","South Carolina","SF0158","Expenditure - Intergovernmental Expenditure - To Local Government - Police Protection","State","Expenditure","M62","Intergovernmental to Local NEC - Police Protection","15,373"
"2024","South Carolina","SF0158","Expenditure - Intergovernmental Expenditure - To Local Government - Police Protection","State","Expenditure","M62","Intergovernmental to Local NEC - Police Protection","17,484"
"2012","South Dakota","SF0158","Expenditure - Intergovernmental Expenditure - To Local Government - Police Protection","State","Expenditure","M62","Intergovernmental to Local NEC - Police Protection","2,150"
"2013","South Dakota","SF0158","Expenditure - Intergovernmental Expenditure - To Local Government - Police Protection","State","Expenditure","M62","Intergovernmental to Local NEC - Police Protection","2,648"
"2014","South Dakota","SF0158","Expenditure - Intergovernmental Expenditure - To Local Government - Police Protection","State","Expenditure","M62","Intergovernmental to Local NEC - Police Protection","2,367"
"2015","South Dakota","SF0158","Expenditure - Intergovernmental Expenditure - To Local Government - Police Protection","State","Expenditure","M62","Intergovernmental to Local NEC - Police Protection","2,094"
"2016","South Dakota","SF0158","Expenditure - Intergovernmental Expenditure - To Local Government - Police Protection","State","Expenditure","M62","Intergovernmental to Local NEC - Police Protection","2,431"
"2017","South Dakota","SF0158","Expenditure - Intergovernmental Expenditure - To Local Government - Police Protection","State","Expenditure","M62","Intergovernmental to Local NEC - Police Protection","2,507"
"2018","South Dakota","SF0158","Expenditure - Intergovernmental Expenditure - To Local Government - Police Protection","State","Expenditure","M62","Intergovernmental to Local NEC - Police Protection","2,105"
"2019","South Dakota","SF0158","Expenditure - Intergovernmental Expenditure - To Local Government - Police Protection","State","Expenditure","M62","Intergovernmental to Local NEC - Police Protection","1,644"
"2020","South Dakota","SF0158","Expenditure - Intergovernmental Expenditure - To Local Government - Police Protection","State","Expenditure","M62","Intergovernmental to Local NEC - Police Protection","1,937"
"2021","South Dakota","SF0158","Expenditure - Intergovernmental Expenditure - To Local Government - Police Protection","State","Expenditure","M62","Intergovernmental to Local NEC - Police Protection","2,505"
"2022","South Dakota","SF0158","Expenditure - Intergovernmental Expenditure - To Local Government - Police Protection","State","Expenditure","M62","Intergovernmental to Local NEC - Police Protection","2,743"
"2023","South Dakota","SF0158","Expenditure - Intergovernmental Expenditure - To Local Government - Police Protection","State","Expenditure","M62","Intergovernmental to Local NEC - Police Protection","2,367"
"2024","South Dakota","SF0158","Expenditure - Intergovernmental Expenditure - To Local Government - Police Protection","State","Expenditure","M62","Intergovernmental to Local NEC - Police Protection","2,027"
"2012","Tennessee","SF0158","Expenditure - Intergovernmental Expenditure - To Local Government - Police Protection","State","Expenditure","M62","Intergovernmental to Local NEC - Police Protection","537"
"2013","Tennessee","SF0158","Expenditure - Intergovernmental Expenditure - To Local Government - Police Protection","State","Expenditure","M62","Intergovernmental to Local NEC - Police Protection","585"
"2014","Tennessee","SF0158","Expenditure - Intergovernmental Expenditure - To Local Government - Police Protection","State","Expenditure","M62","Intergovernmental to Local NEC - Police Protection","308"
"2015","Tennessee","SF0158","Expenditure - Intergovernmental Expenditure - To Local Government - Police Protection","State","Expenditure","M62","Intergovernmental to Local NEC - Police Protection","271"
"2016","Tennessee","SF0158","Expenditure - Intergovernmental Expenditure - To Local Government - Police Protection","State","Expenditure","M62","Intergovernmental to Local NEC - Police Protection","177"
"2017","Tennessee","SF0158","Expenditure - Intergovernmental Expenditure - To Local Government - Police Protection","State","Expenditure","M62","Intergovernmental to Local NEC - Police Protection","188"
"2018","Tennessee","SF0158","Expenditure - Intergovernmental Expenditure - To Local Government - Police Protection","State","Expenditure","M62","Intergovernmental to Local NEC - Police Protection","211"
"2019","Tennessee","SF0158","Expenditure - Intergovernmental Expenditure - To Local Government - Police Protection","State","Expenditure","M62","Intergovernmental to Local NEC - Police Protection","289"
"2020","Tennessee","SF0158","Expenditure - Intergovernmental Expenditure - To Local Government - Police Protection","State","Expenditure","M62","Intergovernmental to Local NEC - Police Protection","372"
"2021","Tennessee","SF0158","Expenditure - Intergovernmental Expenditure - To Local Government - Police Protection","State","Expenditure","M62","Intergovernmental to Local NEC - Police Protection","509"
"2022","Tennessee","SF0158","Expenditure - Intergovernmental Expenditure - To Local Government - Police Protection","State","Expenditure","M62","Intergovernmental to Local NEC - Police Protection","517"
"2023","Tennessee","SF0158","Expenditure - Intergovernmental Expenditure - To Local Government - Police Protection","State","Expenditure","M62","Intergovernmental to Local NEC - Police Protection","842"
"2024","Tennessee","SF0158","Expenditure - Intergovernmental Expenditure - To Local Government - Police Protection","State","Expenditure","M62","Intergovernmental to Local NEC - Police Protection","94,774"
"2012","Texas","SF0158","Expenditure - Intergovernmental Expenditure - To Local Government - Police Protection","State","Expenditure","M62","Intergovernmental to Local NEC - Police Protection","3,781"
"2013","Texas","SF0158","Expenditure - Intergovernmental Expenditure - To Local Government - Police Protection","State","Expenditure","M62","Intergovernmental to Local NEC - Police Protection","229"
"2014","Texas","SF0158","Expenditure - Intergovernmental Expenditure - To Local Government - Police Protection","State","Expenditure","M62","Intergovernmental to Local NEC - Police Protection","0"
"2015","Texas","SF0158","Expenditure - Intergovernmental Expenditure - To Local Government - Police Protection","State","Expenditure","M62","Intergovernmental to Local NEC - Police Protection","0"
"2016","Texas","SF0158","Expenditure - Intergovernmental Expenditure - To Local Government - Police Protection","State","Expenditure","M62","Intergovernmental to Local NEC - Police Protection","1,496"
"2017","Texas","SF0158","Expenditure - Intergovernmental Expenditure - To Local Government - Police Protection","State","Expenditure","M62","Intergovernmental to Local NEC - Police Protection","2,215"
"2018","Texas","SF0158","Expenditure - Intergovernmental Expenditure - To Local Government - Police Protection","State","Expenditure","M62","Intergovernmental to Local NEC - Police Protection","16,191"
"2019","Texas","SF0158","Expenditure - Intergovernmental Expenditure - To Local Government - Police Protection","State","Expenditure","M62","Intergovernmental to Local NEC - Police Protection","18,380"
"2020","Texas","SF0158","Expenditure - Intergovernmental Expenditure - To Local Government - Police Protection","State","Expenditure","M62","Intergovernmental to Local NEC - Police Protection","7,529"
"2021","Texas","SF0158","Expenditure - Intergovernmental Expenditure - To Local Government - Police Protection","State","Expenditure","M62","Intergovernmental to Local NEC - Police Protection","0"
"2022","Texas","SF0158","Expenditure - Intergovernmental Expenditure - To Local Government - Police Protection","State","Expenditure","M62","Intergovernmental to Local NEC - Police Protection","250"
"2023","Texas","SF0158","Expenditure - Intergovernmental Expenditure - To Local Government - Police Protection","State","Expenditure","M62","Intergovernmental to Local NEC - Police Protection","250"
"2024","Texas","SF0158","Expenditure - Intergovernmental Expenditure - To Local Government - Police Protection","State","Expenditure","M62","Intergovernmental to Local NEC - Police Protection","125,976"
"2012","Utah","SF0158","Expenditure - Intergovernmental Expenditure - To Local Government - Police Protection","State","Expenditure","M62","Intergovernmental to Local NEC - Police Protection","0"
"2013","Utah","SF0158","Expenditure - Intergovernmental Expenditure - To Local Government - Police Protection","State","Expenditure","M62","Intergovernmental to Local NEC - Police Protection","0"
"2014","Utah","SF0158","Expenditure - Intergovernmental Expenditure - To Local Government - Police Protection","State","Expenditure","M62","Intergovernmental to Local NEC - Police Protection","0"
"2015","Utah","SF0158","Expenditure - Intergovernmental Expenditure - To Local Government - Police Protection","State","Expenditure","M62","Intergovernmental to Local NEC - Police Protection","0"
"2016","Utah","SF0158","Expenditure - Intergovernmental Expenditure - To Local Government - Police Protection","State","Expenditure","M62","Intergovernmental to Local NEC - Police Protection","0"
"2017","Utah","SF0158","Expenditure - Intergovernmental Expenditure - To Local Government - Police Protection","State","Expenditure","M62","Intergovernmental to Local NEC - Police Protection","0"
"2018","Utah","SF0158","Expenditure - Intergovernmental Expenditure - To Local Government - Police Protection","State","Expenditure","M62","Intergovernmental to Local NEC - Police Protection","0"
"2019","Utah","SF0158","Expenditure - Intergovernmental Expenditure - To Local Government - Police Protection","State","Expenditure","M62","Intergovernmental to Local NEC - Police Protection","10"
"2020","Utah","SF0158","Expenditure - Intergovernmental Expenditure - To Local Government - Police Protection","State","Expenditure","M62","Intergovernmental to Local NEC - Police Protection","0"
"2021","Utah","SF0158","Expenditure - Intergovernmental Expenditure - To Local Government - Police Protection","State","Expenditure","M62","Intergovernmental to Local NEC - Police Protection","0"
"2022","Utah","SF0158","Expenditure - Intergovernmental Expenditure - To Local Government - Police Protection","State","Expenditure","M62","Intergovernmental to Local NEC - Police Protection","0"
"2023","Utah","SF0158","Expenditure - Intergovernmental Expenditure - To Local Government - Police Protection","State","Expenditure","M62","Intergovernmental to Local NEC - Police Protection","0"
"2024","Utah","SF0158","Expenditure - Intergovernmental Expenditure - To Local Government - Police Protection","State","Expenditure","M62","Intergovernmental to Local NEC - Police Protection","0"
"2012","Vermont","SF0158","Expenditure - Intergovernmental Expenditure - To Local Government - Police Protection","State","Expenditure","M62","Intergovernmental to Local NEC - Police Protection","3,982"
"2013","Vermont","SF0158","Expenditure - Intergovernmental Expenditure - To Local Government - Police Protection","State","Expenditure","M62","Intergovernmental to Local NEC - Police Protection","6,207"
"2014","Vermont","SF0158","Expenditure - Intergovernmental Expenditure - To Local Government - Police Protection","State","Expenditure","M62","Intergovernmental to Local NEC - Police Protection","9,483"
"2015","Vermont","SF0158","Expenditure - Intergovernmental Expenditure - To Local Government - Police Protection","State","Expenditure","M62","Intergovernmental to Local NEC - Police Protection","8,223"
"2016","Vermont","SF0158","Expenditure - Intergovernmental Expenditure - To Local Government - Police Protection","State","Expenditure","M62","Intergovernmental to Local NEC - Police Protection","5,612"
"2017","Vermont","SF0158","Expenditure - Intergovernmental Expenditure - To Local Government - Police Protection","State","Expenditure","M62","Intergovernmental to Local NEC - Police Protection","6,519"
"2018","Vermont","SF0158","Expenditure - Intergovernmental Expenditure - To Local Government - Police Protection","State","Expenditure","M62","Intergovernmental to Local NEC - Police Protection","3,762"
"2019","Vermont","SF0158","Expenditure - Intergovernmental Expenditure - To Local Government - Police Protection","State","Expenditure","M62","Intergovernmental to Local NEC - Police Protection","6,383"
"2020","Vermont","SF0158","Expenditure - Intergovernmental Expenditure - To Local Government - Police Protection","State","Expenditure","M62","Intergovernmental to Local NEC - Police Protection","7,799"
"2021","Vermont","SF0158","Expenditure - Intergovernmental Expenditure - To Local Government - Police Protection","State","Expenditure","M62","Intergovernmental to Local NEC - Police Protection","8,351"
"2022","Vermont","SF0158","Expenditure - Intergovernmental Expenditure - To Local Government - Police Protection","State","Expenditure","M62","Intergovernmental to Local NEC - Police Protection","1,306"
"2023","Vermont","SF0158","Expenditure - Intergovernmental Expenditure - To Local Government - Police Protection","State","Expenditure","M62","Intergovernmental to Local NEC - Police Protection","2,362"
"2024","Vermont","SF0158","Expenditure - Intergovernmental Expenditure - To Local Government - Police Protection","State","Expenditure","M62","Intergovernmental to Local NEC - Police Protection","4,872"
"2012","Virginia","SF0158","Expenditure - Intergovernmental Expenditure - To Local Government - Police Protection","State","Expenditure","M62","Intergovernmental to Local NEC - Police Protection","217,497"
"2013","Virginia","SF0158","Expenditure - Intergovernmental Expenditure - To Local Government - Police Protection","State","Expenditure","M62","Intergovernmental to Local NEC - Police Protection","220,545"
"2014","Virginia","SF0158","Expenditure - Intergovernmental Expenditure - To Local Government - Police Protection","State","Expenditure","M62","Intergovernmental to Local NEC - Police Protection","230,749"
"2015","Virginia","SF0158","Expenditure - Intergovernmental Expenditure - To Local Government - Police Protection","State","Expenditure","M62","Intergovernmental to Local NEC - Police Protection","58,026"
"2016","Virginia","SF0158","Expenditure - Intergovernmental Expenditure - To Local Government - Police Protection","State","Expenditure","M62","Intergovernmental to Local NEC - Police Protection","58,691"
"2017","Virginia","SF0158","Expenditure - Intergovernmental Expenditure - To Local Government - Police Protection","State","Expenditure","M62","Intergovernmental to Local NEC - Police Protection","263,239"
"2018","Virginia","SF0158","Expenditure - Intergovernmental Expenditure - To Local Government - Police Protection","State","Expenditure","M62","Intergovernmental to Local NEC - Police Protection","279,481"
"2019","Virginia","SF0158","Expenditure - Intergovernmental Expenditure - To Local Government - Police Protection","State","Expenditure","M62","Intergovernmental to Local NEC - Police Protection","282,501"
"2020","Virginia","SF0158","Expenditure - Intergovernmental Expenditure - To Local Government - Police Protection","State","Expenditure","M62","Intergovernmental to Local NEC - Police Protection","272,854"
"2021","Virginia","SF0158","Expenditure - Intergovernmental Expenditure - To Local Government - Police Protection","State","Expenditure","M62","Intergovernmental to Local NEC - Police Protection","265,010"
"2022","Virginia","SF0158","Expenditure - Intergovernmental Expenditure - To Local Government - Police Protection","State","Expenditure","M62","Intergovernmental to Local NEC - Police Protection","369,435"
"2023","Virginia","SF0158","Expenditure - Intergovernmental Expenditure - To Local Government - Police Protection","State","Expenditure","M62","Intergovernmental to Local NEC - Police Protection","408,072"
"2024","Virginia","SF0158","Expenditure - Intergovernmental Expenditure - To Local Government - Police Protection","State","Expenditure","M62","Intergovernmental to Local NEC - Police Protection","469,965"
"2012","Washington","SF0158","Expenditure - Intergovernmental Expenditure - To Local Government - Police Protection","State","Expenditure","M62","Intergovernmental to Local NEC - Police Protection","102,692"
"2013","Washington","SF0158","Expenditure - Intergovernmental Expenditure - To Local Government - Police Protection","State","Expenditure","M62","Intergovernmental to Local NEC - Police Protection","107,600"
"2014","Washington","SF0158","Expenditure - Intergovernmental Expenditure - To Local Government - Police Protection","State","Expenditure","M62","Intergovernmental to Local NEC - Police Protection","113,821"
"2015","Washington","SF0158","Expenditure - Intergovernmental Expenditure - To Local Government - Police Protection","State","Expenditure","M62","Intergovernmental to Local NEC - Police Protection","120,617"
"2016","Washington","SF0158","Expenditure - Intergovernmental Expenditure - To Local Government - Police Protection","State","Expenditure","M62","Intergovernmental to Local NEC - Police Protection","126,165"
"2017","Washington","SF0158","Expenditure - Intergovernmental Expenditure - To Local Government - Police Protection","State","Expenditure","M62","Intergovernmental to Local NEC - Police Protection","133,494"
"2018","Washington","SF0158","Expenditure - Intergovernmental Expenditure - To Local Government - Police Protection","State","Expenditure","M62","Intergovernmental to Local NEC - Police Protection","141,272"
"2019","Washington","SF0158","Expenditure - Intergovernmental Expenditure - To Local Government - Police Protection","State","Expenditure","M62","Intergovernmental to Local NEC - Police Protection","148,479"
"2020","Washington","SF0158","Expenditure - Intergovernmental Expenditure - To Local Government - Police Protection","State","Expenditure","M62","Intergovernmental to Local NEC - Police Protection","158,243"
"2021","Washington","SF0158","Expenditure - Intergovernmental Expenditure - To Local Government - Police Protection","State","Expenditure","M62","Intergovernmental to Local NEC - Police Protection","173,635"
"2022","Washington","SF0158","Expenditure - Intergovernmental Expenditure - To Local Government - Police Protection","State","Expenditure","M62","Intergovernmental to Local NEC - Police Protection","166,598"
"2023","Washington","SF0158","Expenditure - Intergovernmental Expenditure - To Local Government - Police Protection","State","Expenditure","M62","Intergovernmental to Local NEC - Police Protection","178,627"
"2024","Washington","SF0158","Expenditure - Intergovernmental Expenditure - To Local Government - Police Protection","State","Expenditure","M62","Intergovernmental to Local NEC - Police Protection","185,090"
"2012","West Virginia","SF0158","Expenditure - Intergovernmental Expenditure - To Local Government - Police Protection","State","Expenditure","M62","Intergovernmental to Local NEC - Police Protection","0"
"2013","West Virginia","SF0158","Expenditure - Intergovernmental Expenditure - To Local Government - Police Protection","State","Expenditure","M62","Intergovernmental to Local NEC - Police Protection","0"
"2014","West Virginia","SF0158","Expenditure - Intergovernmental Expenditure - To Local Government - Police Protection","State","Expenditure","M62","Intergovernmental to Local NEC - Police Protection","0"
"2015","West Virginia","SF0158","Expenditure - Intergovernmental Expenditure - To Local Government - Police Protection","State","Expenditure","M62","Intergovernmental to Local NEC - Police Protection","0"
"2016","West Virginia","SF0158","Expenditure - Intergovernmental Expenditure - To Local Government - Police Protection","State","Expenditure","M62","Intergovernmental to Local NEC - Police Protection","0"
"2017","West Virginia","SF0158","Expenditure - Intergovernmental Expenditure - To Local Government - Police Protection","State","Expenditure","M62","Intergovernmental to Local NEC - Police Protection","0"
"2018","West Virginia","SF0158","Expenditure - Intergovernmental Expenditure - To Local Government - Police Protection","State","Expenditure","M62","Intergovernmental to Local NEC - Police Protection","0"
"2019","West Virginia","SF0158","Expenditure - Intergovernmental Expenditure - To Local Government - Police Protection","State","Expenditure","M62","Intergovernmental to Local NEC - Police Protection","0"
"2020","West Virginia","SF0158","Expenditure - Intergovernmental Expenditure - To Local Government - Police Protection","State","Expenditure","M62","Intergovernmental to Local NEC - Police Protection","18,622"
"2021","West Virginia","SF0158","Expenditure - Intergovernmental Expenditure - To Local Government - Police Protection","State","Expenditure","M62","Intergovernmental to Local NEC - Police Protection","20,342"
"2022","West Virginia","SF0158","Expenditure - Intergovernmental Expenditure - To Local Government - Police Protection","State","Expenditure","M62","Intergovernmental to Local NEC - Police Protection","19,616"
"2023","West Virginia","SF0158","Expenditure - Intergovernmental Expenditure - To Local Government - Police Protection","State","Expenditure","M62","Intergovernmental to Local NEC - Police Protection","18,313"
"2024","West Virginia","SF0158","Expenditure - Intergovernmental Expenditure - To Local Government - Police Protection","State","Expenditure","M62","Intergovernmental to Local NEC - Police Protection","20,418"
"2012","Wisconsin","SF0158","Expenditure - Intergovernmental Expenditure - To Local Government - Police Protection","State","Expenditure","M62","Intergovernmental to Local NEC - Police Protection","4,699"
"2013","Wisconsin","SF0158","Expenditure - Intergovernmental Expenditure - To Local Government - Police Protection","State","Expenditure","M62","Intergovernmental to Local NEC - Police Protection","4,729"
"2014","Wisconsin","SF0158","Expenditure - Intergovernmental Expenditure - To Local Government - Police Protection","State","Expenditure","M62","Intergovernmental to Local NEC - Police Protection","5,716"
"2015","Wisconsin","SF0158","Expenditure - Intergovernmental Expenditure - To Local Government - Police Protection","State","Expenditure","M62","Intergovernmental to Local NEC - Police Protection","6,032"
"2016","Wisconsin","SF0158","Expenditure - Intergovernmental Expenditure - To Local Government - Police Protection","State","Expenditure","M62","Intergovernmental to Local NEC - Police Protection","6,139"
"2017","Wisconsin","SF0158","Expenditure - Intergovernmental Expenditure - To Local Government - Police Protection","State","Expenditure","M62","Intergovernmental to Local NEC - Police Protection","6,470"
"2018","Wisconsin","SF0158","Expenditure - Intergovernmental Expenditure - To Local Government - Police Protection","State","Expenditure","M62","Intergovernmental to Local NEC - Police Protection","7,070"
"2019","Wisconsin","SF0158","Expenditure - Intergovernmental Expenditure - To Local Government - Police Protection","State","Expenditure","M62","Intergovernmental to Local NEC - Police Protection","6,610"
"2020","Wisconsin","SF0158","Expenditure - Intergovernmental Expenditure - To Local Government - Police Protection","State","Expenditure","M62","Intergovernmental to Local NEC - Police Protection","6,467"
"2021","Wisconsin","SF0158","Expenditure - Intergovernmental Expenditure - To Local Government - Police Protection","State","Expenditure","M62","Intergovernmental to Local NEC - Police Protection","6,470"
"2022","Wisconsin","SF0158","Expenditure - Intergovernmental Expenditure - To Local Government - Police Protection","State","Expenditure","M62","Intergovernmental to Local NEC - Police Protection","6,499"
"2023","Wisconsin","SF0158","Expenditure - Intergovernmental Expenditure - To Local Government - Police Protection","State","Expenditure","M62","Intergovernmental to Local NEC - Police Protection","6,496"
"2024","Wisconsin","SF0158","Expenditure - Intergovernmental Expenditure - To Local Government - Police Protection","State","Expenditure","M62","Intergovernmental to Local NEC - Police Protection","6,512"
"2012","Wyoming","SF0158","Expenditure - Intergovernmental Expenditure - To Local Government - Police Protection","State","Expenditure","M62","Intergovernmental to Local NEC - Police Protection","0"
"2013","Wyoming","SF0158","Expenditure - Intergovernmental Expenditure - To Local Government - Police Protection","State","Expenditure","M62","Intergovernmental to Local NEC - Police Protection","0"
"2014","Wyoming","SF0158","Expenditure - Intergovernmental Expenditure - To Local Government - Police Protection","State","Expenditure","M62","Intergovernmental to Local NEC - Police Protection","0"
"2015","Wyoming","SF0158","Expenditure - Intergovernmental Expenditure - To Local Government - Police Protection","State","Expenditure","M62","Intergovernmental to Local NEC - Police Protection","0"
"2016","Wyoming","SF0158","Expenditure - Intergovernmental Expenditure - To Local Government - Police Protection","State","Expenditure","M62","Intergovernmental to Local NEC - Police Protection","0"
"2017","Wyoming","SF0158","Expenditure - Intergovernmental Expenditure - To Local Government - Police Protection","State","Expenditure","M62","Intergovernmental to Local NEC - Police Protection","0"
"2018","Wyoming","SF0158","Expenditure - Intergovernmental Expenditure - To Local Government - Police Protection","State","Expenditure","M62","Intergovernmental to Local NEC - Police Protection","0"
"2019","Wyoming","SF0158","Expenditure - Intergovernmental Expenditure - To Local Government - Police Protection","State","Expenditure","M62","Intergovernmental to Local NEC - Police Protection","0"
"2020","Wyoming","SF0158","Expenditure - Intergovernmental Expenditure - To Local Government - Police Protection","State","Expenditure","M62","Intergovernmental to Local NEC - Police Protection","0"
"2021","Wyoming","SF0158","Expenditure - Intergovernmental Expenditure - To Local Government - Police Protection","State","Expenditure","M62","Intergovernmental to Local NEC - Police Protection","0"
"2022","Wyoming","SF0158","Expenditure - Intergovernmental Expenditure - To Local Government - Police Protection","State","Expenditure","M62","Intergovernmental to Local NEC - Police Protection","0"
"2023","Wyoming","SF0158","Expenditure - Intergovernmental Expenditure - To Local Government - Police Protection","State","Expenditure","M62","Intergovernmental to Local NEC - Police Protection","0"
"2024","Wyoming","SF0158","Expenditure - Intergovernmental Expenditure - To Local Government - Police Protection","State","Expenditure","M62","Intergovernmental to Local NEC - Police Protection","0"
"2012","United States","SF0342","Expenditure - Direct Expenditure - General Expenditure - Police Protection - Current Operations","State","Expenditure","E62","Current Operations - Police Protection","11,665,684"
"2013","United States","SF0342","Expenditure - Direct Expenditure - General Expenditure - Police Protection - Current Operations","State","Expenditure","E62","Current Operations - Police Protection","12,072,779"
"2014","United States","SF0342","Expenditure - Direct Expenditure - General Expenditure - Police Protection - Current Operations","State","Expenditure","E62","Current Operations - Police Protection","12,583,777"
"2015","United States","SF0342","Expenditure - Direct Expenditure - General Expenditure - Police Protection - Current Operations","State","Expenditure","E62","Current Operations - Police Protection","13,087,327"
"2016","United States","SF0342","Expenditure - Direct Expenditure - General Expenditure - Police Protection - Current Operations","State","Expenditure","E62","Current Operations - Police Protection","13,752,106"
"2017","United States","SF0342","Expenditure - Direct Expenditure - General Expenditure - Police Protection - Current Operations","State","Expenditure","E62","Current Operations - Police Protection","14,240,808"
"2018","United States","SF0342","Expenditure - Direct Expenditure - General Expenditure - Police Protection - Current Operations","State","Expenditure","E62","Current Operations - Police Protection","14,840,470"
"2019","United States","SF0342","Expenditure - Direct Expenditure - General Expenditure - Police Protection - Current Operations","State","Expenditure","E62","Current Operations - Police Protection","15,313,224"
"2020","United States","SF0342","Expenditure - Direct Expenditure - General Expenditure - Police Protection - Current Operations","State","Expenditure","E62","Current Operations - Police Protection","17,841,633"
"2021","United States","SF0342","Expenditure - Direct Expenditure - General Expenditure - Police Protection - Current Operations","State","Expenditure","E62","Current Operations - Police Protection","18,909,680"
"2022","United States","SF0342","Expenditure - Direct Expenditure - General Expenditure - Police Protection - Current Operations","State","Expenditure","E62","Current Operations - Police Protection","19,650,881"
"2023","United States","SF0342","Expenditure - Direct Expenditure - General Expenditure - Police Protection - Current Operations","State","Expenditure","E62","Current Operations - Police Protection","21,429,745"
"2024","United States","SF0342","Expenditure - Direct Expenditure - General Expenditure - Police Protection - Current Operations","State","Expenditure","E62","Current Operations - Police Protection","22,491,639"
"2012","Alabama","SF0342","Expenditure - Direct Expenditure - General Expenditure - Police Protection - Current Operations","State","Expenditure","E62","Current Operations - Police Protection","103,233"
"2013","Alabama","SF0342","Expenditure - Direct Expenditure - General Expenditure - Police Protection - Current Operations","State","Expenditure","E62","Current Operations - Police Protection","101,376"
"2014","Alabama","SF0342","Expenditure - Direct Expenditure - General Expenditure - Police Protection - Current Operations","State","Expenditure","E62","Current Operations - Police Protection","104,629"
"2015","Alabama","SF0342","Expenditure - Direct Expenditure - General Expenditure - Police Protection - Current Operations","State","Expenditure","E62","Current Operations - Police Protection","138,045"
"2016","Alabama","SF0342","Expenditure - Direct Expenditure - General Expenditure - Police Protection - Current Operations","State","Expenditure","E62","Current Operations - Police Protection","155,408"
"2017","Alabama","SF0342","Expenditure - Direct Expenditure - General Expenditure - Police Protection - Current Operations","State","Expenditure","E62","Current Operations - Police Protection","163,417"
"2018","Alabama","SF0342","Expenditure - Direct Expenditure - General Expenditure - Police Protection - Current Operations","State","Expenditure","E62","Current Operations - Police Protection","168,292"
"2019","Alabama","SF0342","Expenditure - Direct Expenditure - General Expenditure - Police Protection - Current Operations","State","Expenditure","E62","Current Operations - Police Protection","180,357"
"2020","Alabama","SF0342","Expenditure - Direct Expenditure - General Expenditure - Police Protection - Current Operations","State","Expenditure","E62","Current Operations - Police Protection","256,837"
"2021","Alabama","SF0342","Expenditure - Direct Expenditure - General Expenditure - Police Protection - Current Operations","State","Expenditure","E62","Current Operations - Police Protection","162,781"
"2022","Alabama","SF0342","Expenditure - Direct Expenditure - General Expenditure - Police Protection - Current Operations","State","Expenditure","E62","Current Operations - Police Protection","209,985"
"2023","Alabama","SF0342","Expenditure - Direct Expenditure - General Expenditure - Police Protection - Current Operations","State","Expenditure","E62","Current Operations - Police Protection","225,148"
"2024","Alabama","SF0342","Expenditure - Direct Expenditure - General Expenditure - Police Protection - Current Operations","State","Expenditure","E62","Current Operations - Police Protection","240,119"
"2012","Alaska","SF0342","Expenditure - Direct Expenditure - General Expenditure - Police Protection - Current Operations","State","Expenditure","E62","Current Operations - Police Protection","118,993"
"2013","Alaska","SF0342","Expenditure - Direct Expenditure - General Expenditure - Police Protection - Current Operations","State","Expenditure","E62","Current Operations - Police Protection","123,218"
"2014","Alaska","SF0342","Expenditure - Direct Expenditure - General Expenditure - Police Protection - Current Operations","State","Expenditure","E62","Current Operations - Police Protection","130,145"
"2015","Alaska","SF0342","Expenditure - Direct Expenditure - General Expenditure - Police Protection - Current Operations","State","Expenditure","E62","Current Operations - Police Protection","129,347"
"2016","Alaska","SF0342","Expenditure - Direct Expenditure - General Expenditure - Police Protection - Current Operations","State","Expenditure","E62","Current Operations - Police Protection","116,547"
"2017","Alaska","SF0342","Expenditure - Direct Expenditure - General Expenditure - Police Protection - Current Operations","State","Expenditure","E62","Current Operations - Police Protection","114,534"
"2018","Alaska","SF0342","Expenditure - Direct Expenditure - General Expenditure - Police Protection - Current Operations","State","Expenditure","E62","Current Operations - Police Protection","156,692"
"2019","Alaska","SF0342","Expenditure - Direct Expenditure - General Expenditure - Police Protection - Current Operations","State","Expenditure","E62","Current Operations - Police Protection","123,902"
"2020","Alaska","SF0342","Expenditure - Direct Expenditure - General Expenditure - Police Protection - Current Operations","State","Expenditure","E62","Current Operations - Police Protection","149,245"
"2021","Alaska","SF0342","Expenditure - Direct Expenditure - General Expenditure - Police Protection - Current Operations","State","Expenditure","E62","Current Operations - Police Protection","154,114"
"2022","Alaska","SF0342","Expenditure - Direct Expenditure - General Expenditure - Police Protection - Current Operations","State","Expenditure","E62","Current Operations - Police Protection","165,178"
"2023","Alaska","SF0342","Expenditure - Direct Expenditure - General Expenditure - Police Protection - Current Operations","State","Expenditure","E62","Current Operations - Police Protection","185,608"
"2024","Alaska","SF0342","Expenditure - Direct Expenditure - General Expenditure - Police Protection - Current Operations","State","Expenditure","E62","Current Operations - Police Protection","196,456"
"2012","Arizona","SF0342","Expenditure - Direct Expenditure - General Expenditure - Police Protection - Current Operations","State","Expenditure","E62","Current Operations - Police Protection","208,274"
"2013","Arizona","SF0342","Expenditure - Direct Expenditure - General Expenditure - Police Protection - Current Operations","State","Expenditure","E62","Current Operations - Police Protection","201,165"
"2014","Arizona","SF0342","Expenditure - Direct Expenditure - General Expenditure - Police Protection - Current Operations","State","Expenditure","E62","Current Operations - Police Protection","208,210"
"2015","Arizona","SF0342","Expenditure - Direct Expenditure - General Expenditure - Police Protection - Current Operations","State","Expenditure","E62","Current Operations - Police Protection","216,702"
"2016","Arizona","SF0342","Expenditure - Direct Expenditure - General Expenditure - Police Protection - Current Operations","State","Expenditure","E62","Current Operations - Police Protection","212,643"
"2017","Arizona","SF0342","Expenditure - Direct Expenditure - General Expenditure - Police Protection - Current Operations","State","Expenditure","E62","Current Operations - Police Protection","233,259"
"2018","Arizona","SF0342","Expenditure - Direct Expenditure - General Expenditure - Police Protection - Current Operations","State","Expenditure","E62","Current Operations - Police Protection","239,139"
"2019","Arizona","SF0342","Expenditure - Direct Expenditure - General Expenditure - Police Protection - Current Operations","State","Expenditure","E62","Current Operations - Police Protection","247,155"
"2020","Arizona","SF0342","Expenditure - Direct Expenditure - General Expenditure - Police Protection - Current Operations","State","Expenditure","E62","Current Operations - Police Protection","347,196"
"2021","Arizona","SF0342","Expenditure - Direct Expenditure - General Expenditure - Police Protection - Current Operations","State","Expenditure","E62","Current Operations - Police Protection","364,553"
"2022","Arizona","SF0342","Expenditure - Direct Expenditure - General Expenditure - Police Protection - Current Operations","State","Expenditure","E62","Current Operations - Police Protection","412,382"
"2023","Arizona","SF0342","Expenditure - Direct Expenditure - General Expenditure - Police Protection - Current Operations","State","Expenditure","E62","Current Operations - Police Protection","419,001"
"2024","Arizona","SF0342","Expenditure - Direct Expenditure - General Expenditure - Police Protection - Current Operations","State","Expenditure","E62","Current Operations - Police Protection","386,833"
"2012","Arkansas","SF0342","Expenditure - Direct Expenditure - General Expenditure - Police Protection - Current Operations","State","Expenditure","E62","Current Operations - Police Protection","111,890"
"2013","Arkansas","SF0342","Expenditure - Direct Expenditure - General Expenditure - Police Protection - Current Operations","State","Expenditure","E62","Current Operations - Police Protection","100,742"
"2014","Arkansas","SF0342","Expenditure - Direct Expenditure - General Expenditure - Police Protection - Current Operations","State","Expenditure","E62","Current Operations - Police Protection","101,994"
"2015","Arkansas","SF0342","Expenditure - Direct Expenditure - General Expenditure - Police Protection - Current Operations","State","Expenditure","E62","Current Operations - Police Protection","105,705"
"2016","Arkansas","SF0342","Expenditure - Direct Expenditure - General Expenditure - Police Protection - Current Operations","State","Expenditure","E62","Current Operations - Police Protection","107,856"
"2017","Arkansas","SF0342","Expenditure - Direct Expenditure - General Expenditure - Police Protection - Current Operations","State","Expenditure","E62","Current Operations - Police Protection","105,772"
"2018","Arkansas","SF0342","Expenditure - Direct Expenditure - General Expenditure - Police Protection - Current Operations","State","Expenditure","E62","Current Operations - Police Protection","105,106"
"2019","Arkansas","SF0342","Expenditure - Direct Expenditure - General Expenditure - Police Protection - Current Operations","State","Expenditure","E62","Current Operations - Police Protection","109,009"
"2020","Arkansas","SF0342","Expenditure - Direct Expenditure - General Expenditure - Police Protection - Current Operations","State","Expenditure","E62","Current Operations - Police Protection","104,922"
"2021","Arkansas","SF0342","Expenditure - Direct Expenditure - General Expenditure - Police Protection - Current Operations","State","Expenditure","E62","Current Operations - Police Protection","107,632"
"2022","Arkansas","SF0342","Expenditure - Direct Expenditure - General Expenditure - Police Protection - Current Operations","State","Expenditure","E62","Current Operations - Police Protection","119,660"
"2023","Arkansas","SF0342","Expenditure - Direct Expenditure - General Expenditure - Police Protection - Current Operations","State","Expenditure","E62","Current Operations - Police Protection","136,790"
"2024","Arkansas","SF0342","Expenditure - Direct Expenditure - General Expenditure - Police Protection - Current Operations","State","Expenditure","E62","Current Operations - Police Protection","144,031"
"2012","California","SF0342","Expenditure - Direct Expenditure - General Expenditure - Police Protection - Current Operations","State","Expenditure","E62","Current Operations - Police Protection","1,488,359"
"2013","California","SF0342","Expenditure - Direct Expenditure - General Expenditure - Police Protection - Current Operations","State","Expenditure","E62","Current Operations - Police Protection","1,540,016"
"2014","California","SF0342","Expenditure - Direct Expenditure - General Expenditure - Police Protection - Current Operations","State","Expenditure","E62","Current Operations - Police Protection","1,650,985"
"2015","California","SF0342","Expenditure - Direct Expenditure - General Expenditure - Police Protection - Current Operations","State","Expenditure","E62","Current Operations - Police Protection","1,737,334"
"2016","California","SF0342","Expenditure - Direct Expenditure - General Expenditure - Police Protection - Current Operations","State","Expenditure","E62","Current Operations - Police Protection","1,885,128"
"2017","California","SF0342","Expenditure - Direct Expenditure - General Expenditure - Police Protection - Current Operations","State","Expenditure","E62","Current Operations - Police Protection","1,814,219"
"2018","California","SF0342","Expenditure - Direct Expenditure - General Expenditure - Police Protection - Current Operations","State","Expenditure","E62","Current Operations - Police Protection","1,829,866"
"2019","California","SF0342","Expenditure - Direct Expenditure - General Expenditure - Police Protection - Current Operations","State","Expenditure","E62","Current Operations - Police Protection","2,001,750"
"2020","California","SF0342","Expenditure - Direct Expenditure - General Expenditure - Police Protection - Current Operations","State","Expenditure","E62","Current Operations - Police Protection","2,112,313"
"2021","California","SF0342","Expenditure - Direct Expenditure - General Expenditure - Police Protection - Current Operations","State","Expenditure","E62","Current Operations - Police Protection","2,164,134"
"2022","California","SF0342","Expenditure - Direct Expenditure - General Expenditure - Police Protection - Current Operations","State","Expenditure","E62","Current Operations - Police Protection","2,558,541"
"2023","California","SF0342","Expenditure - Direct Expenditure - General Expenditure - Police Protection - Current Operations","State","Expenditure","E62","Current Operations - Police Protection","2,953,438"
"2024","California","SF0342","Expenditure - Direct Expenditure - General Expenditure - Police Protection - Current Operations","State","Expenditure","E62","Current Operations - Police Protection","2,893,551"
"2012","Colorado","SF0342","Expenditure - Direct Expenditure - General Expenditure - Police Protection - Current Operations","State","Expenditure","E62","Current Operations - Police Protection","128,662"
"2013","Colorado","SF0342","Expenditure - Direct Expenditure - General Expenditure - Police Protection - Current Operations","State","Expenditure","E62","Current Operations - Police Protection","146,227"
"2014","Colorado","SF0342","Expenditure - Direct Expenditure - General Expenditure - Police Protection - Current Operations","State","Expenditure","E62","Current Operations - Police Protection","162,033"
"2015","Colorado","SF0342","Expenditure - Direct Expenditure - General Expenditure - Police Protection - Current Operations","State","Expenditure","E62","Current Operations - Police Protection","163,647"
"2016","Colorado","SF0342","Expenditure - Direct Expenditure - General Expenditure - Police Protection - Current Operations","State","Expenditure","E62","Current Operations - Police Protection","174,521"
"2017","Colorado","SF0342","Expenditure - Direct Expenditure - General Expenditure - Police Protection - Current Operations","State","Expenditure","E62","Current Operations - Police Protection","223,921"
"2018","Colorado","SF0342","Expenditure - Direct Expenditure - General Expenditure - Police Protection - Current Operations","State","Expenditure","E62","Current Operations - Police Protection","241,710"
"2019","Colorado","SF0342","Expenditure - Direct Expenditure - General Expenditure - Police Protection - Current Operations","State","Expenditure","E62","Current Operations - Police Protection","256,913"
"2020","Colorado","SF0342","Expenditure - Direct Expenditure - General Expenditure - Police Protection - Current Operations","State","Expenditure","E62","Current Operations - Police Protection","284,305"
"2021","Colorado","SF0342","Expenditure - Direct Expenditure - General Expenditure - Police Protection - Current Operations","State","Expenditure","E62","Current Operations - Police Protection","282,978"
"2022","Colorado","SF0342","Expenditure - Direct Expenditure - General Expenditure - Police Protection - Current Operations","State","Expenditure","E62","Current Operations - Police Protection","242,368"
"2023","Colorado","SF0342","Expenditure - Direct Expenditure - General Expenditure - Police Protection - Current Operations","State","Expenditure","E62","Current Operations - Police Protection","271,399"
"2024","Colorado","SF0342","Expenditure - Direct Expenditure - General Expenditure - Police Protection - Current Operations","State","Expenditure","E62","Current Operations - Police Protection","324,611"
"2012","Connecticut","SF0342","Expenditure - Direct Expenditure - General Expenditure - Police Protection - Current Operations","State","Expenditure","E62","Current Operations - Police Protection","203,479"
"2013","Connecticut","SF0342","Expenditure - Direct Expenditure - General Expenditure - Police Protection - Current Operations","State","Expenditure","E62","Current Operations - Police Protection","197,958"
"2014","Connecticut","SF0342","Expenditure - Direct Expenditure - General Expenditure - Police Protection - Current Operations","State","Expenditure","E62","Current Operations - Police Protection","208,049"
"2015","Connecticut","SF0342","Expenditure - Direct Expenditure - General Expenditure - Police Protection - Current Operations","State","Expenditure","E62","Current Operations - Police Protection","211,620"
"2016","Connecticut","SF0342","Expenditure - Direct Expenditure - General Expenditure - Police Protection - Current Operations","State","Expenditure","E62","Current Operations - Police Protection","222,824"
"2017","Connecticut","SF0342","Expenditure - Direct Expenditure - General Expenditure - Police Protection - Current Operations","State","Expenditure","E62","Current Operations - Police Protection","216,977"
"2018","Connecticut","SF0342","Expenditure - Direct Expenditure - General Expenditure - Police Protection - Current Operations","State","Expenditure","E62","Current Operations - Police Protection","210,893"
"2019","Connecticut","SF0342","Expenditure - Direct Expenditure - General Expenditure - Police Protection - Current Operations","State","Expenditure","E62","Current Operations - Police Protection","220,850"
"2020","Connecticut","SF0342","Expenditure - Direct Expenditure - General Expenditure - Police Protection - Current Operations","State","Expenditure","E62","Current Operations - Police Protection","235,993"
"2021","Connecticut","SF0342","Expenditure - Direct Expenditure - General Expenditure - Police Protection - Current Operations","State","Expenditure","E62","Current Operations - Police Protection","251,597"
"2022","Connecticut","SF0342","Expenditure - Direct Expenditure - General Expenditure - Police Protection - Current Operations","State","Expenditure","E62","Current Operations - Police Protection","262,940"
"2023","Connecticut","SF0342","Expenditure - Direct Expenditure - General Expenditure - Police Protection - Current Operations","State","Expenditure","E62","Current Operations - Police Protection","271,202"
"2024","Connecticut","SF0342","Expenditure - Direct Expenditure - General Expenditure - Police Protection - Current Operations","State","Expenditure","E62","Current Operations - Police Protection","286,576"
"2012","Delaware","SF0342","Expenditure - Direct Expenditure - General Expenditure - Police Protection - Current Operations","State","Expenditure","E62","Current Operations - Police Protection","117,572"
"2013","Delaware","SF0342","Expenditure - Direct Expenditure - General Expenditure - Police Protection - Current Operations","State","Expenditure","E62","Current Operations - Police Protection","122,214"
"2014","Delaware","SF0342","Expenditure - Direct Expenditure - General Expenditure - Police Protection - Current Operations","State","Expenditure","E62","Current Operations - Police Protection","124,873"
"2015","Delaware","SF0342","Expenditure - Direct Expenditure - General Expenditure - Police Protection - Current Operations","State","Expenditure","E62","Current Operations - Police Protection","132,756"
"2016","Delaware","SF0342","Expenditure - Direct Expenditure - General Expenditure - Police Protection - Current Operations","State","Expenditure","E62","Current Operations - Police Protection","133,486"
"2017","Delaware","SF0342","Expenditure - Direct Expenditure - General Expenditure - Police Protection - Current Operations","State","Expenditure","E62","Current Operations - Police Protection","140,000"
"2018","Delaware","SF0342","Expenditure - Direct Expenditure - General Expenditure - Police Protection - Current Operations","State","Expenditure","E62","Current Operations - Police Protection","140,158"
"2019","Delaware","SF0342","Expenditure - Direct Expenditure - General Expenditure - Police Protection - Current Operations","State","Expenditure","E62","Current Operations - Police Protection","145,289"
"2020","Delaware","SF0342","Expenditure - Direct Expenditure - General Expenditure - Police Protection - Current Operations","State","Expenditure","E62","Current Operations - Police Protection","170,003"
"2021","Delaware","SF0342","Expenditure - Direct Expenditure - General Expenditure - Police Protection - Current Operations","State","Expenditure","E62","Current Operations - Police Protection","180,162"
"2022","Delaware","SF0342","Expenditure - Direct Expenditure - General Expenditure - Police Protection - Current Operations","State","Expenditure","E62","Current Operations - Police Protection","187,476"
"2023","Delaware","SF0342","Expenditure - Direct Expenditure - General Expenditure - Police Protection - Current Operations","State","Expenditure","E62","Current Operations - Police Protection","198,625"
"2024","Delaware","SF0342","Expenditure - Direct Expenditure - General Expenditure - Police Protection - Current Operations","State","Expenditure","E62","Current Operations - Police Protection","210,293"
"2012","Florida","SF0342","Expenditure - Direct Expenditure - General Expenditure - Police Protection - Current Operations","State","Expenditure","E62","Current Operations - Police Protection","486,854"
"2013","Florida","SF0342","Expenditure - Direct Expenditure - General Expenditure - Police Protection - Current Operations","State","Expenditure","E62","Current Operations - Police Protection","474,899"
"2014","Florida","SF0342","Expenditure - Direct Expenditure - General Expenditure - Police Protection - Current Operations","State","Expenditure","E62","Current Operations - Police Protection","526,584"
"2015","Florida","SF0342","Expenditure - Direct Expenditure - General Expenditure - Police Protection - Current Operations","State","Expenditure","E62","Current Operations - Police Protection","527,897"
"2016","Florida","SF0342","Expenditure - Direct Expenditure - General Expenditure - Police Protection - Current Operations","State","Expenditure","E62","Current Operations - Police Protection","553,833"
"2017","Florida","SF0342","Expenditure - Direct Expenditure - General Expenditure - Police Protection - Current Operations","State","Expenditure","E62","Current Operations - Police Protection","579,095"
"2018","Florida","SF0342","Expenditure - Direct Expenditure - General Expenditure - Police Protection - Current Operations","State","Expenditure","E62","Current Operations - Police Protection","608,441"
"2019","Florida","SF0342","Expenditure - Direct Expenditure - General Expenditure - Police Protection - Current Operations","State","Expenditure","E62","Current Operations - Police Protection","623,209"
"2020","Florida","SF0342","Expenditure - Direct Expenditure - General Expenditure - Police Protection - Current Operations","State","Expenditure","E62","Current Operations - Police Protection","677,782"
"2021","Florida","SF0342","Expenditure - Direct Expenditure - General Expenditure - Police Protection - Current Operations","State","Expenditure","E62","Current Operations - Police Protection","678,477"
"2022","Florida","SF0342","Expenditure - Direct Expenditure - General Expenditure - Police Protection - Current Operations","State","Expenditure","E62","Current Operations - Police Protection","704,680"
"2023","Florida","SF0342","Expenditure - Direct Expenditure - General Expenditure - Police Protection - Current Operations","State","Expenditure","E62","Current Operations - Police Protection","805,996"
"2024","Florida","SF0342","Expenditure - Direct Expenditure - General Expenditure - Police Protection - Current Operations","State","Expenditure","E62","Current Operations - Police Protection","916,737"
"2012","Georgia","SF0342","Expenditure - Direct Expenditure - General Expenditure - Police Protection - Current Operations","State","Expenditure","E62","Current Operations - Police Protection","265,689"
"2013","Georgia","SF0342","Expenditure - Direct Expenditure - General Expenditure - Police Protection - Current Operations","State","Expenditure","E62","Current Operations - Police Protection","266,639"
"2014","Georgia","SF0342","Expenditure - Direct Expenditure - General Expenditure - Police Protection - Current Operations","State","Expenditure","E62","Current Operations - Police Protection","268,559"
"2015","Georgia","SF0342","Expenditure - Direct Expenditure - General Expenditure - Police Protection - Current Operations","State","Expenditure","E62","Current Operations - Police Protection","302,070"
"2016","Georgia","SF0342","Expenditure - Direct Expenditure - General Expenditure - Police Protection - Current Operations","State","Expenditure","E62","Current Operations - Police Protection","322,921"
"2017","Georgia","SF0342","Expenditure - Direct Expenditure - General Expenditure - Police Protection - Current Operations","State","Expenditure","E62","Current Operations - Police Protection","371,144"
"2018","Georgia","SF0342","Expenditure - Direct Expenditure - General Expenditure - Police Protection - Current Operations","State","Expenditure","E62","Current Operations - Police Protection","395,985"
"2019","Georgia","SF0342","Expenditure - Direct Expenditure - General Expenditure - Police Protection - Current Operations","State","Expenditure","E62","Current Operations - Police Protection","408,220"
"2020","Georgia","SF0342","Expenditure - Direct Expenditure - General Expenditure - Police Protection - Current Operations","State","Expenditure","E62","Current Operations - Police Protection","468,090"
"2021","Georgia","SF0342","Expenditure - Direct Expenditure - General Expenditure - Police Protection - Current Operations","State","Expenditure","E62","Current Operations - Police Protection","487,943"
"2022","Georgia","SF0342","Expenditure - Direct Expenditure - General Expenditure - Police Protection - Current Operations","State","Expenditure","E62","Current Operations - Police Protection","520,118"
"2023","Georgia","SF0342","Expenditure - Direct Expenditure - General Expenditure - Police Protection - Current Operations","State","Expenditure","E62","Current Operations - Police Protection","579,104"
"2024","Georgia","SF0342","Expenditure - Direct Expenditure - General Expenditure - Police Protection - Current Operations","State","Expenditure","E62","Current Operations - Police Protection","595,529"
"2012","Hawaii","SF0342","Expenditure - Direct Expenditure - General Expenditure - Police Protection - Current Operations","State","Expenditure","E62","Current Operations - Police Protection","26,531"
"2013","Hawaii","SF0342","Expenditure - Direct Expenditure - General Expenditure - Police Protection - Current Operations","State","Expenditure","E62","Current Operations - Police Protection","28,810"
"2014","Hawaii","SF0342","Expenditure - Direct Expenditure - General Expenditure - Police Protection - Current Operations","State","Expenditure","E62","Current Operations - Police Protection","34,280"
"2015","Hawaii","SF0342","Expenditure - Direct Expenditure - General Expenditure - Police Protection - Current Operations","State","Expenditure","E62","Current Operations - Police Protection","34,694"
"2016","Hawaii","SF0342","Expenditure - Direct Expenditure - General Expenditure - Police Protection - Current Operations","State","Expenditure","E62","Current Operations - Police Protection","36,212"
"2017","Hawaii","SF0342","Expenditure - Direct Expenditure - General Expenditure - Police Protection - Current Operations","State","Expenditure","E62","Current Operations - Police Protection","43,287"
"2018","Hawaii","SF0342","Expenditure - Direct Expenditure - General Expenditure - Police Protection - Current Operations","State","Expenditure","E62","Current Operations - Police Protection","43,135"
"2019","Hawaii","SF0342","Expenditure - Direct Expenditure - General Expenditure - Police Protection - Current Operations","State","Expenditure","E62","Current Operations - Police Protection","45,872"
"2020","Hawaii","SF0342","Expenditure - Direct Expenditure - General Expenditure - Police Protection - Current Operations","State","Expenditure","E62","Current Operations - Police Protection","50,841"
"2021","Hawaii","SF0342","Expenditure - Direct Expenditure - General Expenditure - Police Protection - Current Operations","State","Expenditure","E62","Current Operations - Police Protection","58,430"
"2022","Hawaii","SF0342","Expenditure - Direct Expenditure - General Expenditure - Police Protection - Current Operations","State","Expenditure","E62","Current Operations - Police Protection","55,068"
"2023","Hawaii","SF0342","Expenditure - Direct Expenditure - General Expenditure - Police Protection - Current Operations","State","Expenditure","E62","Current Operations - Police Protection","67,189"
"2024","Hawaii","SF0342","Expenditure - Direct Expenditure - General Expenditure - Police Protection - Current Operations","State","Expenditure","E62","Current Operations - Police Protection","78,958"
"2012","Idaho","SF0342","Expenditure - Direct Expenditure - General Expenditure - Police Protection - Current Operations","State","Expenditure","E62","Current Operations - Police Protection","43,689"
"2013","Idaho","SF0342","Expenditure - Direct Expenditure - General Expenditure - Police Protection - Current Operations","State","Expenditure","E62","Current Operations - Police Protection","46,077"
"2014","Idaho","SF0342","Expenditure - Direct Expenditure - General Expenditure - Police Protection - Current Operations","State","Expenditure","E62","Current Operations - Police Protection","49,539"
"2015","Idaho","SF0342","Expenditure - Direct Expenditure - General Expenditure - Police Protection - Current Operations","State","Expenditure","E62","Current Operations - Police Protection","52,405"
"2016","Idaho","SF0342","Expenditure - Direct Expenditure - General Expenditure - Police Protection - Current Operations","State","Expenditure","E62","Current Operations - Police Protection","55,746"
"2017","Idaho","SF0342","Expenditure - Direct Expenditure - General Expenditure - Police Protection - Current Operations","State","Expenditure","E62","Current Operations - Police Protection","61,620"
"2018","Idaho","SF0342","Expenditure - Direct Expenditure - General Expenditure - Police Protection - Current Operations","State","Expenditure","E62","Current Operations - Police Protection","61,524"
"2019","Idaho","SF0342","Expenditure - Direct Expenditure - General Expenditure - Police Protection - Current Operations","State","Expenditure","E62","Current Operations - Police Protection","63,660"
"2020","Idaho","SF0342","Expenditure - Direct Expenditure - General Expenditure - Police Protection - Current Operations","State","Expenditure","E62","Current Operations - Police Protection","70,999"
"2021","Idaho","SF0342","Expenditure - Direct Expenditure - General Expenditure - Police Protection - Current Operations","State","Expenditure","E62","Current Operations - Police Protection","70,982"
"2022","Idaho","SF0342","Expenditure - Direct Expenditure - General Expenditure - Police Protection - Current Operations","State","Expenditure","E62","Current Operations - Police Protection","73,172"
"2023","Idaho","SF0342","Expenditure - Direct Expenditure - General Expenditure - Police Protection - Current Operations","State","Expenditure","E62","Current Operations - Police Protection","78,418"
"2024","Idaho","SF0342","Expenditure - Direct Expenditure - General Expenditure - Police Protection - Current Operations","State","Expenditure","E62","Current Operations - Police Protection","85,705"
"2012","Illinois","SF0342","Expenditure - Direct Expenditure - General Expenditure - Police Protection - Current Operations","State","Expenditure","E62","Current Operations - Police Protection","373,224"
"2013","Illinois","SF0342","Expenditure - Direct Expenditure - General Expenditure - Police Protection - Current Operations","State","Expenditure","E62","Current Operations - Police Protection","380,908"
"2014","Illinois","SF0342","Expenditure - Direct Expenditure - General Expenditure - Police Protection - Current Operations","State","Expenditure","E62","Current Operations - Police Protection","416,276"
"2015","Illinois","SF0342","Expenditure - Direct Expenditure - General Expenditure - Police Protection - Current Operations","State","Expenditure","E62","Current Operations - Police Protection","372,756"
"2016","Illinois","SF0342","Expenditure - Direct Expenditure - General Expenditure - Police Protection - Current Operations","State","Expenditure","E62","Current Operations - Police Protection","363,277"
"2017","Illinois","SF0342","Expenditure - Direct Expenditure - General Expenditure - Police Protection - Current Operations","State","Expenditure","E62","Current Operations - Police Protection","390,299"
"2018","Illinois","SF0342","Expenditure - Direct Expenditure - General Expenditure - Police Protection - Current Operations","State","Expenditure","E62","Current Operations - Police Protection","456,056"
"2019","Illinois","SF0342","Expenditure - Direct Expenditure - General Expenditure - Police Protection - Current Operations","State","Expenditure","E62","Current Operations - Police Protection","474,820"
"2020","Illinois","SF0342","Expenditure - Direct Expenditure - General Expenditure - Police Protection - Current Operations","State","Expenditure","E62","Current Operations - Police Protection","510,639"
"2021","Illinois","SF0342","Expenditure - Direct Expenditure - General Expenditure - Police Protection - Current Operations","State","Expenditure","E62","Current Operations - Police Protection","536,477"
"2022","Illinois","SF0342","Expenditure - Direct Expenditure - General Expenditure - Police Protection - Current Operations","State","Expenditure","E62","Current Operations - Police Protection","600,971"
"2023","Illinois","SF0342","Expenditure - Direct Expenditure - General Expenditure - Police Protection - Current Operations","State","Expenditure","E62","Current Operations - Police Protection","683,473"
"2024","Illinois","SF0342","Expenditure - Direct Expenditure - General Expenditure - Police Protection - Current Operations","State","Expenditure","E62","Current Operations - Police Protection","675,131"
"2012","Indiana","SF0342","Expenditure - Direct Expenditure - General Expenditure - Police Protection - Current Operations","State","Expenditure","E62","Current Operations - Police Protection","196,170"
"2013","Indiana","SF0342","Expenditure - Direct Expenditure - General Expenditure - Police Protection - Current Operations","State","Expenditure","E62","Current Operations - Police Protection","206,221"
"2014","Indiana","SF0342","Expenditure - Direct Expenditure - General Expenditure - Police Protection - Current Operations","State","Expenditure","E62","Current Operations - Police Protection","197,746"
"2015","Indiana","SF0342","Expenditure - Direct Expenditure - General Expenditure - Police Protection - Current Operations","State","Expenditure","E62","Current Operations - Police Protection","198,195"
"2016","Indiana","SF0342","Expenditure - Direct Expenditure - General Expenditure - Police Protection - Current Operations","State","Expenditure","E62","Current Operations - Police Protection","208,545"
"2017","Indiana","SF0342","Expenditure - Direct Expenditure - General Expenditure - Police Protection - Current Operations","State","Expenditure","E62","Current Operations - Police Protection","217,160"
"2018","Indiana","SF0342","Expenditure - Direct Expenditure - General Expenditure - Police Protection - Current Operations","State","Expenditure","E62","Current Operations - Police Protection","239,380"
"2019","Indiana","SF0342","Expenditure - Direct Expenditure - General Expenditure - Police Protection - Current Operations","State","Expenditure","E62","Current Operations - Police Protection","258,952"
"2020","Indiana","SF0342","Expenditure - Direct Expenditure - General Expenditure - Police Protection - Current Operations","State","Expenditure","E62","Current Operations - Police Protection","316,322"
"2021","Indiana","SF0342","Expenditure - Direct Expenditure - General Expenditure - Police Protection - Current Operations","State","Expenditure","E62","Current Operations - Police Protection","321,219"
"2022","Indiana","SF0342","Expenditure - Direct Expenditure - General Expenditure - Police Protection - Current Operations","State","Expenditure","E62","Current Operations - Police Protection","320,653"
"2023","Indiana","SF0342","Expenditure - Direct Expenditure - General Expenditure - Police Protection - Current Operations","State","Expenditure","E62","Current Operations - Police Protection","339,930"
"2024","Indiana","SF0342","Expenditure - Direct Expenditure - General Expenditure - Police Protection - Current Operations","State","Expenditure","E62","Current Operations - Police Protection","417,244"
"2012","Iowa","SF0342","Expenditure - Direct Expenditure - General Expenditure - Police Protection - Current Operations","State","Expenditure","E62","Current Operations - Police Protection","86,058"
"2013","Iowa","SF0342","Expenditure - Direct Expenditure - General Expenditure - Police Protection - Current Operations","State","Expenditure","E62","Current Operations - Police Protection","87,132"
"2014","Iowa","SF0342","Expenditure - Direct Expenditure - General Expenditure - Police Protection - Current Operations","State","Expenditure","E62","Current Operations - Police Protection","90,526"
"2015","Iowa","SF0342","Expenditure - Direct Expenditure - General Expenditure - Police Protection - Current Operations","State","Expenditure","E62","Current Operations - Police Protection","92,385"
"2016","Iowa","SF0342","Expenditure - Direct Expenditure - General Expenditure - Police Protection - Current Operations","State","Expenditure","E62","Current Operations - Police Protection","92,143"
"2017","Iowa","SF0342","Expenditure - Direct Expenditure - General Expenditure - Police Protection - Current Operations","State","Expenditure","E62","Current Operations - Police Protection","94,518"
"2018","Iowa","SF0342","Expenditure - Direct Expenditure - General Expenditure - Police Protection - Current Operations","State","Expenditure","E62","Current Operations - Police Protection","96,605"
"2019","Iowa","SF0342","Expenditure - Direct Expenditure - General Expenditure - Police Protection - Current Operations","State","Expenditure","E62","Current Operations - Police Protection","99,999"
"2020","Iowa","SF0342","Expenditure - Direct Expenditure - General Expenditure - Police Protection - Current Operations","State","Expenditure","E62","Current Operations - Police Protection","111,983"
"2021","Iowa","SF0342","Expenditure - Direct Expenditure - General Expenditure - Police Protection - Current Operations","State","Expenditure","E62","Current Operations - Police Protection","118,234"
"2022","Iowa","SF0342","Expenditure - Direct Expenditure - General Expenditure - Police Protection - Current Operations","State","Expenditure","E62","Current Operations - Police Protection","122,136"
"2023","Iowa","SF0342","Expenditure - Direct Expenditure - General Expenditure - Police Protection - Current Operations","State","Expenditure","E62","Current Operations - Police Protection","129,787"
"2024","Iowa","SF0342","Expenditure - Direct Expenditure - General Expenditure - Police Protection - Current Operations","State","Expenditure","E62","Current Operations - Police Protection","149,252"
"2012","Kansas","SF0342","Expenditure - Direct Expenditure - General Expenditure - Police Protection - Current Operations","State","Expenditure","E62","Current Operations - Police Protection","84,657"
"2013","Kansas","SF0342","Expenditure - Direct Expenditure - General Expenditure - Police Protection - Current Operations","State","Expenditure","E62","Current Operations - Police Protection","89,771"
"2014","Kansas","SF0342","Expenditure - Direct Expenditure - General Expenditure - Police Protection - Current Operations","State","Expenditure","E62","Current Operations - Police Protection","87,626"
"2015","Kansas","SF0342","Expenditure - Direct Expenditure - General Expenditure - Police Protection - Current Operations","State","Expenditure","E62","Current Operations - Police Protection","85,293"
"2016","Kansas","SF0342","Expenditure - Direct Expenditure - General Expenditure - Police Protection - Current Operations","State","Expenditure","E62","Current Operations - Police Protection","86,745"
"2017","Kansas","SF0342","Expenditure - Direct Expenditure - General Expenditure - Police Protection - Current Operations","State","Expenditure","E62","Current Operations - Police Protection","97,387"
"2018","Kansas","SF0342","Expenditure - Direct Expenditure - General Expenditure - Police Protection - Current Operations","State","Expenditure","E62","Current Operations - Police Protection","97,846"
"2019","Kansas","SF0342","Expenditure - Direct Expenditure - General Expenditure - Police Protection - Current Operations","State","Expenditure","E62","Current Operations - Police Protection","103,630"
"2020","Kansas","SF0342","Expenditure - Direct Expenditure - General Expenditure - Police Protection - Current Operations","State","Expenditure","E62","Current Operations - Police Protection","118,764"
"2021","Kansas","SF0342","Expenditure - Direct Expenditure - General Expenditure - Police Protection - Current Operations","State","Expenditure","E62","Current Operations - Police Protection","119,349"
"2022","Kansas","SF0342","Expenditure - Direct Expenditure - General Expenditure - Police Protection - Current Operations","State","Expenditure","E62","Current Operations - Police Protection","123,050"
"2023","Kansas","SF0342","Expenditure - Direct Expenditure - General Expenditure - Police Protection - Current Operations","State","Expenditure","E62","Current Operations - Police Protection","140,598"
"2024","Kansas","SF0342","Expenditure - Direct Expenditure - General Expenditure - Police Protection - Current Operations","State","Expenditure","E62","Current Operations - Police Protection","159,791"
"2012","Kentucky","SF0342","Expenditure - Direct Expenditure - General Expenditure - Police Protection - Current Operations","State","Expenditure","E62","Current Operations - Police Protection","155,366"
"2013","Kentucky","SF0342","Expenditure - Direct Expenditure - General Expenditure - Police Protection - Current Operations","State","Expenditure","E62","Current Operations - Police Protection","167,508"
"2014","Kentucky","SF0342","Expenditure - Direct Expenditure - General Expenditure - Police Protection - Current Operations","State","Expenditure","E62","Current Operations - Police Protection","157,802"
"2015","Kentucky","SF0342","Expenditure - Direct Expenditure - General Expenditure - Police Protection - Current Operations","State","Expenditure","E62","Current Operations - Police Protection","164,490"
"2016","Kentucky","SF0342","Expenditure - Direct Expenditure - General Expenditure - Police Protection - Current Operations","State","Expenditure","E62","Current Operations - Police Protection","164,005"
"2017","Kentucky","SF0342","Expenditure - Direct Expenditure - General Expenditure - Police Protection - Current Operations","State","Expenditure","E62","Current Operations - Police Protection","169,197"
"2018","Kentucky","SF0342","Expenditure - Direct Expenditure - General Expenditure - Police Protection - Current Operations","State","Expenditure","E62","Current Operations - Police Protection","175,169"
"2019","Kentucky","SF0342","Expenditure - Direct Expenditure - General Expenditure - Police Protection - Current Operations","State","Expenditure","E62","Current Operations - Police Protection","176,986"
"2020","Kentucky","SF0342","Expenditure - Direct Expenditure - General Expenditure - Police Protection - Current Operations","State","Expenditure","E62","Current Operations - Police Protection","288,850"
"2021","Kentucky","SF0342","Expenditure - Direct Expenditure - General Expenditure - Police Protection - Current Operations","State","Expenditure","E62","Current Operations - Police Protection","329,450"
"2022","Kentucky","SF0342","Expenditure - Direct Expenditure - General Expenditure - Police Protection - Current Operations","State","Expenditure","E62","Current Operations - Police Protection","313,064"
"2023","Kentucky","SF0342","Expenditure - Direct Expenditure - General Expenditure - Police Protection - Current Operations","State","Expenditure","E62","Current Operations - Police Protection","419,126"
"2024","Kentucky","SF0342","Expenditure - Direct Expenditure - General Expenditure - Police Protection - Current Operations","State","Expenditure","E62","Current Operations - Police Protection","366,305"
"2012","Louisiana","SF0342","Expenditure - Direct Expenditure - General Expenditure - Police Protection - Current Operations","State","Expenditure","E62","Current Operations - Police Protection","211,598"
"2013","Louisiana","SF0342","Expenditure - Direct Expenditure - General Expenditure - Police Protection - Current Operations","State","Expenditure","E62","Current Operations - Police Protection","204,709"
"2014","Louisiana","SF0342","Expenditure - Direct Expenditure - General Expenditure - Police Protection - Current Operations","State","Expenditure","E62","Current Operations - Police Protection","201,976"
"2015","Louisiana","SF0342","Expenditure - Direct Expenditure - General Expenditure - Police Protection - Current Operations","State","Expenditure","E62","Current Operations - Police Protection","209,386"
"2016","Louisiana","SF0342","Expenditure - Direct Expenditure - General Expenditure - Police Protection - Current Operations","State","Expenditure","E62","Current Operations - Police Protection","220,268"
"2017","Louisiana","SF0342","Expenditure - Direct Expenditure - General Expenditure - Police Protection - Current Operations","State","Expenditure","E62","Current Operations - Police Protection","232,537"
"2018","Louisiana","SF0342","Expenditure - Direct Expenditure - General Expenditure - Police Protection - Current Operations","State","Expenditure","E62","Current Operations - Police Protection","235,791"
"2019","Louisiana","SF0342","Expenditure - Direct Expenditure - General Expenditure - Police Protection - Current Operations","State","Expenditure","E62","Current Operations - Police Protection","238,845"
"2020","Louisiana","SF0342","Expenditure - Direct Expenditure - General Expenditure - Police Protection - Current Operations","State","Expenditure","E62","Current Operations - Police Protection","352,730"
"2021","Louisiana","SF0342","Expenditure - Direct Expenditure - General Expenditure - Police Protection - Current Operations","State","Expenditure","E62","Current Operations - Police Protection","361,521"
"2022","Louisiana","SF0342","Expenditure - Direct Expenditure - General Expenditure - Police Protection - Current Operations","State","Expenditure","E62","Current Operations - Police Protection","382,266"
"2023","Louisiana","SF0342","Expenditure - Direct Expenditure - General Expenditure - Police Protection - Current Operations","State","Expenditure","E62","Current Operations - Police Protection","332,490"
"2024","Louisiana","SF0342","Expenditure - Direct Expenditure - General Expenditure - Police Protection - Current Operations","State","Expenditure","E62","Current Operations - Police Protection","366,261"
"2012","Maine","SF0342","Expenditure - Direct Expenditure - General Expenditure - Police Protection - Current Operations","State","Expenditure","E62","Current Operations - Police Protection","73,313"
"2013","Maine","SF0342","Expenditure - Direct Expenditure - General Expenditure - Police Protection - Current Operations","State","Expenditure","E62","Current Operations - Police Protection","73,618"
"2014","Maine","SF0342","Expenditure - Direct Expenditure - General Expenditure - Police Protection - Current Operations","State","Expenditure","E62","Current Operations - Police Protection","73,539"
"2015","Maine","SF0342","Expenditure - Direct Expenditure - General Expenditure - Police Protection - Current Operations","State","Expenditure","E62","Current Operations - Police Protection","75,223"
"2016","Maine","SF0342","Expenditure - Direct Expenditure - General Expenditure - Police Protection - Current Operations","State","Expenditure","E62","Current Operations - Police Protection","84,063"
"2017","Maine","SF0342","Expenditure - Direct Expenditure - General Expenditure - Police Protection - Current Operations","State","Expenditure","E62","Current Operations - Police Protection","89,275"
"2018","Maine","SF0342","Expenditure - Direct Expenditure - General Expenditure - Police Protection - Current Operations","State","Expenditure","E62","Current Operations - Police Protection","90,907"
"2019","Maine","SF0342","Expenditure - Direct Expenditure - General Expenditure - Police Protection - Current Operations","State","Expenditure","E62","Current Operations - Police Protection","94,088"
"2020","Maine","SF0342","Expenditure - Direct Expenditure - General Expenditure - Police Protection - Current Operations","State","Expenditure","E62","Current Operations - Police Protection","107,020"
"2021","Maine","SF0342","Expenditure - Direct Expenditure - General Expenditure - Police Protection - Current Operations","State","Expenditure","E62","Current Operations - Police Protection","105,533"
"2022","Maine","SF0342","Expenditure - Direct Expenditure - General Expenditure - Police Protection - Current Operations","State","Expenditure","E62","Current Operations - Police Protection","111,267"
"2023","Maine","SF0342","Expenditure - Direct Expenditure - General Expenditure - Police Protection - Current Operations","State","Expenditure","E62","Current Operations - Police Protection","113,499"
"2024","Maine","SF0342","Expenditure - Direct Expenditure - General Expenditure - Police Protection - Current Operations","State","Expenditure","E62","Current Operations - Police Protection","131,073"
"2012","Maryland","SF0342","Expenditure - Direct Expenditure - General Expenditure - Police Protection - Current Operations","State","Expenditure","E62","Current Operations - Police Protection","431,636"
"2013","Maryland","SF0342","Expenditure - Direct Expenditure - General Expenditure - Police Protection - Current Operations","State","Expenditure","E62","Current Operations - Police Protection","464,344"
"2014","Maryland","SF0342","Expenditure - Direct Expenditure - General Expenditure - Police Protection - Current Operations","State","Expenditure","E62","Current Operations - Police Protection","480,461"
"2015","Maryland","SF0342","Expenditure - Direct Expenditure - General Expenditure - Police Protection - Current Operations","State","Expenditure","E62","Current Operations - Police Protection","484,490"
"2016","Maryland","SF0342","Expenditure - Direct Expenditure - General Expenditure - Police Protection - Current Operations","State","Expenditure","E62","Current Operations - Police Protection","504,793"
"2017","Maryland","SF0342","Expenditure - Direct Expenditure - General Expenditure - Police Protection - Current Operations","State","Expenditure","E62","Current Operations - Police Protection","528,579"
"2018","Maryland","SF0342","Expenditure - Direct Expenditure - General Expenditure - Police Protection - Current Operations","State","Expenditure","E62","Current Operations - Police Protection","544,493"
"2019","Maryland","SF0342","Expenditure - Direct Expenditure - General Expenditure - Police Protection - Current Operations","State","Expenditure","E62","Current Operations - Police Protection","593,132"
"2020","Maryland","SF0342","Expenditure - Direct Expenditure - General Expenditure - Police Protection - Current Operations","State","Expenditure","E62","Current Operations - Police Protection","729,370"
"2021","Maryland","SF0342","Expenditure - Direct Expenditure - General Expenditure - Police Protection - Current Operations","State","Expenditure","E62","Current Operations - Police Protection","783,400"
"2022","Maryland","SF0342","Expenditure - Direct Expenditure - General Expenditure - Police Protection - Current Operations","State","Expenditure","E62","Current Operations - Police Protection","851,273"
"2023","Maryland","SF0342","Expenditure - Direct Expenditure - General Expenditure - Police Protection - Current Operations","State","Expenditure","E62","Current Operations - Police Protection","937,230"
"2024","Maryland","SF0342","Expenditure - Direct Expenditure - General Expenditure - Police Protection - Current Operations","State","Expenditure","E62","Current Operations - Police Protection","1,114,430"
"2012","Massachusetts","SF0342","Expenditure - Direct Expenditure - General Expenditure - Police Protection - Current Operations","State","Expenditure","E62","Current Operations - Police Protection","401,737"
"2013","Massachusetts","SF0342","Expenditure - Direct Expenditure - General Expenditure - Police Protection - Current Operations","State","Expenditure","E62","Current Operations - Police Protection","416,119"
"2014","Massachusetts","SF0342","Expenditure - Direct Expenditure - General Expenditure - Police Protection - Current Operations","State","Expenditure","E62","Current Operations - Police Protection","449,770"
"2015","Massachusetts","SF0342","Expenditure - Direct Expenditure - General Expenditure - Police Protection - Current Operations","State","Expenditure","E62","Current Operations - Police Protection","464,046"
"2016","Massachusetts","SF0342","Expenditure - Direct Expenditure - General Expenditure - Police Protection - Current Operations","State","Expenditure","E62","Current Operations - Police Protection","467,672"
"2017","Massachusetts","SF0342","Expenditure - Direct Expenditure - General Expenditure - Police Protection - Current Operations","State","Expenditure","E62","Current Operations - Police Protection","481,054"
"2018","Massachusetts","SF0342","Expenditure - Direct Expenditure - General Expenditure - Police Protection - Current Operations","State","Expenditure","E62","Current Operations - Police Protection","501,941"
"2019","Massachusetts","SF0342","Expenditure - Direct Expenditure - General Expenditure - Police Protection - Current Operations","State","Expenditure","E62","Current Operations - Police Protection","489,919"
"2020","Massachusetts","SF0342","Expenditure - Direct Expenditure - General Expenditure - Police Protection - Current Operations","State","Expenditure","E62","Current Operations - Police Protection","529,940"
"2021","Massachusetts","SF0342","Expenditure - Direct Expenditure - General Expenditure - Police Protection - Current Operations","State","Expenditure","E62","Current Operations - Police Protection","528,523"
"2022","Massachusetts","SF0342","Expenditure - Direct Expenditure - General Expenditure - Police Protection - Current Operations","State","Expenditure","E62","Current Operations - Police Protection","562,462"
"2023","Massachusetts","SF0342","Expenditure - Direct Expenditure - General Expenditure - Police Protection - Current Operations","State","Expenditure","E62","Current Operations - Police Protection","643,057"
"2024","Massachusetts","SF0342","Expenditure - Direct Expenditure - General Expenditure - Police Protection - Current Operations","State","Expenditure","E62","Current Operations - Police Protection","667,442"
"2012","Michigan","SF0342","Expenditure - Direct Expenditure - General Expenditure - Police Protection - Current Operations","State","Expenditure","E62","Current Operations - Police Protection","264,443"
"2013","Michigan","SF0342","Expenditure - Direct Expenditure - General Expenditure - Police Protection - Current Operations","State","Expenditure","E62","Current Operations - Police Protection","367,838"
"2014","Michigan","SF0342","Expenditure - Direct Expenditure - General Expenditure - Police Protection - Current Operations","State","Expenditure","E62","Current Operations - Police Protection","401,497"
"2015","Michigan","SF0342","Expenditure - Direct Expenditure - General Expenditure - Police Protection - Current Operations","State","Expenditure","E62","Current Operations - Police Protection","426,505"
"2016","Michigan","SF0342","Expenditure - Direct Expenditure - General Expenditure - Police Protection - Current Operations","State","Expenditure","E62","Current Operations - Police Protection","450,704"
"2017","Michigan","SF0342","Expenditure - Direct Expenditure - General Expenditure - Police Protection - Current Operations","State","Expenditure","E62","Current Operations - Police Protection","471,665"
"2018","Michigan","SF0342","Expenditure - Direct Expenditure - General Expenditure - Police Protection - Current Operations","State","Expenditure","E62","Current Operations - Police Protection","484,665"
"2019","Michigan","SF0342","Expenditure - Direct Expenditure - General Expenditure - Police Protection - Current Operations","State","Expenditure","E62","Current Operations - Police Protection","500,935"
"2020","Michigan","SF0342","Expenditure - Direct Expenditure - General Expenditure - Police Protection - Current Operations","State","Expenditure","E62","Current Operations - Police Protection","545,238"
"2021","Michigan","SF0342","Expenditure - Direct Expenditure - General Expenditure - Police Protection - Current Operations","State","Expenditure","E62","Current Operations - Police Protection","534,469"
"2022","Michigan","SF0342","Expenditure - Direct Expenditure - General Expenditure - Police Protection - Current Operations","State","Expenditure","E62","Current Operations - Police Protection","606,509"
"2023","Michigan","SF0342","Expenditure - Direct Expenditure - General Expenditure - Police Protection - Current Operations","State","Expenditure","E62","Current Operations - Police Protection","665,055"
"2024","Michigan","SF0342","Expenditure - Direct Expenditure - General Expenditure - Police Protection - Current Operations","State","Expenditure","E62","Current Operations - Police Protection","717,745"
"2012","Minnesota","SF0342","Expenditure - Direct Expenditure - General Expenditure - Police Protection - Current Operations","State","Expenditure","E62","Current Operations - Police Protection","254,499"
"2013","Minnesota","SF0342","Expenditure - Direct Expenditure - General Expenditure - Police Protection - Current Operations","State","Expenditure","E62","Current Operations - Police Protection","269,186"
"2014","Minnesota","SF0342","Expenditure - Direct Expenditure - General Expenditure - Police Protection - Current Operations","State","Expenditure","E62","Current Operations - Police Protection","292,232"
"2015","Minnesota","SF0342","Expenditure - Direct Expenditure - General Expenditure - Police Protection - Current Operations","State","Expenditure","E62","Current Operations - Police Protection","303,839"
"2016","Minnesota","SF0342","Expenditure - Direct Expenditure - General Expenditure - Police Protection - Current Operations","State","Expenditure","E62","Current Operations - Police Protection","306,259"
"2017","Minnesota","SF0342","Expenditure - Direct Expenditure - General Expenditure - Police Protection - Current Operations","State","Expenditure","E62","Current Operations - Police Protection","333,264"
"2018","Minnesota","SF0342","Expenditure - Direct Expenditure - General Expenditure - Police Protection - Current Operations","State","Expenditure","E62","Current Operations - Police Protection","361,511"
"2019","Minnesota","SF0342","Expenditure - Direct Expenditure - General Expenditure - Police Protection - Current Operations","State","Expenditure","E62","Current Operations - Police Protection","409,166"
"2020","Minnesota","SF0342","Expenditure - Direct Expenditure - General Expenditure - Police Protection - Current Operations","State","Expenditure","E62","Current Operations - Police Protection","401,668"
"2021","Minnesota","SF0342","Expenditure - Direct Expenditure - General Expenditure - Police Protection - Current Operations","State","Expenditure","E62","Current Operations - Police Protection","447,382"
"2022","Minnesota","SF0342","Expenditure - Direct Expenditure - General Expenditure - Police Protection - Current Operations","State","Expenditure","E62","Current Operations - Police Protection","447,973"
"2023","Minnesota","SF0342","Expenditure - Direct Expenditure - General Expenditure - Police Protection - Current Operations","State","Expenditure","E62","Current Operations - Police Protection","516,024"
"2024","Minnesota","SF0342","Expenditure - Direct Expenditure - General Expenditure - Police Protection - Current Operations","State","Expenditure","E62","Current Operations - Police Protection","602,601"
"2012","Mississippi","SF0342","Expenditure - Direct Expenditure - General Expenditure - Police Protection - Current Operations","State","Expenditure","E62","Current Operations - Police Protection","98,436"
"2013","Mississippi","SF0342","Expenditure - Direct Expenditure - General Expenditure - Police Protection - Current Operations","State","Expenditure","E62","Current Operations - Police Protection","103,556"
"2014","Mississippi","SF0342","Expenditure - Direct Expenditure - General Expenditure - Police Protection - Current Operations","State","Expenditure","E62","Current Operations - Police Protection","106,851"
"2015","Mississippi","SF0342","Expenditure - Direct Expenditure - General Expenditure - Police Protection - Current Operations","State","Expenditure","E62","Current Operations - Police Protection","116,438"
"2016","Mississippi","SF0342","Expenditure - Direct Expenditure - General Expenditure - Police Protection - Current Operations","State","Expenditure","E62","Current Operations - Police Protection","128,353"
"2017","Mississippi","SF0342","Expenditure - Direct Expenditure - General Expenditure - Police Protection - Current Operations","State","Expenditure","E62","Current Operations - Police Protection","128,910"
"2018","Mississippi","SF0342","Expenditure - Direct Expenditure - General Expenditure - Police Protection - Current Operations","State","Expenditure","E62","Current Operations - Police Protection","130,806"
"2019","Mississippi","SF0342","Expenditure - Direct Expenditure - General Expenditure - Police Protection - Current Operations","State","Expenditure","E62","Current Operations - Police Protection","141,654"
"2020","Mississippi","SF0342","Expenditure - Direct Expenditure - General Expenditure - Police Protection - Current Operations","State","Expenditure","E62","Current Operations - Police Protection","136,045"
"2021","Mississippi","SF0342","Expenditure - Direct Expenditure - General Expenditure - Police Protection - Current Operations","State","Expenditure","E62","Current Operations - Police Protection","136,262"
"2022","Mississippi","SF0342","Expenditure - Direct Expenditure - General Expenditure - Police Protection - Current Operations","State","Expenditure","E62","Current Operations - Police Protection","162,351"
"2023","Mississippi","SF0342","Expenditure - Direct Expenditure - General Expenditure - Police Protection - Current Operations","State","Expenditure","E62","Current Operations - Police Protection","177,312"
"2024","Mississippi","SF0342","Expenditure - Direct Expenditure - General Expenditure - Police Protection - Current Operations","State","Expenditure","E62","Current Operations - Police Protection","189,368"
"2012","Missouri","SF0342","Expenditure - Direct Expenditure - General Expenditure - Police Protection - Current Operations","State","Expenditure","E62","Current Operations - Police Protection","185,254"
"2013","Missouri","SF0342","Expenditure - Direct Expenditure - General Expenditure - Police Protection - Current Operations","State","Expenditure","E62","Current Operations - Police Protection","185,243"
"2014","Missouri","SF0342","Expenditure - Direct Expenditure - General Expenditure - Police Protection - Current Operations","State","Expenditure","E62","Current Operations - Police Protection","186,158"
"2015","Missouri","SF0342","Expenditure - Direct Expenditure - General Expenditure - Police Protection - Current Operations","State","Expenditure","E62","Current Operations - Police Protection","199,335"
"2016","Missouri","SF0342","Expenditure - Direct Expenditure - General Expenditure - Police Protection - Current Operations","State","Expenditure","E62","Current Operations - Police Protection","200,016"
"2017","Missouri","SF0342","Expenditure - Direct Expenditure - General Expenditure - Police Protection - Current Operations","State","Expenditure","E62","Current Operations - Police Protection","211,360"
"2018","Missouri","SF0342","Expenditure - Direct Expenditure - General Expenditure - Police Protection - Current Operations","State","Expenditure","E62","Current Operations - Police Protection","218,452"
"2019","Missouri","SF0342","Expenditure - Direct Expenditure - General Expenditure - Police Protection - Current Operations","State","Expenditure","E62","Current Operations - Police Protection","221,334"
"2020","Missouri","SF0342","Expenditure - Direct Expenditure - General Expenditure - Police Protection - Current Operations","State","Expenditure","E62","Current Operations - Police Protection","295,079"
"2021","Missouri","SF0342","Expenditure - Direct Expenditure - General Expenditure - Police Protection - Current Operations","State","Expenditure","E62","Current Operations - Police Protection","243,586"
"2022","Missouri","SF0342","Expenditure - Direct Expenditure - General Expenditure - Police Protection - Current Operations","State","Expenditure","E62","Current Operations - Police Protection","310,378"
"2023","Missouri","SF0342","Expenditure - Direct Expenditure - General Expenditure - Police Protection - Current Operations","State","Expenditure","E62","Current Operations - Police Protection","330,324"
"2024","Missouri","SF0342","Expenditure - Direct Expenditure - General Expenditure - Police Protection - Current Operations","State","Expenditure","E62","Current Operations - Police Protection","367,110"
"2012","Montana","SF0342","Expenditure - Direct Expenditure - General Expenditure - Police Protection - Current Operations","State","Expenditure","E62","Current Operations - Police Protection","47,014"
"2013","Montana","SF0342","Expenditure - Direct Expenditure - General Expenditure - Police Protection - Current Operations","State","Expenditure","E62","Current Operations - Police Protection","44,686"
"2014","Montana","SF0342","Expenditure - Direct Expenditure - General Expenditure - Police Protection - Current Operations","State","Expenditure","E62","Current Operations - Police Protection","47,249"
"2015","Montana","SF0342","Expenditure - Direct Expenditure - General Expenditure - Police Protection - Current Operations","State","Expenditure","E62","Current Operations - Police Protection","51,229"
"2016","Montana","SF0342","Expenditure - Direct Expenditure - General Expenditure - Police Protection - Current Operations","State","Expenditure","E62","Current Operations - Police Protection","53,490"
"2017","Montana","SF0342","Expenditure - Direct Expenditure - General Expenditure - Police Protection - Current Operations","State","Expenditure","E62","Current Operations - Police Protection","54,057"
"2018","Montana","SF0342","Expenditure - Direct Expenditure - General Expenditure - Police Protection - Current Operations","State","Expenditure","E62","Current Operations - Police Protection","53,188"
"2019","Montana","SF0342","Expenditure - Direct Expenditure - General Expenditure - Police Protection - Current Operations","State","Expenditure","E62","Current Operations - Police Protection","57,970"
"2020","Montana","SF0342","Expenditure - Direct Expenditure - General Expenditure - Police Protection - Current Operations","State","Expenditure","E62","Current Operations - Police Protection","76,462"
"2021","Montana","SF0342","Expenditure - Direct Expenditure - General Expenditure - Police Protection - Current Operations","State","Expenditure","E62","Current Operations - Police Protection","71,355"
"2022","Montana","SF0342","Expenditure - Direct Expenditure - General Expenditure - Police Protection - Current Operations","State","Expenditure","E62","Current Operations - Police Protection","71,003"
"2023","Montana","SF0342","Expenditure - Direct Expenditure - General Expenditure - Police Protection - Current Operations","State","Expenditure","E62","Current Operations - Police Protection","73,908"
"2024","Montana","SF0342","Expenditure - Direct Expenditure - General Expenditure - Police Protection - Current Operations","State","Expenditure","E62","Current Operations - Police Protection","79,486"
"2012","Nebraska","SF0342","Expenditure - Direct Expenditure - General Expenditure - Police Protection - Current Operations","State","Expenditure","E62","Current Operations - Police Protection","72,450"
"2013","Nebraska","SF0342","Expenditure - Direct Expenditure - General Expenditure - Police Protection - Current Operations","State","Expenditure","E62","Current Operations - Police Protection","68,231"
"2014","Nebraska","SF0342","Expenditure - Direct Expenditure - General Expenditure - Police Protection - Current Operations","State","Expenditure","E62","Current Operations - Police Protection","69,957"
"2015","Nebraska","SF0342","Expenditure - Direct Expenditure - General Expenditure - Police Protection - Current Operations","State","Expenditure","E62","Current Operations - Police Protection","70,893"
"2016","Nebraska","SF0342","Expenditure - Direct Expenditure - General Expenditure - Police Protection - Current Operations","State","Expenditure","E62","Current Operations - Police Protection","75,532"
"2017","Nebraska","SF0342","Expenditure - Direct Expenditure - General Expenditure - Police Protection - Current Operations","State","Expenditure","E62","Current Operations - Police Protection","79,437"
"2018","Nebraska","SF0342","Expenditure - Direct Expenditure - General Expenditure - Police Protection - Current Operations","State","Expenditure","E62","Current Operations - Police Protection","79,222"
"2019","Nebraska","SF0342","Expenditure - Direct Expenditure - General Expenditure - Police Protection - Current Operations","State","Expenditure","E62","Current Operations - Police Protection","78,519"
"2020","Nebraska","SF0342","Expenditure - Direct Expenditure - General Expenditure - Police Protection - Current Operations","State","Expenditure","E62","Current Operations - Police Protection","91,345"
"2021","Nebraska","SF0342","Expenditure - Direct Expenditure - General Expenditure - Police Protection - Current Operations","State","Expenditure","E62","Current Operations - Police Protection","83,355"
"2022","Nebraska","SF0342","Expenditure - Direct Expenditure - General Expenditure - Police Protection - Current Operations","State","Expenditure","E62","Current Operations - Police Protection","97,842"
"2023","Nebraska","SF0342","Expenditure - Direct Expenditure - General Expenditure - Police Protection - Current Operations","State","Expenditure","E62","Current Operations - Police Protection","101,133"
"2024","Nebraska","SF0342","Expenditure - Direct Expenditure - General Expenditure - Police Protection - Current Operations","State","Expenditure","E62","Current Operations - Police Protection","117,104"
"2012","Nevada","SF0342","Expenditure - Direct Expenditure - General Expenditure - Police Protection - Current Operations","State","Expenditure","E62","Current Operations - Police Protection","86,719"
"2013","Nevada","SF0342","Expenditure - Direct Expenditure - General Expenditure - Police Protection - Current Operations","State","Expenditure","E62","Current Operations - Police Protection","86,719"
"2014","Nevada","SF0342","Expenditure - Direct Expenditure - General Expenditure - Police Protection - Current Operations","State","Expenditure","E62","Current Operations - Police Protection","71,281"
"2015","Nevada","SF0342","Expenditure - Direct Expenditure - General Expenditure - Police Protection - Current Operations","State","Expenditure","E62","Current Operations - Police Protection","71,880"
"2016","Nevada","SF0342","Expenditure - Direct Expenditure - General Expenditure - Police Protection - Current Operations","State","Expenditure","E62","Current Operations - Police Protection","74,197"
"2017","Nevada","SF0342","Expenditure - Direct Expenditure - General Expenditure - Police Protection - Current Operations","State","Expenditure","E62","Current Operations - Police Protection","86,810"
"2018","Nevada","SF0342","Expenditure - Direct Expenditure - General Expenditure - Police Protection - Current Operations","State","Expenditure","E62","Current Operations - Police Protection","91,962"
"2019","Nevada","SF0342","Expenditure - Direct Expenditure - General Expenditure - Police Protection - Current Operations","State","Expenditure","E62","Current Operations - Police Protection","90,339"
"2020","Nevada","SF0342","Expenditure - Direct Expenditure - General Expenditure - Police Protection - Current Operations","State","Expenditure","E62","Current Operations - Police Protection","111,633"
"2021","Nevada","SF0342","Expenditure - Direct Expenditure - General Expenditure - Police Protection - Current Operations","State","Expenditure","E62","Current Operations - Police Protection","116,906"
"2022","Nevada","SF0342","Expenditure - Direct Expenditure - General Expenditure - Police Protection - Current Operations","State","Expenditure","E62","Current Operations - Police Protection","123,072"
"2023","Nevada","SF0342","Expenditure - Direct Expenditure - General Expenditure - Police Protection - Current Operations","State","Expenditure","E62","Current Operations - Police Protection","121,768"
"2024","Nevada","SF0342","Expenditure - Direct Expenditure - General Expenditure - Police Protection - Current Operations","State","Expenditure","E62","Current Operations - Police Protection","123,515"
"2012","New Hampshire","SF0342","Expenditure - Direct Expenditure - General Expenditure - Police Protection - Current Operations","State","Expenditure","E62","Current Operations - Police Protection","51,206"
"2013","New Hampshire","SF0342","Expenditure - Direct Expenditure - General Expenditure - Police Protection - Current Operations","State","Expenditure","E62","Current Operations - Police Protection","52,059"
"2014","New Hampshire","SF0342","Expenditure - Direct Expenditure - General Expenditure - Police Protection - Current Operations","State","Expenditure","E62","Current Operations - Police Protection","53,319"
"2015","New Hampshire","SF0342","Expenditure - Direct Expenditure - General Expenditure - Police Protection - Current Operations","State","Expenditure","E62","Current Operations - Police Protection","54,759"
"2016","New Hampshire","SF0342","Expenditure - Direct Expenditure - General Expenditure - Police Protection - Current Operations","State","Expenditure","E62","Current Operations - Police Protection","55,117"
"2017","New Hampshire","SF0342","Expenditure - Direct Expenditure - General Expenditure - Police Protection - Current Operations","State","Expenditure","E62","Current Operations - Police Protection","57,969"
"2018","New Hampshire","SF0342","Expenditure - Direct Expenditure - General Expenditure - Police Protection - Current Operations","State","Expenditure","E62","Current Operations - Police Protection","59,676"
"2019","New Hampshire","SF0342","Expenditure - Direct Expenditure - General Expenditure - Police Protection - Current Operations","State","Expenditure","E62","Current Operations - Police Protection","61,753"
"2020","New Hampshire","SF0342","Expenditure - Direct Expenditure - General Expenditure - Police Protection - Current Operations","State","Expenditure","E62","Current Operations - Police Protection","76,575"
"2021","New Hampshire","SF0342","Expenditure - Direct Expenditure - General Expenditure - Police Protection - Current Operations","State","Expenditure","E62","Current Operations - Police Protection","77,486"
"2022","New Hampshire","SF0342","Expenditure - Direct Expenditure - General Expenditure - Police Protection - Current Operations","State","Expenditure","E62","Current Operations - Police Protection","79,344"
"2023","New Hampshire","SF0342","Expenditure - Direct Expenditure - General Expenditure - Police Protection - Current Operations","State","Expenditure","E62","Current Operations - Police Protection","87,839"
"2024","New Hampshire","SF0342","Expenditure - Direct Expenditure - General Expenditure - Police Protection - Current Operations","State","Expenditure","E62","Current Operations - Police Protection","92,203"
"2012","New Jersey","SF0342","Expenditure - Direct Expenditure - General Expenditure - Police Protection - Current Operations","State","Expenditure","E62","Current Operations - Police Protection","600,500"
"2013","New Jersey","SF0342","Expenditure - Direct Expenditure - General Expenditure - Police Protection - Current Operations","State","Expenditure","E62","Current Operations - Police Protection","588,899"
"2014","New Jersey","SF0342","Expenditure - Direct Expenditure - General Expenditure - Police Protection - Current Operations","State","Expenditure","E62","Current Operations - Police Protection","593,063"
"2015","New Jersey","SF0342","Expenditure - Direct Expenditure - General Expenditure - Police Protection - Current Operations","State","Expenditure","E62","Current Operations - Police Protection","574,175"
"2016","New Jersey","SF0342","Expenditure - Direct Expenditure - General Expenditure - Police Protection - Current Operations","State","Expenditure","E62","Current Operations - Police Protection","581,495"
"2017","New Jersey","SF0342","Expenditure - Direct Expenditure - General Expenditure - Police Protection - Current Operations","State","Expenditure","E62","Current Operations - Police Protection","575,171"
"2018","New Jersey","SF0342","Expenditure - Direct Expenditure - General Expenditure - Police Protection - Current Operations","State","Expenditure","E62","Current Operations - Police Protection","586,643"
"2019","New Jersey","SF0342","Expenditure - Direct Expenditure - General Expenditure - Police Protection - Current Operations","State","Expenditure","E62","Current Operations - Police Protection","605,399"
"2020","New Jersey","SF0342","Expenditure - Direct Expenditure - General Expenditure - Police Protection - Current Operations","State","Expenditure","E62","Current Operations - Police Protection","957,128"
"2021","New Jersey","SF0342","Expenditure - Direct Expenditure - General Expenditure - Police Protection - Current Operations","State","Expenditure","E62","Current Operations - Police Protection","1,024,839"
"2022","New Jersey","SF0342","Expenditure - Direct Expenditure - General Expenditure - Police Protection - Current Operations","State","Expenditure","E62","Current Operations - Police Protection","882,627"
"2023","New Jersey","SF0342","Expenditure - Direct Expenditure - General Expenditure - Police Protection - Current Operations","State","Expenditure","E62","Current Operations - Police Protection","854,551"
"2024","New Jersey","SF0342","Expenditure - Direct Expenditure - General Expenditure - Police Protection - Current Operations","State","Expenditure","E62","Current Operations - Police Protection","846,941"
"2012","New Mexico","SF0342","Expenditure - Direct Expenditure - General Expenditure - Police Protection - Current Operations","State","Expenditure","E62","Current Operations - Police Protection","108,268"
"2013","New Mexico","SF0342","Expenditure - Direct Expenditure - General Expenditure - Police Protection - Current Operations","State","Expenditure","E62","Current Operations - Police Protection","111,380"
"2014","New Mexico","SF0342","Expenditure - Direct Expenditure - General Expenditure - Police Protection - Current Operations","State","Expenditure","E62","Current Operations - Police Protection","116,031"
"2015","New Mexico","SF0342","Expenditure - Direct Expenditure - General Expenditure - Police Protection - Current Operations","State","Expenditure","E62","Current Operations - Police Protection","115,358"
"2016","New Mexico","SF0342","Expenditure - Direct Expenditure - General Expenditure - Police Protection - Current Operations","State","Expenditure","E62","Current Operations - Police Protection","124,406"
"2017","New Mexico","SF0342","Expenditure - Direct Expenditure - General Expenditure - Police Protection - Current Operations","State","Expenditure","E62","Current Operations - Police Protection","125,181"
"2018","New Mexico","SF0342","Expenditure - Direct Expenditure - General Expenditure - Police Protection - Current Operations","State","Expenditure","E62","Current Operations - Police Protection","125,058"
"2019","New Mexico","SF0342","Expenditure - Direct Expenditure - General Expenditure - Police Protection - Current Operations","State","Expenditure","E62","Current Operations - Police Protection","130,291"
"2020","New Mexico","SF0342","Expenditure - Direct Expenditure - General Expenditure - Police Protection - Current Operations","State","Expenditure","E62","Current Operations - Police Protection","151,183"
"2021","New Mexico","SF0342","Expenditure - Direct Expenditure - General Expenditure - Police Protection - Current Operations","State","Expenditure","E62","Current Operations - Police Protection","150,280"
"2022","New Mexico","SF0342","Expenditure - Direct Expenditure - General Expenditure - Police Protection - Current Operations","State","Expenditure","E62","Current Operations - Police Protection","159,230"
"2023","New Mexico","SF0342","Expenditure - Direct Expenditure - General Expenditure - Police Protection - Current Operations","State","Expenditure","E62","Current Operations - Police Protection","181,580"
"2024","New Mexico","SF0342","Expenditure - Direct Expenditure - General Expenditure - Police Protection - Current Operations","State","Expenditure","E62","Current Operations - Police Protection","203,771"
"2012","New York","SF0342","Expenditure - Direct Expenditure - General Expenditure - Police Protection - Current Operations","State","Expenditure","E62","Current Operations - Police Protection","738,803"
"2013","New York","SF0342","Expenditure - Direct Expenditure - General Expenditure - Police Protection - Current Operations","State","Expenditure","E62","Current Operations - Police Protection","762,875"
"2014","New York","SF0342","Expenditure - Direct Expenditure - General Expenditure - Police Protection - Current Operations","State","Expenditure","E62","Current Operations - Police Protection","725,722"
"2015","New York","SF0342","Expenditure - Direct Expenditure - General Expenditure - Police Protection - Current Operations","State","Expenditure","E62","Current Operations - Police Protection","715,587"
"2016","New York","SF0342","Expenditure - Direct Expenditure - General Expenditure - Police Protection - Current Operations","State","Expenditure","E62","Current Operations - Police Protection","768,493"
"2017","New York","SF0342","Expenditure - Direct Expenditure - General Expenditure - Police Protection - Current Operations","State","Expenditure","E62","Current Operations - Police Protection","830,116"
"2018","New York","SF0342","Expenditure - Direct Expenditure - General Expenditure - Police Protection - Current Operations","State","Expenditure","E62","Current Operations - Police Protection","830,612"
"2019","New York","SF0342","Expenditure - Direct Expenditure - General Expenditure - Police Protection - Current Operations","State","Expenditure","E62","Current Operations - Police Protection","849,469"
"2020","New York","SF0342","Expenditure - Direct Expenditure - General Expenditure - Police Protection - Current Operations","State","Expenditure","E62","Current Operations - Police Protection","920,854"
"2021","New York","SF0342","Expenditure - Direct Expenditure - General Expenditure - Police Protection - Current Operations","State","Expenditure","E62","Current Operations - Police Protection","883,726"
"2022","New York","SF0342","Expenditure - Direct Expenditure - General Expenditure - Police Protection - Current Operations","State","Expenditure","E62","Current Operations - Police Protection","946,452"
"2023","New York","SF0342","Expenditure - Direct Expenditure - General Expenditure - Police Protection - Current Operations","State","Expenditure","E62","Current Operations - Police Protection","967,836"
"2024","New York","SF0342","Expenditure - Direct Expenditure - General Expenditure - Police Protection - Current Operations","State","Expenditure","E62","Current Operations - Police Protection","1,028,303"
"2012","North Carolina","SF0342","Expenditure - Direct Expenditure - General Expenditure - Police Protection - Current Operations","State","Expenditure","E62","Current Operations - Police Protection","279,435"
"2013","North Carolina","SF0342","Expenditure - Direct Expenditure - General Expenditure - Police Protection - Current Operations","State","Expenditure","E62","Current Operations - Police Protection","337,972"
"2014","North Carolina","SF0342","Expenditure - Direct Expenditure - General Expenditure - Police Protection - Current Operations","State","Expenditure","E62","Current Operations - Police Protection","361,031"
"2015","North Carolina","SF0342","Expenditure - Direct Expenditure - General Expenditure - Police Protection - Current Operations","State","Expenditure","E62","Current Operations - Police Protection","431,783"
"2016","North Carolina","SF0342","Expenditure - Direct Expenditure - General Expenditure - Police Protection - Current Operations","State","Expenditure","E62","Current Operations - Police Protection","447,792"
"2017","North Carolina","SF0342","Expenditure - Direct Expenditure - General Expenditure - Police Protection - Current Operations","State","Expenditure","E62","Current Operations - Police Protection","449,106"
"2018","North Carolina","SF0342","Expenditure - Direct Expenditure - General Expenditure - Police Protection - Current Operations","State","Expenditure","E62","Current Operations - Police Protection","468,353"
"2019","North Carolina","SF0342","Expenditure - Direct Expenditure - General Expenditure - Police Protection - Current Operations","State","Expenditure","E62","Current Operations - Police Protection","490,523"
"2020","North Carolina","SF0342","Expenditure - Direct Expenditure - General Expenditure - Police Protection - Current Operations","State","Expenditure","E62","Current Operations - Police Protection","562,047"
"2021","North Carolina","SF0342","Expenditure - Direct Expenditure - General Expenditure - Police Protection - Current Operations","State","Expenditure","E62","Current Operations - Police Protection","613,412"
"2022","North Carolina","SF0342","Expenditure - Direct Expenditure - General Expenditure - Police Protection - Current Operations","State","Expenditure","E62","Current Operations - Police Protection","658,424"
"2023","North Carolina","SF0342","Expenditure - Direct Expenditure - General Expenditure - Police Protection - Current Operations","State","Expenditure","E62","Current Operations - Police Protection","592,224"
"2024","North Carolina","SF0342","Expenditure - Direct Expenditure - General Expenditure - Police Protection - Current Operations","State","Expenditure","E62","Current Operations - Police Protection","544,482"
"2012","North Dakota","SF0342","Expenditure - Direct Expenditure - General Expenditure - Police Protection - Current Operations","State","Expenditure","E62","Current Operations - Police Protection","23,324"
"2013","North Dakota","SF0342","Expenditure - Direct Expenditure - General Expenditure - Police Protection - Current Operations","State","Expenditure","E62","Current Operations - Police Protection","25,485"
"2014","North Dakota","SF0342","Expenditure - Direct Expenditure - General Expenditure - Police Protection - Current Operations","State","Expenditure","E62","Current Operations - Police Protection","27,378"
"2015","North Dakota","SF0342","Expenditure - Direct Expenditure - General Expenditure - Police Protection - Current Operations","State","Expenditure","E62","Current Operations - Police Protection","29,560"
"2016","North Dakota","SF0342","Expenditure - Direct Expenditure - General Expenditure - Police Protection - Current Operations","State","Expenditure","E62","Current Operations - Police Protection","29,300"
"2017","North Dakota","SF0342","Expenditure - Direct Expenditure - General Expenditure - Police Protection - Current Operations","State","Expenditure","E62","Current Operations - Police Protection","43,184"
"2018","North Dakota","SF0342","Expenditure - Direct Expenditure - General Expenditure - Police Protection - Current Operations","State","Expenditure","E62","Current Operations - Police Protection","37,613"
"2019","North Dakota","SF0342","Expenditure - Direct Expenditure - General Expenditure - Police Protection - Current Operations","State","Expenditure","E62","Current Operations - Police Protection","39,119"
"2020","North Dakota","SF0342","Expenditure - Direct Expenditure - General Expenditure - Police Protection - Current Operations","State","Expenditure","E62","Current Operations - Police Protection","41,787"
"2021","North Dakota","SF0342","Expenditure - Direct Expenditure - General Expenditure - Police Protection - Current Operations","State","Expenditure","E62","Current Operations - Police Protection","45,352"
"2022","North Dakota","SF0342","Expenditure - Direct Expenditure - General Expenditure - Police Protection - Current Operations","State","Expenditure","E62","Current Operations - Police Protection","35,702"
"2023","North Dakota","SF0342","Expenditure - Direct Expenditure - General Expenditure - Police Protection - Current Operations","State","Expenditure","E62","Current Operations - Police Protection","37,529"
"2024","North Dakota","SF0342","Expenditure - Direct Expenditure - General Expenditure - Police Protection - Current Operations","State","Expenditure","E62","Current Operations - Police Protection","44,631"
"2012","Ohio","SF0342","Expenditure - Direct Expenditure - General Expenditure - Police Protection - Current Operations","State","Expenditure","E62","Current Operations - Police Protection","268,281"
"2013","Ohio","SF0342","Expenditure - Direct Expenditure - General Expenditure - Police Protection - Current Operations","State","Expenditure","E62","Current Operations - Police Protection","284,067"
"2014","Ohio","SF0342","Expenditure - Direct Expenditure - General Expenditure - Police Protection - Current Operations","State","Expenditure","E62","Current Operations - Police Protection","282,359"
"2015","Ohio","SF0342","Expenditure - Direct Expenditure - General Expenditure - Police Protection - Current Operations","State","Expenditure","E62","Current Operations - Police Protection","278,873"
"2016","Ohio","SF0342","Expenditure - Direct Expenditure - General Expenditure - Police Protection - Current Operations","State","Expenditure","E62","Current Operations - Police Protection","282,344"
"2017","Ohio","SF0342","Expenditure - Direct Expenditure - General Expenditure - Police Protection - Current Operations","State","Expenditure","E62","Current Operations - Police Protection","309,792"
"2018","Ohio","SF0342","Expenditure - Direct Expenditure - General Expenditure - Police Protection - Current Operations","State","Expenditure","E62","Current Operations - Police Protection","419,798"
"2019","Ohio","SF0342","Expenditure - Direct Expenditure - General Expenditure - Police Protection - Current Operations","State","Expenditure","E62","Current Operations - Police Protection","440,715"
"2020","Ohio","SF0342","Expenditure - Direct Expenditure - General Expenditure - Police Protection - Current Operations","State","Expenditure","E62","Current Operations - Police Protection","523,186"
"2021","Ohio","SF0342","Expenditure - Direct Expenditure - General Expenditure - Police Protection - Current Operations","State","Expenditure","E62","Current Operations - Police Protection","521,280"
"2022","Ohio","SF0342","Expenditure - Direct Expenditure - General Expenditure - Police Protection - Current Operations","State","Expenditure","E62","Current Operations - Police Protection","495,289"
"2023","Ohio","SF0342","Expenditure - Direct Expenditure - General Expenditure - Police Protection - Current Operations","State","Expenditure","E62","Current Operations - Police Protection","532,233"
"2024","Ohio","SF0342","Expenditure - Direct Expenditure - General Expenditure - Police Protection - Current Operations","State","Expenditure","E62","Current Operations - Police Protection","559,212"
"2012","Oklahoma","SF0342","Expenditure - Direct Expenditure - General Expenditure - Police Protection - Current Operations","State","Expenditure","E62","Current Operations - Police Protection","149,391"
"2013","Oklahoma","SF0342","Expenditure - Direct Expenditure - General Expenditure - Police Protection - Current Operations","State","Expenditure","E62","Current Operations - Police Protection","154,515"
"2014","Oklahoma","SF0342","Expenditure - Direct Expenditure - General Expenditure - Police Protection - Current Operations","State","Expenditure","E62","Current Operations - Police Protection","158,339"
"2015","Oklahoma","SF0342","Expenditure - Direct Expenditure - General Expenditure - Police Protection - Current Operations","State","Expenditure","E62","Current Operations - Police Protection","169,802"
"2016","Oklahoma","SF0342","Expenditure - Direct Expenditure - General Expenditure - Police Protection - Current Operations","State","Expenditure","E62","Current Operations - Police Protection","172,879"
"2017","Oklahoma","SF0342","Expenditure - Direct Expenditure - General Expenditure - Police Protection - Current Operations","State","Expenditure","E62","Current Operations - Police Protection","170,076"
"2018","Oklahoma","SF0342","Expenditure - Direct Expenditure - General Expenditure - Police Protection - Current Operations","State","Expenditure","E62","Current Operations - Police Protection","170,092"
"2019","Oklahoma","SF0342","Expenditure - Direct Expenditure - General Expenditure - Police Protection - Current Operations","State","Expenditure","E62","Current Operations - Police Protection","173,481"
"2020","Oklahoma","SF0342","Expenditure - Direct Expenditure - General Expenditure - Police Protection - Current Operations","State","Expenditure","E62","Current Operations - Police Protection","180,301"
"2021","Oklahoma","SF0342","Expenditure - Direct Expenditure - General Expenditure - Police Protection - Current Operations","State","Expenditure","E62","Current Operations - Police Protection","187,606"
"2022","Oklahoma","SF0342","Expenditure - Direct Expenditure - General Expenditure - Police Protection - Current Operations","State","Expenditure","E62","Current Operations - Police Protection","195,729"
"2023","Oklahoma","SF0342","Expenditure - Direct Expenditure - General Expenditure - Police Protection - Current Operations","State","Expenditure","E62","Current Operations - Police Protection","226,076"
"2024","Oklahoma","SF0342","Expenditure - Direct Expenditure - General Expenditure - Police Protection - Current Operations","State","Expenditure","E62","Current Operations - Police Protection","241,670"
"2012","Oregon","SF0342","Expenditure - Direct Expenditure - General Expenditure - Police Protection - Current Operations","State","Expenditure","E62","Current Operations - Police Protection","150,726"
"2013","Oregon","SF0342","Expenditure - Direct Expenditure - General Expenditure - Police Protection - Current Operations","State","Expenditure","E62","Current Operations - Police Protection","156,216"
"2014","Oregon","SF0342","Expenditure - Direct Expenditure - General Expenditure - Police Protection - Current Operations","State","Expenditure","E62","Current Operations - Police Protection","162,545"
"2015","Oregon","SF0342","Expenditure - Direct Expenditure - General Expenditure - Police Protection - Current Operations","State","Expenditure","E62","Current Operations - Police Protection","169,091"
"2016","Oregon","SF0342","Expenditure - Direct Expenditure - General Expenditure - Police Protection - Current Operations","State","Expenditure","E62","Current Operations - Police Protection","191,734"
"2017","Oregon","SF0342","Expenditure - Direct Expenditure - General Expenditure - Police Protection - Current Operations","State","Expenditure","E62","Current Operations - Police Protection","196,288"
"2018","Oregon","SF0342","Expenditure - Direct Expenditure - General Expenditure - Police Protection - Current Operations","State","Expenditure","E62","Current Operations - Police Protection","224,644"
"2019","Oregon","SF0342","Expenditure - Direct Expenditure - General Expenditure - Police Protection - Current Operations","State","Expenditure","E62","Current Operations - Police Protection","233,620"
"2020","Oregon","SF0342","Expenditure - Direct Expenditure - General Expenditure - Police Protection - Current Operations","State","Expenditure","E62","Current Operations - Police Protection","258,441"
"2021","Oregon","SF0342","Expenditure - Direct Expenditure - General Expenditure - Police Protection - Current Operations","State","Expenditure","E62","Current Operations - Police Protection","287,060"
"2022","Oregon","SF0342","Expenditure - Direct Expenditure - General Expenditure - Police Protection - Current Operations","State","Expenditure","E62","Current Operations - Police Protection","288,925"
"2023","Oregon","SF0342","Expenditure - Direct Expenditure - General Expenditure - Police Protection - Current Operations","State","Expenditure","E62","Current Operations - Police Protection","337,535"
"2024","Oregon","SF0342","Expenditure - Direct Expenditure - General Expenditure - Police Protection - Current Operations","State","Expenditure","E62","Current Operations - Police Protection","315,010"
"2012","Pennsylvania","SF0342","Expenditure - Direct Expenditure - General Expenditure - Police Protection - Current Operations","State","Expenditure","E62","Current Operations - Police Protection","847,426"
"2013","Pennsylvania","SF0342","Expenditure - Direct Expenditure - General Expenditure - Police Protection - Current Operations","State","Expenditure","E62","Current Operations - Police Protection","865,266"
"2014","Pennsylvania","SF0342","Expenditure - Direct Expenditure - General Expenditure - Police Protection - Current Operations","State","Expenditure","E62","Current Operations - Police Protection","920,329"
"2015","Pennsylvania","SF0342","Expenditure - Direct Expenditure - General Expenditure - Police Protection - Current Operations","State","Expenditure","E62","Current Operations - Police Protection","960,392"
"2016","Pennsylvania","SF0342","Expenditure - Direct Expenditure - General Expenditure - Police Protection - Current Operations","State","Expenditure","E62","Current Operations - Police Protection","997,119"
"2017","Pennsylvania","SF0342","Expenditure - Direct Expenditure - General Expenditure - Police Protection - Current Operations","State","Expenditure","E62","Current Operations - Police Protection","1,050,021"
"2018","Pennsylvania","SF0342","Expenditure - Direct Expenditure - General Expenditure - Police Protection - Current Operations","State","Expenditure","E62","Current Operations - Police Protection","1,072,586"
"2019","Pennsylvania","SF0342","Expenditure - Direct Expenditure - General Expenditure - Police Protection - Current Operations","State","Expenditure","E62","Current Operations - Police Protection","1,116,935"
"2020","Pennsylvania","SF0342","Expenditure - Direct Expenditure - General Expenditure - Police Protection - Current Operations","State","Expenditure","E62","Current Operations - Police Protection","1,373,016"
"2021","Pennsylvania","SF0342","Expenditure - Direct Expenditure - General Expenditure - Police Protection - Current Operations","State","Expenditure","E62","Current Operations - Police Protection","1,952,991"
"2022","Pennsylvania","SF0342","Expenditure - Direct Expenditure - General Expenditure - Police Protection - Current Operations","State","Expenditure","E62","Current Operations - Police Protection","1,627,397"
"2023","Pennsylvania","SF0342","Expenditure - Direct Expenditure - General Expenditure - Police Protection - Current Operations","State","Expenditure","E62","Current Operations - Police Protection","1,597,608"
"2024","Pennsylvania","SF0342","Expenditure - Direct Expenditure - General Expenditure - Police Protection - Current Operations","State","Expenditure","E62","Current Operations - Police Protection","1,666,893"
"2012","Rhode Island","SF0342","Expenditure - Direct Expenditure - General Expenditure - Police Protection - Current Operations","State","Expenditure","E62","Current Operations - Police Protection","70,509"
"2013","Rhode Island","SF0342","Expenditure - Direct Expenditure - General Expenditure - Police Protection - Current Operations","State","Expenditure","E62","Current Operations - Police Protection","71,918"
"2014","Rhode Island","SF0342","Expenditure - Direct Expenditure - General Expenditure - Police Protection - Current Operations","State","Expenditure","E62","Current Operations - Police Protection","77,924"
"2015","Rhode Island","SF0342","Expenditure - Direct Expenditure - General Expenditure - Police Protection - Current Operations","State","Expenditure","E62","Current Operations - Police Protection","80,791"
"2016","Rhode Island","SF0342","Expenditure - Direct Expenditure - General Expenditure - Police Protection - Current Operations","State","Expenditure","E62","Current Operations - Police Protection","79,128"
"2017","Rhode Island","SF0342","Expenditure - Direct Expenditure - General Expenditure - Police Protection - Current Operations","State","Expenditure","E62","Current Operations - Police Protection","84,759"
"2018","Rhode Island","SF0342","Expenditure - Direct Expenditure - General Expenditure - Police Protection - Current Operations","State","Expenditure","E62","Current Operations - Police Protection","88,037"
"2019","Rhode Island","SF0342","Expenditure - Direct Expenditure - General Expenditure - Police Protection - Current Operations","State","Expenditure","E62","Current Operations - Police Protection","91,358"
"2020","Rhode Island","SF0342","Expenditure - Direct Expenditure - General Expenditure - Police Protection - Current Operations","State","Expenditure","E62","Current Operations - Police Protection","125,575"
"2021","Rhode Island","SF0342","Expenditure - Direct Expenditure - General Expenditure - Police Protection - Current Operations","State","Expenditure","E62","Current Operations - Police Protection","123,667"
"2022","Rhode Island","SF0342","Expenditure - Direct Expenditure - General Expenditure - Police Protection - Current Operations","State","Expenditure","E62","Current Operations - Police Protection","124,314"
"2023","Rhode Island","SF0342","Expenditure - Direct Expenditure - General Expenditure - Police Protection - Current Operations","State","Expenditure","E62","Current Operations - Police Protection","129,675"
"2024","Rhode Island","SF0342","Expenditure - Direct Expenditure - General Expenditure - Police Protection - Current Operations","State","Expenditure","E62","Current Operations - Police Protection","139,335"
"2012","South Carolina","SF0342","Expenditure - Direct Expenditure - General Expenditure - Police Protection - Current Operations","State","Expenditure","E62","Current Operations - Police Protection","146,317"
"2013","South Carolina","SF0342","Expenditure - Direct Expenditure - General Expenditure - Police Protection - Current Operations","State","Expenditure","E62","Current Operations - Police Protection","149,316"
"2014","South Carolina","SF0342","Expenditure - Direct Expenditure - General Expenditure - Police Protection - Current Operations","State","Expenditure","E62","Current Operations - Police Protection","153,669"
"2015","South Carolina","SF0342","Expenditure - Direct Expenditure - General Expenditure - Police Protection - Current Operations","State","Expenditure","E62","Current Operations - Police Protection","154,596"
"2016","South Carolina","SF0342","Expenditure - Direct Expenditure - General Expenditure - Police Protection - Current Operations","State","Expenditure","E62","Current Operations - Police Protection","166,135"
"2017","South Carolina","SF0342","Expenditure - Direct Expenditure - General Expenditure - Police Protection - Current Operations","State","Expenditure","E62","Current Operations - Police Protection","178,599"
"2018","South Carolina","SF0342","Expenditure - Direct Expenditure - General Expenditure - Police Protection - Current Operations","State","Expenditure","E62","Current Operations - Police Protection","163,425"
"2019","South Carolina","SF0342","Expenditure - Direct Expenditure - General Expenditure - Police Protection - Current Operations","State","Expenditure","E62","Current Operations - Police Protection","172,106"
"2020","South Carolina","SF0342","Expenditure - Direct Expenditure - General Expenditure - Police Protection - Current Operations","State","Expenditure","E62","Current Operations - Police Protection","207,859"
"2021","South Carolina","SF0342","Expenditure - Direct Expenditure - General Expenditure - Police Protection - Current Operations","State","Expenditure","E62","Current Operations - Police Protection","207,656"
"2022","South Carolina","SF0342","Expenditure - Direct Expenditure - General Expenditure - Police Protection - Current Operations","State","Expenditure","E62","Current Operations - Police Protection","240,934"
"2023","South Carolina","SF0342","Expenditure - Direct Expenditure - General Expenditure - Police Protection - Current Operations","State","Expenditure","E62","Current Operations - Police Protection","304,085"
"2024","South Carolina","SF0342","Expenditure - Direct Expenditure - General Expenditure - Police Protection - Current Operations","State","Expenditure","E62","Current Operations - Police Protection","336,470"
"2012","South Dakota","SF0342","Expenditure - Direct Expenditure - General Expenditure - Police Protection - Current Operations","State","Expenditure","E62","Current Operations - Police Protection","32,070"
"2013","South Dakota","SF0342","Expenditure - Direct Expenditure - General Expenditure - Police Protection - Current Operations","State","Expenditure","E62","Current Operations - Police Protection","33,646"
"2014","South Dakota","SF0342","Expenditure - Direct Expenditure - General Expenditure - Police Protection - Current Operations","State","Expenditure","E62","Current Operations - Police Protection","36,916"
"2015","South Dakota","SF0342","Expenditure - Direct Expenditure - General Expenditure - Police Protection - Current Operations","State","Expenditure","E62","Current Operations - Police Protection","40,299"
"2016","South Dakota","SF0342","Expenditure - Direct Expenditure - General Expenditure - Police Protection - Current Operations","State","Expenditure","E62","Current Operations - Police Protection","40,905"
"2017","South Dakota","SF0342","Expenditure - Direct Expenditure - General Expenditure - Police Protection - Current Operations","State","Expenditure","E62","Current Operations - Police Protection","45,213"
"2018","South Dakota","SF0342","Expenditure - Direct Expenditure - General Expenditure - Police Protection - Current Operations","State","Expenditure","E62","Current Operations - Police Protection","47,469"
"2019","South Dakota","SF0342","Expenditure - Direct Expenditure - General Expenditure - Police Protection - Current Operations","State","Expenditure","E62","Current Operations - Police Protection","46,568"
"2020","South Dakota","SF0342","Expenditure - Direct Expenditure - General Expenditure - Police Protection - Current Operations","State","Expenditure","E62","Current Operations - Police Protection","49,878"
"2021","South Dakota","SF0342","Expenditure - Direct Expenditure - General Expenditure - Police Protection - Current Operations","State","Expenditure","E62","Current Operations - Police Protection","53,133"
"2022","South Dakota","SF0342","Expenditure - Direct Expenditure - General Expenditure - Police Protection - Current Operations","State","Expenditure","E62","Current Operations - Police Protection","58,853"
"2023","South Dakota","SF0342","Expenditure - Direct Expenditure - General Expenditure - Police Protection - Current Operations","State","Expenditure","E62","Current Operations - Police Protection","60,272"
"2024","South Dakota","SF0342","Expenditure - Direct Expenditure - General Expenditure - Police Protection - Current Operations","State","Expenditure","E62","Current Operations - Police Protection","67,858"
"2012","Tennessee","SF0342","Expenditure - Direct Expenditure - General Expenditure - Police Protection - Current Operations","State","Expenditure","E62","Current Operations - Police Protection","168,721"
"2013","Tennessee","SF0342","Expenditure - Direct Expenditure - General Expenditure - Police Protection - Current Operations","State","Expenditure","E62","Current Operations - Police Protection","180,635"
"2014","Tennessee","SF0342","Expenditure - Direct Expenditure - General Expenditure - Police Protection - Current Operations","State","Expenditure","E62","Current Operations - Police Protection","191,089"
"2015","Tennessee","SF0342","Expenditure - Direct Expenditure - General Expenditure - Police Protection - Current Operations","State","Expenditure","E62","Current Operations - Police Protection","200,857"
"2016","Tennessee","SF0342","Expenditure - Direct Expenditure - General Expenditure - Police Protection - Current Operations","State","Expenditure","E62","Current Operations - Police Protection","203,545"
"2017","Tennessee","SF0342","Expenditure - Direct Expenditure - General Expenditure - Police Protection - Current Operations","State","Expenditure","E62","Current Operations - Police Protection","213,848"
"2018","Tennessee","SF0342","Expenditure - Direct Expenditure - General Expenditure - Police Protection - Current Operations","State","Expenditure","E62","Current Operations - Police Protection","217,724"
"2019","Tennessee","SF0342","Expenditure - Direct Expenditure - General Expenditure - Police Protection - Current Operations","State","Expenditure","E62","Current Operations - Police Protection","227,942"
"2020","Tennessee","SF0342","Expenditure - Direct Expenditure - General Expenditure - Police Protection - Current Operations","State","Expenditure","E62","Current Operations - Police Protection","266,586"
"2021","Tennessee","SF0342","Expenditure - Direct Expenditure - General Expenditure - Police Protection - Current Operations","State","Expenditure","E62","Current Operations - Police Protection","268,728"
"2022","Tennessee","SF0342","Expenditure - Direct Expenditure - General Expenditure - Police Protection - Current Operations","State","Expenditure","E62","Current Operations - Police Protection","299,930"
"2023","Tennessee","SF0342","Expenditure - Direct Expenditure - General Expenditure - Police Protection - Current Operations","State","Expenditure","E62","Current Operations - Police Protection","323,507"
"2024","Tennessee","SF0342","Expenditure - Direct Expenditure - General Expenditure - Police Protection - Current Operations","State","Expenditure","E62","Current Operations - Police Protection","436,572"
"2012","Texas","SF0342","Expenditure - Direct Expenditure - General Expenditure - Police Protection - Current Operations","State","Expenditure","E62","Current Operations - Police Protection","767,126"
"2013","Texas","SF0342","Expenditure - Direct Expenditure - General Expenditure - Police Protection - Current Operations","State","Expenditure","E62","Current Operations - Police Protection","786,411"
"2014","Texas","SF0342","Expenditure - Direct Expenditure - General Expenditure - Police Protection - Current Operations","State","Expenditure","E62","Current Operations - Police Protection","851,176"
"2015","Texas","SF0342","Expenditure - Direct Expenditure - General Expenditure - Police Protection - Current Operations","State","Expenditure","E62","Current Operations - Police Protection","951,791"
"2016","Texas","SF0342","Expenditure - Direct Expenditure - General Expenditure - Police Protection - Current Operations","State","Expenditure","E62","Current Operations - Police Protection","1,094,279"
"2017","Texas","SF0342","Expenditure - Direct Expenditure - General Expenditure - Police Protection - Current Operations","State","Expenditure","E62","Current Operations - Police Protection","1,167,717"
"2018","Texas","SF0342","Expenditure - Direct Expenditure - General Expenditure - Police Protection - Current Operations","State","Expenditure","E62","Current Operations - Police Protection","1,194,887"
"2019","Texas","SF0342","Expenditure - Direct Expenditure - General Expenditure - Police Protection - Current Operations","State","Expenditure","E62","Current Operations - Police Protection","1,061,830"
"2020","Texas","SF0342","Expenditure - Direct Expenditure - General Expenditure - Police Protection - Current Operations","State","Expenditure","E62","Current Operations - Police Protection","1,225,042"
"2021","Texas","SF0342","Expenditure - Direct Expenditure - General Expenditure - Police Protection - Current Operations","State","Expenditure","E62","Current Operations - Police Protection","1,300,906"
"2022","Texas","SF0342","Expenditure - Direct Expenditure - General Expenditure - Police Protection - Current Operations","State","Expenditure","E62","Current Operations - Police Protection","1,466,438"
"2023","Texas","SF0342","Expenditure - Direct Expenditure - General Expenditure - Police Protection - Current Operations","State","Expenditure","E62","Current Operations - Police Protection","1,706,656"
"2024","Texas","SF0342","Expenditure - Direct Expenditure - General Expenditure - Police Protection - Current Operations","State","Expenditure","E62","Current Operations - Police Protection","1,653,697"
"2012","Utah","SF0342","Expenditure - Direct Expenditure - General Expenditure - Police Protection - Current Operations","State","Expenditure","E62","Current Operations - Police Protection","139,564"
"2013","Utah","SF0342","Expenditure - Direct Expenditure - General Expenditure - Police Protection - Current Operations","State","Expenditure","E62","Current Operations - Police Protection","142,407"
"2014","Utah","SF0342","Expenditure - Direct Expenditure - General Expenditure - Police Protection - Current Operations","State","Expenditure","E62","Current Operations - Police Protection","145,607"
"2015","Utah","SF0342","Expenditure - Direct Expenditure - General Expenditure - Police Protection - Current Operations","State","Expenditure","E62","Current Operations - Police Protection","137,290"
"2016","Utah","SF0342","Expenditure - Direct Expenditure - General Expenditure - Police Protection - Current Operations","State","Expenditure","E62","Current Operations - Police Protection","143,801"
"2017","Utah","SF0342","Expenditure - Direct Expenditure - General Expenditure - Police Protection - Current Operations","State","Expenditure","E62","Current Operations - Police Protection","130,167"
"2018","Utah","SF0342","Expenditure - Direct Expenditure - General Expenditure - Police Protection - Current Operations","State","Expenditure","E62","Current Operations - Police Protection","140,327"
"2019","Utah","SF0342","Expenditure - Direct Expenditure - General Expenditure - Police Protection - Current Operations","State","Expenditure","E62","Current Operations - Police Protection","143,693"
"2020","Utah","SF0342","Expenditure - Direct Expenditure - General Expenditure - Police Protection - Current Operations","State","Expenditure","E62","Current Operations - Police Protection","178,234"
"2021","Utah","SF0342","Expenditure - Direct Expenditure - General Expenditure - Police Protection - Current Operations","State","Expenditure","E62","Current Operations - Police Protection","168,890"
"2022","Utah","SF0342","Expenditure - Direct Expenditure - General Expenditure - Police Protection - Current Operations","State","Expenditure","E62","Current Operations - Police Protection","194,855"
"2023","Utah","SF0342","Expenditure - Direct Expenditure - General Expenditure - Police Protection - Current Operations","State","Expenditure","E62","Current Operations - Police Protection","229,327"
"2024","Utah","SF0342","Expenditure - Direct Expenditure - General Expenditure - Police Protection - Current Operations","State","Expenditure","E62","Current Operations - Police Protection","259,286"
"2012","Vermont","SF0342","Expenditure - Direct Expenditure - General Expenditure - Police Protection - Current Operations","State","Expenditure","E62","Current Operations - Police Protection","74,524"
"2013","Vermont","SF0342","Expenditure - Direct Expenditure - General Expenditure - Police Protection - Current Operations","State","Expenditure","E62","Current Operations - Police Protection","71,749"
"2014","Vermont","SF0342","Expenditure - Direct Expenditure - General Expenditure - Police Protection - Current Operations","State","Expenditure","E62","Current Operations - Police Protection","81,090"
"2015","Vermont","SF0342","Expenditure - Direct Expenditure - General Expenditure - Police Protection - Current Operations","State","Expenditure","E62","Current Operations - Police Protection","85,922"
"2016","Vermont","SF0342","Expenditure - Direct Expenditure - General Expenditure - Police Protection - Current Operations","State","Expenditure","E62","Current Operations - Police Protection","73,795"
"2017","Vermont","SF0342","Expenditure - Direct Expenditure - General Expenditure - Police Protection - Current Operations","State","Expenditure","E62","Current Operations - Police Protection","75,466"
"2018","Vermont","SF0342","Expenditure - Direct Expenditure - General Expenditure - Police Protection - Current Operations","State","Expenditure","E62","Current Operations - Police Protection","77,719"
"2019","Vermont","SF0342","Expenditure - Direct Expenditure - General Expenditure - Police Protection - Current Operations","State","Expenditure","E62","Current Operations - Police Protection","83,486"
"2020","Vermont","SF0342","Expenditure - Direct Expenditure - General Expenditure - Police Protection - Current Operations","State","Expenditure","E62","Current Operations - Police Protection","96,752"
"2021","Vermont","SF0342","Expenditure - Direct Expenditure - General Expenditure - Police Protection - Current Operations","State","Expenditure","E62","Current Operations - Police Protection","161,172"
"2022","Vermont","SF0342","Expenditure - Direct Expenditure - General Expenditure - Police Protection - Current Operations","State","Expenditure","E62","Current Operations - Police Protection","90,316"
"2023","Vermont","SF0342","Expenditure - Direct Expenditure - General Expenditure - Police Protection - Current Operations","State","Expenditure","E62","Current Operations - Police Protection","99,654"
"2024","Vermont","SF0342","Expenditure - Direct Expenditure - General Expenditure - Police Protection - Current Operations","State","Expenditure","E62","Current Operations - Police Protection","108,610"
"2012","Virginia","SF0342","Expenditure - Direct Expenditure - General Expenditure - Police Protection - Current Operations","State","Expenditure","E62","Current Operations - Police Protection","292,741"
"2013","Virginia","SF0342","Expenditure - Direct Expenditure - General Expenditure - Police Protection - Current Operations","State","Expenditure","E62","Current Operations - Police Protection","306,701"
"2014","Virginia","SF0342","Expenditure - Direct Expenditure - General Expenditure - Police Protection - Current Operations","State","Expenditure","E62","Current Operations - Police Protection","318,508"
"2015","Virginia","SF0342","Expenditure - Direct Expenditure - General Expenditure - Police Protection - Current Operations","State","Expenditure","E62","Current Operations - Police Protection","352,654"
"2016","Virginia","SF0342","Expenditure - Direct Expenditure - General Expenditure - Police Protection - Current Operations","State","Expenditure","E62","Current Operations - Police Protection","362,840"
"2017","Virginia","SF0342","Expenditure - Direct Expenditure - General Expenditure - Police Protection - Current Operations","State","Expenditure","E62","Current Operations - Police Protection","381,036"
"2018","Virginia","SF0342","Expenditure - Direct Expenditure - General Expenditure - Police Protection - Current Operations","State","Expenditure","E62","Current Operations - Police Protection","405,200"
"2019","Virginia","SF0342","Expenditure - Direct Expenditure - General Expenditure - Police Protection - Current Operations","State","Expenditure","E62","Current Operations - Police Protection","422,123"
"2020","Virginia","SF0342","Expenditure - Direct Expenditure - General Expenditure - Police Protection - Current Operations","State","Expenditure","E62","Current Operations - Police Protection","459,770"
"2021","Virginia","SF0342","Expenditure - Direct Expenditure - General Expenditure - Police Protection - Current Operations","State","Expenditure","E62","Current Operations - Police Protection","515,677"
"2022","Virginia","SF0342","Expenditure - Direct Expenditure - General Expenditure - Police Protection - Current Operations","State","Expenditure","E62","Current Operations - Police Protection","552,473"
"2023","Virginia","SF0342","Expenditure - Direct Expenditure - General Expenditure - Police Protection - Current Operations","State","Expenditure","E62","Current Operations - Police Protection","640,116"
"2024","Virginia","SF0342","Expenditure - Direct Expenditure - General Expenditure - Police Protection - Current Operations","State","Expenditure","E62","Current Operations - Police Protection","675,395"
"2012","Washington","SF0342","Expenditure - Direct Expenditure - General Expenditure - Police Protection - Current Operations","State","Expenditure","E62","Current Operations - Police Protection","224,870"
"2013","Washington","SF0342","Expenditure - Direct Expenditure - General Expenditure - Police Protection - Current Operations","State","Expenditure","E62","Current Operations - Police Protection","234,413"
"2014","Washington","SF0342","Expenditure - Direct Expenditure - General Expenditure - Police Protection - Current Operations","State","Expenditure","E62","Current Operations - Police Protection","231,997"
"2015","Washington","SF0342","Expenditure - Direct Expenditure - General Expenditure - Police Protection - Current Operations","State","Expenditure","E62","Current Operations - Police Protection","247,777"
"2016","Washington","SF0342","Expenditure - Direct Expenditure - General Expenditure - Police Protection - Current Operations","State","Expenditure","E62","Current Operations - Police Protection","263,268"
"2017","Washington","SF0342","Expenditure - Direct Expenditure - General Expenditure - Police Protection - Current Operations","State","Expenditure","E62","Current Operations - Police Protection","267,123"
"2018","Washington","SF0342","Expenditure - Direct Expenditure - General Expenditure - Police Protection - Current Operations","State","Expenditure","E62","Current Operations - Police Protection","294,826"
"2019","Washington","SF0342","Expenditure - Direct Expenditure - General Expenditure - Police Protection - Current Operations","State","Expenditure","E62","Current Operations - Police Protection","299,944"
"2020","Washington","SF0342","Expenditure - Direct Expenditure - General Expenditure - Police Protection - Current Operations","State","Expenditure","E62","Current Operations - Police Protection","333,224"
"2021","Washington","SF0342","Expenditure - Direct Expenditure - General Expenditure - Police Protection - Current Operations","State","Expenditure","E62","Current Operations - Police Protection","356,525"
"2022","Washington","SF0342","Expenditure - Direct Expenditure - General Expenditure - Police Protection - Current Operations","State","Expenditure","E62","Current Operations - Police Protection","352,452"
"2023","Washington","SF0342","Expenditure - Direct Expenditure - General Expenditure - Police Protection - Current Operations","State","Expenditure","E62","Current Operations - Police Protection","393,151"
"2024","Washington","SF0342","Expenditure - Direct Expenditure - General Expenditure - Police Protection - Current Operations","State","Expenditure","E62","Current Operations - Police Protection","436,853"
"2012","West Virginia","SF0342","Expenditure - Direct Expenditure - General Expenditure - Police Protection - Current Operations","State","Expenditure","E62","Current Operations - Police Protection","70,624"
"2013","West Virginia","SF0342","Expenditure - Direct Expenditure - General Expenditure - Police Protection - Current Operations","State","Expenditure","E62","Current Operations - Police Protection","71,247"
"2014","West Virginia","SF0342","Expenditure - Direct Expenditure - General Expenditure - Police Protection - Current Operations","State","Expenditure","E62","Current Operations - Police Protection","72,283"
"2015","West Virginia","SF0342","Expenditure - Direct Expenditure - General Expenditure - Police Protection - Current Operations","State","Expenditure","E62","Current Operations - Police Protection","69,128"
"2016","West Virginia","SF0342","Expenditure - Direct Expenditure - General Expenditure - Police Protection - Current Operations","State","Expenditure","E62","Current Operations - Police Protection","72,949"
"2017","West Virginia","SF0342","Expenditure - Direct Expenditure - General Expenditure - Police Protection - Current Operations","State","Expenditure","E62","Current Operations - Police Protection","74,138"
"2018","West Virginia","SF0342","Expenditure - Direct Expenditure - General Expenditure - Police Protection - Current Operations","State","Expenditure","E62","Current Operations - Police Protection","72,847"
"2019","West Virginia","SF0342","Expenditure - Direct Expenditure - General Expenditure - Police Protection - Current Operations","State","Expenditure","E62","Current Operations - Police Protection","82,306"
"2020","West Virginia","SF0342","Expenditure - Direct Expenditure - General Expenditure - Police Protection - Current Operations","State","Expenditure","E62","Current Operations - Police Protection","108,143"
"2021","West Virginia","SF0342","Expenditure - Direct Expenditure - General Expenditure - Police Protection - Current Operations","State","Expenditure","E62","Current Operations - Police Protection","114,772"
"2022","West Virginia","SF0342","Expenditure - Direct Expenditure - General Expenditure - Police Protection - Current Operations","State","Expenditure","E62","Current Operations - Police Protection","90,574"
"2023","West Virginia","SF0342","Expenditure - Direct Expenditure - General Expenditure - Police Protection - Current Operations","State","Expenditure","E62","Current Operations - Police Protection","109,649"
"2024","West Virginia","SF0342","Expenditure - Direct Expenditure - General Expenditure - Police Protection - Current Operations","State","Expenditure","E62","Current Operations - Police Protection","121,478"
"2012","Wisconsin","SF0342","Expenditure - Direct Expenditure - General Expenditure - Police Protection - Current Operations","State","Expenditure","E62","Current Operations - Police Protection","96,783"
"2013","Wisconsin","SF0342","Expenditure - Direct Expenditure - General Expenditure - Police Protection - Current Operations","State","Expenditure","E62","Current Operations - Police Protection","82,037"
"2014","Wisconsin","SF0342","Expenditure - Direct Expenditure - General Expenditure - Police Protection - Current Operations","State","Expenditure","E62","Current Operations - Police Protection","84,778"
"2015","Wisconsin","SF0342","Expenditure - Direct Expenditure - General Expenditure - Police Protection - Current Operations","State","Expenditure","E62","Current Operations - Police Protection","89,072"
"2016","Wisconsin","SF0342","Expenditure - Direct Expenditure - General Expenditure - Police Protection - Current Operations","State","Expenditure","E62","Current Operations - Police Protection","103,946"
"2017","Wisconsin","SF0342","Expenditure - Direct Expenditure - General Expenditure - Police Protection - Current Operations","State","Expenditure","E62","Current Operations - Police Protection","44,275"
"2018","Wisconsin","SF0342","Expenditure - Direct Expenditure - General Expenditure - Police Protection - Current Operations","State","Expenditure","E62","Current Operations - Police Protection","44,476"
"2019","Wisconsin","SF0342","Expenditure - Direct Expenditure - General Expenditure - Police Protection - Current Operations","State","Expenditure","E62","Current Operations - Police Protection","44,293"
"2020","Wisconsin","SF0342","Expenditure - Direct Expenditure - General Expenditure - Police Protection - Current Operations","State","Expenditure","E62","Current Operations - Police Protection","47,026"
"2021","Wisconsin","SF0342","Expenditure - Direct Expenditure - General Expenditure - Police Protection - Current Operations","State","Expenditure","E62","Current Operations - Police Protection","46,676"
"2022","Wisconsin","SF0342","Expenditure - Direct Expenditure - General Expenditure - Police Protection - Current Operations","State","Expenditure","E62","Current Operations - Police Protection","47,808"
"2023","Wisconsin","SF0342","Expenditure - Direct Expenditure - General Expenditure - Police Protection - Current Operations","State","Expenditure","E62","Current Operations - Police Protection","50,706"
"2024","Wisconsin","SF0342","Expenditure - Direct Expenditure - General Expenditure - Police Protection - Current Operations","State","Expenditure","E62","Current Operations - Police Protection","57,297"
"2012","Wyoming","SF0342","Expenditure - Direct Expenditure - General Expenditure - Police Protection - Current Operations","State","Expenditure","E62","Current Operations - Police Protection","38,676"
"2013","Wyoming","SF0342","Expenditure - Direct Expenditure - General Expenditure - Police Protection - Current Operations","State","Expenditure","E62","Current Operations - Police Protection","38,435"
"2014","Wyoming","SF0342","Expenditure - Direct Expenditure - General Expenditure - Police Protection - Current Operations","State","Expenditure","E62","Current Operations - Police Protection","37,797"
"2015","Wyoming","SF0342","Expenditure - Direct Expenditure - General Expenditure - Police Protection - Current Operations","State","Expenditure","E62","Current Operations - Police Protection","39,165"
"2016","Wyoming","SF0342","Expenditure - Direct Expenditure - General Expenditure - Police Protection - Current Operations","State","Expenditure","E62","Current Operations - Police Protection","39,649"
"2017","Wyoming","SF0342","Expenditure - Direct Expenditure - General Expenditure - Police Protection - Current Operations","State","Expenditure","E62","Current Operations - Police Protection","38,809"
"2018","Wyoming","SF0342","Expenditure - Direct Expenditure - General Expenditure - Police Protection - Current Operations","State","Expenditure","E62","Current Operations - Police Protection","39,523"
"2019","Wyoming","SF0342","Expenditure - Direct Expenditure - General Expenditure - Police Protection - Current Operations","State","Expenditure","E62","Current Operations - Police Protection","39,796"
"2020","Wyoming","SF0342","Expenditure - Direct Expenditure - General Expenditure - Police Protection - Current Operations","State","Expenditure","E62","Current Operations - Police Protection","47,412"
"2021","Wyoming","SF0342","Expenditure - Direct Expenditure - General Expenditure - Police Protection - Current Operations","State","Expenditure","E62","Current Operations - Police Protection","47,042"
"2022","Wyoming","SF0342","Expenditure - Direct Expenditure - General Expenditure - Police Protection - Current Operations","State","Expenditure","E62","Current Operations - Police Protection","44,977"
"2023","Wyoming","SF0342","Expenditure - Direct Expenditure - General Expenditure - Police Protection - Current Operations","State","Expenditure","E62","Current Operations - Police Protection","51,304"
"2024","Wyoming","SF0342","Expenditure - Direct Expenditure - General Expenditure - Police Protection - Current Operations","State","Expenditure","E62","Current Operations - Police Protection","52,415"
"2012","United States","SF0344","Expenditure - Direct Expenditure - General Expenditure - Police Protection - Capital Outlay - Construction","State","Expenditure","F62","Capital Expenditures/Construction only (before 2022) - Police Protection","180,840"
"2013","United States","SF0344","Expenditure - Direct Expenditure - General Expenditure - Police Protection - Capital Outlay - Construction","State","Expenditure","F62","Capital Expenditures/Construction only (before 2022) - Police Protection","145,727"
"2014","United States","SF0344","Expenditure - Direct Expenditure - General Expenditure - Police Protection - Capital Outlay - Construction","State","Expenditure","F62","Capital Expenditures/Construction only (before 2022) - Police Protection","74,131"
"2015","United States","SF0344","Expenditure - Direct Expenditure - General Expenditure - Police Protection - Capital Outlay - Construction","State","Expenditure","F62","Capital Expenditures/Construction only (before 2022) - Police Protection","110,303"
"2016","United States","SF0344","Expenditure - Direct Expenditure - General Expenditure - Police Protection - Capital Outlay - Construction","State","Expenditure","F62","Capital Expenditures/Construction only (before 2022) - Police Protection","115,871"
"2017","United States","SF0344","Expenditure - Direct Expenditure - General Expenditure - Police Protection - Capital Outlay - Construction","State","Expenditure","F62","Capital Expenditures/Construction only (before 2022) - Police Protection","154,400"
"2018","United States","SF0344","Expenditure - Direct Expenditure - General Expenditure - Police Protection - Capital Outlay - Construction","State","Expenditure","F62","Capital Expenditures/Construction only (before 2022) - Police Protection","111,082"
"2019","United States","SF0344","Expenditure - Direct Expenditure - General Expenditure - Police Protection - Capital Outlay - Construction","State","Expenditure","F62","Capital Expenditures/Construction only (before 2022) - Police Protection","100,220"
"2020","United States","SF0344","Expenditure - Direct Expenditure - General Expenditure - Police Protection - Capital Outlay - Construction","State","Expenditure","F62","Capital Expenditures/Construction only (before 2022) - Police Protection","284,754"
"2021","United States","SF0344","Expenditure - Direct Expenditure - General Expenditure - Police Protection - Capital Outlay - Construction","State","Expenditure","F62","Capital Expenditures/Construction only (before 2022) - Police Protection","236,756"
"2012","Alabama","SF0344","Expenditure - Direct Expenditure - General Expenditure - Police Protection - Capital Outlay - Construction","State","Expenditure","F62","Capital Expenditures/Construction only (before 2022) - Police Protection","8"
"2013","Alabama","SF0344","Expenditure - Direct Expenditure - General Expenditure - Police Protection - Capital Outlay - Construction","State","Expenditure","F62","Capital Expenditures/Construction only (before 2022) - Police Protection","2"
"2014","Alabama","SF0344","Expenditure - Direct Expenditure - General Expenditure - Police Protection - Capital Outlay - Construction","State","Expenditure","F62","Capital Expenditures/Construction only (before 2022) - Police Protection","0"
"2015","Alabama","SF0344","Expenditure - Direct Expenditure - General Expenditure - Police Protection - Capital Outlay - Construction","State","Expenditure","F62","Capital Expenditures/Construction only (before 2022) - Police Protection","0"
"2016","Alabama","SF0344","Expenditure - Direct Expenditure - General Expenditure - Police Protection - Capital Outlay - Construction","State","Expenditure","F62","Capital Expenditures/Construction only (before 2022) - Police Protection","0"
"2017","Alabama","SF0344","Expenditure - Direct Expenditure - General Expenditure - Police Protection - Capital Outlay - Construction","State","Expenditure","F62","Capital Expenditures/Construction only (before 2022) - Police Protection","436"
"2018","Alabama","SF0344","Expenditure - Direct Expenditure - General Expenditure - Police Protection - Capital Outlay - Construction","State","Expenditure","F62","Capital Expenditures/Construction only (before 2022) - Police Protection","679"
"2019","Alabama","SF0344","Expenditure - Direct Expenditure - General Expenditure - Police Protection - Capital Outlay - Construction","State","Expenditure","F62","Capital Expenditures/Construction only (before 2022) - Police Protection","185"
"2020","Alabama","SF0344","Expenditure - Direct Expenditure - General Expenditure - Police Protection - Capital Outlay - Construction","State","Expenditure","F62","Capital Expenditures/Construction only (before 2022) - Police Protection","29"
"2021","Alabama","SF0344","Expenditure - Direct Expenditure - General Expenditure - Police Protection - Capital Outlay - Construction","State","Expenditure","F62","Capital Expenditures/Construction only (before 2022) - Police Protection","61"
"2012","Alaska","SF0344","Expenditure - Direct Expenditure - General Expenditure - Police Protection - Capital Outlay - Construction","State","Expenditure","F62","Capital Expenditures/Construction only (before 2022) - Police Protection","353"
"2013","Alaska","SF0344","Expenditure - Direct Expenditure - General Expenditure - Police Protection - Capital Outlay - Construction","State","Expenditure","F62","Capital Expenditures/Construction only (before 2022) - Police Protection","2,228"
"2014","Alaska","SF0344","Expenditure - Direct Expenditure - General Expenditure - Police Protection - Capital Outlay - Construction","State","Expenditure","F62","Capital Expenditures/Construction only (before 2022) - Police Protection","42"
"2015","Alaska","SF0344","Expenditure - Direct Expenditure - General Expenditure - Police Protection - Capital Outlay - Construction","State","Expenditure","F62","Capital Expenditures/Construction only (before 2022) - Police Protection","1"
"2016","Alaska","SF0344","Expenditure - Direct Expenditure - General Expenditure - Police Protection - Capital Outlay - Construction","State","Expenditure","F62","Capital Expenditures/Construction only (before 2022) - Police Protection","71"
"2017","Alaska","SF0344","Expenditure - Direct Expenditure - General Expenditure - Police Protection - Capital Outlay - Construction","State","Expenditure","F62","Capital Expenditures/Construction only (before 2022) - Police Protection","0"
"2018","Alaska","SF0344","Expenditure - Direct Expenditure - General Expenditure - Police Protection - Capital Outlay - Construction","State","Expenditure","F62","Capital Expenditures/Construction only (before 2022) - Police Protection","415"
"2019","Alaska","SF0344","Expenditure - Direct Expenditure - General Expenditure - Police Protection - Capital Outlay - Construction","State","Expenditure","F62","Capital Expenditures/Construction only (before 2022) - Police Protection","232"
"2020","Alaska","SF0344","Expenditure - Direct Expenditure - General Expenditure - Police Protection - Capital Outlay - Construction","State","Expenditure","F62","Capital Expenditures/Construction only (before 2022) - Police Protection","14"
"2021","Alaska","SF0344","Expenditure - Direct Expenditure - General Expenditure - Police Protection - Capital Outlay - Construction","State","Expenditure","F62","Capital Expenditures/Construction only (before 2022) - Police Protection","0"
"2012","Arizona","SF0344","Expenditure - Direct Expenditure - General Expenditure - Police Protection - Capital Outlay - Construction","State","Expenditure","F62","Capital Expenditures/Construction only (before 2022) - Police Protection","430"
"2013","Arizona","SF0344","Expenditure - Direct Expenditure - General Expenditure - Police Protection - Capital Outlay - Construction","State","Expenditure","F62","Capital Expenditures/Construction only (before 2022) - Police Protection","55"
"2014","Arizona","SF0344","Expenditure - Direct Expenditure - General Expenditure - Police Protection - Capital Outlay - Construction","State","Expenditure","F62","Capital Expenditures/Construction only (before 2022) - Police Protection","109"
"2015","Arizona","SF0344","Expenditure - Direct Expenditure - General Expenditure - Police Protection - Capital Outlay - Construction","State","Expenditure","F62","Capital Expenditures/Construction only (before 2022) - Police Protection","21"
"2016","Arizona","SF0344","Expenditure - Direct Expenditure - General Expenditure - Police Protection - Capital Outlay - Construction","State","Expenditure","F62","Capital Expenditures/Construction only (before 2022) - Police Protection","0"
"2017","Arizona","SF0344","Expenditure - Direct Expenditure - General Expenditure - Police Protection - Capital Outlay - Construction","State","Expenditure","F62","Capital Expenditures/Construction only (before 2022) - Police Protection","0"
"2018","Arizona","SF0344","Expenditure - Direct Expenditure - General Expenditure - Police Protection - Capital Outlay - Construction","State","Expenditure","F62","Capital Expenditures/Construction only (before 2022) - Police Protection","67"
"2019","Arizona","SF0344","Expenditure - Direct Expenditure - General Expenditure - Police Protection - Capital Outlay - Construction","State","Expenditure","F62","Capital Expenditures/Construction only (before 2022) - Police Protection","0"
"2020","Arizona","SF0344","Expenditure - Direct Expenditure - General Expenditure - Police Protection - Capital Outlay - Construction","State","Expenditure","F62","Capital Expenditures/Construction only (before 2022) - Police Protection","114"
"2021","Arizona","SF0344","Expenditure - Direct Expenditure - General Expenditure - Police Protection - Capital Outlay - Construction","State","Expenditure","F62","Capital Expenditures/Construction only (before 2022) - Police Protection","364"
"2012","Arkansas","SF0344","Expenditure - Direct Expenditure - General Expenditure - Police Protection - Capital Outlay - Construction","State","Expenditure","F62","Capital Expenditures/Construction only (before 2022) - Police Protection","0"
"2013","Arkansas","SF0344","Expenditure - Direct Expenditure - General Expenditure - Police Protection - Capital Outlay - Construction","State","Expenditure","F62","Capital Expenditures/Construction only (before 2022) - Police Protection","0"
"2014","Arkansas","SF0344","Expenditure - Direct Expenditure - General Expenditure - Police Protection - Capital Outlay - Construction","State","Expenditure","F62","Capital Expenditures/Construction only (before 2022) - Police Protection","0"
"2015","Arkansas","SF0344","Expenditure - Direct Expenditure - General Expenditure - Police Protection - Capital Outlay - Construction","State","Expenditure","F62","Capital Expenditures/Construction only (before 2022) - Police Protection","1"
"2016","Arkansas","SF0344","Expenditure - Direct Expenditure - General Expenditure - Police Protection - Capital Outlay - Construction","State","Expenditure","F62","Capital Expenditures/Construction only (before 2022) - Police Protection","2"
"2017","Arkansas","SF0344","Expenditure - Direct Expenditure - General Expenditure - Police Protection - Capital Outlay - Construction","State","Expenditure","F62","Capital Expenditures/Construction only (before 2022) - Police Protection","0"
"2018","Arkansas","SF0344","Expenditure - Direct Expenditure - General Expenditure - Police Protection - Capital Outlay - Construction","State","Expenditure","F62","Capital Expenditures/Construction only (before 2022) - Police Protection","1"
"2019","Arkansas","SF0344","Expenditure - Direct Expenditure - General Expenditure - Police Protection - Capital Outlay - Construction","State","Expenditure","F62","Capital Expenditures/Construction only (before 2022) - Police Protection","6"
"2020","Arkansas","SF0344","Expenditure - Direct Expenditure - General Expenditure - Police Protection - Capital Outlay - Construction","State","Expenditure","F62","Capital Expenditures/Construction only (before 2022) - Police Protection","3"
"2021","Arkansas","SF0344","Expenditure - Direct Expenditure - General Expenditure - Police Protection - Capital Outlay - Construction","State","Expenditure","F62","Capital Expenditures/Construction only (before 2022) - Police Protection","0"
"2012","California","SF0344","Expenditure - Direct Expenditure - General Expenditure - Police Protection - Capital Outlay - Construction","State","Expenditure","F62","Capital Expenditures/Construction only (before 2022) - Police Protection","3,151"
"2013","California","SF0344","Expenditure - Direct Expenditure - General Expenditure - Police Protection - Capital Outlay - Construction","State","Expenditure","F62","Capital Expenditures/Construction only (before 2022) - Police Protection","16,553"
"2014","California","SF0344","Expenditure - Direct Expenditure - General Expenditure - Police Protection - Capital Outlay - Construction","State","Expenditure","F62","Capital Expenditures/Construction only (before 2022) - Police Protection","4,301"
"2015","California","SF0344","Expenditure - Direct Expenditure - General Expenditure - Police Protection - Capital Outlay - Construction","State","Expenditure","F62","Capital Expenditures/Construction only (before 2022) - Police Protection","33,617"
"2016","California","SF0344","Expenditure - Direct Expenditure - General Expenditure - Police Protection - Capital Outlay - Construction","State","Expenditure","F62","Capital Expenditures/Construction only (before 2022) - Police Protection","33,617"
"2017","California","SF0344","Expenditure - Direct Expenditure - General Expenditure - Police Protection - Capital Outlay - Construction","State","Expenditure","F62","Capital Expenditures/Construction only (before 2022) - Police Protection","43,711"
"2018","California","SF0344","Expenditure - Direct Expenditure - General Expenditure - Police Protection - Capital Outlay - Construction","State","Expenditure","F62","Capital Expenditures/Construction only (before 2022) - Police Protection","10,436"
"2019","California","SF0344","Expenditure - Direct Expenditure - General Expenditure - Police Protection - Capital Outlay - Construction","State","Expenditure","F62","Capital Expenditures/Construction only (before 2022) - Police Protection","11,674"
"2020","California","SF0344","Expenditure - Direct Expenditure - General Expenditure - Police Protection - Capital Outlay - Construction","State","Expenditure","F62","Capital Expenditures/Construction only (before 2022) - Police Protection","135,522"
"2021","California","SF0344","Expenditure - Direct Expenditure - General Expenditure - Police Protection - Capital Outlay - Construction","State","Expenditure","F62","Capital Expenditures/Construction only (before 2022) - Police Protection","125,528"
"2012","Colorado","SF0344","Expenditure - Direct Expenditure - General Expenditure - Police Protection - Capital Outlay - Construction","State","Expenditure","F62","Capital Expenditures/Construction only (before 2022) - Police Protection","51"
"2013","Colorado","SF0344","Expenditure - Direct Expenditure - General Expenditure - Police Protection - Capital Outlay - Construction","State","Expenditure","F62","Capital Expenditures/Construction only (before 2022) - Police Protection","696"
"2014","Colorado","SF0344","Expenditure - Direct Expenditure - General Expenditure - Police Protection - Capital Outlay - Construction","State","Expenditure","F62","Capital Expenditures/Construction only (before 2022) - Police Protection","213"
"2015","Colorado","SF0344","Expenditure - Direct Expenditure - General Expenditure - Police Protection - Capital Outlay - Construction","State","Expenditure","F62","Capital Expenditures/Construction only (before 2022) - Police Protection","1,462"
"2016","Colorado","SF0344","Expenditure - Direct Expenditure - General Expenditure - Police Protection - Capital Outlay - Construction","State","Expenditure","F62","Capital Expenditures/Construction only (before 2022) - Police Protection","1,593"
"2017","Colorado","SF0344","Expenditure - Direct Expenditure - General Expenditure - Police Protection - Capital Outlay - Construction","State","Expenditure","F62","Capital Expenditures/Construction only (before 2022) - Police Protection","2,491"
"2018","Colorado","SF0344","Expenditure - Direct Expenditure - General Expenditure - Police Protection - Capital Outlay - Construction","State","Expenditure","F62","Capital Expenditures/Construction only (before 2022) - Police Protection","96"
"2019","Colorado","SF0344","Expenditure - Direct Expenditure - General Expenditure - Police Protection - Capital Outlay - Construction","State","Expenditure","F62","Capital Expenditures/Construction only (before 2022) - Police Protection","293"
"2020","Colorado","SF0344","Expenditure - Direct Expenditure - General Expenditure - Police Protection - Capital Outlay - Construction","State","Expenditure","F62","Capital Expenditures/Construction only (before 2022) - Police Protection","1,397"
"2021","Colorado","SF0344","Expenditure - Direct Expenditure - General Expenditure - Police Protection - Capital Outlay - Construction","State","Expenditure","F62","Capital Expenditures/Construction only (before 2022) - Police Protection","2,201"
"2012","Connecticut","SF0344","Expenditure - Direct Expenditure - General Expenditure - Police Protection - Capital Outlay - Construction","State","Expenditure","F62","Capital Expenditures/Construction only (before 2022) - Police Protection","0"
"2013","Connecticut","SF0344","Expenditure - Direct Expenditure - General Expenditure - Police Protection - Capital Outlay - Construction","State","Expenditure","F62","Capital Expenditures/Construction only (before 2022) - Police Protection","1"
"2014","Connecticut","SF0344","Expenditure - Direct Expenditure - General Expenditure - Police Protection - Capital Outlay - Construction","State","Expenditure","F62","Capital Expenditures/Construction only (before 2022) - Police Protection","129"
"2015","Connecticut","SF0344","Expenditure - Direct Expenditure - General Expenditure - Police Protection - Capital Outlay - Construction","State","Expenditure","F62","Capital Expenditures/Construction only (before 2022) - Police Protection","119"
"2016","Connecticut","SF0344","Expenditure - Direct Expenditure - General Expenditure - Police Protection - Capital Outlay - Construction","State","Expenditure","F62","Capital Expenditures/Construction only (before 2022) - Police Protection","28"
"2017","Connecticut","SF0344","Expenditure - Direct Expenditure - General Expenditure - Police Protection - Capital Outlay - Construction","State","Expenditure","F62","Capital Expenditures/Construction only (before 2022) - Police Protection","75"
"2018","Connecticut","SF0344","Expenditure - Direct Expenditure - General Expenditure - Police Protection - Capital Outlay - Construction","State","Expenditure","F62","Capital Expenditures/Construction only (before 2022) - Police Protection","402"
"2019","Connecticut","SF0344","Expenditure - Direct Expenditure - General Expenditure - Police Protection - Capital Outlay - Construction","State","Expenditure","F62","Capital Expenditures/Construction only (before 2022) - Police Protection","24"
"2020","Connecticut","SF0344","Expenditure - Direct Expenditure - General Expenditure - Police Protection - Capital Outlay - Construction","State","Expenditure","F62","Capital Expenditures/Construction only (before 2022) - Police Protection","0"
"2021","Connecticut","SF0344","Expenditure - Direct Expenditure - General Expenditure - Police Protection - Capital Outlay - Construction","State","Expenditure","F62","Capital Expenditures/Construction only (before 2022) - Police Protection","11"
"2012","Delaware","SF0344","Expenditure - Direct Expenditure - General Expenditure - Police Protection - Capital Outlay - Construction","State","Expenditure","F62","Capital Expenditures/Construction only (before 2022) - Police Protection","23"
"2013","Delaware","SF0344","Expenditure - Direct Expenditure - General Expenditure - Police Protection - Capital Outlay - Construction","State","Expenditure","F62","Capital Expenditures/Construction only (before 2022) - Police Protection","303"
"2014","Delaware","SF0344","Expenditure - Direct Expenditure - General Expenditure - Police Protection - Capital Outlay - Construction","State","Expenditure","F62","Capital Expenditures/Construction only (before 2022) - Police Protection","117"
"2015","Delaware","SF0344","Expenditure - Direct Expenditure - General Expenditure - Police Protection - Capital Outlay - Construction","State","Expenditure","F62","Capital Expenditures/Construction only (before 2022) - Police Protection","56"
"2016","Delaware","SF0344","Expenditure - Direct Expenditure - General Expenditure - Police Protection - Capital Outlay - Construction","State","Expenditure","F62","Capital Expenditures/Construction only (before 2022) - Police Protection","174"
"2017","Delaware","SF0344","Expenditure - Direct Expenditure - General Expenditure - Police Protection - Capital Outlay - Construction","State","Expenditure","F62","Capital Expenditures/Construction only (before 2022) - Police Protection","132"
"2018","Delaware","SF0344","Expenditure - Direct Expenditure - General Expenditure - Police Protection - Capital Outlay - Construction","State","Expenditure","F62","Capital Expenditures/Construction only (before 2022) - Police Protection","49"
"2019","Delaware","SF0344","Expenditure - Direct Expenditure - General Expenditure - Police Protection - Capital Outlay - Construction","State","Expenditure","F62","Capital Expenditures/Construction only (before 2022) - Police Protection","151"
"2020","Delaware","SF0344","Expenditure - Direct Expenditure - General Expenditure - Police Protection - Capital Outlay - Construction","State","Expenditure","F62","Capital Expenditures/Construction only (before 2022) - Police Protection","38"
"2021","Delaware","SF0344","Expenditure - Direct Expenditure - General Expenditure - Police Protection - Capital Outlay - Construction","State","Expenditure","F62","Capital Expenditures/Construction only (before 2022) - Police Protection","120"
"2012","Florida","SF0344","Expenditure - Direct Expenditure - General Expenditure - Police Protection - Capital Outlay - Construction","State","Expenditure","F62","Capital Expenditures/Construction only (before 2022) - Police Protection","19,234"
"2013","Florida","SF0344","Expenditure - Direct Expenditure - General Expenditure - Police Protection - Capital Outlay - Construction","State","Expenditure","F62","Capital Expenditures/Construction only (before 2022) - Police Protection","19,621"
"2014","Florida","SF0344","Expenditure - Direct Expenditure - General Expenditure - Police Protection - Capital Outlay - Construction","State","Expenditure","F62","Capital Expenditures/Construction only (before 2022) - Police Protection","298"
"2015","Florida","SF0344","Expenditure - Direct Expenditure - General Expenditure - Police Protection - Capital Outlay - Construction","State","Expenditure","F62","Capital Expenditures/Construction only (before 2022) - Police Protection","473"
"2016","Florida","SF0344","Expenditure - Direct Expenditure - General Expenditure - Police Protection - Capital Outlay - Construction","State","Expenditure","F62","Capital Expenditures/Construction only (before 2022) - Police Protection","950"
"2017","Florida","SF0344","Expenditure - Direct Expenditure - General Expenditure - Police Protection - Capital Outlay - Construction","State","Expenditure","F62","Capital Expenditures/Construction only (before 2022) - Police Protection","1,424"
"2018","Florida","SF0344","Expenditure - Direct Expenditure - General Expenditure - Police Protection - Capital Outlay - Construction","State","Expenditure","F62","Capital Expenditures/Construction only (before 2022) - Police Protection","1,600"
"2019","Florida","SF0344","Expenditure - Direct Expenditure - General Expenditure - Police Protection - Capital Outlay - Construction","State","Expenditure","F62","Capital Expenditures/Construction only (before 2022) - Police Protection","1,507"
"2020","Florida","SF0344","Expenditure - Direct Expenditure - General Expenditure - Police Protection - Capital Outlay - Construction","State","Expenditure","F62","Capital Expenditures/Construction only (before 2022) - Police Protection","494"
"2021","Florida","SF0344","Expenditure - Direct Expenditure - General Expenditure - Police Protection - Capital Outlay - Construction","State","Expenditure","F62","Capital Expenditures/Construction only (before 2022) - Police Protection","324"
"2012","Georgia","SF0344","Expenditure - Direct Expenditure - General Expenditure - Police Protection - Capital Outlay - Construction","State","Expenditure","F62","Capital Expenditures/Construction only (before 2022) - Police Protection","15,887"
"2013","Georgia","SF0344","Expenditure - Direct Expenditure - General Expenditure - Police Protection - Capital Outlay - Construction","State","Expenditure","F62","Capital Expenditures/Construction only (before 2022) - Police Protection","8,010"
"2014","Georgia","SF0344","Expenditure - Direct Expenditure - General Expenditure - Police Protection - Capital Outlay - Construction","State","Expenditure","F62","Capital Expenditures/Construction only (before 2022) - Police Protection","7,769"
"2015","Georgia","SF0344","Expenditure - Direct Expenditure - General Expenditure - Police Protection - Capital Outlay - Construction","State","Expenditure","F62","Capital Expenditures/Construction only (before 2022) - Police Protection","8,716"
"2016","Georgia","SF0344","Expenditure - Direct Expenditure - General Expenditure - Police Protection - Capital Outlay - Construction","State","Expenditure","F62","Capital Expenditures/Construction only (before 2022) - Police Protection","16,134"
"2017","Georgia","SF0344","Expenditure - Direct Expenditure - General Expenditure - Police Protection - Capital Outlay - Construction","State","Expenditure","F62","Capital Expenditures/Construction only (before 2022) - Police Protection","20,495"
"2018","Georgia","SF0344","Expenditure - Direct Expenditure - General Expenditure - Police Protection - Capital Outlay - Construction","State","Expenditure","F62","Capital Expenditures/Construction only (before 2022) - Police Protection","15,223"
"2019","Georgia","SF0344","Expenditure - Direct Expenditure - General Expenditure - Police Protection - Capital Outlay - Construction","State","Expenditure","F62","Capital Expenditures/Construction only (before 2022) - Police Protection","28,153"
"2020","Georgia","SF0344","Expenditure - Direct Expenditure - General Expenditure - Police Protection - Capital Outlay - Construction","State","Expenditure","F62","Capital Expenditures/Construction only (before 2022) - Police Protection","28,347"
"2021","Georgia","SF0344","Expenditure - Direct Expenditure - General Expenditure - Police Protection - Capital Outlay - Construction","State","Expenditure","F62","Capital Expenditures/Construction only (before 2022) - Police Protection","17,998"
"2012","Hawaii","SF0344","Expenditure - Direct Expenditure - General Expenditure - Police Protection - Capital Outlay - Construction","State","Expenditure","F62","Capital Expenditures/Construction only (before 2022) - Police Protection","0"
"2013","Hawaii","SF0344","Expenditure - Direct Expenditure - General Expenditure - Police Protection - Capital Outlay - Construction","State","Expenditure","F62","Capital Expenditures/Construction only (before 2022) - Police Protection","44"
"2014","Hawaii","SF0344","Expenditure - Direct Expenditure - General Expenditure - Police Protection - Capital Outlay - Construction","State","Expenditure","F62","Capital Expenditures/Construction only (before 2022) - Police Protection","0"
"2015","Hawaii","SF0344","Expenditure - Direct Expenditure - General Expenditure - Police Protection - Capital Outlay - Construction","State","Expenditure","F62","Capital Expenditures/Construction only (before 2022) - Police Protection","0"
"2016","Hawaii","SF0344","Expenditure - Direct Expenditure - General Expenditure - Police Protection - Capital Outlay - Construction","State","Expenditure","F62","Capital Expenditures/Construction only (before 2022) - Police Protection","32"
"2017","Hawaii","SF0344","Expenditure - Direct Expenditure - General Expenditure - Police Protection - Capital Outlay - Construction","State","Expenditure","F62","Capital Expenditures/Construction only (before 2022) - Police Protection","0"
"2018","Hawaii","SF0344","Expenditure - Direct Expenditure - General Expenditure - Police Protection - Capital Outlay - Construction","State","Expenditure","F62","Capital Expenditures/Construction only (before 2022) - Police Protection","0"
"2019","Hawaii","SF0344","Expenditure - Direct Expenditure - General Expenditure - Police Protection - Capital Outlay - Construction","State","Expenditure","F62","Capital Expenditures/Construction only (before 2022) - Police Protection","15"
"2020","Hawaii","SF0344","Expenditure - Direct Expenditure - General Expenditure - Police Protection - Capital Outlay - Construction","State","Expenditure","F62","Capital Expenditures/Construction only (before 2022) - Police Protection","0"
"2021","Hawaii","SF0344","Expenditure - Direct Expenditure - General Expenditure - Police Protection - Capital Outlay - Construction","State","Expenditure","F62","Capital Expenditures/Construction only (before 2022) - Police Protection","49"
"2012","Idaho","SF0344","Expenditure - Direct Expenditure - General Expenditure - Police Protection - Capital Outlay - Construction","State","Expenditure","F62","Capital Expenditures/Construction only (before 2022) - Police Protection","1"
"2013","Idaho","SF0344","Expenditure - Direct Expenditure - General Expenditure - Police Protection - Capital Outlay - Construction","State","Expenditure","F62","Capital Expenditures/Construction only (before 2022) - Police Protection","20"
"2014","Idaho","SF0344","Expenditure - Direct Expenditure - General Expenditure - Police Protection - Capital Outlay - Construction","State","Expenditure","F62","Capital Expenditures/Construction only (before 2022) - Police Protection","43"
"2015","Idaho","SF0344","Expenditure - Direct Expenditure - General Expenditure - Police Protection - Capital Outlay - Construction","State","Expenditure","F62","Capital Expenditures/Construction only (before 2022) - Police Protection","6"
"2016","Idaho","SF0344","Expenditure - Direct Expenditure - General Expenditure - Police Protection - Capital Outlay - Construction","State","Expenditure","F62","Capital Expenditures/Construction only (before 2022) - Police Protection","3"
"2017","Idaho","SF0344","Expenditure - Direct Expenditure - General Expenditure - Police Protection - Capital Outlay - Construction","State","Expenditure","F62","Capital Expenditures/Construction only (before 2022) - Police Protection","0"
"2018","Idaho","SF0344","Expenditure - Direct Expenditure - General Expenditure - Police Protection - Capital Outlay - Construction","State","Expenditure","F62","Capital Expenditures/Construction only (before 2022) - Police Protection","24"
"2019","Idaho","SF0344","Expenditure - Direct Expenditure - General Expenditure - Police Protection - Capital Outlay - Construction","State","Expenditure","F62","Capital Expenditures/Construction only (before 2022) - Police Protection","184"
"2020","Idaho","SF0344","Expenditure - Direct Expenditure - General Expenditure - Police Protection - Capital Outlay - Construction","State","Expenditure","F62","Capital Expenditures/Construction only (before 2022) - Police Protection","233"
"2021","Idaho","SF0344","Expenditure - Direct Expenditure - General Expenditure - Police Protection - Capital Outlay - Construction","State","Expenditure","F62","Capital Expenditures/Construction only (before 2022) - Police Protection","232"
"2012","Illinois","SF0344","Expenditure - Direct Expenditure - General Expenditure - Police Protection - Capital Outlay - Construction","State","Expenditure","F62","Capital Expenditures/Construction only (before 2022) - Police Protection","567"
"2013","Illinois","SF0344","Expenditure - Direct Expenditure - General Expenditure - Police Protection - Capital Outlay - Construction","State","Expenditure","F62","Capital Expenditures/Construction only (before 2022) - Police Protection","1,038"
"2014","Illinois","SF0344","Expenditure - Direct Expenditure - General Expenditure - Police Protection - Capital Outlay - Construction","State","Expenditure","F62","Capital Expenditures/Construction only (before 2022) - Police Protection","1,122"
"2015","Illinois","SF0344","Expenditure - Direct Expenditure - General Expenditure - Police Protection - Capital Outlay - Construction","State","Expenditure","F62","Capital Expenditures/Construction only (before 2022) - Police Protection","554"
"2016","Illinois","SF0344","Expenditure - Direct Expenditure - General Expenditure - Police Protection - Capital Outlay - Construction","State","Expenditure","F62","Capital Expenditures/Construction only (before 2022) - Police Protection","0"
"2017","Illinois","SF0344","Expenditure - Direct Expenditure - General Expenditure - Police Protection - Capital Outlay - Construction","State","Expenditure","F62","Capital Expenditures/Construction only (before 2022) - Police Protection","442"
"2018","Illinois","SF0344","Expenditure - Direct Expenditure - General Expenditure - Police Protection - Capital Outlay - Construction","State","Expenditure","F62","Capital Expenditures/Construction only (before 2022) - Police Protection","105"
"2019","Illinois","SF0344","Expenditure - Direct Expenditure - General Expenditure - Police Protection - Capital Outlay - Construction","State","Expenditure","F62","Capital Expenditures/Construction only (before 2022) - Police Protection","725"
"2020","Illinois","SF0344","Expenditure - Direct Expenditure - General Expenditure - Police Protection - Capital Outlay - Construction","State","Expenditure","F62","Capital Expenditures/Construction only (before 2022) - Police Protection","655"
"2021","Illinois","SF0344","Expenditure - Direct Expenditure - General Expenditure - Police Protection - Capital Outlay - Construction","State","Expenditure","F62","Capital Expenditures/Construction only (before 2022) - Police Protection","401"
"2012","Indiana","SF0344","Expenditure - Direct Expenditure - General Expenditure - Police Protection - Capital Outlay - Construction","State","Expenditure","F62","Capital Expenditures/Construction only (before 2022) - Police Protection","336"
"2013","Indiana","SF0344","Expenditure - Direct Expenditure - General Expenditure - Police Protection - Capital Outlay - Construction","State","Expenditure","F62","Capital Expenditures/Construction only (before 2022) - Police Protection","137"
"2014","Indiana","SF0344","Expenditure - Direct Expenditure - General Expenditure - Police Protection - Capital Outlay - Construction","State","Expenditure","F62","Capital Expenditures/Construction only (before 2022) - Police Protection","246"
"2015","Indiana","SF0344","Expenditure - Direct Expenditure - General Expenditure - Police Protection - Capital Outlay - Construction","State","Expenditure","F62","Capital Expenditures/Construction only (before 2022) - Police Protection","33"
"2016","Indiana","SF0344","Expenditure - Direct Expenditure - General Expenditure - Police Protection - Capital Outlay - Construction","State","Expenditure","F62","Capital Expenditures/Construction only (before 2022) - Police Protection","54"
"2017","Indiana","SF0344","Expenditure - Direct Expenditure - General Expenditure - Police Protection - Capital Outlay - Construction","State","Expenditure","F62","Capital Expenditures/Construction only (before 2022) - Police Protection","60"
"2018","Indiana","SF0344","Expenditure - Direct Expenditure - General Expenditure - Police Protection - Capital Outlay - Construction","State","Expenditure","F62","Capital Expenditures/Construction only (before 2022) - Police Protection","103"
"2019","Indiana","SF0344","Expenditure - Direct Expenditure - General Expenditure - Police Protection - Capital Outlay - Construction","State","Expenditure","F62","Capital Expenditures/Construction only (before 2022) - Police Protection","193"
"2020","Indiana","SF0344","Expenditure - Direct Expenditure - General Expenditure - Police Protection - Capital Outlay - Construction","State","Expenditure","F62","Capital Expenditures/Construction only (before 2022) - Police Protection","1,993"
"2021","Indiana","SF0344","Expenditure - Direct Expenditure - General Expenditure - Police Protection - Capital Outlay - Construction","State","Expenditure","F62","Capital Expenditures/Construction only (before 2022) - Police Protection","16,228"
"2012","Iowa","SF0344","Expenditure - Direct Expenditure - General Expenditure - Police Protection - Capital Outlay - Construction","State","Expenditure","F62","Capital Expenditures/Construction only (before 2022) - Police Protection","321"
"2013","Iowa","SF0344","Expenditure - Direct Expenditure - General Expenditure - Police Protection - Capital Outlay - Construction","State","Expenditure","F62","Capital Expenditures/Construction only (before 2022) - Police Protection","205"
"2014","Iowa","SF0344","Expenditure - Direct Expenditure - General Expenditure - Police Protection - Capital Outlay - Construction","State","Expenditure","F62","Capital Expenditures/Construction only (before 2022) - Police Protection","127"
"2015","Iowa","SF0344","Expenditure - Direct Expenditure - General Expenditure - Police Protection - Capital Outlay - Construction","State","Expenditure","F62","Capital Expenditures/Construction only (before 2022) - Police Protection","182"
"2016","Iowa","SF0344","Expenditure - Direct Expenditure - General Expenditure - Police Protection - Capital Outlay - Construction","State","Expenditure","F62","Capital Expenditures/Construction only (before 2022) - Police Protection","168"
"2017","Iowa","SF0344","Expenditure - Direct Expenditure - General Expenditure - Police Protection - Capital Outlay - Construction","State","Expenditure","F62","Capital Expenditures/Construction only (before 2022) - Police Protection","167"
"2018","Iowa","SF0344","Expenditure - Direct Expenditure - General Expenditure - Police Protection - Capital Outlay - Construction","State","Expenditure","F62","Capital Expenditures/Construction only (before 2022) - Police Protection","210"
"2019","Iowa","SF0344","Expenditure - Direct Expenditure - General Expenditure - Police Protection - Capital Outlay - Construction","State","Expenditure","F62","Capital Expenditures/Construction only (before 2022) - Police Protection","166"
"2020","Iowa","SF0344","Expenditure - Direct Expenditure - General Expenditure - Police Protection - Capital Outlay - Construction","State","Expenditure","F62","Capital Expenditures/Construction only (before 2022) - Police Protection","54"
"2021","Iowa","SF0344","Expenditure - Direct Expenditure - General Expenditure - Police Protection - Capital Outlay - Construction","State","Expenditure","F62","Capital Expenditures/Construction only (before 2022) - Police Protection","0"
"2012","Kansas","SF0344","Expenditure - Direct Expenditure - General Expenditure - Police Protection - Capital Outlay - Construction","State","Expenditure","F62","Capital Expenditures/Construction only (before 2022) - Police Protection","123"
"2013","Kansas","SF0344","Expenditure - Direct Expenditure - General Expenditure - Police Protection - Capital Outlay - Construction","State","Expenditure","F62","Capital Expenditures/Construction only (before 2022) - Police Protection","925"
"2014","Kansas","SF0344","Expenditure - Direct Expenditure - General Expenditure - Police Protection - Capital Outlay - Construction","State","Expenditure","F62","Capital Expenditures/Construction only (before 2022) - Police Protection","95"
"2015","Kansas","SF0344","Expenditure - Direct Expenditure - General Expenditure - Police Protection - Capital Outlay - Construction","State","Expenditure","F62","Capital Expenditures/Construction only (before 2022) - Police Protection","392"
"2016","Kansas","SF0344","Expenditure - Direct Expenditure - General Expenditure - Police Protection - Capital Outlay - Construction","State","Expenditure","F62","Capital Expenditures/Construction only (before 2022) - Police Protection","1,534"
"2017","Kansas","SF0344","Expenditure - Direct Expenditure - General Expenditure - Police Protection - Capital Outlay - Construction","State","Expenditure","F62","Capital Expenditures/Construction only (before 2022) - Police Protection","508"
"2018","Kansas","SF0344","Expenditure - Direct Expenditure - General Expenditure - Police Protection - Capital Outlay - Construction","State","Expenditure","F62","Capital Expenditures/Construction only (before 2022) - Police Protection","914"
"2019","Kansas","SF0344","Expenditure - Direct Expenditure - General Expenditure - Police Protection - Capital Outlay - Construction","State","Expenditure","F62","Capital Expenditures/Construction only (before 2022) - Police Protection","817"
"2020","Kansas","SF0344","Expenditure - Direct Expenditure - General Expenditure - Police Protection - Capital Outlay - Construction","State","Expenditure","F62","Capital Expenditures/Construction only (before 2022) - Police Protection","847"
"2021","Kansas","SF0344","Expenditure - Direct Expenditure - General Expenditure - Police Protection - Capital Outlay - Construction","State","Expenditure","F62","Capital Expenditures/Construction only (before 2022) - Police Protection","708"
"2012","Kentucky","SF0344","Expenditure - Direct Expenditure - General Expenditure - Police Protection - Capital Outlay - Construction","State","Expenditure","F62","Capital Expenditures/Construction only (before 2022) - Police Protection","14"
"2013","Kentucky","SF0344","Expenditure - Direct Expenditure - General Expenditure - Police Protection - Capital Outlay - Construction","State","Expenditure","F62","Capital Expenditures/Construction only (before 2022) - Police Protection","12"
"2014","Kentucky","SF0344","Expenditure - Direct Expenditure - General Expenditure - Police Protection - Capital Outlay - Construction","State","Expenditure","F62","Capital Expenditures/Construction only (before 2022) - Police Protection","32"
"2015","Kentucky","SF0344","Expenditure - Direct Expenditure - General Expenditure - Police Protection - Capital Outlay - Construction","State","Expenditure","F62","Capital Expenditures/Construction only (before 2022) - Police Protection","54"
"2016","Kentucky","SF0344","Expenditure - Direct Expenditure - General Expenditure - Police Protection - Capital Outlay - Construction","State","Expenditure","F62","Capital Expenditures/Construction only (before 2022) - Police Protection","2"
"2017","Kentucky","SF0344","Expenditure - Direct Expenditure - General Expenditure - Police Protection - Capital Outlay - Construction","State","Expenditure","F62","Capital Expenditures/Construction only (before 2022) - Police Protection","19"
"2018","Kentucky","SF0344","Expenditure - Direct Expenditure - General Expenditure - Police Protection - Capital Outlay - Construction","State","Expenditure","F62","Capital Expenditures/Construction only (before 2022) - Police Protection","45"
"2019","Kentucky","SF0344","Expenditure - Direct Expenditure - General Expenditure - Police Protection - Capital Outlay - Construction","State","Expenditure","F62","Capital Expenditures/Construction only (before 2022) - Police Protection","206"
"2020","Kentucky","SF0344","Expenditure - Direct Expenditure - General Expenditure - Police Protection - Capital Outlay - Construction","State","Expenditure","F62","Capital Expenditures/Construction only (before 2022) - Police Protection","10"
"2021","Kentucky","SF0344","Expenditure - Direct Expenditure - General Expenditure - Police Protection - Capital Outlay - Construction","State","Expenditure","F62","Capital Expenditures/Construction only (before 2022) - Police Protection","12"
"2012","Louisiana","SF0344","Expenditure - Direct Expenditure - General Expenditure - Police Protection - Capital Outlay - Construction","State","Expenditure","F62","Capital Expenditures/Construction only (before 2022) - Police Protection","3,410"
"2013","Louisiana","SF0344","Expenditure - Direct Expenditure - General Expenditure - Police Protection - Capital Outlay - Construction","State","Expenditure","F62","Capital Expenditures/Construction only (before 2022) - Police Protection","144"
"2014","Louisiana","SF0344","Expenditure - Direct Expenditure - General Expenditure - Police Protection - Capital Outlay - Construction","State","Expenditure","F62","Capital Expenditures/Construction only (before 2022) - Police Protection","924"
"2015","Louisiana","SF0344","Expenditure - Direct Expenditure - General Expenditure - Police Protection - Capital Outlay - Construction","State","Expenditure","F62","Capital Expenditures/Construction only (before 2022) - Police Protection","924"
"2016","Louisiana","SF0344","Expenditure - Direct Expenditure - General Expenditure - Police Protection - Capital Outlay - Construction","State","Expenditure","F62","Capital Expenditures/Construction only (before 2022) - Police Protection","0"
"2017","Louisiana","SF0344","Expenditure - Direct Expenditure - General Expenditure - Police Protection - Capital Outlay - Construction","State","Expenditure","F62","Capital Expenditures/Construction only (before 2022) - Police Protection","0"
"2018","Louisiana","SF0344","Expenditure - Direct Expenditure - General Expenditure - Police Protection - Capital Outlay - Construction","State","Expenditure","F62","Capital Expenditures/Construction only (before 2022) - Police Protection","0"
"2019","Louisiana","SF0344","Expenditure - Direct Expenditure - General Expenditure - Police Protection - Capital Outlay - Construction","State","Expenditure","F62","Capital Expenditures/Construction only (before 2022) - Police Protection","0"
"2020","Louisiana","SF0344","Expenditure - Direct Expenditure - General Expenditure - Police Protection - Capital Outlay - Construction","State","Expenditure","F62","Capital Expenditures/Construction only (before 2022) - Police Protection","0"
"2021","Louisiana","SF0344","Expenditure - Direct Expenditure - General Expenditure - Police Protection - Capital Outlay - Construction","State","Expenditure","F62","Capital Expenditures/Construction only (before 2022) - Police Protection","0"
"2012","Maine","SF0344","Expenditure - Direct Expenditure - General Expenditure - Police Protection - Capital Outlay - Construction","State","Expenditure","F62","Capital Expenditures/Construction only (before 2022) - Police Protection","0"
"2013","Maine","SF0344","Expenditure - Direct Expenditure - General Expenditure - Police Protection - Capital Outlay - Construction","State","Expenditure","F62","Capital Expenditures/Construction only (before 2022) - Police Protection","0"
"2014","Maine","SF0344","Expenditure - Direct Expenditure - General Expenditure - Police Protection - Capital Outlay - Construction","State","Expenditure","F62","Capital Expenditures/Construction only (before 2022) - Police Protection","0"
"2015","Maine","SF0344","Expenditure - Direct Expenditure - General Expenditure - Police Protection - Capital Outlay - Construction","State","Expenditure","F62","Capital Expenditures/Construction only (before 2022) - Police Protection","0"
"2016","Maine","SF0344","Expenditure - Direct Expenditure - General Expenditure - Police Protection - Capital Outlay - Construction","State","Expenditure","F62","Capital Expenditures/Construction only (before 2022) - Police Protection","0"
"2017","Maine","SF0344","Expenditure - Direct Expenditure - General Expenditure - Police Protection - Capital Outlay - Construction","State","Expenditure","F62","Capital Expenditures/Construction only (before 2022) - Police Protection","0"
"2018","Maine","SF0344","Expenditure - Direct Expenditure - General Expenditure - Police Protection - Capital Outlay - Construction","State","Expenditure","F62","Capital Expenditures/Construction only (before 2022) - Police Protection","0"
"2019","Maine","SF0344","Expenditure - Direct Expenditure - General Expenditure - Police Protection - Capital Outlay - Construction","State","Expenditure","F62","Capital Expenditures/Construction only (before 2022) - Police Protection","0"
"2020","Maine","SF0344","Expenditure - Direct Expenditure - General Expenditure - Police Protection - Capital Outlay - Construction","State","Expenditure","F62","Capital Expenditures/Construction only (before 2022) - Police Protection","0"
"2021","Maine","SF0344","Expenditure - Direct Expenditure - General Expenditure - Police Protection - Capital Outlay - Construction","State","Expenditure","F62","Capital Expenditures/Construction only (before 2022) - Police Protection","0"
"2012","Maryland","SF0344","Expenditure - Direct Expenditure - General Expenditure - Police Protection - Capital Outlay - Construction","State","Expenditure","F62","Capital Expenditures/Construction only (before 2022) - Police Protection","117"
"2013","Maryland","SF0344","Expenditure - Direct Expenditure - General Expenditure - Police Protection - Capital Outlay - Construction","State","Expenditure","F62","Capital Expenditures/Construction only (before 2022) - Police Protection","6,471"
"2014","Maryland","SF0344","Expenditure - Direct Expenditure - General Expenditure - Police Protection - Capital Outlay - Construction","State","Expenditure","F62","Capital Expenditures/Construction only (before 2022) - Police Protection","2,824"
"2015","Maryland","SF0344","Expenditure - Direct Expenditure - General Expenditure - Police Protection - Capital Outlay - Construction","State","Expenditure","F62","Capital Expenditures/Construction only (before 2022) - Police Protection","3,556"
"2016","Maryland","SF0344","Expenditure - Direct Expenditure - General Expenditure - Police Protection - Capital Outlay - Construction","State","Expenditure","F62","Capital Expenditures/Construction only (before 2022) - Police Protection","5,308"
"2017","Maryland","SF0344","Expenditure - Direct Expenditure - General Expenditure - Police Protection - Capital Outlay - Construction","State","Expenditure","F62","Capital Expenditures/Construction only (before 2022) - Police Protection","1,687"
"2018","Maryland","SF0344","Expenditure - Direct Expenditure - General Expenditure - Police Protection - Capital Outlay - Construction","State","Expenditure","F62","Capital Expenditures/Construction only (before 2022) - Police Protection","121"
"2019","Maryland","SF0344","Expenditure - Direct Expenditure - General Expenditure - Police Protection - Capital Outlay - Construction","State","Expenditure","F62","Capital Expenditures/Construction only (before 2022) - Police Protection","4,217"
"2020","Maryland","SF0344","Expenditure - Direct Expenditure - General Expenditure - Police Protection - Capital Outlay - Construction","State","Expenditure","F62","Capital Expenditures/Construction only (before 2022) - Police Protection","16,735"
"2021","Maryland","SF0344","Expenditure - Direct Expenditure - General Expenditure - Police Protection - Capital Outlay - Construction","State","Expenditure","F62","Capital Expenditures/Construction only (before 2022) - Police Protection","11,877"
"2012","Massachusetts","SF0344","Expenditure - Direct Expenditure - General Expenditure - Police Protection - Capital Outlay - Construction","State","Expenditure","F62","Capital Expenditures/Construction only (before 2022) - Police Protection","154"
"2013","Massachusetts","SF0344","Expenditure - Direct Expenditure - General Expenditure - Police Protection - Capital Outlay - Construction","State","Expenditure","F62","Capital Expenditures/Construction only (before 2022) - Police Protection","177"
"2014","Massachusetts","SF0344","Expenditure - Direct Expenditure - General Expenditure - Police Protection - Capital Outlay - Construction","State","Expenditure","F62","Capital Expenditures/Construction only (before 2022) - Police Protection","391"
"2015","Massachusetts","SF0344","Expenditure - Direct Expenditure - General Expenditure - Police Protection - Capital Outlay - Construction","State","Expenditure","F62","Capital Expenditures/Construction only (before 2022) - Police Protection","1,077"
"2016","Massachusetts","SF0344","Expenditure - Direct Expenditure - General Expenditure - Police Protection - Capital Outlay - Construction","State","Expenditure","F62","Capital Expenditures/Construction only (before 2022) - Police Protection","1,555"
"2017","Massachusetts","SF0344","Expenditure - Direct Expenditure - General Expenditure - Police Protection - Capital Outlay - Construction","State","Expenditure","F62","Capital Expenditures/Construction only (before 2022) - Police Protection","1,929"
"2018","Massachusetts","SF0344","Expenditure - Direct Expenditure - General Expenditure - Police Protection - Capital Outlay - Construction","State","Expenditure","F62","Capital Expenditures/Construction only (before 2022) - Police Protection","425"
"2019","Massachusetts","SF0344","Expenditure - Direct Expenditure - General Expenditure - Police Protection - Capital Outlay - Construction","State","Expenditure","F62","Capital Expenditures/Construction only (before 2022) - Police Protection","1,238"
"2020","Massachusetts","SF0344","Expenditure - Direct Expenditure - General Expenditure - Police Protection - Capital Outlay - Construction","State","Expenditure","F62","Capital Expenditures/Construction only (before 2022) - Police Protection","3,613"
"2021","Massachusetts","SF0344","Expenditure - Direct Expenditure - General Expenditure - Police Protection - Capital Outlay - Construction","State","Expenditure","F62","Capital Expenditures/Construction only (before 2022) - Police Protection","2,479"
"2012","Michigan","SF0344","Expenditure - Direct Expenditure - General Expenditure - Police Protection - Capital Outlay - Construction","State","Expenditure","F62","Capital Expenditures/Construction only (before 2022) - Police Protection","3,098"
"2013","Michigan","SF0344","Expenditure - Direct Expenditure - General Expenditure - Police Protection - Capital Outlay - Construction","State","Expenditure","F62","Capital Expenditures/Construction only (before 2022) - Police Protection","503"
"2014","Michigan","SF0344","Expenditure - Direct Expenditure - General Expenditure - Police Protection - Capital Outlay - Construction","State","Expenditure","F62","Capital Expenditures/Construction only (before 2022) - Police Protection","17"
"2015","Michigan","SF0344","Expenditure - Direct Expenditure - General Expenditure - Police Protection - Capital Outlay - Construction","State","Expenditure","F62","Capital Expenditures/Construction only (before 2022) - Police Protection","92"
"2016","Michigan","SF0344","Expenditure - Direct Expenditure - General Expenditure - Police Protection - Capital Outlay - Construction","State","Expenditure","F62","Capital Expenditures/Construction only (before 2022) - Police Protection","394"
"2017","Michigan","SF0344","Expenditure - Direct Expenditure - General Expenditure - Police Protection - Capital Outlay - Construction","State","Expenditure","F62","Capital Expenditures/Construction only (before 2022) - Police Protection","180"
"2018","Michigan","SF0344","Expenditure - Direct Expenditure - General Expenditure - Police Protection - Capital Outlay - Construction","State","Expenditure","F62","Capital Expenditures/Construction only (before 2022) - Police Protection","1,760"
"2019","Michigan","SF0344","Expenditure - Direct Expenditure - General Expenditure - Police Protection - Capital Outlay - Construction","State","Expenditure","F62","Capital Expenditures/Construction only (before 2022) - Police Protection","1,788"
"2020","Michigan","SF0344","Expenditure - Direct Expenditure - General Expenditure - Police Protection - Capital Outlay - Construction","State","Expenditure","F62","Capital Expenditures/Construction only (before 2022) - Police Protection","1,810"
"2021","Michigan","SF0344","Expenditure - Direct Expenditure - General Expenditure - Police Protection - Capital Outlay - Construction","State","Expenditure","F62","Capital Expenditures/Construction only (before 2022) - Police Protection","1,732"
"2012","Minnesota","SF0344","Expenditure - Direct Expenditure - General Expenditure - Police Protection - Capital Outlay - Construction","State","Expenditure","F62","Capital Expenditures/Construction only (before 2022) - Police Protection","227"
"2013","Minnesota","SF0344","Expenditure - Direct Expenditure - General Expenditure - Police Protection - Capital Outlay - Construction","State","Expenditure","F62","Capital Expenditures/Construction only (before 2022) - Police Protection","24"
"2014","Minnesota","SF0344","Expenditure - Direct Expenditure - General Expenditure - Police Protection - Capital Outlay - Construction","State","Expenditure","F62","Capital Expenditures/Construction only (before 2022) - Police Protection","113"
"2015","Minnesota","SF0344","Expenditure - Direct Expenditure - General Expenditure - Police Protection - Capital Outlay - Construction","State","Expenditure","F62","Capital Expenditures/Construction only (before 2022) - Police Protection","98"
"2016","Minnesota","SF0344","Expenditure - Direct Expenditure - General Expenditure - Police Protection - Capital Outlay - Construction","State","Expenditure","F62","Capital Expenditures/Construction only (before 2022) - Police Protection","72"
"2017","Minnesota","SF0344","Expenditure - Direct Expenditure - General Expenditure - Police Protection - Capital Outlay - Construction","State","Expenditure","F62","Capital Expenditures/Construction only (before 2022) - Police Protection","16"
"2018","Minnesota","SF0344","Expenditure - Direct Expenditure - General Expenditure - Police Protection - Capital Outlay - Construction","State","Expenditure","F62","Capital Expenditures/Construction only (before 2022) - Police Protection","65"
"2019","Minnesota","SF0344","Expenditure - Direct Expenditure - General Expenditure - Police Protection - Capital Outlay - Construction","State","Expenditure","F62","Capital Expenditures/Construction only (before 2022) - Police Protection","38"
"2020","Minnesota","SF0344","Expenditure - Direct Expenditure - General Expenditure - Police Protection - Capital Outlay - Construction","State","Expenditure","F62","Capital Expenditures/Construction only (before 2022) - Police Protection","64"
"2021","Minnesota","SF0344","Expenditure - Direct Expenditure - General Expenditure - Police Protection - Capital Outlay - Construction","State","Expenditure","F62","Capital Expenditures/Construction only (before 2022) - Police Protection","158"
"2012","Mississippi","SF0344","Expenditure - Direct Expenditure - General Expenditure - Police Protection - Capital Outlay - Construction","State","Expenditure","F62","Capital Expenditures/Construction only (before 2022) - Police Protection","71"
"2013","Mississippi","SF0344","Expenditure - Direct Expenditure - General Expenditure - Police Protection - Capital Outlay - Construction","State","Expenditure","F62","Capital Expenditures/Construction only (before 2022) - Police Protection","91"
"2014","Mississippi","SF0344","Expenditure - Direct Expenditure - General Expenditure - Police Protection - Capital Outlay - Construction","State","Expenditure","F62","Capital Expenditures/Construction only (before 2022) - Police Protection","82"
"2015","Mississippi","SF0344","Expenditure - Direct Expenditure - General Expenditure - Police Protection - Capital Outlay - Construction","State","Expenditure","F62","Capital Expenditures/Construction only (before 2022) - Police Protection","1,889"
"2016","Mississippi","SF0344","Expenditure - Direct Expenditure - General Expenditure - Police Protection - Capital Outlay - Construction","State","Expenditure","F62","Capital Expenditures/Construction only (before 2022) - Police Protection","38"
"2017","Mississippi","SF0344","Expenditure - Direct Expenditure - General Expenditure - Police Protection - Capital Outlay - Construction","State","Expenditure","F62","Capital Expenditures/Construction only (before 2022) - Police Protection","31"
"2018","Mississippi","SF0344","Expenditure - Direct Expenditure - General Expenditure - Police Protection - Capital Outlay - Construction","State","Expenditure","F62","Capital Expenditures/Construction only (before 2022) - Police Protection","71"
"2019","Mississippi","SF0344","Expenditure - Direct Expenditure - General Expenditure - Police Protection - Capital Outlay - Construction","State","Expenditure","F62","Capital Expenditures/Construction only (before 2022) - Police Protection","75"
"2020","Mississippi","SF0344","Expenditure - Direct Expenditure - General Expenditure - Police Protection - Capital Outlay - Construction","State","Expenditure","F62","Capital Expenditures/Construction only (before 2022) - Police Protection","137"
"2021","Mississippi","SF0344","Expenditure - Direct Expenditure - General Expenditure - Police Protection - Capital Outlay - Construction","State","Expenditure","F62","Capital Expenditures/Construction only (before 2022) - Police Protection","54"
"2012","Missouri","SF0344","Expenditure - Direct Expenditure - General Expenditure - Police Protection - Capital Outlay - Construction","State","Expenditure","F62","Capital Expenditures/Construction only (before 2022) - Police Protection","46,816"
"2013","Missouri","SF0344","Expenditure - Direct Expenditure - General Expenditure - Police Protection - Capital Outlay - Construction","State","Expenditure","F62","Capital Expenditures/Construction only (before 2022) - Police Protection","12,726"
"2014","Missouri","SF0344","Expenditure - Direct Expenditure - General Expenditure - Police Protection - Capital Outlay - Construction","State","Expenditure","F62","Capital Expenditures/Construction only (before 2022) - Police Protection","3,823"
"2015","Missouri","SF0344","Expenditure - Direct Expenditure - General Expenditure - Police Protection - Capital Outlay - Construction","State","Expenditure","F62","Capital Expenditures/Construction only (before 2022) - Police Protection","8,247"
"2016","Missouri","SF0344","Expenditure - Direct Expenditure - General Expenditure - Police Protection - Capital Outlay - Construction","State","Expenditure","F62","Capital Expenditures/Construction only (before 2022) - Police Protection","4,906"
"2017","Missouri","SF0344","Expenditure - Direct Expenditure - General Expenditure - Police Protection - Capital Outlay - Construction","State","Expenditure","F62","Capital Expenditures/Construction only (before 2022) - Police Protection","6,653"
"2018","Missouri","SF0344","Expenditure - Direct Expenditure - General Expenditure - Police Protection - Capital Outlay - Construction","State","Expenditure","F62","Capital Expenditures/Construction only (before 2022) - Police Protection","9,500"
"2019","Missouri","SF0344","Expenditure - Direct Expenditure - General Expenditure - Police Protection - Capital Outlay - Construction","State","Expenditure","F62","Capital Expenditures/Construction only (before 2022) - Police Protection","5,076"
"2020","Missouri","SF0344","Expenditure - Direct Expenditure - General Expenditure - Police Protection - Capital Outlay - Construction","State","Expenditure","F62","Capital Expenditures/Construction only (before 2022) - Police Protection","6,458"
"2021","Missouri","SF0344","Expenditure - Direct Expenditure - General Expenditure - Police Protection - Capital Outlay - Construction","State","Expenditure","F62","Capital Expenditures/Construction only (before 2022) - Police Protection","9,420"
"2012","Montana","SF0344","Expenditure - Direct Expenditure - General Expenditure - Police Protection - Capital Outlay - Construction","State","Expenditure","F62","Capital Expenditures/Construction only (before 2022) - Police Protection","0"
"2013","Montana","SF0344","Expenditure - Direct Expenditure - General Expenditure - Police Protection - Capital Outlay - Construction","State","Expenditure","F62","Capital Expenditures/Construction only (before 2022) - Police Protection","0"
"2014","Montana","SF0344","Expenditure - Direct Expenditure - General Expenditure - Police Protection - Capital Outlay - Construction","State","Expenditure","F62","Capital Expenditures/Construction only (before 2022) - Police Protection","0"
"2015","Montana","SF0344","Expenditure - Direct Expenditure - General Expenditure - Police Protection - Capital Outlay - Construction","State","Expenditure","F62","Capital Expenditures/Construction only (before 2022) - Police Protection","0"
"2016","Montana","SF0344","Expenditure - Direct Expenditure - General Expenditure - Police Protection - Capital Outlay - Construction","State","Expenditure","F62","Capital Expenditures/Construction only (before 2022) - Police Protection","0"
"2017","Montana","SF0344","Expenditure - Direct Expenditure - General Expenditure - Police Protection - Capital Outlay - Construction","State","Expenditure","F62","Capital Expenditures/Construction only (before 2022) - Police Protection","0"
"2018","Montana","SF0344","Expenditure - Direct Expenditure - General Expenditure - Police Protection - Capital Outlay - Construction","State","Expenditure","F62","Capital Expenditures/Construction only (before 2022) - Police Protection","0"
"2019","Montana","SF0344","Expenditure - Direct Expenditure - General Expenditure - Police Protection - Capital Outlay - Construction","State","Expenditure","F62","Capital Expenditures/Construction only (before 2022) - Police Protection","0"
"2020","Montana","SF0344","Expenditure - Direct Expenditure - General Expenditure - Police Protection - Capital Outlay - Construction","State","Expenditure","F62","Capital Expenditures/Construction only (before 2022) - Police Protection","29"
"2021","Montana","SF0344","Expenditure - Direct Expenditure - General Expenditure - Police Protection - Capital Outlay - Construction","State","Expenditure","F62","Capital Expenditures/Construction only (before 2022) - Police Protection","0"
"2012","Nebraska","SF0344","Expenditure - Direct Expenditure - General Expenditure - Police Protection - Capital Outlay - Construction","State","Expenditure","F62","Capital Expenditures/Construction only (before 2022) - Police Protection","214"
"2013","Nebraska","SF0344","Expenditure - Direct Expenditure - General Expenditure - Police Protection - Capital Outlay - Construction","State","Expenditure","F62","Capital Expenditures/Construction only (before 2022) - Police Protection","84"
"2014","Nebraska","SF0344","Expenditure - Direct Expenditure - General Expenditure - Police Protection - Capital Outlay - Construction","State","Expenditure","F62","Capital Expenditures/Construction only (before 2022) - Police Protection","52"
"2015","Nebraska","SF0344","Expenditure - Direct Expenditure - General Expenditure - Police Protection - Capital Outlay - Construction","State","Expenditure","F62","Capital Expenditures/Construction only (before 2022) - Police Protection","61"
"2016","Nebraska","SF0344","Expenditure - Direct Expenditure - General Expenditure - Police Protection - Capital Outlay - Construction","State","Expenditure","F62","Capital Expenditures/Construction only (before 2022) - Police Protection","45"
"2017","Nebraska","SF0344","Expenditure - Direct Expenditure - General Expenditure - Police Protection - Capital Outlay - Construction","State","Expenditure","F62","Capital Expenditures/Construction only (before 2022) - Police Protection","45"
"2018","Nebraska","SF0344","Expenditure - Direct Expenditure - General Expenditure - Police Protection - Capital Outlay - Construction","State","Expenditure","F62","Capital Expenditures/Construction only (before 2022) - Police Protection","46"
"2019","Nebraska","SF0344","Expenditure - Direct Expenditure - General Expenditure - Police Protection - Capital Outlay - Construction","State","Expenditure","F62","Capital Expenditures/Construction only (before 2022) - Police Protection","70"
"2020","Nebraska","SF0344","Expenditure - Direct Expenditure - General Expenditure - Police Protection - Capital Outlay - Construction","State","Expenditure","F62","Capital Expenditures/Construction only (before 2022) - Police Protection","56"
"2021","Nebraska","SF0344","Expenditure - Direct Expenditure - General Expenditure - Police Protection - Capital Outlay - Construction","State","Expenditure","F62","Capital Expenditures/Construction only (before 2022) - Police Protection","179"
"2012","Nevada","SF0344","Expenditure - Direct Expenditure - General Expenditure - Police Protection - Capital Outlay - Construction","State","Expenditure","F62","Capital Expenditures/Construction only (before 2022) - Police Protection","43"
"2013","Nevada","SF0344","Expenditure - Direct Expenditure - General Expenditure - Police Protection - Capital Outlay - Construction","State","Expenditure","F62","Capital Expenditures/Construction only (before 2022) - Police Protection","43"
"2014","Nevada","SF0344","Expenditure - Direct Expenditure - General Expenditure - Police Protection - Capital Outlay - Construction","State","Expenditure","F62","Capital Expenditures/Construction only (before 2022) - Police Protection","0"
"2015","Nevada","SF0344","Expenditure - Direct Expenditure - General Expenditure - Police Protection - Capital Outlay - Construction","State","Expenditure","F62","Capital Expenditures/Construction only (before 2022) - Police Protection","0"
"2016","Nevada","SF0344","Expenditure - Direct Expenditure - General Expenditure - Police Protection - Capital Outlay - Construction","State","Expenditure","F62","Capital Expenditures/Construction only (before 2022) - Police Protection","0"
"2017","Nevada","SF0344","Expenditure - Direct Expenditure - General Expenditure - Police Protection - Capital Outlay - Construction","State","Expenditure","F62","Capital Expenditures/Construction only (before 2022) - Police Protection","0"
"2018","Nevada","SF0344","Expenditure - Direct Expenditure - General Expenditure - Police Protection - Capital Outlay - Construction","State","Expenditure","F62","Capital Expenditures/Construction only (before 2022) - Police Protection","0"
"2019","Nevada","SF0344","Expenditure - Direct Expenditure - General Expenditure - Police Protection - Capital Outlay - Construction","State","Expenditure","F62","Capital Expenditures/Construction only (before 2022) - Police Protection","0"
"2020","Nevada","SF0344","Expenditure - Direct Expenditure - General Expenditure - Police Protection - Capital Outlay - Construction","State","Expenditure","F62","Capital Expenditures/Construction only (before 2022) - Police Protection","0"
"2021","Nevada","SF0344","Expenditure - Direct Expenditure - General Expenditure - Police Protection - Capital Outlay - Construction","State","Expenditure","F62","Capital Expenditures/Construction only (before 2022) - Police Protection","0"
"2012","New Hampshire","SF0344","Expenditure - Direct Expenditure - General Expenditure - Police Protection - Capital Outlay - Construction","State","Expenditure","F62","Capital Expenditures/Construction only (before 2022) - Police Protection","441"
"2013","New Hampshire","SF0344","Expenditure - Direct Expenditure - General Expenditure - Police Protection - Capital Outlay - Construction","State","Expenditure","F62","Capital Expenditures/Construction only (before 2022) - Police Protection","11"
"2014","New Hampshire","SF0344","Expenditure - Direct Expenditure - General Expenditure - Police Protection - Capital Outlay - Construction","State","Expenditure","F62","Capital Expenditures/Construction only (before 2022) - Police Protection","52"
"2015","New Hampshire","SF0344","Expenditure - Direct Expenditure - General Expenditure - Police Protection - Capital Outlay - Construction","State","Expenditure","F62","Capital Expenditures/Construction only (before 2022) - Police Protection","1,046"
"2016","New Hampshire","SF0344","Expenditure - Direct Expenditure - General Expenditure - Police Protection - Capital Outlay - Construction","State","Expenditure","F62","Capital Expenditures/Construction only (before 2022) - Police Protection","4,278"
"2017","New Hampshire","SF0344","Expenditure - Direct Expenditure - General Expenditure - Police Protection - Capital Outlay - Construction","State","Expenditure","F62","Capital Expenditures/Construction only (before 2022) - Police Protection","5,426"
"2018","New Hampshire","SF0344","Expenditure - Direct Expenditure - General Expenditure - Police Protection - Capital Outlay - Construction","State","Expenditure","F62","Capital Expenditures/Construction only (before 2022) - Police Protection","47"
"2019","New Hampshire","SF0344","Expenditure - Direct Expenditure - General Expenditure - Police Protection - Capital Outlay - Construction","State","Expenditure","F62","Capital Expenditures/Construction only (before 2022) - Police Protection","654"
"2020","New Hampshire","SF0344","Expenditure - Direct Expenditure - General Expenditure - Police Protection - Capital Outlay - Construction","State","Expenditure","F62","Capital Expenditures/Construction only (before 2022) - Police Protection","788"
"2021","New Hampshire","SF0344","Expenditure - Direct Expenditure - General Expenditure - Police Protection - Capital Outlay - Construction","State","Expenditure","F62","Capital Expenditures/Construction only (before 2022) - Police Protection","494"
"2012","New Jersey","SF0344","Expenditure - Direct Expenditure - General Expenditure - Police Protection - Capital Outlay - Construction","State","Expenditure","F62","Capital Expenditures/Construction only (before 2022) - Police Protection","1,977"
"2013","New Jersey","SF0344","Expenditure - Direct Expenditure - General Expenditure - Police Protection - Capital Outlay - Construction","State","Expenditure","F62","Capital Expenditures/Construction only (before 2022) - Police Protection","1,612"
"2014","New Jersey","SF0344","Expenditure - Direct Expenditure - General Expenditure - Police Protection - Capital Outlay - Construction","State","Expenditure","F62","Capital Expenditures/Construction only (before 2022) - Police Protection","1,752"
"2015","New Jersey","SF0344","Expenditure - Direct Expenditure - General Expenditure - Police Protection - Capital Outlay - Construction","State","Expenditure","F62","Capital Expenditures/Construction only (before 2022) - Police Protection","340"
"2016","New Jersey","SF0344","Expenditure - Direct Expenditure - General Expenditure - Police Protection - Capital Outlay - Construction","State","Expenditure","F62","Capital Expenditures/Construction only (before 2022) - Police Protection","1,444"
"2017","New Jersey","SF0344","Expenditure - Direct Expenditure - General Expenditure - Police Protection - Capital Outlay - Construction","State","Expenditure","F62","Capital Expenditures/Construction only (before 2022) - Police Protection","1,062"
"2018","New Jersey","SF0344","Expenditure - Direct Expenditure - General Expenditure - Police Protection - Capital Outlay - Construction","State","Expenditure","F62","Capital Expenditures/Construction only (before 2022) - Police Protection","3,251"
"2019","New Jersey","SF0344","Expenditure - Direct Expenditure - General Expenditure - Police Protection - Capital Outlay - Construction","State","Expenditure","F62","Capital Expenditures/Construction only (before 2022) - Police Protection","852"
"2020","New Jersey","SF0344","Expenditure - Direct Expenditure - General Expenditure - Police Protection - Capital Outlay - Construction","State","Expenditure","F62","Capital Expenditures/Construction only (before 2022) - Police Protection","5,178"
"2021","New Jersey","SF0344","Expenditure - Direct Expenditure - General Expenditure - Police Protection - Capital Outlay - Construction","State","Expenditure","F62","Capital Expenditures/Construction only (before 2022) - Police Protection","6,782"
"2012","New Mexico","SF0344","Expenditure - Direct Expenditure - General Expenditure - Police Protection - Capital Outlay - Construction","State","Expenditure","F62","Capital Expenditures/Construction only (before 2022) - Police Protection","0"
"2013","New Mexico","SF0344","Expenditure - Direct Expenditure - General Expenditure - Police Protection - Capital Outlay - Construction","State","Expenditure","F62","Capital Expenditures/Construction only (before 2022) - Police Protection","30"
"2014","New Mexico","SF0344","Expenditure - Direct Expenditure - General Expenditure - Police Protection - Capital Outlay - Construction","State","Expenditure","F62","Capital Expenditures/Construction only (before 2022) - Police Protection","34"
"2015","New Mexico","SF0344","Expenditure - Direct Expenditure - General Expenditure - Police Protection - Capital Outlay - Construction","State","Expenditure","F62","Capital Expenditures/Construction only (before 2022) - Police Protection","17"
"2016","New Mexico","SF0344","Expenditure - Direct Expenditure - General Expenditure - Police Protection - Capital Outlay - Construction","State","Expenditure","F62","Capital Expenditures/Construction only (before 2022) - Police Protection","0"
"2017","New Mexico","SF0344","Expenditure - Direct Expenditure - General Expenditure - Police Protection - Capital Outlay - Construction","State","Expenditure","F62","Capital Expenditures/Construction only (before 2022) - Police Protection","0"
"2018","New Mexico","SF0344","Expenditure - Direct Expenditure - General Expenditure - Police Protection - Capital Outlay - Construction","State","Expenditure","F62","Capital Expenditures/Construction only (before 2022) - Police Protection","0"
"2019","New Mexico","SF0344","Expenditure - Direct Expenditure - General Expenditure - Police Protection - Capital Outlay - Construction","State","Expenditure","F62","Capital Expenditures/Construction only (before 2022) - Police Protection","0"
"2020","New Mexico","SF0344","Expenditure - Direct Expenditure - General Expenditure - Police Protection - Capital Outlay - Construction","State","Expenditure","F62","Capital Expenditures/Construction only (before 2022) - Police Protection","0"
"2021","New Mexico","SF0344","Expenditure - Direct Expenditure - General Expenditure - Police Protection - Capital Outlay - Construction","State","Expenditure","F62","Capital Expenditures/Construction only (before 2022) - Police Protection","111"
"2012","New York","SF0344","Expenditure - Direct Expenditure - General Expenditure - Police Protection - Capital Outlay - Construction","State","Expenditure","F62","Capital Expenditures/Construction only (before 2022) - Police Protection","30,415"
"2013","New York","SF0344","Expenditure - Direct Expenditure - General Expenditure - Police Protection - Capital Outlay - Construction","State","Expenditure","F62","Capital Expenditures/Construction only (before 2022) - Police Protection","23,008"
"2014","New York","SF0344","Expenditure - Direct Expenditure - General Expenditure - Police Protection - Capital Outlay - Construction","State","Expenditure","F62","Capital Expenditures/Construction only (before 2022) - Police Protection","8,561"
"2015","New York","SF0344","Expenditure - Direct Expenditure - General Expenditure - Police Protection - Capital Outlay - Construction","State","Expenditure","F62","Capital Expenditures/Construction only (before 2022) - Police Protection","4,519"
"2016","New York","SF0344","Expenditure - Direct Expenditure - General Expenditure - Police Protection - Capital Outlay - Construction","State","Expenditure","F62","Capital Expenditures/Construction only (before 2022) - Police Protection","5,332"
"2017","New York","SF0344","Expenditure - Direct Expenditure - General Expenditure - Police Protection - Capital Outlay - Construction","State","Expenditure","F62","Capital Expenditures/Construction only (before 2022) - Police Protection","20,933"
"2018","New York","SF0344","Expenditure - Direct Expenditure - General Expenditure - Police Protection - Capital Outlay - Construction","State","Expenditure","F62","Capital Expenditures/Construction only (before 2022) - Police Protection","22,200"
"2019","New York","SF0344","Expenditure - Direct Expenditure - General Expenditure - Police Protection - Capital Outlay - Construction","State","Expenditure","F62","Capital Expenditures/Construction only (before 2022) - Police Protection","4,028"
"2020","New York","SF0344","Expenditure - Direct Expenditure - General Expenditure - Police Protection - Capital Outlay - Construction","State","Expenditure","F62","Capital Expenditures/Construction only (before 2022) - Police Protection","4,901"
"2021","New York","SF0344","Expenditure - Direct Expenditure - General Expenditure - Police Protection - Capital Outlay - Construction","State","Expenditure","F62","Capital Expenditures/Construction only (before 2022) - Police Protection","3,664"
"2012","North Carolina","SF0344","Expenditure - Direct Expenditure - General Expenditure - Police Protection - Capital Outlay - Construction","State","Expenditure","F62","Capital Expenditures/Construction only (before 2022) - Police Protection","16,940"
"2013","North Carolina","SF0344","Expenditure - Direct Expenditure - General Expenditure - Police Protection - Capital Outlay - Construction","State","Expenditure","F62","Capital Expenditures/Construction only (before 2022) - Police Protection","929"
"2014","North Carolina","SF0344","Expenditure - Direct Expenditure - General Expenditure - Police Protection - Capital Outlay - Construction","State","Expenditure","F62","Capital Expenditures/Construction only (before 2022) - Police Protection","4,942"
"2015","North Carolina","SF0344","Expenditure - Direct Expenditure - General Expenditure - Police Protection - Capital Outlay - Construction","State","Expenditure","F62","Capital Expenditures/Construction only (before 2022) - Police Protection","16,771"
"2016","North Carolina","SF0344","Expenditure - Direct Expenditure - General Expenditure - Police Protection - Capital Outlay - Construction","State","Expenditure","F62","Capital Expenditures/Construction only (before 2022) - Police Protection","20,737"
"2017","North Carolina","SF0344","Expenditure - Direct Expenditure - General Expenditure - Police Protection - Capital Outlay - Construction","State","Expenditure","F62","Capital Expenditures/Construction only (before 2022) - Police Protection","9,930"
"2018","North Carolina","SF0344","Expenditure - Direct Expenditure - General Expenditure - Police Protection - Capital Outlay - Construction","State","Expenditure","F62","Capital Expenditures/Construction only (before 2022) - Police Protection","12,068"
"2019","North Carolina","SF0344","Expenditure - Direct Expenditure - General Expenditure - Police Protection - Capital Outlay - Construction","State","Expenditure","F62","Capital Expenditures/Construction only (before 2022) - Police Protection","13,452"
"2020","North Carolina","SF0344","Expenditure - Direct Expenditure - General Expenditure - Police Protection - Capital Outlay - Construction","State","Expenditure","F62","Capital Expenditures/Construction only (before 2022) - Police Protection","9,433"
"2021","North Carolina","SF0344","Expenditure - Direct Expenditure - General Expenditure - Police Protection - Capital Outlay - Construction","State","Expenditure","F62","Capital Expenditures/Construction only (before 2022) - Police Protection","14,259"
"2012","North Dakota","SF0344","Expenditure - Direct Expenditure - General Expenditure - Police Protection - Capital Outlay - Construction","State","Expenditure","F62","Capital Expenditures/Construction only (before 2022) - Police Protection","11"
"2013","North Dakota","SF0344","Expenditure - Direct Expenditure - General Expenditure - Police Protection - Capital Outlay - Construction","State","Expenditure","F62","Capital Expenditures/Construction only (before 2022) - Police Protection","0"
"2014","North Dakota","SF0344","Expenditure - Direct Expenditure - General Expenditure - Police Protection - Capital Outlay - Construction","State","Expenditure","F62","Capital Expenditures/Construction only (before 2022) - Police Protection","1"
"2015","North Dakota","SF0344","Expenditure - Direct Expenditure - General Expenditure - Police Protection - Capital Outlay - Construction","State","Expenditure","F62","Capital Expenditures/Construction only (before 2022) - Police Protection","3,923"
"2016","North Dakota","SF0344","Expenditure - Direct Expenditure - General Expenditure - Police Protection - Capital Outlay - Construction","State","Expenditure","F62","Capital Expenditures/Construction only (before 2022) - Police Protection","448"
"2017","North Dakota","SF0344","Expenditure - Direct Expenditure - General Expenditure - Police Protection - Capital Outlay - Construction","State","Expenditure","F62","Capital Expenditures/Construction only (before 2022) - Police Protection","269"
"2018","North Dakota","SF0344","Expenditure - Direct Expenditure - General Expenditure - Police Protection - Capital Outlay - Construction","State","Expenditure","F62","Capital Expenditures/Construction only (before 2022) - Police Protection","1"
"2019","North Dakota","SF0344","Expenditure - Direct Expenditure - General Expenditure - Police Protection - Capital Outlay - Construction","State","Expenditure","F62","Capital Expenditures/Construction only (before 2022) - Police Protection","63"
"2020","North Dakota","SF0344","Expenditure - Direct Expenditure - General Expenditure - Police Protection - Capital Outlay - Construction","State","Expenditure","F62","Capital Expenditures/Construction only (before 2022) - Police Protection","65"
"2021","North Dakota","SF0344","Expenditure - Direct Expenditure - General Expenditure - Police Protection - Capital Outlay - Construction","State","Expenditure","F62","Capital Expenditures/Construction only (before 2022) - Police Protection","1,364"
"2012","Ohio","SF0344","Expenditure - Direct Expenditure - General Expenditure - Police Protection - Capital Outlay - Construction","State","Expenditure","F62","Capital Expenditures/Construction only (before 2022) - Police Protection","1,925"
"2013","Ohio","SF0344","Expenditure - Direct Expenditure - General Expenditure - Police Protection - Capital Outlay - Construction","State","Expenditure","F62","Capital Expenditures/Construction only (before 2022) - Police Protection","3,209"
"2014","Ohio","SF0344","Expenditure - Direct Expenditure - General Expenditure - Police Protection - Capital Outlay - Construction","State","Expenditure","F62","Capital Expenditures/Construction only (before 2022) - Police Protection","4,757"
"2015","Ohio","SF0344","Expenditure - Direct Expenditure - General Expenditure - Police Protection - Capital Outlay - Construction","State","Expenditure","F62","Capital Expenditures/Construction only (before 2022) - Police Protection","3,079"
"2016","Ohio","SF0344","Expenditure - Direct Expenditure - General Expenditure - Police Protection - Capital Outlay - Construction","State","Expenditure","F62","Capital Expenditures/Construction only (before 2022) - Police Protection","3,738"
"2017","Ohio","SF0344","Expenditure - Direct Expenditure - General Expenditure - Police Protection - Capital Outlay - Construction","State","Expenditure","F62","Capital Expenditures/Construction only (before 2022) - Police Protection","3,907"
"2018","Ohio","SF0344","Expenditure - Direct Expenditure - General Expenditure - Police Protection - Capital Outlay - Construction","State","Expenditure","F62","Capital Expenditures/Construction only (before 2022) - Police Protection","2,981"
"2019","Ohio","SF0344","Expenditure - Direct Expenditure - General Expenditure - Police Protection - Capital Outlay - Construction","State","Expenditure","F62","Capital Expenditures/Construction only (before 2022) - Police Protection","6,701"
"2020","Ohio","SF0344","Expenditure - Direct Expenditure - General Expenditure - Police Protection - Capital Outlay - Construction","State","Expenditure","F62","Capital Expenditures/Construction only (before 2022) - Police Protection","324"
"2021","Ohio","SF0344","Expenditure - Direct Expenditure - General Expenditure - Police Protection - Capital Outlay - Construction","State","Expenditure","F62","Capital Expenditures/Construction only (before 2022) - Police Protection","0"
"2012","Oklahoma","SF0344","Expenditure - Direct Expenditure - General Expenditure - Police Protection - Capital Outlay - Construction","State","Expenditure","F62","Capital Expenditures/Construction only (before 2022) - Police Protection","1,697"
"2013","Oklahoma","SF0344","Expenditure - Direct Expenditure - General Expenditure - Police Protection - Capital Outlay - Construction","State","Expenditure","F62","Capital Expenditures/Construction only (before 2022) - Police Protection","2,100"
"2014","Oklahoma","SF0344","Expenditure - Direct Expenditure - General Expenditure - Police Protection - Capital Outlay - Construction","State","Expenditure","F62","Capital Expenditures/Construction only (before 2022) - Police Protection","1,382"
"2015","Oklahoma","SF0344","Expenditure - Direct Expenditure - General Expenditure - Police Protection - Capital Outlay - Construction","State","Expenditure","F62","Capital Expenditures/Construction only (before 2022) - Police Protection","992"
"2016","Oklahoma","SF0344","Expenditure - Direct Expenditure - General Expenditure - Police Protection - Capital Outlay - Construction","State","Expenditure","F62","Capital Expenditures/Construction only (before 2022) - Police Protection","300"
"2017","Oklahoma","SF0344","Expenditure - Direct Expenditure - General Expenditure - Police Protection - Capital Outlay - Construction","State","Expenditure","F62","Capital Expenditures/Construction only (before 2022) - Police Protection","177"
"2018","Oklahoma","SF0344","Expenditure - Direct Expenditure - General Expenditure - Police Protection - Capital Outlay - Construction","State","Expenditure","F62","Capital Expenditures/Construction only (before 2022) - Police Protection","37"
"2019","Oklahoma","SF0344","Expenditure - Direct Expenditure - General Expenditure - Police Protection - Capital Outlay - Construction","State","Expenditure","F62","Capital Expenditures/Construction only (before 2022) - Police Protection","197"
"2020","Oklahoma","SF0344","Expenditure - Direct Expenditure - General Expenditure - Police Protection - Capital Outlay - Construction","State","Expenditure","F62","Capital Expenditures/Construction only (before 2022) - Police Protection","1,748"
"2021","Oklahoma","SF0344","Expenditure - Direct Expenditure - General Expenditure - Police Protection - Capital Outlay - Construction","State","Expenditure","F62","Capital Expenditures/Construction only (before 2022) - Police Protection","566"
"2012","Oregon","SF0344","Expenditure - Direct Expenditure - General Expenditure - Police Protection - Capital Outlay - Construction","State","Expenditure","F62","Capital Expenditures/Construction only (before 2022) - Police Protection","194"
"2013","Oregon","SF0344","Expenditure - Direct Expenditure - General Expenditure - Police Protection - Capital Outlay - Construction","State","Expenditure","F62","Capital Expenditures/Construction only (before 2022) - Police Protection","90"
"2014","Oregon","SF0344","Expenditure - Direct Expenditure - General Expenditure - Police Protection - Capital Outlay - Construction","State","Expenditure","F62","Capital Expenditures/Construction only (before 2022) - Police Protection","18"
"2015","Oregon","SF0344","Expenditure - Direct Expenditure - General Expenditure - Police Protection - Capital Outlay - Construction","State","Expenditure","F62","Capital Expenditures/Construction only (before 2022) - Police Protection","54"
"2016","Oregon","SF0344","Expenditure - Direct Expenditure - General Expenditure - Police Protection - Capital Outlay - Construction","State","Expenditure","F62","Capital Expenditures/Construction only (before 2022) - Police Protection","338"
"2017","Oregon","SF0344","Expenditure - Direct Expenditure - General Expenditure - Police Protection - Capital Outlay - Construction","State","Expenditure","F62","Capital Expenditures/Construction only (before 2022) - Police Protection","115"
"2018","Oregon","SF0344","Expenditure - Direct Expenditure - General Expenditure - Police Protection - Capital Outlay - Construction","State","Expenditure","F62","Capital Expenditures/Construction only (before 2022) - Police Protection","6"
"2019","Oregon","SF0344","Expenditure - Direct Expenditure - General Expenditure - Police Protection - Capital Outlay - Construction","State","Expenditure","F62","Capital Expenditures/Construction only (before 2022) - Police Protection","583"
"2020","Oregon","SF0344","Expenditure - Direct Expenditure - General Expenditure - Police Protection - Capital Outlay - Construction","State","Expenditure","F62","Capital Expenditures/Construction only (before 2022) - Police Protection","277"
"2021","Oregon","SF0344","Expenditure - Direct Expenditure - General Expenditure - Police Protection - Capital Outlay - Construction","State","Expenditure","F62","Capital Expenditures/Construction only (before 2022) - Police Protection","184"
"2012","Pennsylvania","SF0344","Expenditure - Direct Expenditure - General Expenditure - Police Protection - Capital Outlay - Construction","State","Expenditure","F62","Capital Expenditures/Construction only (before 2022) - Police Protection","2,172"
"2013","Pennsylvania","SF0344","Expenditure - Direct Expenditure - General Expenditure - Police Protection - Capital Outlay - Construction","State","Expenditure","F62","Capital Expenditures/Construction only (before 2022) - Police Protection","57"
"2014","Pennsylvania","SF0344","Expenditure - Direct Expenditure - General Expenditure - Police Protection - Capital Outlay - Construction","State","Expenditure","F62","Capital Expenditures/Construction only (before 2022) - Police Protection","139"
"2015","Pennsylvania","SF0344","Expenditure - Direct Expenditure - General Expenditure - Police Protection - Capital Outlay - Construction","State","Expenditure","F62","Capital Expenditures/Construction only (before 2022) - Police Protection","79"
"2016","Pennsylvania","SF0344","Expenditure - Direct Expenditure - General Expenditure - Police Protection - Capital Outlay - Construction","State","Expenditure","F62","Capital Expenditures/Construction only (before 2022) - Police Protection","7"
"2017","Pennsylvania","SF0344","Expenditure - Direct Expenditure - General Expenditure - Police Protection - Capital Outlay - Construction","State","Expenditure","F62","Capital Expenditures/Construction only (before 2022) - Police Protection","783"
"2018","Pennsylvania","SF0344","Expenditure - Direct Expenditure - General Expenditure - Police Protection - Capital Outlay - Construction","State","Expenditure","F62","Capital Expenditures/Construction only (before 2022) - Police Protection","11,563"
"2019","Pennsylvania","SF0344","Expenditure - Direct Expenditure - General Expenditure - Police Protection - Capital Outlay - Construction","State","Expenditure","F62","Capital Expenditures/Construction only (before 2022) - Police Protection","102"
"2020","Pennsylvania","SF0344","Expenditure - Direct Expenditure - General Expenditure - Police Protection - Capital Outlay - Construction","State","Expenditure","F62","Capital Expenditures/Construction only (before 2022) - Police Protection","28,401"
"2021","Pennsylvania","SF0344","Expenditure - Direct Expenditure - General Expenditure - Police Protection - Capital Outlay - Construction","State","Expenditure","F62","Capital Expenditures/Construction only (before 2022) - Police Protection","7,236"
"2012","Rhode Island","SF0344","Expenditure - Direct Expenditure - General Expenditure - Police Protection - Capital Outlay - Construction","State","Expenditure","F62","Capital Expenditures/Construction only (before 2022) - Police Protection","817"
"2013","Rhode Island","SF0344","Expenditure - Direct Expenditure - General Expenditure - Police Protection - Capital Outlay - Construction","State","Expenditure","F62","Capital Expenditures/Construction only (before 2022) - Police Protection","39"
"2014","Rhode Island","SF0344","Expenditure - Direct Expenditure - General Expenditure - Police Protection - Capital Outlay - Construction","State","Expenditure","F62","Capital Expenditures/Construction only (before 2022) - Police Protection","633"
"2015","Rhode Island","SF0344","Expenditure - Direct Expenditure - General Expenditure - Police Protection - Capital Outlay - Construction","State","Expenditure","F62","Capital Expenditures/Construction only (before 2022) - Police Protection","3,401"
"2016","Rhode Island","SF0344","Expenditure - Direct Expenditure - General Expenditure - Police Protection - Capital Outlay - Construction","State","Expenditure","F62","Capital Expenditures/Construction only (before 2022) - Police Protection","3,599"
"2017","Rhode Island","SF0344","Expenditure - Direct Expenditure - General Expenditure - Police Protection - Capital Outlay - Construction","State","Expenditure","F62","Capital Expenditures/Construction only (before 2022) - Police Protection","6,939"
"2018","Rhode Island","SF0344","Expenditure - Direct Expenditure - General Expenditure - Police Protection - Capital Outlay - Construction","State","Expenditure","F62","Capital Expenditures/Construction only (before 2022) - Police Protection","197"
"2019","Rhode Island","SF0344","Expenditure - Direct Expenditure - General Expenditure - Police Protection - Capital Outlay - Construction","State","Expenditure","F62","Capital Expenditures/Construction only (before 2022) - Police Protection","634"
"2020","Rhode Island","SF0344","Expenditure - Direct Expenditure - General Expenditure - Police Protection - Capital Outlay - Construction","State","Expenditure","F62","Capital Expenditures/Construction only (before 2022) - Police Protection","1,276"
"2021","Rhode Island","SF0344","Expenditure - Direct Expenditure - General Expenditure - Police Protection - Capital Outlay - Construction","State","Expenditure","F62","Capital Expenditures/Construction only (before 2022) - Police Protection","452"
"2012","South Carolina","SF0344","Expenditure - Direct Expenditure - General Expenditure - Police Protection - Capital Outlay - Construction","State","Expenditure","F62","Capital Expenditures/Construction only (before 2022) - Police Protection","6,521"
"2013","South Carolina","SF0344","Expenditure - Direct Expenditure - General Expenditure - Police Protection - Capital Outlay - Construction","State","Expenditure","F62","Capital Expenditures/Construction only (before 2022) - Police Protection","1,811"
"2014","South Carolina","SF0344","Expenditure - Direct Expenditure - General Expenditure - Police Protection - Capital Outlay - Construction","State","Expenditure","F62","Capital Expenditures/Construction only (before 2022) - Police Protection","1,193"
"2015","South Carolina","SF0344","Expenditure - Direct Expenditure - General Expenditure - Police Protection - Capital Outlay - Construction","State","Expenditure","F62","Capital Expenditures/Construction only (before 2022) - Police Protection","2,244"
"2016","South Carolina","SF0344","Expenditure - Direct Expenditure - General Expenditure - Police Protection - Capital Outlay - Construction","State","Expenditure","F62","Capital Expenditures/Construction only (before 2022) - Police Protection","907"
"2017","South Carolina","SF0344","Expenditure - Direct Expenditure - General Expenditure - Police Protection - Capital Outlay - Construction","State","Expenditure","F62","Capital Expenditures/Construction only (before 2022) - Police Protection","1,727"
"2018","South Carolina","SF0344","Expenditure - Direct Expenditure - General Expenditure - Police Protection - Capital Outlay - Construction","State","Expenditure","F62","Capital Expenditures/Construction only (before 2022) - Police Protection","755"
"2019","South Carolina","SF0344","Expenditure - Direct Expenditure - General Expenditure - Police Protection - Capital Outlay - Construction","State","Expenditure","F62","Capital Expenditures/Construction only (before 2022) - Police Protection","1,338"
"2020","South Carolina","SF0344","Expenditure - Direct Expenditure - General Expenditure - Police Protection - Capital Outlay - Construction","State","Expenditure","F62","Capital Expenditures/Construction only (before 2022) - Police Protection","1,828"
"2021","South Carolina","SF0344","Expenditure - Direct Expenditure - General Expenditure - Police Protection - Capital Outlay - Construction","State","Expenditure","F62","Capital Expenditures/Construction only (before 2022) - Police Protection","825"
"2012","South Dakota","SF0344","Expenditure - Direct Expenditure - General Expenditure - Police Protection - Capital Outlay - Construction","State","Expenditure","F62","Capital Expenditures/Construction only (before 2022) - Police Protection","123"
"2013","South Dakota","SF0344","Expenditure - Direct Expenditure - General Expenditure - Police Protection - Capital Outlay - Construction","State","Expenditure","F62","Capital Expenditures/Construction only (before 2022) - Police Protection","8"
"2014","South Dakota","SF0344","Expenditure - Direct Expenditure - General Expenditure - Police Protection - Capital Outlay - Construction","State","Expenditure","F62","Capital Expenditures/Construction only (before 2022) - Police Protection","17"
"2015","South Dakota","SF0344","Expenditure - Direct Expenditure - General Expenditure - Police Protection - Capital Outlay - Construction","State","Expenditure","F62","Capital Expenditures/Construction only (before 2022) - Police Protection","973"
"2016","South Dakota","SF0344","Expenditure - Direct Expenditure - General Expenditure - Police Protection - Capital Outlay - Construction","State","Expenditure","F62","Capital Expenditures/Construction only (before 2022) - Police Protection","652"
"2017","South Dakota","SF0344","Expenditure - Direct Expenditure - General Expenditure - Police Protection - Capital Outlay - Construction","State","Expenditure","F62","Capital Expenditures/Construction only (before 2022) - Police Protection","353"
"2018","South Dakota","SF0344","Expenditure - Direct Expenditure - General Expenditure - Police Protection - Capital Outlay - Construction","State","Expenditure","F62","Capital Expenditures/Construction only (before 2022) - Police Protection","286"
"2019","South Dakota","SF0344","Expenditure - Direct Expenditure - General Expenditure - Police Protection - Capital Outlay - Construction","State","Expenditure","F62","Capital Expenditures/Construction only (before 2022) - Police Protection","88"
"2020","South Dakota","SF0344","Expenditure - Direct Expenditure - General Expenditure - Police Protection - Capital Outlay - Construction","State","Expenditure","F62","Capital Expenditures/Construction only (before 2022) - Police Protection","2,860"
"2021","South Dakota","SF0344","Expenditure - Direct Expenditure - General Expenditure - Police Protection - Capital Outlay - Construction","State","Expenditure","F62","Capital Expenditures/Construction only (before 2022) - Police Protection","2,228"
"2012","Tennessee","SF0344","Expenditure - Direct Expenditure - General Expenditure - Police Protection - Capital Outlay - Construction","State","Expenditure","F62","Capital Expenditures/Construction only (before 2022) - Police Protection","718"
"2013","Tennessee","SF0344","Expenditure - Direct Expenditure - General Expenditure - Police Protection - Capital Outlay - Construction","State","Expenditure","F62","Capital Expenditures/Construction only (before 2022) - Police Protection","407"
"2014","Tennessee","SF0344","Expenditure - Direct Expenditure - General Expenditure - Police Protection - Capital Outlay - Construction","State","Expenditure","F62","Capital Expenditures/Construction only (before 2022) - Police Protection","449"
"2015","Tennessee","SF0344","Expenditure - Direct Expenditure - General Expenditure - Police Protection - Capital Outlay - Construction","State","Expenditure","F62","Capital Expenditures/Construction only (before 2022) - Police Protection","704"
"2016","Tennessee","SF0344","Expenditure - Direct Expenditure - General Expenditure - Police Protection - Capital Outlay - Construction","State","Expenditure","F62","Capital Expenditures/Construction only (before 2022) - Police Protection","395"
"2017","Tennessee","SF0344","Expenditure - Direct Expenditure - General Expenditure - Police Protection - Capital Outlay - Construction","State","Expenditure","F62","Capital Expenditures/Construction only (before 2022) - Police Protection","295"
"2018","Tennessee","SF0344","Expenditure - Direct Expenditure - General Expenditure - Police Protection - Capital Outlay - Construction","State","Expenditure","F62","Capital Expenditures/Construction only (before 2022) - Police Protection","997"
"2019","Tennessee","SF0344","Expenditure - Direct Expenditure - General Expenditure - Police Protection - Capital Outlay - Construction","State","Expenditure","F62","Capital Expenditures/Construction only (before 2022) - Police Protection","620"
"2020","Tennessee","SF0344","Expenditure - Direct Expenditure - General Expenditure - Police Protection - Capital Outlay - Construction","State","Expenditure","F62","Capital Expenditures/Construction only (before 2022) - Police Protection","1,005"
"2021","Tennessee","SF0344","Expenditure - Direct Expenditure - General Expenditure - Police Protection - Capital Outlay - Construction","State","Expenditure","F62","Capital Expenditures/Construction only (before 2022) - Police Protection","548"
"2012","Texas","SF0344","Expenditure - Direct Expenditure - General Expenditure - Police Protection - Capital Outlay - Construction","State","Expenditure","F62","Capital Expenditures/Construction only (before 2022) - Police Protection","15,628"
"2013","Texas","SF0344","Expenditure - Direct Expenditure - General Expenditure - Police Protection - Capital Outlay - Construction","State","Expenditure","F62","Capital Expenditures/Construction only (before 2022) - Police Protection","33,711"
"2014","Texas","SF0344","Expenditure - Direct Expenditure - General Expenditure - Police Protection - Capital Outlay - Construction","State","Expenditure","F62","Capital Expenditures/Construction only (before 2022) - Police Protection","20,725"
"2015","Texas","SF0344","Expenditure - Direct Expenditure - General Expenditure - Police Protection - Capital Outlay - Construction","State","Expenditure","F62","Capital Expenditures/Construction only (before 2022) - Police Protection","5,364"
"2016","Texas","SF0344","Expenditure - Direct Expenditure - General Expenditure - Police Protection - Capital Outlay - Construction","State","Expenditure","F62","Capital Expenditures/Construction only (before 2022) - Police Protection","1,821"
"2017","Texas","SF0344","Expenditure - Direct Expenditure - General Expenditure - Police Protection - Capital Outlay - Construction","State","Expenditure","F62","Capital Expenditures/Construction only (before 2022) - Police Protection","7,080"
"2018","Texas","SF0344","Expenditure - Direct Expenditure - General Expenditure - Police Protection - Capital Outlay - Construction","State","Expenditure","F62","Capital Expenditures/Construction only (before 2022) - Police Protection","8,543"
"2019","Texas","SF0344","Expenditure - Direct Expenditure - General Expenditure - Police Protection - Capital Outlay - Construction","State","Expenditure","F62","Capital Expenditures/Construction only (before 2022) - Police Protection","3,895"
"2020","Texas","SF0344","Expenditure - Direct Expenditure - General Expenditure - Police Protection - Capital Outlay - Construction","State","Expenditure","F62","Capital Expenditures/Construction only (before 2022) - Police Protection","17,397"
"2021","Texas","SF0344","Expenditure - Direct Expenditure - General Expenditure - Police Protection - Capital Outlay - Construction","State","Expenditure","F62","Capital Expenditures/Construction only (before 2022) - Police Protection","0"
"2012","Utah","SF0344","Expenditure - Direct Expenditure - General Expenditure - Police Protection - Capital Outlay - Construction","State","Expenditure","F62","Capital Expenditures/Construction only (before 2022) - Police Protection","0"
"2013","Utah","SF0344","Expenditure - Direct Expenditure - General Expenditure - Police Protection - Capital Outlay - Construction","State","Expenditure","F62","Capital Expenditures/Construction only (before 2022) - Police Protection","0"
"2014","Utah","SF0344","Expenditure - Direct Expenditure - General Expenditure - Police Protection - Capital Outlay - Construction","State","Expenditure","F62","Capital Expenditures/Construction only (before 2022) - Police Protection","0"
"2015","Utah","SF0344","Expenditure - Direct Expenditure - General Expenditure - Police Protection - Capital Outlay - Construction","State","Expenditure","F62","Capital Expenditures/Construction only (before 2022) - Police Protection","0"
"2016","Utah","SF0344","Expenditure - Direct Expenditure - General Expenditure - Police Protection - Capital Outlay - Construction","State","Expenditure","F62","Capital Expenditures/Construction only (before 2022) - Police Protection","165"
"2017","Utah","SF0344","Expenditure - Direct Expenditure - General Expenditure - Police Protection - Capital Outlay - Construction","State","Expenditure","F62","Capital Expenditures/Construction only (before 2022) - Police Protection","0"
"2018","Utah","SF0344","Expenditure - Direct Expenditure - General Expenditure - Police Protection - Capital Outlay - Construction","State","Expenditure","F62","Capital Expenditures/Construction only (before 2022) - Police Protection","0"
"2019","Utah","SF0344","Expenditure - Direct Expenditure - General Expenditure - Police Protection - Capital Outlay - Construction","State","Expenditure","F62","Capital Expenditures/Construction only (before 2022) - Police Protection","0"
"2020","Utah","SF0344","Expenditure - Direct Expenditure - General Expenditure - Police Protection - Capital Outlay - Construction","State","Expenditure","F62","Capital Expenditures/Construction only (before 2022) - Police Protection","0"
"2021","Utah","SF0344","Expenditure - Direct Expenditure - General Expenditure - Police Protection - Capital Outlay - Construction","State","Expenditure","F62","Capital Expenditures/Construction only (before 2022) - Police Protection","0"
"2012","Vermont","SF0344","Expenditure - Direct Expenditure - General Expenditure - Police Protection - Capital Outlay - Construction","State","Expenditure","F62","Capital Expenditures/Construction only (before 2022) - Police Protection","0"
"2013","Vermont","SF0344","Expenditure - Direct Expenditure - General Expenditure - Police Protection - Capital Outlay - Construction","State","Expenditure","F62","Capital Expenditures/Construction only (before 2022) - Police Protection","0"
"2014","Vermont","SF0344","Expenditure - Direct Expenditure - General Expenditure - Police Protection - Capital Outlay - Construction","State","Expenditure","F62","Capital Expenditures/Construction only (before 2022) - Police Protection","0"
"2015","Vermont","SF0344","Expenditure - Direct Expenditure - General Expenditure - Police Protection - Capital Outlay - Construction","State","Expenditure","F62","Capital Expenditures/Construction only (before 2022) - Police Protection","0"
"2016","Vermont","SF0344","Expenditure - Direct Expenditure - General Expenditure - Police Protection - Capital Outlay - Construction","State","Expenditure","F62","Capital Expenditures/Construction only (before 2022) - Police Protection","0"
"2017","Vermont","SF0344","Expenditure - Direct Expenditure - General Expenditure - Police Protection - Capital Outlay - Construction","State","Expenditure","F62","Capital Expenditures/Construction only (before 2022) - Police Protection","0"
"2018","Vermont","SF0344","Expenditure - Direct Expenditure - General Expenditure - Police Protection - Capital Outlay - Construction","State","Expenditure","F62","Capital Expenditures/Construction only (before 2022) - Police Protection","0"
"2019","Vermont","SF0344","Expenditure - Direct Expenditure - General Expenditure - Police Protection - Capital Outlay - Construction","State","Expenditure","F62","Capital Expenditures/Construction only (before 2022) - Police Protection","0"
"2020","Vermont","SF0344","Expenditure - Direct Expenditure - General Expenditure - Police Protection - Capital Outlay - Construction","State","Expenditure","F62","Capital Expenditures/Construction only (before 2022) - Police Protection","0"
"2021","Vermont","SF0344","Expenditure - Direct Expenditure - General Expenditure - Police Protection - Capital Outlay - Construction","State","Expenditure","F62","Capital Expenditures/Construction only (before 2022) - Police Protection","0"
"2012","Virginia","SF0344","Expenditure - Direct Expenditure - General Expenditure - Police Protection - Capital Outlay - Construction","State","Expenditure","F62","Capital Expenditures/Construction only (before 2022) - Police Protection","169"
"2013","Virginia","SF0344","Expenditure - Direct Expenditure - General Expenditure - Police Protection - Capital Outlay - Construction","State","Expenditure","F62","Capital Expenditures/Construction only (before 2022) - Police Protection","978"
"2014","Virginia","SF0344","Expenditure - Direct Expenditure - General Expenditure - Police Protection - Capital Outlay - Construction","State","Expenditure","F62","Capital Expenditures/Construction only (before 2022) - Police Protection","471"
"2015","Virginia","SF0344","Expenditure - Direct Expenditure - General Expenditure - Police Protection - Capital Outlay - Construction","State","Expenditure","F62","Capital Expenditures/Construction only (before 2022) - Police Protection","154"
"2016","Virginia","SF0344","Expenditure - Direct Expenditure - General Expenditure - Police Protection - Capital Outlay - Construction","State","Expenditure","F62","Capital Expenditures/Construction only (before 2022) - Police Protection","27"
"2017","Virginia","SF0344","Expenditure - Direct Expenditure - General Expenditure - Police Protection - Capital Outlay - Construction","State","Expenditure","F62","Capital Expenditures/Construction only (before 2022) - Police Protection","8,110"
"2018","Virginia","SF0344","Expenditure - Direct Expenditure - General Expenditure - Police Protection - Capital Outlay - Construction","State","Expenditure","F62","Capital Expenditures/Construction only (before 2022) - Police Protection","4,329"
"2019","Virginia","SF0344","Expenditure - Direct Expenditure - General Expenditure - Police Protection - Capital Outlay - Construction","State","Expenditure","F62","Capital Expenditures/Construction only (before 2022) - Police Protection","3,073"
"2020","Virginia","SF0344","Expenditure - Direct Expenditure - General Expenditure - Police Protection - Capital Outlay - Construction","State","Expenditure","F62","Capital Expenditures/Construction only (before 2022) - Police Protection","4,668"
"2021","Virginia","SF0344","Expenditure - Direct Expenditure - General Expenditure - Police Protection - Capital Outlay - Construction","State","Expenditure","F62","Capital Expenditures/Construction only (before 2022) - Police Protection","5,357"
"2012","Washington","SF0344","Expenditure - Direct Expenditure - General Expenditure - Police Protection - Capital Outlay - Construction","State","Expenditure","F62","Capital Expenditures/Construction only (before 2022) - Police Protection","1,413"
"2013","Washington","SF0344","Expenditure - Direct Expenditure - General Expenditure - Police Protection - Capital Outlay - Construction","State","Expenditure","F62","Capital Expenditures/Construction only (before 2022) - Police Protection","5,239"
"2014","Washington","SF0344","Expenditure - Direct Expenditure - General Expenditure - Police Protection - Capital Outlay - Construction","State","Expenditure","F62","Capital Expenditures/Construction only (before 2022) - Police Protection","2,015"
"2015","Washington","SF0344","Expenditure - Direct Expenditure - General Expenditure - Police Protection - Capital Outlay - Construction","State","Expenditure","F62","Capital Expenditures/Construction only (before 2022) - Police Protection","3,935"
"2016","Washington","SF0344","Expenditure - Direct Expenditure - General Expenditure - Police Protection - Capital Outlay - Construction","State","Expenditure","F62","Capital Expenditures/Construction only (before 2022) - Police Protection","1,818"
"2017","Washington","SF0344","Expenditure - Direct Expenditure - General Expenditure - Police Protection - Capital Outlay - Construction","State","Expenditure","F62","Capital Expenditures/Construction only (before 2022) - Police Protection","6,644"
"2018","Washington","SF0344","Expenditure - Direct Expenditure - General Expenditure - Police Protection - Capital Outlay - Construction","State","Expenditure","F62","Capital Expenditures/Construction only (before 2022) - Police Protection","1,449"
"2019","Washington","SF0344","Expenditure - Direct Expenditure - General Expenditure - Police Protection - Capital Outlay - Construction","State","Expenditure","F62","Capital Expenditures/Construction only (before 2022) - Police Protection","6,906"
"2020","Washington","SF0344","Expenditure - Direct Expenditure - General Expenditure - Police Protection - Capital Outlay - Construction","State","Expenditure","F62","Capital Expenditures/Construction only (before 2022) - Police Protection","5,901"
"2021","Washington","SF0344","Expenditure - Direct Expenditure - General Expenditure - Police Protection - Capital Outlay - Construction","State","Expenditure","F62","Capital Expenditures/Construction only (before 2022) - Police Protection","2,488"
"2012","West Virginia","SF0344","Expenditure - Direct Expenditure - General Expenditure - Police Protection - Capital Outlay - Construction","State","Expenditure","F62","Capital Expenditures/Construction only (before 2022) - Police Protection","4,911"
"2013","West Virginia","SF0344","Expenditure - Direct Expenditure - General Expenditure - Police Protection - Capital Outlay - Construction","State","Expenditure","F62","Capital Expenditures/Construction only (before 2022) - Police Protection","95"
"2014","West Virginia","SF0344","Expenditure - Direct Expenditure - General Expenditure - Police Protection - Capital Outlay - Construction","State","Expenditure","F62","Capital Expenditures/Construction only (before 2022) - Police Protection","4,113"
"2015","West Virginia","SF0344","Expenditure - Direct Expenditure - General Expenditure - Police Protection - Capital Outlay - Construction","State","Expenditure","F62","Capital Expenditures/Construction only (before 2022) - Police Protection","1,046"
"2016","West Virginia","SF0344","Expenditure - Direct Expenditure - General Expenditure - Police Protection - Capital Outlay - Construction","State","Expenditure","F62","Capital Expenditures/Construction only (before 2022) - Police Protection","3,069"
"2017","West Virginia","SF0344","Expenditure - Direct Expenditure - General Expenditure - Police Protection - Capital Outlay - Construction","State","Expenditure","F62","Capital Expenditures/Construction only (before 2022) - Police Protection","113"
"2018","West Virginia","SF0344","Expenditure - Direct Expenditure - General Expenditure - Police Protection - Capital Outlay - Construction","State","Expenditure","F62","Capital Expenditures/Construction only (before 2022) - Police Protection","6"
"2019","West Virginia","SF0344","Expenditure - Direct Expenditure - General Expenditure - Police Protection - Capital Outlay - Construction","State","Expenditure","F62","Capital Expenditures/Construction only (before 2022) - Police Protection","1"
"2020","West Virginia","SF0344","Expenditure - Direct Expenditure - General Expenditure - Police Protection - Capital Outlay - Construction","State","Expenditure","F62","Capital Expenditures/Construction only (before 2022) - Police Protection","0"
"2021","West Virginia","SF0344","Expenditure - Direct Expenditure - General Expenditure - Police Protection - Capital Outlay - Construction","State","Expenditure","F62","Capital Expenditures/Construction only (before 2022) - Police Protection","58"
"2012","Wisconsin","SF0344","Expenditure - Direct Expenditure - General Expenditure - Police Protection - Capital Outlay - Construction","State","Expenditure","F62","Capital Expenditures/Construction only (before 2022) - Police Protection","0"
"2013","Wisconsin","SF0344","Expenditure - Direct Expenditure - General Expenditure - Police Protection - Capital Outlay - Construction","State","Expenditure","F62","Capital Expenditures/Construction only (before 2022) - Police Protection","0"
"2014","Wisconsin","SF0344","Expenditure - Direct Expenditure - General Expenditure - Police Protection - Capital Outlay - Construction","State","Expenditure","F62","Capital Expenditures/Construction only (before 2022) - Police Protection","0"
"2015","Wisconsin","SF0344","Expenditure - Direct Expenditure - General Expenditure - Police Protection - Capital Outlay - Construction","State","Expenditure","F62","Capital Expenditures/Construction only (before 2022) - Police Protection","0"
"2016","Wisconsin","SF0344","Expenditure - Direct Expenditure - General Expenditure - Police Protection - Capital Outlay - Construction","State","Expenditure","F62","Capital Expenditures/Construction only (before 2022) - Police Protection","0"
"2017","Wisconsin","SF0344","Expenditure - Direct Expenditure - General Expenditure - Police Protection - Capital Outlay - Construction","State","Expenditure","F62","Capital Expenditures/Construction only (before 2022) - Police Protection","0"
"2018","Wisconsin","SF0344","Expenditure - Direct Expenditure - General Expenditure - Police Protection - Capital Outlay - Construction","State","Expenditure","F62","Capital Expenditures/Construction only (before 2022) - Police Protection","0"
"2019","Wisconsin","SF0344","Expenditure - Direct Expenditure - General Expenditure - Police Protection - Capital Outlay - Construction","State","Expenditure","F62","Capital Expenditures/Construction only (before 2022) - Police Protection","0"
"2020","Wisconsin","SF0344","Expenditure - Direct Expenditure - General Expenditure - Police Protection - Capital Outlay - Construction","State","Expenditure","F62","Capital Expenditures/Construction only (before 2022) - Police Protection","0"
"2021","Wisconsin","SF0344","Expenditure - Direct Expenditure - General Expenditure - Police Protection - Capital Outlay - Construction","State","Expenditure","F62","Capital Expenditures/Construction only (before 2022) - Police Protection","0"
"2012","Wyoming","SF0344","Expenditure - Direct Expenditure - General Expenditure - Police Protection - Capital Outlay - Construction","State","Expenditure","F62","Capital Expenditures/Construction only (before 2022) - Police Protection","119"
"2013","Wyoming","SF0344","Expenditure - Direct Expenditure - General Expenditure - Police Protection - Capital Outlay - Construction","State","Expenditure","F62","Capital Expenditures/Construction only (before 2022) - Police Protection","2,280"
"2014","Wyoming","SF0344","Expenditure - Direct Expenditure - General Expenditure - Police Protection - Capital Outlay - Construction","State","Expenditure","F62","Capital Expenditures/Construction only (before 2022) - Police Protection","8"
"2015","Wyoming","SF0344","Expenditure - Direct Expenditure - General Expenditure - Police Protection - Capital Outlay - Construction","State","Expenditure","F62","Capital Expenditures/Construction only (before 2022) - Police Protection","31"
"2016","Wyoming","SF0344","Expenditure - Direct Expenditure - General Expenditure - Police Protection - Capital Outlay - Construction","State","Expenditure","F62","Capital Expenditures/Construction only (before 2022) - Police Protection","116"
"2017","Wyoming","SF0344","Expenditure - Direct Expenditure - General Expenditure - Police Protection - Capital Outlay - Construction","State","Expenditure","F62","Capital Expenditures/Construction only (before 2022) - Police Protection","36"
"2018","Wyoming","SF0344","Expenditure - Direct Expenditure - General Expenditure - Police Protection - Capital Outlay - Construction","State","Expenditure","F62","Capital Expenditures/Construction only (before 2022) - Police Protection","9"
"2019","Wyoming","SF0344","Expenditure - Direct Expenditure - General Expenditure - Police Protection - Capital Outlay - Construction","State","Expenditure","F62","Capital Expenditures/Construction only (before 2022) - Police Protection","0"
"2020","Wyoming","SF0344","Expenditure - Direct Expenditure - General Expenditure - Police Protection - Capital Outlay - Construction","State","Expenditure","F62","Capital Expenditures/Construction only (before 2022) - Police Protection","52"
"2021","Wyoming","SF0344","Expenditure - Direct Expenditure - General Expenditure - Police Protection - Capital Outlay - Construction","State","Expenditure","F62","Capital Expenditures/Construction only (before 2022) - Police Protection","4"
"2012","United States","SF0345","Expenditure - Direct Expenditure - General Expenditure - Police Protection - Capital Outlay - Capital Outlay Other Than Construction","State","Expenditure","G62","Other Capital Outlay - Police Protection","530,370"
"2013","United States","SF0345","Expenditure - Direct Expenditure - General Expenditure - Police Protection - Capital Outlay - Capital Outlay Other Than Construction","State","Expenditure","G62","Other Capital Outlay - Police Protection","557,641"
"2014","United States","SF0345","Expenditure - Direct Expenditure - General Expenditure - Police Protection - Capital Outlay - Capital Outlay Other Than Construction","State","Expenditure","G62","Other Capital Outlay - Police Protection","599,992"
"2015","United States","SF0345","Expenditure - Direct Expenditure - General Expenditure - Police Protection - Capital Outlay - Capital Outlay Other Than Construction","State","Expenditure","G62","Other Capital Outlay - Police Protection","555,345"
"2016","United States","SF0345","Expenditure - Direct Expenditure - General Expenditure - Police Protection - Capital Outlay - Capital Outlay Other Than Construction","State","Expenditure","G62","Other Capital Outlay - Police Protection","516,747"
"2017","United States","SF0345","Expenditure - Direct Expenditure - General Expenditure - Police Protection - Capital Outlay - Capital Outlay Other Than Construction","State","Expenditure","G62","Other Capital Outlay - Police Protection","533,630"
"2018","United States","SF0345","Expenditure - Direct Expenditure - General Expenditure - Police Protection - Capital Outlay - Capital Outlay Other Than Construction","State","Expenditure","G62","Other Capital Outlay - Police Protection","587,513"
"2019","United States","SF0345","Expenditure - Direct Expenditure - General Expenditure - Police Protection - Capital Outlay - Capital Outlay Other Than Construction","State","Expenditure","G62","Other Capital Outlay - Police Protection","603,036"
"2020","United States","SF0345","Expenditure - Direct Expenditure - General Expenditure - Police Protection - Capital Outlay - Capital Outlay Other Than Construction","State","Expenditure","G62","Other Capital Outlay - Police Protection","629,759"
"2021","United States","SF0345","Expenditure - Direct Expenditure - General Expenditure - Police Protection - Capital Outlay - Capital Outlay Other Than Construction","State","Expenditure","G62","Other Capital Outlay - Police Protection","652,667"
"2012","Alabama","SF0345","Expenditure - Direct Expenditure - General Expenditure - Police Protection - Capital Outlay - Capital Outlay Other Than Construction","State","Expenditure","G62","Other Capital Outlay - Police Protection","11,790"
"2013","Alabama","SF0345","Expenditure - Direct Expenditure - General Expenditure - Police Protection - Capital Outlay - Capital Outlay Other Than Construction","State","Expenditure","G62","Other Capital Outlay - Police Protection","13,094"
"2014","Alabama","SF0345","Expenditure - Direct Expenditure - General Expenditure - Police Protection - Capital Outlay - Capital Outlay Other Than Construction","State","Expenditure","G62","Other Capital Outlay - Police Protection","11,568"
"2015","Alabama","SF0345","Expenditure - Direct Expenditure - General Expenditure - Police Protection - Capital Outlay - Capital Outlay Other Than Construction","State","Expenditure","G62","Other Capital Outlay - Police Protection","13,406"
"2016","Alabama","SF0345","Expenditure - Direct Expenditure - General Expenditure - Police Protection - Capital Outlay - Capital Outlay Other Than Construction","State","Expenditure","G62","Other Capital Outlay - Police Protection","9,760"
"2017","Alabama","SF0345","Expenditure - Direct Expenditure - General Expenditure - Police Protection - Capital Outlay - Capital Outlay Other Than Construction","State","Expenditure","G62","Other Capital Outlay - Police Protection","9,858"
"2018","Alabama","SF0345","Expenditure - Direct Expenditure - General Expenditure - Police Protection - Capital Outlay - Capital Outlay Other Than Construction","State","Expenditure","G62","Other Capital Outlay - Police Protection","2,904"
"2019","Alabama","SF0345","Expenditure - Direct Expenditure - General Expenditure - Police Protection - Capital Outlay - Capital Outlay Other Than Construction","State","Expenditure","G62","Other Capital Outlay - Police Protection","4,397"
"2020","Alabama","SF0345","Expenditure - Direct Expenditure - General Expenditure - Police Protection - Capital Outlay - Capital Outlay Other Than Construction","State","Expenditure","G62","Other Capital Outlay - Police Protection","6,884"
"2021","Alabama","SF0345","Expenditure - Direct Expenditure - General Expenditure - Police Protection - Capital Outlay - Capital Outlay Other Than Construction","State","Expenditure","G62","Other Capital Outlay - Police Protection","5,616"
"2012","Alaska","SF0345","Expenditure - Direct Expenditure - General Expenditure - Police Protection - Capital Outlay - Capital Outlay Other Than Construction","State","Expenditure","G62","Other Capital Outlay - Police Protection","1,259"
"2013","Alaska","SF0345","Expenditure - Direct Expenditure - General Expenditure - Police Protection - Capital Outlay - Capital Outlay Other Than Construction","State","Expenditure","G62","Other Capital Outlay - Police Protection","14,663"
"2014","Alaska","SF0345","Expenditure - Direct Expenditure - General Expenditure - Police Protection - Capital Outlay - Capital Outlay Other Than Construction","State","Expenditure","G62","Other Capital Outlay - Police Protection","6,071"
"2015","Alaska","SF0345","Expenditure - Direct Expenditure - General Expenditure - Police Protection - Capital Outlay - Capital Outlay Other Than Construction","State","Expenditure","G62","Other Capital Outlay - Police Protection","1,680"
"2016","Alaska","SF0345","Expenditure - Direct Expenditure - General Expenditure - Police Protection - Capital Outlay - Capital Outlay Other Than Construction","State","Expenditure","G62","Other Capital Outlay - Police Protection","499"
"2017","Alaska","SF0345","Expenditure - Direct Expenditure - General Expenditure - Police Protection - Capital Outlay - Capital Outlay Other Than Construction","State","Expenditure","G62","Other Capital Outlay - Police Protection","1,990"
"2018","Alaska","SF0345","Expenditure - Direct Expenditure - General Expenditure - Police Protection - Capital Outlay - Capital Outlay Other Than Construction","State","Expenditure","G62","Other Capital Outlay - Police Protection","4,943"
"2019","Alaska","SF0345","Expenditure - Direct Expenditure - General Expenditure - Police Protection - Capital Outlay - Capital Outlay Other Than Construction","State","Expenditure","G62","Other Capital Outlay - Police Protection","7,282"
"2020","Alaska","SF0345","Expenditure - Direct Expenditure - General Expenditure - Police Protection - Capital Outlay - Capital Outlay Other Than Construction","State","Expenditure","G62","Other Capital Outlay - Police Protection","7,511"
"2021","Alaska","SF0345","Expenditure - Direct Expenditure - General Expenditure - Police Protection - Capital Outlay - Capital Outlay Other Than Construction","State","Expenditure","G62","Other Capital Outlay - Police Protection","6,725"
"2012","Arizona","SF0345","Expenditure - Direct Expenditure - General Expenditure - Police Protection - Capital Outlay - Capital Outlay Other Than Construction","State","Expenditure","G62","Other Capital Outlay - Police Protection","20,362"
"2013","Arizona","SF0345","Expenditure - Direct Expenditure - General Expenditure - Police Protection - Capital Outlay - Capital Outlay Other Than Construction","State","Expenditure","G62","Other Capital Outlay - Police Protection","18,926"
"2014","Arizona","SF0345","Expenditure - Direct Expenditure - General Expenditure - Police Protection - Capital Outlay - Capital Outlay Other Than Construction","State","Expenditure","G62","Other Capital Outlay - Police Protection","27,187"
"2015","Arizona","SF0345","Expenditure - Direct Expenditure - General Expenditure - Police Protection - Capital Outlay - Capital Outlay Other Than Construction","State","Expenditure","G62","Other Capital Outlay - Police Protection","13,756"
"2016","Arizona","SF0345","Expenditure - Direct Expenditure - General Expenditure - Police Protection - Capital Outlay - Capital Outlay Other Than Construction","State","Expenditure","G62","Other Capital Outlay - Police Protection","8,158"
"2017","Arizona","SF0345","Expenditure - Direct Expenditure - General Expenditure - Police Protection - Capital Outlay - Capital Outlay Other Than Construction","State","Expenditure","G62","Other Capital Outlay - Police Protection","18,172"
"2018","Arizona","SF0345","Expenditure - Direct Expenditure - General Expenditure - Police Protection - Capital Outlay - Capital Outlay Other Than Construction","State","Expenditure","G62","Other Capital Outlay - Police Protection","16,215"
"2019","Arizona","SF0345","Expenditure - Direct Expenditure - General Expenditure - Police Protection - Capital Outlay - Capital Outlay Other Than Construction","State","Expenditure","G62","Other Capital Outlay - Police Protection","16,593"
"2020","Arizona","SF0345","Expenditure - Direct Expenditure - General Expenditure - Police Protection - Capital Outlay - Capital Outlay Other Than Construction","State","Expenditure","G62","Other Capital Outlay - Police Protection","22,797"
"2021","Arizona","SF0345","Expenditure - Direct Expenditure - General Expenditure - Police Protection - Capital Outlay - Capital Outlay Other Than Construction","State","Expenditure","G62","Other Capital Outlay - Police Protection","26,176"
"2012","Arkansas","SF0345","Expenditure - Direct Expenditure - General Expenditure - Police Protection - Capital Outlay - Capital Outlay Other Than Construction","State","Expenditure","G62","Other Capital Outlay - Police Protection","0"
"2013","Arkansas","SF0345","Expenditure - Direct Expenditure - General Expenditure - Police Protection - Capital Outlay - Capital Outlay Other Than Construction","State","Expenditure","G62","Other Capital Outlay - Police Protection","0"
"2014","Arkansas","SF0345","Expenditure - Direct Expenditure - General Expenditure - Police Protection - Capital Outlay - Capital Outlay Other Than Construction","State","Expenditure","G62","Other Capital Outlay - Police Protection","0"
"2015","Arkansas","SF0345","Expenditure - Direct Expenditure - General Expenditure - Police Protection - Capital Outlay - Capital Outlay Other Than Construction","State","Expenditure","G62","Other Capital Outlay - Police Protection","0"
"2016","Arkansas","SF0345","Expenditure - Direct Expenditure - General Expenditure - Police Protection - Capital Outlay - Capital Outlay Other Than Construction","State","Expenditure","G62","Other Capital Outlay - Police Protection","0"
"2017","Arkansas","SF0345","Expenditure - Direct Expenditure - General Expenditure - Police Protection - Capital Outlay - Capital Outlay Other Than Construction","State","Expenditure","G62","Other Capital Outlay - Police Protection","0"
"2018","Arkansas","SF0345","Expenditure - Direct Expenditure - General Expenditure - Police Protection - Capital Outlay - Capital Outlay Other Than Construction","State","Expenditure","G62","Other Capital Outlay - Police Protection","0"
"2019","Arkansas","SF0345","Expenditure - Direct Expenditure - General Expenditure - Police Protection - Capital Outlay - Capital Outlay Other Than Construction","State","Expenditure","G62","Other Capital Outlay - Police Protection","0"
"2020","Arkansas","SF0345","Expenditure - Direct Expenditure - General Expenditure - Police Protection - Capital Outlay - Capital Outlay Other Than Construction","State","Expenditure","G62","Other Capital Outlay - Police Protection","0"
"2021","Arkansas","SF0345","Expenditure - Direct Expenditure - General Expenditure - Police Protection - Capital Outlay - Capital Outlay Other Than Construction","State","Expenditure","G62","Other Capital Outlay - Police Protection","0"
"2012","California","SF0345","Expenditure - Direct Expenditure - General Expenditure - Police Protection - Capital Outlay - Capital Outlay Other Than Construction","State","Expenditure","G62","Other Capital Outlay - Police Protection","37,201"
"2013","California","SF0345","Expenditure - Direct Expenditure - General Expenditure - Police Protection - Capital Outlay - Capital Outlay Other Than Construction","State","Expenditure","G62","Other Capital Outlay - Police Protection","23,875"
"2014","California","SF0345","Expenditure - Direct Expenditure - General Expenditure - Police Protection - Capital Outlay - Capital Outlay Other Than Construction","State","Expenditure","G62","Other Capital Outlay - Police Protection","26,185"
"2015","California","SF0345","Expenditure - Direct Expenditure - General Expenditure - Police Protection - Capital Outlay - Capital Outlay Other Than Construction","State","Expenditure","G62","Other Capital Outlay - Police Protection","0"
"2016","California","SF0345","Expenditure - Direct Expenditure - General Expenditure - Police Protection - Capital Outlay - Capital Outlay Other Than Construction","State","Expenditure","G62","Other Capital Outlay - Police Protection","0"
"2017","California","SF0345","Expenditure - Direct Expenditure - General Expenditure - Police Protection - Capital Outlay - Capital Outlay Other Than Construction","State","Expenditure","G62","Other Capital Outlay - Police Protection","0"
"2018","California","SF0345","Expenditure - Direct Expenditure - General Expenditure - Police Protection - Capital Outlay - Capital Outlay Other Than Construction","State","Expenditure","G62","Other Capital Outlay - Police Protection","0"
"2019","California","SF0345","Expenditure - Direct Expenditure - General Expenditure - Police Protection - Capital Outlay - Capital Outlay Other Than Construction","State","Expenditure","G62","Other Capital Outlay - Police Protection","0"
"2020","California","SF0345","Expenditure - Direct Expenditure - General Expenditure - Police Protection - Capital Outlay - Capital Outlay Other Than Construction","State","Expenditure","G62","Other Capital Outlay - Police Protection","0"
"2021","California","SF0345","Expenditure - Direct Expenditure - General Expenditure - Police Protection - Capital Outlay - Capital Outlay Other Than Construction","State","Expenditure","G62","Other Capital Outlay - Police Protection","0"
"2012","Colorado","SF0345","Expenditure - Direct Expenditure - General Expenditure - Police Protection - Capital Outlay - Capital Outlay Other Than Construction","State","Expenditure","G62","Other Capital Outlay - Police Protection","5,700"
"2013","Colorado","SF0345","Expenditure - Direct Expenditure - General Expenditure - Police Protection - Capital Outlay - Capital Outlay Other Than Construction","State","Expenditure","G62","Other Capital Outlay - Police Protection","7,644"
"2014","Colorado","SF0345","Expenditure - Direct Expenditure - General Expenditure - Police Protection - Capital Outlay - Capital Outlay Other Than Construction","State","Expenditure","G62","Other Capital Outlay - Police Protection","7,451"
"2015","Colorado","SF0345","Expenditure - Direct Expenditure - General Expenditure - Police Protection - Capital Outlay - Capital Outlay Other Than Construction","State","Expenditure","G62","Other Capital Outlay - Police Protection","5,170"
"2016","Colorado","SF0345","Expenditure - Direct Expenditure - General Expenditure - Police Protection - Capital Outlay - Capital Outlay Other Than Construction","State","Expenditure","G62","Other Capital Outlay - Police Protection","5,750"
"2017","Colorado","SF0345","Expenditure - Direct Expenditure - General Expenditure - Police Protection - Capital Outlay - Capital Outlay Other Than Construction","State","Expenditure","G62","Other Capital Outlay - Police Protection","4,735"
"2018","Colorado","SF0345","Expenditure - Direct Expenditure - General Expenditure - Police Protection - Capital Outlay - Capital Outlay Other Than Construction","State","Expenditure","G62","Other Capital Outlay - Police Protection","6,692"
"2019","Colorado","SF0345","Expenditure - Direct Expenditure - General Expenditure - Police Protection - Capital Outlay - Capital Outlay Other Than Construction","State","Expenditure","G62","Other Capital Outlay - Police Protection","4,393"
"2020","Colorado","SF0345","Expenditure - Direct Expenditure - General Expenditure - Police Protection - Capital Outlay - Capital Outlay Other Than Construction","State","Expenditure","G62","Other Capital Outlay - Police Protection","5,988"
"2021","Colorado","SF0345","Expenditure - Direct Expenditure - General Expenditure - Police Protection - Capital Outlay - Capital Outlay Other Than Construction","State","Expenditure","G62","Other Capital Outlay - Police Protection","6,172"
"2012","Connecticut","SF0345","Expenditure - Direct Expenditure - General Expenditure - Police Protection - Capital Outlay - Capital Outlay Other Than Construction","State","Expenditure","G62","Other Capital Outlay - Police Protection","4,784"
"2013","Connecticut","SF0345","Expenditure - Direct Expenditure - General Expenditure - Police Protection - Capital Outlay - Capital Outlay Other Than Construction","State","Expenditure","G62","Other Capital Outlay - Police Protection","10,997"
"2014","Connecticut","SF0345","Expenditure - Direct Expenditure - General Expenditure - Police Protection - Capital Outlay - Capital Outlay Other Than Construction","State","Expenditure","G62","Other Capital Outlay - Police Protection","6,258"
"2015","Connecticut","SF0345","Expenditure - Direct Expenditure - General Expenditure - Police Protection - Capital Outlay - Capital Outlay Other Than Construction","State","Expenditure","G62","Other Capital Outlay - Police Protection","13,391"
"2016","Connecticut","SF0345","Expenditure - Direct Expenditure - General Expenditure - Police Protection - Capital Outlay - Capital Outlay Other Than Construction","State","Expenditure","G62","Other Capital Outlay - Police Protection","28,713"
"2017","Connecticut","SF0345","Expenditure - Direct Expenditure - General Expenditure - Police Protection - Capital Outlay - Capital Outlay Other Than Construction","State","Expenditure","G62","Other Capital Outlay - Police Protection","5,591"
"2018","Connecticut","SF0345","Expenditure - Direct Expenditure - General Expenditure - Police Protection - Capital Outlay - Capital Outlay Other Than Construction","State","Expenditure","G62","Other Capital Outlay - Police Protection","16,891"
"2019","Connecticut","SF0345","Expenditure - Direct Expenditure - General Expenditure - Police Protection - Capital Outlay - Capital Outlay Other Than Construction","State","Expenditure","G62","Other Capital Outlay - Police Protection","18,508"
"2020","Connecticut","SF0345","Expenditure - Direct Expenditure - General Expenditure - Police Protection - Capital Outlay - Capital Outlay Other Than Construction","State","Expenditure","G62","Other Capital Outlay - Police Protection","13,480"
"2021","Connecticut","SF0345","Expenditure - Direct Expenditure - General Expenditure - Police Protection - Capital Outlay - Capital Outlay Other Than Construction","State","Expenditure","G62","Other Capital Outlay - Police Protection","9,538"
"2012","Delaware","SF0345","Expenditure - Direct Expenditure - General Expenditure - Police Protection - Capital Outlay - Capital Outlay Other Than Construction","State","Expenditure","G62","Other Capital Outlay - Police Protection","7,424"
"2013","Delaware","SF0345","Expenditure - Direct Expenditure - General Expenditure - Police Protection - Capital Outlay - Capital Outlay Other Than Construction","State","Expenditure","G62","Other Capital Outlay - Police Protection","11,277"
"2014","Delaware","SF0345","Expenditure - Direct Expenditure - General Expenditure - Police Protection - Capital Outlay - Capital Outlay Other Than Construction","State","Expenditure","G62","Other Capital Outlay - Police Protection","9,027"
"2015","Delaware","SF0345","Expenditure - Direct Expenditure - General Expenditure - Police Protection - Capital Outlay - Capital Outlay Other Than Construction","State","Expenditure","G62","Other Capital Outlay - Police Protection","6,611"
"2016","Delaware","SF0345","Expenditure - Direct Expenditure - General Expenditure - Police Protection - Capital Outlay - Capital Outlay Other Than Construction","State","Expenditure","G62","Other Capital Outlay - Police Protection","5,548"
"2017","Delaware","SF0345","Expenditure - Direct Expenditure - General Expenditure - Police Protection - Capital Outlay - Capital Outlay Other Than Construction","State","Expenditure","G62","Other Capital Outlay - Police Protection","6,624"
"2018","Delaware","SF0345","Expenditure - Direct Expenditure - General Expenditure - Police Protection - Capital Outlay - Capital Outlay Other Than Construction","State","Expenditure","G62","Other Capital Outlay - Police Protection","5,795"
"2019","Delaware","SF0345","Expenditure - Direct Expenditure - General Expenditure - Police Protection - Capital Outlay - Capital Outlay Other Than Construction","State","Expenditure","G62","Other Capital Outlay - Police Protection","7,494"
"2020","Delaware","SF0345","Expenditure - Direct Expenditure - General Expenditure - Police Protection - Capital Outlay - Capital Outlay Other Than Construction","State","Expenditure","G62","Other Capital Outlay - Police Protection","12,906"
"2021","Delaware","SF0345","Expenditure - Direct Expenditure - General Expenditure - Police Protection - Capital Outlay - Capital Outlay Other Than Construction","State","Expenditure","G62","Other Capital Outlay - Police Protection","2,638"
"2012","Florida","SF0345","Expenditure - Direct Expenditure - General Expenditure - Police Protection - Capital Outlay - Capital Outlay Other Than Construction","State","Expenditure","G62","Other Capital Outlay - Police Protection","23,526"
"2013","Florida","SF0345","Expenditure - Direct Expenditure - General Expenditure - Police Protection - Capital Outlay - Capital Outlay Other Than Construction","State","Expenditure","G62","Other Capital Outlay - Police Protection","19,427"
"2014","Florida","SF0345","Expenditure - Direct Expenditure - General Expenditure - Police Protection - Capital Outlay - Capital Outlay Other Than Construction","State","Expenditure","G62","Other Capital Outlay - Police Protection","24,137"
"2015","Florida","SF0345","Expenditure - Direct Expenditure - General Expenditure - Police Protection - Capital Outlay - Capital Outlay Other Than Construction","State","Expenditure","G62","Other Capital Outlay - Police Protection","23,317"
"2016","Florida","SF0345","Expenditure - Direct Expenditure - General Expenditure - Police Protection - Capital Outlay - Capital Outlay Other Than Construction","State","Expenditure","G62","Other Capital Outlay - Police Protection","32,209"
"2017","Florida","SF0345","Expenditure - Direct Expenditure - General Expenditure - Police Protection - Capital Outlay - Capital Outlay Other Than Construction","State","Expenditure","G62","Other Capital Outlay - Police Protection","25,854"
"2018","Florida","SF0345","Expenditure - Direct Expenditure - General Expenditure - Police Protection - Capital Outlay - Capital Outlay Other Than Construction","State","Expenditure","G62","Other Capital Outlay - Police Protection","21,639"
"2019","Florida","SF0345","Expenditure - Direct Expenditure - General Expenditure - Police Protection - Capital Outlay - Capital Outlay Other Than Construction","State","Expenditure","G62","Other Capital Outlay - Police Protection","25,125"
"2020","Florida","SF0345","Expenditure - Direct Expenditure - General Expenditure - Police Protection - Capital Outlay - Capital Outlay Other Than Construction","State","Expenditure","G62","Other Capital Outlay - Police Protection","26,030"
"2021","Florida","SF0345","Expenditure - Direct Expenditure - General Expenditure - Police Protection - Capital Outlay - Capital Outlay Other Than Construction","State","Expenditure","G62","Other Capital Outlay - Police Protection","22,737"
"2012","Georgia","SF0345","Expenditure - Direct Expenditure - General Expenditure - Police Protection - Capital Outlay - Capital Outlay Other Than Construction","State","Expenditure","G62","Other Capital Outlay - Police Protection","12,995"
"2013","Georgia","SF0345","Expenditure - Direct Expenditure - General Expenditure - Police Protection - Capital Outlay - Capital Outlay Other Than Construction","State","Expenditure","G62","Other Capital Outlay - Police Protection","14,908"
"2014","Georgia","SF0345","Expenditure - Direct Expenditure - General Expenditure - Police Protection - Capital Outlay - Capital Outlay Other Than Construction","State","Expenditure","G62","Other Capital Outlay - Police Protection","10,640"
"2015","Georgia","SF0345","Expenditure - Direct Expenditure - General Expenditure - Police Protection - Capital Outlay - Capital Outlay Other Than Construction","State","Expenditure","G62","Other Capital Outlay - Police Protection","20,654"
"2016","Georgia","SF0345","Expenditure - Direct Expenditure - General Expenditure - Police Protection - Capital Outlay - Capital Outlay Other Than Construction","State","Expenditure","G62","Other Capital Outlay - Police Protection","13,835"
"2017","Georgia","SF0345","Expenditure - Direct Expenditure - General Expenditure - Police Protection - Capital Outlay - Capital Outlay Other Than Construction","State","Expenditure","G62","Other Capital Outlay - Police Protection","24,828"
"2018","Georgia","SF0345","Expenditure - Direct Expenditure - General Expenditure - Police Protection - Capital Outlay - Capital Outlay Other Than Construction","State","Expenditure","G62","Other Capital Outlay - Police Protection","10,030"
"2019","Georgia","SF0345","Expenditure - Direct Expenditure - General Expenditure - Police Protection - Capital Outlay - Capital Outlay Other Than Construction","State","Expenditure","G62","Other Capital Outlay - Police Protection","15,097"
"2020","Georgia","SF0345","Expenditure - Direct Expenditure - General Expenditure - Police Protection - Capital Outlay - Capital Outlay Other Than Construction","State","Expenditure","G62","Other Capital Outlay - Police Protection","21,486"
"2021","Georgia","SF0345","Expenditure - Direct Expenditure - General Expenditure - Police Protection - Capital Outlay - Capital Outlay Other Than Construction","State","Expenditure","G62","Other Capital Outlay - Police Protection","25,587"
"2012","Hawaii","SF0345","Expenditure - Direct Expenditure - General Expenditure - Police Protection - Capital Outlay - Capital Outlay Other Than Construction","State","Expenditure","G62","Other Capital Outlay - Police Protection","394"
"2013","Hawaii","SF0345","Expenditure - Direct Expenditure - General Expenditure - Police Protection - Capital Outlay - Capital Outlay Other Than Construction","State","Expenditure","G62","Other Capital Outlay - Police Protection","1,605"
"2014","Hawaii","SF0345","Expenditure - Direct Expenditure - General Expenditure - Police Protection - Capital Outlay - Capital Outlay Other Than Construction","State","Expenditure","G62","Other Capital Outlay - Police Protection","1,143"
"2015","Hawaii","SF0345","Expenditure - Direct Expenditure - General Expenditure - Police Protection - Capital Outlay - Capital Outlay Other Than Construction","State","Expenditure","G62","Other Capital Outlay - Police Protection","2,096"
"2016","Hawaii","SF0345","Expenditure - Direct Expenditure - General Expenditure - Police Protection - Capital Outlay - Capital Outlay Other Than Construction","State","Expenditure","G62","Other Capital Outlay - Police Protection","1,388"
"2017","Hawaii","SF0345","Expenditure - Direct Expenditure - General Expenditure - Police Protection - Capital Outlay - Capital Outlay Other Than Construction","State","Expenditure","G62","Other Capital Outlay - Police Protection","1,575"
"2018","Hawaii","SF0345","Expenditure - Direct Expenditure - General Expenditure - Police Protection - Capital Outlay - Capital Outlay Other Than Construction","State","Expenditure","G62","Other Capital Outlay - Police Protection","1,688"
"2019","Hawaii","SF0345","Expenditure - Direct Expenditure - General Expenditure - Police Protection - Capital Outlay - Capital Outlay Other Than Construction","State","Expenditure","G62","Other Capital Outlay - Police Protection","1,893"
"2020","Hawaii","SF0345","Expenditure - Direct Expenditure - General Expenditure - Police Protection - Capital Outlay - Capital Outlay Other Than Construction","State","Expenditure","G62","Other Capital Outlay - Police Protection","2,181"
"2021","Hawaii","SF0345","Expenditure - Direct Expenditure - General Expenditure - Police Protection - Capital Outlay - Capital Outlay Other Than Construction","State","Expenditure","G62","Other Capital Outlay - Police Protection","4,034"
"2012","Idaho","SF0345","Expenditure - Direct Expenditure - General Expenditure - Police Protection - Capital Outlay - Capital Outlay Other Than Construction","State","Expenditure","G62","Other Capital Outlay - Police Protection","3,581"
"2013","Idaho","SF0345","Expenditure - Direct Expenditure - General Expenditure - Police Protection - Capital Outlay - Capital Outlay Other Than Construction","State","Expenditure","G62","Other Capital Outlay - Police Protection","3,465"
"2014","Idaho","SF0345","Expenditure - Direct Expenditure - General Expenditure - Police Protection - Capital Outlay - Capital Outlay Other Than Construction","State","Expenditure","G62","Other Capital Outlay - Police Protection","6,358"
"2015","Idaho","SF0345","Expenditure - Direct Expenditure - General Expenditure - Police Protection - Capital Outlay - Capital Outlay Other Than Construction","State","Expenditure","G62","Other Capital Outlay - Police Protection","5,170"
"2016","Idaho","SF0345","Expenditure - Direct Expenditure - General Expenditure - Police Protection - Capital Outlay - Capital Outlay Other Than Construction","State","Expenditure","G62","Other Capital Outlay - Police Protection","4,936"
"2017","Idaho","SF0345","Expenditure - Direct Expenditure - General Expenditure - Police Protection - Capital Outlay - Capital Outlay Other Than Construction","State","Expenditure","G62","Other Capital Outlay - Police Protection","4,708"
"2018","Idaho","SF0345","Expenditure - Direct Expenditure - General Expenditure - Police Protection - Capital Outlay - Capital Outlay Other Than Construction","State","Expenditure","G62","Other Capital Outlay - Police Protection","5,001"
"2019","Idaho","SF0345","Expenditure - Direct Expenditure - General Expenditure - Police Protection - Capital Outlay - Capital Outlay Other Than Construction","State","Expenditure","G62","Other Capital Outlay - Police Protection","7,122"
"2020","Idaho","SF0345","Expenditure - Direct Expenditure - General Expenditure - Police Protection - Capital Outlay - Capital Outlay Other Than Construction","State","Expenditure","G62","Other Capital Outlay - Police Protection","7,507"
"2021","Idaho","SF0345","Expenditure - Direct Expenditure - General Expenditure - Police Protection - Capital Outlay - Capital Outlay Other Than Construction","State","Expenditure","G62","Other Capital Outlay - Police Protection","5,882"
"2012","Illinois","SF0345","Expenditure - Direct Expenditure - General Expenditure - Police Protection - Capital Outlay - Capital Outlay Other Than Construction","State","Expenditure","G62","Other Capital Outlay - Police Protection","16,976"
"2013","Illinois","SF0345","Expenditure - Direct Expenditure - General Expenditure - Police Protection - Capital Outlay - Capital Outlay Other Than Construction","State","Expenditure","G62","Other Capital Outlay - Police Protection","21,581"
"2014","Illinois","SF0345","Expenditure - Direct Expenditure - General Expenditure - Police Protection - Capital Outlay - Capital Outlay Other Than Construction","State","Expenditure","G62","Other Capital Outlay - Police Protection","32,732"
"2015","Illinois","SF0345","Expenditure - Direct Expenditure - General Expenditure - Police Protection - Capital Outlay - Capital Outlay Other Than Construction","State","Expenditure","G62","Other Capital Outlay - Police Protection","13,859"
"2016","Illinois","SF0345","Expenditure - Direct Expenditure - General Expenditure - Police Protection - Capital Outlay - Capital Outlay Other Than Construction","State","Expenditure","G62","Other Capital Outlay - Police Protection","1,536"
"2017","Illinois","SF0345","Expenditure - Direct Expenditure - General Expenditure - Police Protection - Capital Outlay - Capital Outlay Other Than Construction","State","Expenditure","G62","Other Capital Outlay - Police Protection","18,386"
"2018","Illinois","SF0345","Expenditure - Direct Expenditure - General Expenditure - Police Protection - Capital Outlay - Capital Outlay Other Than Construction","State","Expenditure","G62","Other Capital Outlay - Police Protection","19,003"
"2019","Illinois","SF0345","Expenditure - Direct Expenditure - General Expenditure - Police Protection - Capital Outlay - Capital Outlay Other Than Construction","State","Expenditure","G62","Other Capital Outlay - Police Protection","18,657"
"2020","Illinois","SF0345","Expenditure - Direct Expenditure - General Expenditure - Police Protection - Capital Outlay - Capital Outlay Other Than Construction","State","Expenditure","G62","Other Capital Outlay - Police Protection","29,406"
"2021","Illinois","SF0345","Expenditure - Direct Expenditure - General Expenditure - Police Protection - Capital Outlay - Capital Outlay Other Than Construction","State","Expenditure","G62","Other Capital Outlay - Police Protection","13,222"
"2012","Indiana","SF0345","Expenditure - Direct Expenditure - General Expenditure - Police Protection - Capital Outlay - Capital Outlay Other Than Construction","State","Expenditure","G62","Other Capital Outlay - Police Protection","8,469"
"2013","Indiana","SF0345","Expenditure - Direct Expenditure - General Expenditure - Police Protection - Capital Outlay - Capital Outlay Other Than Construction","State","Expenditure","G62","Other Capital Outlay - Police Protection","11,842"
"2014","Indiana","SF0345","Expenditure - Direct Expenditure - General Expenditure - Police Protection - Capital Outlay - Capital Outlay Other Than Construction","State","Expenditure","G62","Other Capital Outlay - Police Protection","23,519"
"2015","Indiana","SF0345","Expenditure - Direct Expenditure - General Expenditure - Police Protection - Capital Outlay - Capital Outlay Other Than Construction","State","Expenditure","G62","Other Capital Outlay - Police Protection","17,734"
"2016","Indiana","SF0345","Expenditure - Direct Expenditure - General Expenditure - Police Protection - Capital Outlay - Capital Outlay Other Than Construction","State","Expenditure","G62","Other Capital Outlay - Police Protection","8,116"
"2017","Indiana","SF0345","Expenditure - Direct Expenditure - General Expenditure - Police Protection - Capital Outlay - Capital Outlay Other Than Construction","State","Expenditure","G62","Other Capital Outlay - Police Protection","6,242"
"2018","Indiana","SF0345","Expenditure - Direct Expenditure - General Expenditure - Police Protection - Capital Outlay - Capital Outlay Other Than Construction","State","Expenditure","G62","Other Capital Outlay - Police Protection","12,220"
"2019","Indiana","SF0345","Expenditure - Direct Expenditure - General Expenditure - Police Protection - Capital Outlay - Capital Outlay Other Than Construction","State","Expenditure","G62","Other Capital Outlay - Police Protection","5,650"
"2020","Indiana","SF0345","Expenditure - Direct Expenditure - General Expenditure - Police Protection - Capital Outlay - Capital Outlay Other Than Construction","State","Expenditure","G62","Other Capital Outlay - Police Protection","6,855"
"2021","Indiana","SF0345","Expenditure - Direct Expenditure - General Expenditure - Police Protection - Capital Outlay - Capital Outlay Other Than Construction","State","Expenditure","G62","Other Capital Outlay - Police Protection","7,618"
"2012","Iowa","SF0345","Expenditure - Direct Expenditure - General Expenditure - Police Protection - Capital Outlay - Capital Outlay Other Than Construction","State","Expenditure","G62","Other Capital Outlay - Police Protection","5,022"
"2013","Iowa","SF0345","Expenditure - Direct Expenditure - General Expenditure - Police Protection - Capital Outlay - Capital Outlay Other Than Construction","State","Expenditure","G62","Other Capital Outlay - Police Protection","2,049"
"2014","Iowa","SF0345","Expenditure - Direct Expenditure - General Expenditure - Police Protection - Capital Outlay - Capital Outlay Other Than Construction","State","Expenditure","G62","Other Capital Outlay - Police Protection","3,200"
"2015","Iowa","SF0345","Expenditure - Direct Expenditure - General Expenditure - Police Protection - Capital Outlay - Capital Outlay Other Than Construction","State","Expenditure","G62","Other Capital Outlay - Police Protection","1,739"
"2016","Iowa","SF0345","Expenditure - Direct Expenditure - General Expenditure - Police Protection - Capital Outlay - Capital Outlay Other Than Construction","State","Expenditure","G62","Other Capital Outlay - Police Protection","5,136"
"2017","Iowa","SF0345","Expenditure - Direct Expenditure - General Expenditure - Police Protection - Capital Outlay - Capital Outlay Other Than Construction","State","Expenditure","G62","Other Capital Outlay - Police Protection","830"
"2018","Iowa","SF0345","Expenditure - Direct Expenditure - General Expenditure - Police Protection - Capital Outlay - Capital Outlay Other Than Construction","State","Expenditure","G62","Other Capital Outlay - Police Protection","2,607"
"2019","Iowa","SF0345","Expenditure - Direct Expenditure - General Expenditure - Police Protection - Capital Outlay - Capital Outlay Other Than Construction","State","Expenditure","G62","Other Capital Outlay - Police Protection","2,981"
"2020","Iowa","SF0345","Expenditure - Direct Expenditure - General Expenditure - Police Protection - Capital Outlay - Capital Outlay Other Than Construction","State","Expenditure","G62","Other Capital Outlay - Police Protection","3,419"
"2021","Iowa","SF0345","Expenditure - Direct Expenditure - General Expenditure - Police Protection - Capital Outlay - Capital Outlay Other Than Construction","State","Expenditure","G62","Other Capital Outlay - Police Protection","7,641"
"2012","Kansas","SF0345","Expenditure - Direct Expenditure - General Expenditure - Police Protection - Capital Outlay - Capital Outlay Other Than Construction","State","Expenditure","G62","Other Capital Outlay - Police Protection","6,234"
"2013","Kansas","SF0345","Expenditure - Direct Expenditure - General Expenditure - Police Protection - Capital Outlay - Capital Outlay Other Than Construction","State","Expenditure","G62","Other Capital Outlay - Police Protection","10,743"
"2014","Kansas","SF0345","Expenditure - Direct Expenditure - General Expenditure - Police Protection - Capital Outlay - Capital Outlay Other Than Construction","State","Expenditure","G62","Other Capital Outlay - Police Protection","6,823"
"2015","Kansas","SF0345","Expenditure - Direct Expenditure - General Expenditure - Police Protection - Capital Outlay - Capital Outlay Other Than Construction","State","Expenditure","G62","Other Capital Outlay - Police Protection","13,772"
"2016","Kansas","SF0345","Expenditure - Direct Expenditure - General Expenditure - Police Protection - Capital Outlay - Capital Outlay Other Than Construction","State","Expenditure","G62","Other Capital Outlay - Police Protection","9,737"
"2017","Kansas","SF0345","Expenditure - Direct Expenditure - General Expenditure - Police Protection - Capital Outlay - Capital Outlay Other Than Construction","State","Expenditure","G62","Other Capital Outlay - Police Protection","9,973"
"2018","Kansas","SF0345","Expenditure - Direct Expenditure - General Expenditure - Police Protection - Capital Outlay - Capital Outlay Other Than Construction","State","Expenditure","G62","Other Capital Outlay - Police Protection","8,966"
"2019","Kansas","SF0345","Expenditure - Direct Expenditure - General Expenditure - Police Protection - Capital Outlay - Capital Outlay Other Than Construction","State","Expenditure","G62","Other Capital Outlay - Police Protection","11,144"
"2020","Kansas","SF0345","Expenditure - Direct Expenditure - General Expenditure - Police Protection - Capital Outlay - Capital Outlay Other Than Construction","State","Expenditure","G62","Other Capital Outlay - Police Protection","9,952"
"2021","Kansas","SF0345","Expenditure - Direct Expenditure - General Expenditure - Police Protection - Capital Outlay - Capital Outlay Other Than Construction","State","Expenditure","G62","Other Capital Outlay - Police Protection","12,468"
"2012","Kentucky","SF0345","Expenditure - Direct Expenditure - General Expenditure - Police Protection - Capital Outlay - Capital Outlay Other Than Construction","State","Expenditure","G62","Other Capital Outlay - Police Protection","3,532"
"2013","Kentucky","SF0345","Expenditure - Direct Expenditure - General Expenditure - Police Protection - Capital Outlay - Capital Outlay Other Than Construction","State","Expenditure","G62","Other Capital Outlay - Police Protection","4,902"
"2014","Kentucky","SF0345","Expenditure - Direct Expenditure - General Expenditure - Police Protection - Capital Outlay - Capital Outlay Other Than Construction","State","Expenditure","G62","Other Capital Outlay - Police Protection","4,102"
"2015","Kentucky","SF0345","Expenditure - Direct Expenditure - General Expenditure - Police Protection - Capital Outlay - Capital Outlay Other Than Construction","State","Expenditure","G62","Other Capital Outlay - Police Protection","5,879"
"2016","Kentucky","SF0345","Expenditure - Direct Expenditure - General Expenditure - Police Protection - Capital Outlay - Capital Outlay Other Than Construction","State","Expenditure","G62","Other Capital Outlay - Police Protection","6,429"
"2017","Kentucky","SF0345","Expenditure - Direct Expenditure - General Expenditure - Police Protection - Capital Outlay - Capital Outlay Other Than Construction","State","Expenditure","G62","Other Capital Outlay - Police Protection","5,864"
"2018","Kentucky","SF0345","Expenditure - Direct Expenditure - General Expenditure - Police Protection - Capital Outlay - Capital Outlay Other Than Construction","State","Expenditure","G62","Other Capital Outlay - Police Protection","7,729"
"2019","Kentucky","SF0345","Expenditure - Direct Expenditure - General Expenditure - Police Protection - Capital Outlay - Capital Outlay Other Than Construction","State","Expenditure","G62","Other Capital Outlay - Police Protection","15,964"
"2020","Kentucky","SF0345","Expenditure - Direct Expenditure - General Expenditure - Police Protection - Capital Outlay - Capital Outlay Other Than Construction","State","Expenditure","G62","Other Capital Outlay - Police Protection","13,012"
"2021","Kentucky","SF0345","Expenditure - Direct Expenditure - General Expenditure - Police Protection - Capital Outlay - Capital Outlay Other Than Construction","State","Expenditure","G62","Other Capital Outlay - Police Protection","11,062"
"2012","Louisiana","SF0345","Expenditure - Direct Expenditure - General Expenditure - Police Protection - Capital Outlay - Capital Outlay Other Than Construction","State","Expenditure","G62","Other Capital Outlay - Police Protection","5,493"
"2013","Louisiana","SF0345","Expenditure - Direct Expenditure - General Expenditure - Police Protection - Capital Outlay - Capital Outlay Other Than Construction","State","Expenditure","G62","Other Capital Outlay - Police Protection","6,094"
"2014","Louisiana","SF0345","Expenditure - Direct Expenditure - General Expenditure - Police Protection - Capital Outlay - Capital Outlay Other Than Construction","State","Expenditure","G62","Other Capital Outlay - Police Protection","3,778"
"2015","Louisiana","SF0345","Expenditure - Direct Expenditure - General Expenditure - Police Protection - Capital Outlay - Capital Outlay Other Than Construction","State","Expenditure","G62","Other Capital Outlay - Police Protection","6,483"
"2016","Louisiana","SF0345","Expenditure - Direct Expenditure - General Expenditure - Police Protection - Capital Outlay - Capital Outlay Other Than Construction","State","Expenditure","G62","Other Capital Outlay - Police Protection","792"
"2017","Louisiana","SF0345","Expenditure - Direct Expenditure - General Expenditure - Police Protection - Capital Outlay - Capital Outlay Other Than Construction","State","Expenditure","G62","Other Capital Outlay - Police Protection","6,191"
"2018","Louisiana","SF0345","Expenditure - Direct Expenditure - General Expenditure - Police Protection - Capital Outlay - Capital Outlay Other Than Construction","State","Expenditure","G62","Other Capital Outlay - Police Protection","6,831"
"2019","Louisiana","SF0345","Expenditure - Direct Expenditure - General Expenditure - Police Protection - Capital Outlay - Capital Outlay Other Than Construction","State","Expenditure","G62","Other Capital Outlay - Police Protection","13,813"
"2020","Louisiana","SF0345","Expenditure - Direct Expenditure - General Expenditure - Police Protection - Capital Outlay - Capital Outlay Other Than Construction","State","Expenditure","G62","Other Capital Outlay - Police Protection","7,312"
"2021","Louisiana","SF0345","Expenditure - Direct Expenditure - General Expenditure - Police Protection - Capital Outlay - Capital Outlay Other Than Construction","State","Expenditure","G62","Other Capital Outlay - Police Protection","8,955"
"2012","Maine","SF0345","Expenditure - Direct Expenditure - General Expenditure - Police Protection - Capital Outlay - Capital Outlay Other Than Construction","State","Expenditure","G62","Other Capital Outlay - Police Protection","452"
"2013","Maine","SF0345","Expenditure - Direct Expenditure - General Expenditure - Police Protection - Capital Outlay - Capital Outlay Other Than Construction","State","Expenditure","G62","Other Capital Outlay - Police Protection","818"
"2014","Maine","SF0345","Expenditure - Direct Expenditure - General Expenditure - Police Protection - Capital Outlay - Capital Outlay Other Than Construction","State","Expenditure","G62","Other Capital Outlay - Police Protection","741"
"2015","Maine","SF0345","Expenditure - Direct Expenditure - General Expenditure - Police Protection - Capital Outlay - Capital Outlay Other Than Construction","State","Expenditure","G62","Other Capital Outlay - Police Protection","1,081"
"2016","Maine","SF0345","Expenditure - Direct Expenditure - General Expenditure - Police Protection - Capital Outlay - Capital Outlay Other Than Construction","State","Expenditure","G62","Other Capital Outlay - Police Protection","1,043"
"2017","Maine","SF0345","Expenditure - Direct Expenditure - General Expenditure - Police Protection - Capital Outlay - Capital Outlay Other Than Construction","State","Expenditure","G62","Other Capital Outlay - Police Protection","1,093"
"2018","Maine","SF0345","Expenditure - Direct Expenditure - General Expenditure - Police Protection - Capital Outlay - Capital Outlay Other Than Construction","State","Expenditure","G62","Other Capital Outlay - Police Protection","921"
"2019","Maine","SF0345","Expenditure - Direct Expenditure - General Expenditure - Police Protection - Capital Outlay - Capital Outlay Other Than Construction","State","Expenditure","G62","Other Capital Outlay - Police Protection","850"
"2020","Maine","SF0345","Expenditure - Direct Expenditure - General Expenditure - Police Protection - Capital Outlay - Capital Outlay Other Than Construction","State","Expenditure","G62","Other Capital Outlay - Police Protection","1,744"
"2021","Maine","SF0345","Expenditure - Direct Expenditure - General Expenditure - Police Protection - Capital Outlay - Capital Outlay Other Than Construction","State","Expenditure","G62","Other Capital Outlay - Police Protection","2,839"
"2012","Maryland","SF0345","Expenditure - Direct Expenditure - General Expenditure - Police Protection - Capital Outlay - Capital Outlay Other Than Construction","State","Expenditure","G62","Other Capital Outlay - Police Protection","5,753"
"2013","Maryland","SF0345","Expenditure - Direct Expenditure - General Expenditure - Police Protection - Capital Outlay - Capital Outlay Other Than Construction","State","Expenditure","G62","Other Capital Outlay - Police Protection","16,129"
"2014","Maryland","SF0345","Expenditure - Direct Expenditure - General Expenditure - Police Protection - Capital Outlay - Capital Outlay Other Than Construction","State","Expenditure","G62","Other Capital Outlay - Police Protection","10,145"
"2015","Maryland","SF0345","Expenditure - Direct Expenditure - General Expenditure - Police Protection - Capital Outlay - Capital Outlay Other Than Construction","State","Expenditure","G62","Other Capital Outlay - Police Protection","18,032"
"2016","Maryland","SF0345","Expenditure - Direct Expenditure - General Expenditure - Police Protection - Capital Outlay - Capital Outlay Other Than Construction","State","Expenditure","G62","Other Capital Outlay - Police Protection","16,303"
"2017","Maryland","SF0345","Expenditure - Direct Expenditure - General Expenditure - Police Protection - Capital Outlay - Capital Outlay Other Than Construction","State","Expenditure","G62","Other Capital Outlay - Police Protection","16,269"
"2018","Maryland","SF0345","Expenditure - Direct Expenditure - General Expenditure - Police Protection - Capital Outlay - Capital Outlay Other Than Construction","State","Expenditure","G62","Other Capital Outlay - Police Protection","15,446"
"2019","Maryland","SF0345","Expenditure - Direct Expenditure - General Expenditure - Police Protection - Capital Outlay - Capital Outlay Other Than Construction","State","Expenditure","G62","Other Capital Outlay - Police Protection","16,563"
"2020","Maryland","SF0345","Expenditure - Direct Expenditure - General Expenditure - Police Protection - Capital Outlay - Capital Outlay Other Than Construction","State","Expenditure","G62","Other Capital Outlay - Police Protection","9,054"
"2021","Maryland","SF0345","Expenditure - Direct Expenditure - General Expenditure - Police Protection - Capital Outlay - Capital Outlay Other Than Construction","State","Expenditure","G62","Other Capital Outlay - Police Protection","16,598"
"2012","Massachusetts","SF0345","Expenditure - Direct Expenditure - General Expenditure - Police Protection - Capital Outlay - Capital Outlay Other Than Construction","State","Expenditure","G62","Other Capital Outlay - Police Protection","35,438"
"2013","Massachusetts","SF0345","Expenditure - Direct Expenditure - General Expenditure - Police Protection - Capital Outlay - Capital Outlay Other Than Construction","State","Expenditure","G62","Other Capital Outlay - Police Protection","31,584"
"2014","Massachusetts","SF0345","Expenditure - Direct Expenditure - General Expenditure - Police Protection - Capital Outlay - Capital Outlay Other Than Construction","State","Expenditure","G62","Other Capital Outlay - Police Protection","39,574"
"2015","Massachusetts","SF0345","Expenditure - Direct Expenditure - General Expenditure - Police Protection - Capital Outlay - Capital Outlay Other Than Construction","State","Expenditure","G62","Other Capital Outlay - Police Protection","28,428"
"2016","Massachusetts","SF0345","Expenditure - Direct Expenditure - General Expenditure - Police Protection - Capital Outlay - Capital Outlay Other Than Construction","State","Expenditure","G62","Other Capital Outlay - Police Protection","25,627"
"2017","Massachusetts","SF0345","Expenditure - Direct Expenditure - General Expenditure - Police Protection - Capital Outlay - Capital Outlay Other Than Construction","State","Expenditure","G62","Other Capital Outlay - Police Protection","22,975"
"2018","Massachusetts","SF0345","Expenditure - Direct Expenditure - General Expenditure - Police Protection - Capital Outlay - Capital Outlay Other Than Construction","State","Expenditure","G62","Other Capital Outlay - Police Protection","30,311"
"2019","Massachusetts","SF0345","Expenditure - Direct Expenditure - General Expenditure - Police Protection - Capital Outlay - Capital Outlay Other Than Construction","State","Expenditure","G62","Other Capital Outlay - Police Protection","31,437"
"2020","Massachusetts","SF0345","Expenditure - Direct Expenditure - General Expenditure - Police Protection - Capital Outlay - Capital Outlay Other Than Construction","State","Expenditure","G62","Other Capital Outlay - Police Protection","38,819"
"2021","Massachusetts","SF0345","Expenditure - Direct Expenditure - General Expenditure - Police Protection - Capital Outlay - Capital Outlay Other Than Construction","State","Expenditure","G62","Other Capital Outlay - Police Protection","42,018"
"2012","Michigan","SF0345","Expenditure - Direct Expenditure - General Expenditure - Police Protection - Capital Outlay - Capital Outlay Other Than Construction","State","Expenditure","G62","Other Capital Outlay - Police Protection","347"
"2013","Michigan","SF0345","Expenditure - Direct Expenditure - General Expenditure - Police Protection - Capital Outlay - Capital Outlay Other Than Construction","State","Expenditure","G62","Other Capital Outlay - Police Protection","2,968"
"2014","Michigan","SF0345","Expenditure - Direct Expenditure - General Expenditure - Police Protection - Capital Outlay - Capital Outlay Other Than Construction","State","Expenditure","G62","Other Capital Outlay - Police Protection","4,633"
"2015","Michigan","SF0345","Expenditure - Direct Expenditure - General Expenditure - Police Protection - Capital Outlay - Capital Outlay Other Than Construction","State","Expenditure","G62","Other Capital Outlay - Police Protection","2,908"
"2016","Michigan","SF0345","Expenditure - Direct Expenditure - General Expenditure - Police Protection - Capital Outlay - Capital Outlay Other Than Construction","State","Expenditure","G62","Other Capital Outlay - Police Protection","7,034"
"2017","Michigan","SF0345","Expenditure - Direct Expenditure - General Expenditure - Police Protection - Capital Outlay - Capital Outlay Other Than Construction","State","Expenditure","G62","Other Capital Outlay - Police Protection","1,799"
"2018","Michigan","SF0345","Expenditure - Direct Expenditure - General Expenditure - Police Protection - Capital Outlay - Capital Outlay Other Than Construction","State","Expenditure","G62","Other Capital Outlay - Police Protection","3,378"
"2019","Michigan","SF0345","Expenditure - Direct Expenditure - General Expenditure - Police Protection - Capital Outlay - Capital Outlay Other Than Construction","State","Expenditure","G62","Other Capital Outlay - Police Protection","5,058"
"2020","Michigan","SF0345","Expenditure - Direct Expenditure - General Expenditure - Police Protection - Capital Outlay - Capital Outlay Other Than Construction","State","Expenditure","G62","Other Capital Outlay - Police Protection","6,761"
"2021","Michigan","SF0345","Expenditure - Direct Expenditure - General Expenditure - Police Protection - Capital Outlay - Capital Outlay Other Than Construction","State","Expenditure","G62","Other Capital Outlay - Police Protection","4,307"
"2012","Minnesota","SF0345","Expenditure - Direct Expenditure - General Expenditure - Police Protection - Capital Outlay - Capital Outlay Other Than Construction","State","Expenditure","G62","Other Capital Outlay - Police Protection","4,597"
"2013","Minnesota","SF0345","Expenditure - Direct Expenditure - General Expenditure - Police Protection - Capital Outlay - Capital Outlay Other Than Construction","State","Expenditure","G62","Other Capital Outlay - Police Protection","11,920"
"2014","Minnesota","SF0345","Expenditure - Direct Expenditure - General Expenditure - Police Protection - Capital Outlay - Capital Outlay Other Than Construction","State","Expenditure","G62","Other Capital Outlay - Police Protection","10,217"
"2015","Minnesota","SF0345","Expenditure - Direct Expenditure - General Expenditure - Police Protection - Capital Outlay - Capital Outlay Other Than Construction","State","Expenditure","G62","Other Capital Outlay - Police Protection","8,402"
"2016","Minnesota","SF0345","Expenditure - Direct Expenditure - General Expenditure - Police Protection - Capital Outlay - Capital Outlay Other Than Construction","State","Expenditure","G62","Other Capital Outlay - Police Protection","12,264"
"2017","Minnesota","SF0345","Expenditure - Direct Expenditure - General Expenditure - Police Protection - Capital Outlay - Capital Outlay Other Than Construction","State","Expenditure","G62","Other Capital Outlay - Police Protection","23,743"
"2018","Minnesota","SF0345","Expenditure - Direct Expenditure - General Expenditure - Police Protection - Capital Outlay - Capital Outlay Other Than Construction","State","Expenditure","G62","Other Capital Outlay - Police Protection","15,619"
"2019","Minnesota","SF0345","Expenditure - Direct Expenditure - General Expenditure - Police Protection - Capital Outlay - Capital Outlay Other Than Construction","State","Expenditure","G62","Other Capital Outlay - Police Protection","25,593"
"2020","Minnesota","SF0345","Expenditure - Direct Expenditure - General Expenditure - Police Protection - Capital Outlay - Capital Outlay Other Than Construction","State","Expenditure","G62","Other Capital Outlay - Police Protection","6,786"
"2021","Minnesota","SF0345","Expenditure - Direct Expenditure - General Expenditure - Police Protection - Capital Outlay - Capital Outlay Other Than Construction","State","Expenditure","G62","Other Capital Outlay - Police Protection","16,508"
"2012","Mississippi","SF0345","Expenditure - Direct Expenditure - General Expenditure - Police Protection - Capital Outlay - Capital Outlay Other Than Construction","State","Expenditure","G62","Other Capital Outlay - Police Protection","6,893"
"2013","Mississippi","SF0345","Expenditure - Direct Expenditure - General Expenditure - Police Protection - Capital Outlay - Capital Outlay Other Than Construction","State","Expenditure","G62","Other Capital Outlay - Police Protection","2,742"
"2014","Mississippi","SF0345","Expenditure - Direct Expenditure - General Expenditure - Police Protection - Capital Outlay - Capital Outlay Other Than Construction","State","Expenditure","G62","Other Capital Outlay - Police Protection","3,364"
"2015","Mississippi","SF0345","Expenditure - Direct Expenditure - General Expenditure - Police Protection - Capital Outlay - Capital Outlay Other Than Construction","State","Expenditure","G62","Other Capital Outlay - Police Protection","7,913"
"2016","Mississippi","SF0345","Expenditure - Direct Expenditure - General Expenditure - Police Protection - Capital Outlay - Capital Outlay Other Than Construction","State","Expenditure","G62","Other Capital Outlay - Police Protection","6,365"
"2017","Mississippi","SF0345","Expenditure - Direct Expenditure - General Expenditure - Police Protection - Capital Outlay - Capital Outlay Other Than Construction","State","Expenditure","G62","Other Capital Outlay - Police Protection","6,976"
"2018","Mississippi","SF0345","Expenditure - Direct Expenditure - General Expenditure - Police Protection - Capital Outlay - Capital Outlay Other Than Construction","State","Expenditure","G62","Other Capital Outlay - Police Protection","7,919"
"2019","Mississippi","SF0345","Expenditure - Direct Expenditure - General Expenditure - Police Protection - Capital Outlay - Capital Outlay Other Than Construction","State","Expenditure","G62","Other Capital Outlay - Police Protection","8,061"
"2020","Mississippi","SF0345","Expenditure - Direct Expenditure - General Expenditure - Police Protection - Capital Outlay - Capital Outlay Other Than Construction","State","Expenditure","G62","Other Capital Outlay - Police Protection","7,220"
"2021","Mississippi","SF0345","Expenditure - Direct Expenditure - General Expenditure - Police Protection - Capital Outlay - Capital Outlay Other Than Construction","State","Expenditure","G62","Other Capital Outlay - Police Protection","6,865"
"2012","Missouri","SF0345","Expenditure - Direct Expenditure - General Expenditure - Police Protection - Capital Outlay - Capital Outlay Other Than Construction","State","Expenditure","G62","Other Capital Outlay - Police Protection","27,271"
"2013","Missouri","SF0345","Expenditure - Direct Expenditure - General Expenditure - Police Protection - Capital Outlay - Capital Outlay Other Than Construction","State","Expenditure","G62","Other Capital Outlay - Police Protection","27,698"
"2014","Missouri","SF0345","Expenditure - Direct Expenditure - General Expenditure - Police Protection - Capital Outlay - Capital Outlay Other Than Construction","State","Expenditure","G62","Other Capital Outlay - Police Protection","32,377"
"2015","Missouri","SF0345","Expenditure - Direct Expenditure - General Expenditure - Police Protection - Capital Outlay - Capital Outlay Other Than Construction","State","Expenditure","G62","Other Capital Outlay - Police Protection","28,493"
"2016","Missouri","SF0345","Expenditure - Direct Expenditure - General Expenditure - Police Protection - Capital Outlay - Capital Outlay Other Than Construction","State","Expenditure","G62","Other Capital Outlay - Police Protection","29,541"
"2017","Missouri","SF0345","Expenditure - Direct Expenditure - General Expenditure - Police Protection - Capital Outlay - Capital Outlay Other Than Construction","State","Expenditure","G62","Other Capital Outlay - Police Protection","28,983"
"2018","Missouri","SF0345","Expenditure - Direct Expenditure - General Expenditure - Police Protection - Capital Outlay - Capital Outlay Other Than Construction","State","Expenditure","G62","Other Capital Outlay - Police Protection","27,419"
"2019","Missouri","SF0345","Expenditure - Direct Expenditure - General Expenditure - Police Protection - Capital Outlay - Capital Outlay Other Than Construction","State","Expenditure","G62","Other Capital Outlay - Police Protection","26,755"
"2020","Missouri","SF0345","Expenditure - Direct Expenditure - General Expenditure - Police Protection - Capital Outlay - Capital Outlay Other Than Construction","State","Expenditure","G62","Other Capital Outlay - Police Protection","27,902"
"2021","Missouri","SF0345","Expenditure - Direct Expenditure - General Expenditure - Police Protection - Capital Outlay - Capital Outlay Other Than Construction","State","Expenditure","G62","Other Capital Outlay - Police Protection","21,962"
"2012","Montana","SF0345","Expenditure - Direct Expenditure - General Expenditure - Police Protection - Capital Outlay - Capital Outlay Other Than Construction","State","Expenditure","G62","Other Capital Outlay - Police Protection","2,067"
"2013","Montana","SF0345","Expenditure - Direct Expenditure - General Expenditure - Police Protection - Capital Outlay - Capital Outlay Other Than Construction","State","Expenditure","G62","Other Capital Outlay - Police Protection","1,553"
"2014","Montana","SF0345","Expenditure - Direct Expenditure - General Expenditure - Police Protection - Capital Outlay - Capital Outlay Other Than Construction","State","Expenditure","G62","Other Capital Outlay - Police Protection","1,608"
"2015","Montana","SF0345","Expenditure - Direct Expenditure - General Expenditure - Police Protection - Capital Outlay - Capital Outlay Other Than Construction","State","Expenditure","G62","Other Capital Outlay - Police Protection","1,505"
"2016","Montana","SF0345","Expenditure - Direct Expenditure - General Expenditure - Police Protection - Capital Outlay - Capital Outlay Other Than Construction","State","Expenditure","G62","Other Capital Outlay - Police Protection","1,299"
"2017","Montana","SF0345","Expenditure - Direct Expenditure - General Expenditure - Police Protection - Capital Outlay - Capital Outlay Other Than Construction","State","Expenditure","G62","Other Capital Outlay - Police Protection","1,149"
"2018","Montana","SF0345","Expenditure - Direct Expenditure - General Expenditure - Police Protection - Capital Outlay - Capital Outlay Other Than Construction","State","Expenditure","G62","Other Capital Outlay - Police Protection","1,210"
"2019","Montana","SF0345","Expenditure - Direct Expenditure - General Expenditure - Police Protection - Capital Outlay - Capital Outlay Other Than Construction","State","Expenditure","G62","Other Capital Outlay - Police Protection","1,405"
"2020","Montana","SF0345","Expenditure - Direct Expenditure - General Expenditure - Police Protection - Capital Outlay - Capital Outlay Other Than Construction","State","Expenditure","G62","Other Capital Outlay - Police Protection","1,949"
"2021","Montana","SF0345","Expenditure - Direct Expenditure - General Expenditure - Police Protection - Capital Outlay - Capital Outlay Other Than Construction","State","Expenditure","G62","Other Capital Outlay - Police Protection","1,867"
"2012","Nebraska","SF0345","Expenditure - Direct Expenditure - General Expenditure - Police Protection - Capital Outlay - Capital Outlay Other Than Construction","State","Expenditure","G62","Other Capital Outlay - Police Protection","6,215"
"2013","Nebraska","SF0345","Expenditure - Direct Expenditure - General Expenditure - Police Protection - Capital Outlay - Capital Outlay Other Than Construction","State","Expenditure","G62","Other Capital Outlay - Police Protection","6,304"
"2014","Nebraska","SF0345","Expenditure - Direct Expenditure - General Expenditure - Police Protection - Capital Outlay - Capital Outlay Other Than Construction","State","Expenditure","G62","Other Capital Outlay - Police Protection","4,582"
"2015","Nebraska","SF0345","Expenditure - Direct Expenditure - General Expenditure - Police Protection - Capital Outlay - Capital Outlay Other Than Construction","State","Expenditure","G62","Other Capital Outlay - Police Protection","4,710"
"2016","Nebraska","SF0345","Expenditure - Direct Expenditure - General Expenditure - Police Protection - Capital Outlay - Capital Outlay Other Than Construction","State","Expenditure","G62","Other Capital Outlay - Police Protection","4,685"
"2017","Nebraska","SF0345","Expenditure - Direct Expenditure - General Expenditure - Police Protection - Capital Outlay - Capital Outlay Other Than Construction","State","Expenditure","G62","Other Capital Outlay - Police Protection","3,055"
"2018","Nebraska","SF0345","Expenditure - Direct Expenditure - General Expenditure - Police Protection - Capital Outlay - Capital Outlay Other Than Construction","State","Expenditure","G62","Other Capital Outlay - Police Protection","3,750"
"2019","Nebraska","SF0345","Expenditure - Direct Expenditure - General Expenditure - Police Protection - Capital Outlay - Capital Outlay Other Than Construction","State","Expenditure","G62","Other Capital Outlay - Police Protection","3,906"
"2020","Nebraska","SF0345","Expenditure - Direct Expenditure - General Expenditure - Police Protection - Capital Outlay - Capital Outlay Other Than Construction","State","Expenditure","G62","Other Capital Outlay - Police Protection","4,406"
"2021","Nebraska","SF0345","Expenditure - Direct Expenditure - General Expenditure - Police Protection - Capital Outlay - Capital Outlay Other Than Construction","State","Expenditure","G62","Other Capital Outlay - Police Protection","5,019"
"2012","Nevada","SF0345","Expenditure - Direct Expenditure - General Expenditure - Police Protection - Capital Outlay - Capital Outlay Other Than Construction","State","Expenditure","G62","Other Capital Outlay - Police Protection","4,121"
"2013","Nevada","SF0345","Expenditure - Direct Expenditure - General Expenditure - Police Protection - Capital Outlay - Capital Outlay Other Than Construction","State","Expenditure","G62","Other Capital Outlay - Police Protection","4,121"
"2014","Nevada","SF0345","Expenditure - Direct Expenditure - General Expenditure - Police Protection - Capital Outlay - Capital Outlay Other Than Construction","State","Expenditure","G62","Other Capital Outlay - Police Protection","11,093"
"2015","Nevada","SF0345","Expenditure - Direct Expenditure - General Expenditure - Police Protection - Capital Outlay - Capital Outlay Other Than Construction","State","Expenditure","G62","Other Capital Outlay - Police Protection","4,233"
"2016","Nevada","SF0345","Expenditure - Direct Expenditure - General Expenditure - Police Protection - Capital Outlay - Capital Outlay Other Than Construction","State","Expenditure","G62","Other Capital Outlay - Police Protection","4,764"
"2017","Nevada","SF0345","Expenditure - Direct Expenditure - General Expenditure - Police Protection - Capital Outlay - Capital Outlay Other Than Construction","State","Expenditure","G62","Other Capital Outlay - Police Protection","4,398"
"2018","Nevada","SF0345","Expenditure - Direct Expenditure - General Expenditure - Police Protection - Capital Outlay - Capital Outlay Other Than Construction","State","Expenditure","G62","Other Capital Outlay - Police Protection","6,983"
"2019","Nevada","SF0345","Expenditure - Direct Expenditure - General Expenditure - Police Protection - Capital Outlay - Capital Outlay Other Than Construction","State","Expenditure","G62","Other Capital Outlay - Police Protection","4,703"
"2020","Nevada","SF0345","Expenditure - Direct Expenditure - General Expenditure - Police Protection - Capital Outlay - Capital Outlay Other Than Construction","State","Expenditure","G62","Other Capital Outlay - Police Protection","6,044"
"2021","Nevada","SF0345","Expenditure - Direct Expenditure - General Expenditure - Police Protection - Capital Outlay - Capital Outlay Other Than Construction","State","Expenditure","G62","Other Capital Outlay - Police Protection","9,818"
"2012","New Hampshire","SF0345","Expenditure - Direct Expenditure - General Expenditure - Police Protection - Capital Outlay - Capital Outlay Other Than Construction","State","Expenditure","G62","Other Capital Outlay - Police Protection","3,872"
"2013","New Hampshire","SF0345","Expenditure - Direct Expenditure - General Expenditure - Police Protection - Capital Outlay - Capital Outlay Other Than Construction","State","Expenditure","G62","Other Capital Outlay - Police Protection","2,433"
"2014","New Hampshire","SF0345","Expenditure - Direct Expenditure - General Expenditure - Police Protection - Capital Outlay - Capital Outlay Other Than Construction","State","Expenditure","G62","Other Capital Outlay - Police Protection","3,062"
"2015","New Hampshire","SF0345","Expenditure - Direct Expenditure - General Expenditure - Police Protection - Capital Outlay - Capital Outlay Other Than Construction","State","Expenditure","G62","Other Capital Outlay - Police Protection","6,060"
"2016","New Hampshire","SF0345","Expenditure - Direct Expenditure - General Expenditure - Police Protection - Capital Outlay - Capital Outlay Other Than Construction","State","Expenditure","G62","Other Capital Outlay - Police Protection","2,851"
"2017","New Hampshire","SF0345","Expenditure - Direct Expenditure - General Expenditure - Police Protection - Capital Outlay - Capital Outlay Other Than Construction","State","Expenditure","G62","Other Capital Outlay - Police Protection","7,519"
"2018","New Hampshire","SF0345","Expenditure - Direct Expenditure - General Expenditure - Police Protection - Capital Outlay - Capital Outlay Other Than Construction","State","Expenditure","G62","Other Capital Outlay - Police Protection","5,979"
"2019","New Hampshire","SF0345","Expenditure - Direct Expenditure - General Expenditure - Police Protection - Capital Outlay - Capital Outlay Other Than Construction","State","Expenditure","G62","Other Capital Outlay - Police Protection","8,187"
"2020","New Hampshire","SF0345","Expenditure - Direct Expenditure - General Expenditure - Police Protection - Capital Outlay - Capital Outlay Other Than Construction","State","Expenditure","G62","Other Capital Outlay - Police Protection","6,378"
"2021","New Hampshire","SF0345","Expenditure - Direct Expenditure - General Expenditure - Police Protection - Capital Outlay - Capital Outlay Other Than Construction","State","Expenditure","G62","Other Capital Outlay - Police Protection","6,167"
"2012","New Jersey","SF0345","Expenditure - Direct Expenditure - General Expenditure - Police Protection - Capital Outlay - Capital Outlay Other Than Construction","State","Expenditure","G62","Other Capital Outlay - Police Protection","18,430"
"2013","New Jersey","SF0345","Expenditure - Direct Expenditure - General Expenditure - Police Protection - Capital Outlay - Capital Outlay Other Than Construction","State","Expenditure","G62","Other Capital Outlay - Police Protection","14,598"
"2014","New Jersey","SF0345","Expenditure - Direct Expenditure - General Expenditure - Police Protection - Capital Outlay - Capital Outlay Other Than Construction","State","Expenditure","G62","Other Capital Outlay - Police Protection","18,463"
"2015","New Jersey","SF0345","Expenditure - Direct Expenditure - General Expenditure - Police Protection - Capital Outlay - Capital Outlay Other Than Construction","State","Expenditure","G62","Other Capital Outlay - Police Protection","10,245"
"2016","New Jersey","SF0345","Expenditure - Direct Expenditure - General Expenditure - Police Protection - Capital Outlay - Capital Outlay Other Than Construction","State","Expenditure","G62","Other Capital Outlay - Police Protection","8,787"
"2017","New Jersey","SF0345","Expenditure - Direct Expenditure - General Expenditure - Police Protection - Capital Outlay - Capital Outlay Other Than Construction","State","Expenditure","G62","Other Capital Outlay - Police Protection","8,989"
"2018","New Jersey","SF0345","Expenditure - Direct Expenditure - General Expenditure - Police Protection - Capital Outlay - Capital Outlay Other Than Construction","State","Expenditure","G62","Other Capital Outlay - Police Protection","9,388"
"2019","New Jersey","SF0345","Expenditure - Direct Expenditure - General Expenditure - Police Protection - Capital Outlay - Capital Outlay Other Than Construction","State","Expenditure","G62","Other Capital Outlay - Police Protection","12,581"
"2020","New Jersey","SF0345","Expenditure - Direct Expenditure - General Expenditure - Police Protection - Capital Outlay - Capital Outlay Other Than Construction","State","Expenditure","G62","Other Capital Outlay - Police Protection","21,905"
"2021","New Jersey","SF0345","Expenditure - Direct Expenditure - General Expenditure - Police Protection - Capital Outlay - Capital Outlay Other Than Construction","State","Expenditure","G62","Other Capital Outlay - Police Protection","87,759"
"2012","New Mexico","SF0345","Expenditure - Direct Expenditure - General Expenditure - Police Protection - Capital Outlay - Capital Outlay Other Than Construction","State","Expenditure","G62","Other Capital Outlay - Police Protection","6,671"
"2013","New Mexico","SF0345","Expenditure - Direct Expenditure - General Expenditure - Police Protection - Capital Outlay - Capital Outlay Other Than Construction","State","Expenditure","G62","Other Capital Outlay - Police Protection","2,147"
"2014","New Mexico","SF0345","Expenditure - Direct Expenditure - General Expenditure - Police Protection - Capital Outlay - Capital Outlay Other Than Construction","State","Expenditure","G62","Other Capital Outlay - Police Protection","6,600"
"2015","New Mexico","SF0345","Expenditure - Direct Expenditure - General Expenditure - Police Protection - Capital Outlay - Capital Outlay Other Than Construction","State","Expenditure","G62","Other Capital Outlay - Police Protection","5,454"
"2016","New Mexico","SF0345","Expenditure - Direct Expenditure - General Expenditure - Police Protection - Capital Outlay - Capital Outlay Other Than Construction","State","Expenditure","G62","Other Capital Outlay - Police Protection","1"
"2017","New Mexico","SF0345","Expenditure - Direct Expenditure - General Expenditure - Police Protection - Capital Outlay - Capital Outlay Other Than Construction","State","Expenditure","G62","Other Capital Outlay - Police Protection","0"
"2018","New Mexico","SF0345","Expenditure - Direct Expenditure - General Expenditure - Police Protection - Capital Outlay - Capital Outlay Other Than Construction","State","Expenditure","G62","Other Capital Outlay - Police Protection","0"
"2019","New Mexico","SF0345","Expenditure - Direct Expenditure - General Expenditure - Police Protection - Capital Outlay - Capital Outlay Other Than Construction","State","Expenditure","G62","Other Capital Outlay - Police Protection","4,994"
"2020","New Mexico","SF0345","Expenditure - Direct Expenditure - General Expenditure - Police Protection - Capital Outlay - Capital Outlay Other Than Construction","State","Expenditure","G62","Other Capital Outlay - Police Protection","0"
"2021","New Mexico","SF0345","Expenditure - Direct Expenditure - General Expenditure - Police Protection - Capital Outlay - Capital Outlay Other Than Construction","State","Expenditure","G62","Other Capital Outlay - Police Protection","5,013"
"2012","New York","SF0345","Expenditure - Direct Expenditure - General Expenditure - Police Protection - Capital Outlay - Capital Outlay Other Than Construction","State","Expenditure","G62","Other Capital Outlay - Police Protection","28,159"
"2013","New York","SF0345","Expenditure - Direct Expenditure - General Expenditure - Police Protection - Capital Outlay - Capital Outlay Other Than Construction","State","Expenditure","G62","Other Capital Outlay - Police Protection","4,446"
"2014","New York","SF0345","Expenditure - Direct Expenditure - General Expenditure - Police Protection - Capital Outlay - Capital Outlay Other Than Construction","State","Expenditure","G62","Other Capital Outlay - Police Protection","15,191"
"2015","New York","SF0345","Expenditure - Direct Expenditure - General Expenditure - Police Protection - Capital Outlay - Capital Outlay Other Than Construction","State","Expenditure","G62","Other Capital Outlay - Police Protection","18,527"
"2016","New York","SF0345","Expenditure - Direct Expenditure - General Expenditure - Police Protection - Capital Outlay - Capital Outlay Other Than Construction","State","Expenditure","G62","Other Capital Outlay - Police Protection","22,543"
"2017","New York","SF0345","Expenditure - Direct Expenditure - General Expenditure - Police Protection - Capital Outlay - Capital Outlay Other Than Construction","State","Expenditure","G62","Other Capital Outlay - Police Protection","14,102"
"2018","New York","SF0345","Expenditure - Direct Expenditure - General Expenditure - Police Protection - Capital Outlay - Capital Outlay Other Than Construction","State","Expenditure","G62","Other Capital Outlay - Police Protection","39,891"
"2019","New York","SF0345","Expenditure - Direct Expenditure - General Expenditure - Police Protection - Capital Outlay - Capital Outlay Other Than Construction","State","Expenditure","G62","Other Capital Outlay - Police Protection","23,249"
"2020","New York","SF0345","Expenditure - Direct Expenditure - General Expenditure - Police Protection - Capital Outlay - Capital Outlay Other Than Construction","State","Expenditure","G62","Other Capital Outlay - Police Protection","28,510"
"2021","New York","SF0345","Expenditure - Direct Expenditure - General Expenditure - Police Protection - Capital Outlay - Capital Outlay Other Than Construction","State","Expenditure","G62","Other Capital Outlay - Police Protection","14,854"
"2012","North Carolina","SF0345","Expenditure - Direct Expenditure - General Expenditure - Police Protection - Capital Outlay - Capital Outlay Other Than Construction","State","Expenditure","G62","Other Capital Outlay - Police Protection","23,317"
"2013","North Carolina","SF0345","Expenditure - Direct Expenditure - General Expenditure - Police Protection - Capital Outlay - Capital Outlay Other Than Construction","State","Expenditure","G62","Other Capital Outlay - Police Protection","24,231"
"2014","North Carolina","SF0345","Expenditure - Direct Expenditure - General Expenditure - Police Protection - Capital Outlay - Capital Outlay Other Than Construction","State","Expenditure","G62","Other Capital Outlay - Police Protection","17,075"
"2015","North Carolina","SF0345","Expenditure - Direct Expenditure - General Expenditure - Police Protection - Capital Outlay - Capital Outlay Other Than Construction","State","Expenditure","G62","Other Capital Outlay - Police Protection","19,853"
"2016","North Carolina","SF0345","Expenditure - Direct Expenditure - General Expenditure - Police Protection - Capital Outlay - Capital Outlay Other Than Construction","State","Expenditure","G62","Other Capital Outlay - Police Protection","31,889"
"2017","North Carolina","SF0345","Expenditure - Direct Expenditure - General Expenditure - Police Protection - Capital Outlay - Capital Outlay Other Than Construction","State","Expenditure","G62","Other Capital Outlay - Police Protection","33,068"
"2018","North Carolina","SF0345","Expenditure - Direct Expenditure - General Expenditure - Police Protection - Capital Outlay - Capital Outlay Other Than Construction","State","Expenditure","G62","Other Capital Outlay - Police Protection","39,111"
"2019","North Carolina","SF0345","Expenditure - Direct Expenditure - General Expenditure - Police Protection - Capital Outlay - Capital Outlay Other Than Construction","State","Expenditure","G62","Other Capital Outlay - Police Protection","45,682"
"2020","North Carolina","SF0345","Expenditure - Direct Expenditure - General Expenditure - Police Protection - Capital Outlay - Capital Outlay Other Than Construction","State","Expenditure","G62","Other Capital Outlay - Police Protection","33,492"
"2021","North Carolina","SF0345","Expenditure - Direct Expenditure - General Expenditure - Police Protection - Capital Outlay - Capital Outlay Other Than Construction","State","Expenditure","G62","Other Capital Outlay - Police Protection","54,321"
"2012","North Dakota","SF0345","Expenditure - Direct Expenditure - General Expenditure - Police Protection - Capital Outlay - Capital Outlay Other Than Construction","State","Expenditure","G62","Other Capital Outlay - Police Protection","642"
"2013","North Dakota","SF0345","Expenditure - Direct Expenditure - General Expenditure - Police Protection - Capital Outlay - Capital Outlay Other Than Construction","State","Expenditure","G62","Other Capital Outlay - Police Protection","3,001"
"2014","North Dakota","SF0345","Expenditure - Direct Expenditure - General Expenditure - Police Protection - Capital Outlay - Capital Outlay Other Than Construction","State","Expenditure","G62","Other Capital Outlay - Police Protection","2,044"
"2015","North Dakota","SF0345","Expenditure - Direct Expenditure - General Expenditure - Police Protection - Capital Outlay - Capital Outlay Other Than Construction","State","Expenditure","G62","Other Capital Outlay - Police Protection","3,111"
"2016","North Dakota","SF0345","Expenditure - Direct Expenditure - General Expenditure - Police Protection - Capital Outlay - Capital Outlay Other Than Construction","State","Expenditure","G62","Other Capital Outlay - Police Protection","1,529"
"2017","North Dakota","SF0345","Expenditure - Direct Expenditure - General Expenditure - Police Protection - Capital Outlay - Capital Outlay Other Than Construction","State","Expenditure","G62","Other Capital Outlay - Police Protection","2,444"
"2018","North Dakota","SF0345","Expenditure - Direct Expenditure - General Expenditure - Police Protection - Capital Outlay - Capital Outlay Other Than Construction","State","Expenditure","G62","Other Capital Outlay - Police Protection","549"
"2019","North Dakota","SF0345","Expenditure - Direct Expenditure - General Expenditure - Police Protection - Capital Outlay - Capital Outlay Other Than Construction","State","Expenditure","G62","Other Capital Outlay - Police Protection","4,474"
"2020","North Dakota","SF0345","Expenditure - Direct Expenditure - General Expenditure - Police Protection - Capital Outlay - Capital Outlay Other Than Construction","State","Expenditure","G62","Other Capital Outlay - Police Protection","1,795"
"2021","North Dakota","SF0345","Expenditure - Direct Expenditure - General Expenditure - Police Protection - Capital Outlay - Capital Outlay Other Than Construction","State","Expenditure","G62","Other Capital Outlay - Police Protection","2,765"
"2012","Ohio","SF0345","Expenditure - Direct Expenditure - General Expenditure - Police Protection - Capital Outlay - Capital Outlay Other Than Construction","State","Expenditure","G62","Other Capital Outlay - Police Protection","22,882"
"2013","Ohio","SF0345","Expenditure - Direct Expenditure - General Expenditure - Police Protection - Capital Outlay - Capital Outlay Other Than Construction","State","Expenditure","G62","Other Capital Outlay - Police Protection","19,447"
"2014","Ohio","SF0345","Expenditure - Direct Expenditure - General Expenditure - Police Protection - Capital Outlay - Capital Outlay Other Than Construction","State","Expenditure","G62","Other Capital Outlay - Police Protection","17,470"
"2015","Ohio","SF0345","Expenditure - Direct Expenditure - General Expenditure - Police Protection - Capital Outlay - Capital Outlay Other Than Construction","State","Expenditure","G62","Other Capital Outlay - Police Protection","20,074"
"2016","Ohio","SF0345","Expenditure - Direct Expenditure - General Expenditure - Police Protection - Capital Outlay - Capital Outlay Other Than Construction","State","Expenditure","G62","Other Capital Outlay - Police Protection","31,033"
"2017","Ohio","SF0345","Expenditure - Direct Expenditure - General Expenditure - Police Protection - Capital Outlay - Capital Outlay Other Than Construction","State","Expenditure","G62","Other Capital Outlay - Police Protection","18,738"
"2018","Ohio","SF0345","Expenditure - Direct Expenditure - General Expenditure - Police Protection - Capital Outlay - Capital Outlay Other Than Construction","State","Expenditure","G62","Other Capital Outlay - Police Protection","17,759"
"2019","Ohio","SF0345","Expenditure - Direct Expenditure - General Expenditure - Police Protection - Capital Outlay - Capital Outlay Other Than Construction","State","Expenditure","G62","Other Capital Outlay - Police Protection","21,481"
"2020","Ohio","SF0345","Expenditure - Direct Expenditure - General Expenditure - Police Protection - Capital Outlay - Capital Outlay Other Than Construction","State","Expenditure","G62","Other Capital Outlay - Police Protection","13,744"
"2021","Ohio","SF0345","Expenditure - Direct Expenditure - General Expenditure - Police Protection - Capital Outlay - Capital Outlay Other Than Construction","State","Expenditure","G62","Other Capital Outlay - Police Protection","12,301"
"2012","Oklahoma","SF0345","Expenditure - Direct Expenditure - General Expenditure - Police Protection - Capital Outlay - Capital Outlay Other Than Construction","State","Expenditure","G62","Other Capital Outlay - Police Protection","5,679"
"2013","Oklahoma","SF0345","Expenditure - Direct Expenditure - General Expenditure - Police Protection - Capital Outlay - Capital Outlay Other Than Construction","State","Expenditure","G62","Other Capital Outlay - Police Protection","14,497"
"2014","Oklahoma","SF0345","Expenditure - Direct Expenditure - General Expenditure - Police Protection - Capital Outlay - Capital Outlay Other Than Construction","State","Expenditure","G62","Other Capital Outlay - Police Protection","19,550"
"2015","Oklahoma","SF0345","Expenditure - Direct Expenditure - General Expenditure - Police Protection - Capital Outlay - Capital Outlay Other Than Construction","State","Expenditure","G62","Other Capital Outlay - Police Protection","10,941"
"2016","Oklahoma","SF0345","Expenditure - Direct Expenditure - General Expenditure - Police Protection - Capital Outlay - Capital Outlay Other Than Construction","State","Expenditure","G62","Other Capital Outlay - Police Protection","8,229"
"2017","Oklahoma","SF0345","Expenditure - Direct Expenditure - General Expenditure - Police Protection - Capital Outlay - Capital Outlay Other Than Construction","State","Expenditure","G62","Other Capital Outlay - Police Protection","6,525"
"2018","Oklahoma","SF0345","Expenditure - Direct Expenditure - General Expenditure - Police Protection - Capital Outlay - Capital Outlay Other Than Construction","State","Expenditure","G62","Other Capital Outlay - Police Protection","6,996"
"2019","Oklahoma","SF0345","Expenditure - Direct Expenditure - General Expenditure - Police Protection - Capital Outlay - Capital Outlay Other Than Construction","State","Expenditure","G62","Other Capital Outlay - Police Protection","9,387"
"2020","Oklahoma","SF0345","Expenditure - Direct Expenditure - General Expenditure - Police Protection - Capital Outlay - Capital Outlay Other Than Construction","State","Expenditure","G62","Other Capital Outlay - Police Protection","15,774"
"2021","Oklahoma","SF0345","Expenditure - Direct Expenditure - General Expenditure - Police Protection - Capital Outlay - Capital Outlay Other Than Construction","State","Expenditure","G62","Other Capital Outlay - Police Protection","22,155"
"2012","Oregon","SF0345","Expenditure - Direct Expenditure - General Expenditure - Police Protection - Capital Outlay - Capital Outlay Other Than Construction","State","Expenditure","G62","Other Capital Outlay - Police Protection","3,752"
"2013","Oregon","SF0345","Expenditure - Direct Expenditure - General Expenditure - Police Protection - Capital Outlay - Capital Outlay Other Than Construction","State","Expenditure","G62","Other Capital Outlay - Police Protection","7,875"
"2014","Oregon","SF0345","Expenditure - Direct Expenditure - General Expenditure - Police Protection - Capital Outlay - Capital Outlay Other Than Construction","State","Expenditure","G62","Other Capital Outlay - Police Protection","4,237"
"2015","Oregon","SF0345","Expenditure - Direct Expenditure - General Expenditure - Police Protection - Capital Outlay - Capital Outlay Other Than Construction","State","Expenditure","G62","Other Capital Outlay - Police Protection","7,146"
"2016","Oregon","SF0345","Expenditure - Direct Expenditure - General Expenditure - Police Protection - Capital Outlay - Capital Outlay Other Than Construction","State","Expenditure","G62","Other Capital Outlay - Police Protection","8,476"
"2017","Oregon","SF0345","Expenditure - Direct Expenditure - General Expenditure - Police Protection - Capital Outlay - Capital Outlay Other Than Construction","State","Expenditure","G62","Other Capital Outlay - Police Protection","3,658"
"2018","Oregon","SF0345","Expenditure - Direct Expenditure - General Expenditure - Police Protection - Capital Outlay - Capital Outlay Other Than Construction","State","Expenditure","G62","Other Capital Outlay - Police Protection","6,192"
"2019","Oregon","SF0345","Expenditure - Direct Expenditure - General Expenditure - Police Protection - Capital Outlay - Capital Outlay Other Than Construction","State","Expenditure","G62","Other Capital Outlay - Police Protection","4,620"
"2020","Oregon","SF0345","Expenditure - Direct Expenditure - General Expenditure - Police Protection - Capital Outlay - Capital Outlay Other Than Construction","State","Expenditure","G62","Other Capital Outlay - Police Protection","11,530"
"2021","Oregon","SF0345","Expenditure - Direct Expenditure - General Expenditure - Police Protection - Capital Outlay - Capital Outlay Other Than Construction","State","Expenditure","G62","Other Capital Outlay - Police Protection","5,553"
"2012","Pennsylvania","SF0345","Expenditure - Direct Expenditure - General Expenditure - Police Protection - Capital Outlay - Capital Outlay Other Than Construction","State","Expenditure","G62","Other Capital Outlay - Police Protection","39,948"
"2013","Pennsylvania","SF0345","Expenditure - Direct Expenditure - General Expenditure - Police Protection - Capital Outlay - Capital Outlay Other Than Construction","State","Expenditure","G62","Other Capital Outlay - Police Protection","25,483"
"2014","Pennsylvania","SF0345","Expenditure - Direct Expenditure - General Expenditure - Police Protection - Capital Outlay - Capital Outlay Other Than Construction","State","Expenditure","G62","Other Capital Outlay - Police Protection","27,655"
"2015","Pennsylvania","SF0345","Expenditure - Direct Expenditure - General Expenditure - Police Protection - Capital Outlay - Capital Outlay Other Than Construction","State","Expenditure","G62","Other Capital Outlay - Police Protection","61,376"
"2016","Pennsylvania","SF0345","Expenditure - Direct Expenditure - General Expenditure - Police Protection - Capital Outlay - Capital Outlay Other Than Construction","State","Expenditure","G62","Other Capital Outlay - Police Protection","36,550"
"2017","Pennsylvania","SF0345","Expenditure - Direct Expenditure - General Expenditure - Police Protection - Capital Outlay - Capital Outlay Other Than Construction","State","Expenditure","G62","Other Capital Outlay - Police Protection","42,018"
"2018","Pennsylvania","SF0345","Expenditure - Direct Expenditure - General Expenditure - Police Protection - Capital Outlay - Capital Outlay Other Than Construction","State","Expenditure","G62","Other Capital Outlay - Police Protection","35,710"
"2019","Pennsylvania","SF0345","Expenditure - Direct Expenditure - General Expenditure - Police Protection - Capital Outlay - Capital Outlay Other Than Construction","State","Expenditure","G62","Other Capital Outlay - Police Protection","27,881"
"2020","Pennsylvania","SF0345","Expenditure - Direct Expenditure - General Expenditure - Police Protection - Capital Outlay - Capital Outlay Other Than Construction","State","Expenditure","G62","Other Capital Outlay - Police Protection","17,703"
"2021","Pennsylvania","SF0345","Expenditure - Direct Expenditure - General Expenditure - Police Protection - Capital Outlay - Capital Outlay Other Than Construction","State","Expenditure","G62","Other Capital Outlay - Police Protection","23,882"
"2012","Rhode Island","SF0345","Expenditure - Direct Expenditure - General Expenditure - Police Protection - Capital Outlay - Capital Outlay Other Than Construction","State","Expenditure","G62","Other Capital Outlay - Police Protection","1,053"
"2013","Rhode Island","SF0345","Expenditure - Direct Expenditure - General Expenditure - Police Protection - Capital Outlay - Capital Outlay Other Than Construction","State","Expenditure","G62","Other Capital Outlay - Police Protection","4,818"
"2014","Rhode Island","SF0345","Expenditure - Direct Expenditure - General Expenditure - Police Protection - Capital Outlay - Capital Outlay Other Than Construction","State","Expenditure","G62","Other Capital Outlay - Police Protection","3,731"
"2015","Rhode Island","SF0345","Expenditure - Direct Expenditure - General Expenditure - Police Protection - Capital Outlay - Capital Outlay Other Than Construction","State","Expenditure","G62","Other Capital Outlay - Police Protection","3,765"
"2016","Rhode Island","SF0345","Expenditure - Direct Expenditure - General Expenditure - Police Protection - Capital Outlay - Capital Outlay Other Than Construction","State","Expenditure","G62","Other Capital Outlay - Police Protection","2,136"
"2017","Rhode Island","SF0345","Expenditure - Direct Expenditure - General Expenditure - Police Protection - Capital Outlay - Capital Outlay Other Than Construction","State","Expenditure","G62","Other Capital Outlay - Police Protection","1,135"
"2018","Rhode Island","SF0345","Expenditure - Direct Expenditure - General Expenditure - Police Protection - Capital Outlay - Capital Outlay Other Than Construction","State","Expenditure","G62","Other Capital Outlay - Police Protection","2,047"
"2019","Rhode Island","SF0345","Expenditure - Direct Expenditure - General Expenditure - Police Protection - Capital Outlay - Capital Outlay Other Than Construction","State","Expenditure","G62","Other Capital Outlay - Police Protection","3,083"
"2020","Rhode Island","SF0345","Expenditure - Direct Expenditure - General Expenditure - Police Protection - Capital Outlay - Capital Outlay Other Than Construction","State","Expenditure","G62","Other Capital Outlay - Police Protection","3,814"
"2021","Rhode Island","SF0345","Expenditure - Direct Expenditure - General Expenditure - Police Protection - Capital Outlay - Capital Outlay Other Than Construction","State","Expenditure","G62","Other Capital Outlay - Police Protection","1,564"
"2012","South Carolina","SF0345","Expenditure - Direct Expenditure - General Expenditure - Police Protection - Capital Outlay - Capital Outlay Other Than Construction","State","Expenditure","G62","Other Capital Outlay - Police Protection","41"
"2013","South Carolina","SF0345","Expenditure - Direct Expenditure - General Expenditure - Police Protection - Capital Outlay - Capital Outlay Other Than Construction","State","Expenditure","G62","Other Capital Outlay - Police Protection","208"
"2014","South Carolina","SF0345","Expenditure - Direct Expenditure - General Expenditure - Police Protection - Capital Outlay - Capital Outlay Other Than Construction","State","Expenditure","G62","Other Capital Outlay - Police Protection","203"
"2015","South Carolina","SF0345","Expenditure - Direct Expenditure - General Expenditure - Police Protection - Capital Outlay - Capital Outlay Other Than Construction","State","Expenditure","G62","Other Capital Outlay - Police Protection","447"
"2016","South Carolina","SF0345","Expenditure - Direct Expenditure - General Expenditure - Police Protection - Capital Outlay - Capital Outlay Other Than Construction","State","Expenditure","G62","Other Capital Outlay - Police Protection","296"
"2017","South Carolina","SF0345","Expenditure - Direct Expenditure - General Expenditure - Police Protection - Capital Outlay - Capital Outlay Other Than Construction","State","Expenditure","G62","Other Capital Outlay - Police Protection","265"
"2018","South Carolina","SF0345","Expenditure - Direct Expenditure - General Expenditure - Police Protection - Capital Outlay - Capital Outlay Other Than Construction","State","Expenditure","G62","Other Capital Outlay - Police Protection","169"
"2019","South Carolina","SF0345","Expenditure - Direct Expenditure - General Expenditure - Police Protection - Capital Outlay - Capital Outlay Other Than Construction","State","Expenditure","G62","Other Capital Outlay - Police Protection","170"
"2020","South Carolina","SF0345","Expenditure - Direct Expenditure - General Expenditure - Police Protection - Capital Outlay - Capital Outlay Other Than Construction","State","Expenditure","G62","Other Capital Outlay - Police Protection","270"
"2021","South Carolina","SF0345","Expenditure - Direct Expenditure - General Expenditure - Police Protection - Capital Outlay - Capital Outlay Other Than Construction","State","Expenditure","G62","Other Capital Outlay - Police Protection","212"
"2012","South Dakota","SF0345","Expenditure - Direct Expenditure - General Expenditure - Police Protection - Capital Outlay - Capital Outlay Other Than Construction","State","Expenditure","G62","Other Capital Outlay - Police Protection","1,592"
"2013","South Dakota","SF0345","Expenditure - Direct Expenditure - General Expenditure - Police Protection - Capital Outlay - Capital Outlay Other Than Construction","State","Expenditure","G62","Other Capital Outlay - Police Protection","1,949"
"2014","South Dakota","SF0345","Expenditure - Direct Expenditure - General Expenditure - Police Protection - Capital Outlay - Capital Outlay Other Than Construction","State","Expenditure","G62","Other Capital Outlay - Police Protection","1,532"
"2015","South Dakota","SF0345","Expenditure - Direct Expenditure - General Expenditure - Police Protection - Capital Outlay - Capital Outlay Other Than Construction","State","Expenditure","G62","Other Capital Outlay - Police Protection","2,048"
"2016","South Dakota","SF0345","Expenditure - Direct Expenditure - General Expenditure - Police Protection - Capital Outlay - Capital Outlay Other Than Construction","State","Expenditure","G62","Other Capital Outlay - Police Protection","2,323"
"2017","South Dakota","SF0345","Expenditure - Direct Expenditure - General Expenditure - Police Protection - Capital Outlay - Capital Outlay Other Than Construction","State","Expenditure","G62","Other Capital Outlay - Police Protection","1,994"
"2018","South Dakota","SF0345","Expenditure - Direct Expenditure - General Expenditure - Police Protection - Capital Outlay - Capital Outlay Other Than Construction","State","Expenditure","G62","Other Capital Outlay - Police Protection","2,789"
"2019","South Dakota","SF0345","Expenditure - Direct Expenditure - General Expenditure - Police Protection - Capital Outlay - Capital Outlay Other Than Construction","State","Expenditure","G62","Other Capital Outlay - Police Protection","2,258"
"2020","South Dakota","SF0345","Expenditure - Direct Expenditure - General Expenditure - Police Protection - Capital Outlay - Capital Outlay Other Than Construction","State","Expenditure","G62","Other Capital Outlay - Police Protection","3,134"
"2021","South Dakota","SF0345","Expenditure - Direct Expenditure - General Expenditure - Police Protection - Capital Outlay - Capital Outlay Other Than Construction","State","Expenditure","G62","Other Capital Outlay - Police Protection","3,526"
"2012","Tennessee","SF0345","Expenditure - Direct Expenditure - General Expenditure - Police Protection - Capital Outlay - Capital Outlay Other Than Construction","State","Expenditure","G62","Other Capital Outlay - Police Protection","8,006"
"2013","Tennessee","SF0345","Expenditure - Direct Expenditure - General Expenditure - Police Protection - Capital Outlay - Capital Outlay Other Than Construction","State","Expenditure","G62","Other Capital Outlay - Police Protection","7,243"
"2014","Tennessee","SF0345","Expenditure - Direct Expenditure - General Expenditure - Police Protection - Capital Outlay - Capital Outlay Other Than Construction","State","Expenditure","G62","Other Capital Outlay - Police Protection","8,564"
"2015","Tennessee","SF0345","Expenditure - Direct Expenditure - General Expenditure - Police Protection - Capital Outlay - Capital Outlay Other Than Construction","State","Expenditure","G62","Other Capital Outlay - Police Protection","6,911"
"2016","Tennessee","SF0345","Expenditure - Direct Expenditure - General Expenditure - Police Protection - Capital Outlay - Capital Outlay Other Than Construction","State","Expenditure","G62","Other Capital Outlay - Police Protection","5,095"
"2017","Tennessee","SF0345","Expenditure - Direct Expenditure - General Expenditure - Police Protection - Capital Outlay - Capital Outlay Other Than Construction","State","Expenditure","G62","Other Capital Outlay - Police Protection","8,889"
"2018","Tennessee","SF0345","Expenditure - Direct Expenditure - General Expenditure - Police Protection - Capital Outlay - Capital Outlay Other Than Construction","State","Expenditure","G62","Other Capital Outlay - Police Protection","21,998"
"2019","Tennessee","SF0345","Expenditure - Direct Expenditure - General Expenditure - Police Protection - Capital Outlay - Capital Outlay Other Than Construction","State","Expenditure","G62","Other Capital Outlay - Police Protection","7,411"
"2020","Tennessee","SF0345","Expenditure - Direct Expenditure - General Expenditure - Police Protection - Capital Outlay - Capital Outlay Other Than Construction","State","Expenditure","G62","Other Capital Outlay - Police Protection","10,537"
"2021","Tennessee","SF0345","Expenditure - Direct Expenditure - General Expenditure - Police Protection - Capital Outlay - Capital Outlay Other Than Construction","State","Expenditure","G62","Other Capital Outlay - Police Protection","6,919"
"2012","Texas","SF0345","Expenditure - Direct Expenditure - General Expenditure - Police Protection - Capital Outlay - Capital Outlay Other Than Construction","State","Expenditure","G62","Other Capital Outlay - Police Protection","42,159"
"2013","Texas","SF0345","Expenditure - Direct Expenditure - General Expenditure - Police Protection - Capital Outlay - Capital Outlay Other Than Construction","State","Expenditure","G62","Other Capital Outlay - Police Protection","42,280"
"2014","Texas","SF0345","Expenditure - Direct Expenditure - General Expenditure - Police Protection - Capital Outlay - Capital Outlay Other Than Construction","State","Expenditure","G62","Other Capital Outlay - Police Protection","57,640"
"2015","Texas","SF0345","Expenditure - Direct Expenditure - General Expenditure - Police Protection - Capital Outlay - Capital Outlay Other Than Construction","State","Expenditure","G62","Other Capital Outlay - Police Protection","43,234"
"2016","Texas","SF0345","Expenditure - Direct Expenditure - General Expenditure - Police Protection - Capital Outlay - Capital Outlay Other Than Construction","State","Expenditure","G62","Other Capital Outlay - Police Protection","38,802"
"2017","Texas","SF0345","Expenditure - Direct Expenditure - General Expenditure - Police Protection - Capital Outlay - Capital Outlay Other Than Construction","State","Expenditure","G62","Other Capital Outlay - Police Protection","55,153"
"2018","Texas","SF0345","Expenditure - Direct Expenditure - General Expenditure - Police Protection - Capital Outlay - Capital Outlay Other Than Construction","State","Expenditure","G62","Other Capital Outlay - Police Protection","59,509"
"2019","Texas","SF0345","Expenditure - Direct Expenditure - General Expenditure - Police Protection - Capital Outlay - Capital Outlay Other Than Construction","State","Expenditure","G62","Other Capital Outlay - Police Protection","53,876"
"2020","Texas","SF0345","Expenditure - Direct Expenditure - General Expenditure - Police Protection - Capital Outlay - Capital Outlay Other Than Construction","State","Expenditure","G62","Other Capital Outlay - Police Protection","72,670"
"2021","Texas","SF0345","Expenditure - Direct Expenditure - General Expenditure - Police Protection - Capital Outlay - Capital Outlay Other Than Construction","State","Expenditure","G62","Other Capital Outlay - Police Protection","24,602"
"2012","Utah","SF0345","Expenditure - Direct Expenditure - General Expenditure - Police Protection - Capital Outlay - Capital Outlay Other Than Construction","State","Expenditure","G62","Other Capital Outlay - Police Protection","7,877"
"2013","Utah","SF0345","Expenditure - Direct Expenditure - General Expenditure - Police Protection - Capital Outlay - Capital Outlay Other Than Construction","State","Expenditure","G62","Other Capital Outlay - Police Protection","9,286"
"2014","Utah","SF0345","Expenditure - Direct Expenditure - General Expenditure - Police Protection - Capital Outlay - Capital Outlay Other Than Construction","State","Expenditure","G62","Other Capital Outlay - Police Protection","8,372"
"2015","Utah","SF0345","Expenditure - Direct Expenditure - General Expenditure - Police Protection - Capital Outlay - Capital Outlay Other Than Construction","State","Expenditure","G62","Other Capital Outlay - Police Protection","6,773"
"2016","Utah","SF0345","Expenditure - Direct Expenditure - General Expenditure - Police Protection - Capital Outlay - Capital Outlay Other Than Construction","State","Expenditure","G62","Other Capital Outlay - Police Protection","10,283"
"2017","Utah","SF0345","Expenditure - Direct Expenditure - General Expenditure - Police Protection - Capital Outlay - Capital Outlay Other Than Construction","State","Expenditure","G62","Other Capital Outlay - Police Protection","6,900"
"2018","Utah","SF0345","Expenditure - Direct Expenditure - General Expenditure - Police Protection - Capital Outlay - Capital Outlay Other Than Construction","State","Expenditure","G62","Other Capital Outlay - Police Protection","8,518"
"2019","Utah","SF0345","Expenditure - Direct Expenditure - General Expenditure - Police Protection - Capital Outlay - Capital Outlay Other Than Construction","State","Expenditure","G62","Other Capital Outlay - Police Protection","9,309"
"2020","Utah","SF0345","Expenditure - Direct Expenditure - General Expenditure - Police Protection - Capital Outlay - Capital Outlay Other Than Construction","State","Expenditure","G62","Other Capital Outlay - Police Protection","11,498"
"2021","Utah","SF0345","Expenditure - Direct Expenditure - General Expenditure - Police Protection - Capital Outlay - Capital Outlay Other Than Construction","State","Expenditure","G62","Other Capital Outlay - Police Protection","10,131"
"2012","Vermont","SF0345","Expenditure - Direct Expenditure - General Expenditure - Police Protection - Capital Outlay - Capital Outlay Other Than Construction","State","Expenditure","G62","Other Capital Outlay - Police Protection","3,965"
"2013","Vermont","SF0345","Expenditure - Direct Expenditure - General Expenditure - Police Protection - Capital Outlay - Capital Outlay Other Than Construction","State","Expenditure","G62","Other Capital Outlay - Police Protection","8,505"
"2014","Vermont","SF0345","Expenditure - Direct Expenditure - General Expenditure - Police Protection - Capital Outlay - Capital Outlay Other Than Construction","State","Expenditure","G62","Other Capital Outlay - Police Protection","1,449"
"2015","Vermont","SF0345","Expenditure - Direct Expenditure - General Expenditure - Police Protection - Capital Outlay - Capital Outlay Other Than Construction","State","Expenditure","G62","Other Capital Outlay - Police Protection","5,075"
"2016","Vermont","SF0345","Expenditure - Direct Expenditure - General Expenditure - Police Protection - Capital Outlay - Capital Outlay Other Than Construction","State","Expenditure","G62","Other Capital Outlay - Police Protection","3,622"
"2017","Vermont","SF0345","Expenditure - Direct Expenditure - General Expenditure - Police Protection - Capital Outlay - Capital Outlay Other Than Construction","State","Expenditure","G62","Other Capital Outlay - Police Protection","3,724"
"2018","Vermont","SF0345","Expenditure - Direct Expenditure - General Expenditure - Police Protection - Capital Outlay - Capital Outlay Other Than Construction","State","Expenditure","G62","Other Capital Outlay - Police Protection","5,463"
"2019","Vermont","SF0345","Expenditure - Direct Expenditure - General Expenditure - Police Protection - Capital Outlay - Capital Outlay Other Than Construction","State","Expenditure","G62","Other Capital Outlay - Police Protection","5,662"
"2020","Vermont","SF0345","Expenditure - Direct Expenditure - General Expenditure - Police Protection - Capital Outlay - Capital Outlay Other Than Construction","State","Expenditure","G62","Other Capital Outlay - Police Protection","8,599"
"2021","Vermont","SF0345","Expenditure - Direct Expenditure - General Expenditure - Police Protection - Capital Outlay - Capital Outlay Other Than Construction","State","Expenditure","G62","Other Capital Outlay - Police Protection","8,967"
"2012","Virginia","SF0345","Expenditure - Direct Expenditure - General Expenditure - Police Protection - Capital Outlay - Capital Outlay Other Than Construction","State","Expenditure","G62","Other Capital Outlay - Police Protection","26,995"
"2013","Virginia","SF0345","Expenditure - Direct Expenditure - General Expenditure - Police Protection - Capital Outlay - Capital Outlay Other Than Construction","State","Expenditure","G62","Other Capital Outlay - Police Protection","31,185"
"2014","Virginia","SF0345","Expenditure - Direct Expenditure - General Expenditure - Police Protection - Capital Outlay - Capital Outlay Other Than Construction","State","Expenditure","G62","Other Capital Outlay - Police Protection","26,015"
"2015","Virginia","SF0345","Expenditure - Direct Expenditure - General Expenditure - Police Protection - Capital Outlay - Capital Outlay Other Than Construction","State","Expenditure","G62","Other Capital Outlay - Police Protection","15,250"
"2016","Virginia","SF0345","Expenditure - Direct Expenditure - General Expenditure - Police Protection - Capital Outlay - Capital Outlay Other Than Construction","State","Expenditure","G62","Other Capital Outlay - Police Protection","13,521"
"2017","Virginia","SF0345","Expenditure - Direct Expenditure - General Expenditure - Police Protection - Capital Outlay - Capital Outlay Other Than Construction","State","Expenditure","G62","Other Capital Outlay - Police Protection","18,066"
"2018","Virginia","SF0345","Expenditure - Direct Expenditure - General Expenditure - Police Protection - Capital Outlay - Capital Outlay Other Than Construction","State","Expenditure","G62","Other Capital Outlay - Police Protection","24,537"
"2019","Virginia","SF0345","Expenditure - Direct Expenditure - General Expenditure - Police Protection - Capital Outlay - Capital Outlay Other Than Construction","State","Expenditure","G62","Other Capital Outlay - Police Protection","23,313"
"2020","Virginia","SF0345","Expenditure - Direct Expenditure - General Expenditure - Police Protection - Capital Outlay - Capital Outlay Other Than Construction","State","Expenditure","G62","Other Capital Outlay - Police Protection","21,796"
"2021","Virginia","SF0345","Expenditure - Direct Expenditure - General Expenditure - Police Protection - Capital Outlay - Capital Outlay Other Than Construction","State","Expenditure","G62","Other Capital Outlay - Police Protection","21,971"
"2012","Washington","SF0345","Expenditure - Direct Expenditure - General Expenditure - Police Protection - Capital Outlay - Capital Outlay Other Than Construction","State","Expenditure","G62","Other Capital Outlay - Police Protection","11,049"
"2013","Washington","SF0345","Expenditure - Direct Expenditure - General Expenditure - Police Protection - Capital Outlay - Capital Outlay Other Than Construction","State","Expenditure","G62","Other Capital Outlay - Police Protection","26,870"
"2014","Washington","SF0345","Expenditure - Direct Expenditure - General Expenditure - Police Protection - Capital Outlay - Capital Outlay Other Than Construction","State","Expenditure","G62","Other Capital Outlay - Police Protection","26,819"
"2015","Washington","SF0345","Expenditure - Direct Expenditure - General Expenditure - Police Protection - Capital Outlay - Capital Outlay Other Than Construction","State","Expenditure","G62","Other Capital Outlay - Police Protection","33,363"
"2016","Washington","SF0345","Expenditure - Direct Expenditure - General Expenditure - Police Protection - Capital Outlay - Capital Outlay Other Than Construction","State","Expenditure","G62","Other Capital Outlay - Police Protection","27,946"
"2017","Washington","SF0345","Expenditure - Direct Expenditure - General Expenditure - Police Protection - Capital Outlay - Capital Outlay Other Than Construction","State","Expenditure","G62","Other Capital Outlay - Police Protection","31,268"
"2018","Washington","SF0345","Expenditure - Direct Expenditure - General Expenditure - Police Protection - Capital Outlay - Capital Outlay Other Than Construction","State","Expenditure","G62","Other Capital Outlay - Police Protection","33,190"
"2019","Washington","SF0345","Expenditure - Direct Expenditure - General Expenditure - Police Protection - Capital Outlay - Capital Outlay Other Than Construction","State","Expenditure","G62","Other Capital Outlay - Police Protection","27,172"
"2020","Washington","SF0345","Expenditure - Direct Expenditure - General Expenditure - Police Protection - Capital Outlay - Capital Outlay Other Than Construction","State","Expenditure","G62","Other Capital Outlay - Police Protection","31,078"
"2021","Washington","SF0345","Expenditure - Direct Expenditure - General Expenditure - Police Protection - Capital Outlay - Capital Outlay Other Than Construction","State","Expenditure","G62","Other Capital Outlay - Police Protection","24,630"
"2012","West Virginia","SF0345","Expenditure - Direct Expenditure - General Expenditure - Police Protection - Capital Outlay - Capital Outlay Other Than Construction","State","Expenditure","G62","Other Capital Outlay - Police Protection","5,948"
"2013","West Virginia","SF0345","Expenditure - Direct Expenditure - General Expenditure - Police Protection - Capital Outlay - Capital Outlay Other Than Construction","State","Expenditure","G62","Other Capital Outlay - Police Protection","3,759"
"2014","West Virginia","SF0345","Expenditure - Direct Expenditure - General Expenditure - Police Protection - Capital Outlay - Capital Outlay Other Than Construction","State","Expenditure","G62","Other Capital Outlay - Police Protection","5,493"
"2015","West Virginia","SF0345","Expenditure - Direct Expenditure - General Expenditure - Police Protection - Capital Outlay - Capital Outlay Other Than Construction","State","Expenditure","G62","Other Capital Outlay - Police Protection","3,380"
"2016","West Virginia","SF0345","Expenditure - Direct Expenditure - General Expenditure - Police Protection - Capital Outlay - Capital Outlay Other Than Construction","State","Expenditure","G62","Other Capital Outlay - Police Protection","8,423"
"2017","West Virginia","SF0345","Expenditure - Direct Expenditure - General Expenditure - Police Protection - Capital Outlay - Capital Outlay Other Than Construction","State","Expenditure","G62","Other Capital Outlay - Police Protection","6,780"
"2018","West Virginia","SF0345","Expenditure - Direct Expenditure - General Expenditure - Police Protection - Capital Outlay - Capital Outlay Other Than Construction","State","Expenditure","G62","Other Capital Outlay - Police Protection","4,641"
"2019","West Virginia","SF0345","Expenditure - Direct Expenditure - General Expenditure - Police Protection - Capital Outlay - Capital Outlay Other Than Construction","State","Expenditure","G62","Other Capital Outlay - Police Protection","4,094"
"2020","West Virginia","SF0345","Expenditure - Direct Expenditure - General Expenditure - Police Protection - Capital Outlay - Capital Outlay Other Than Construction","State","Expenditure","G62","Other Capital Outlay - Police Protection","7,436"
"2021","West Virginia","SF0345","Expenditure - Direct Expenditure - General Expenditure - Police Protection - Capital Outlay - Capital Outlay Other Than Construction","State","Expenditure","G62","Other Capital Outlay - Police Protection","10,714"
"2012","Wisconsin","SF0345","Expenditure - Direct Expenditure - General Expenditure - Police Protection - Capital Outlay - Capital Outlay Other Than Construction","State","Expenditure","G62","Other Capital Outlay - Police Protection","126"
"2013","Wisconsin","SF0345","Expenditure - Direct Expenditure - General Expenditure - Police Protection - Capital Outlay - Capital Outlay Other Than Construction","State","Expenditure","G62","Other Capital Outlay - Police Protection","68"
"2014","Wisconsin","SF0345","Expenditure - Direct Expenditure - General Expenditure - Police Protection - Capital Outlay - Capital Outlay Other Than Construction","State","Expenditure","G62","Other Capital Outlay - Police Protection","230"
"2015","Wisconsin","SF0345","Expenditure - Direct Expenditure - General Expenditure - Police Protection - Capital Outlay - Capital Outlay Other Than Construction","State","Expenditure","G62","Other Capital Outlay - Police Protection","1,842"
"2016","Wisconsin","SF0345","Expenditure - Direct Expenditure - General Expenditure - Police Protection - Capital Outlay - Capital Outlay Other Than Construction","State","Expenditure","G62","Other Capital Outlay - Police Protection","935"
"2017","Wisconsin","SF0345","Expenditure - Direct Expenditure - General Expenditure - Police Protection - Capital Outlay - Capital Outlay Other Than Construction","State","Expenditure","G62","Other Capital Outlay - Police Protection","505"
"2018","Wisconsin","SF0345","Expenditure - Direct Expenditure - General Expenditure - Police Protection - Capital Outlay - Capital Outlay Other Than Construction","State","Expenditure","G62","Other Capital Outlay - Police Protection","892"
"2019","Wisconsin","SF0345","Expenditure - Direct Expenditure - General Expenditure - Police Protection - Capital Outlay - Capital Outlay Other Than Construction","State","Expenditure","G62","Other Capital Outlay - Police Protection","2,475"
"2020","Wisconsin","SF0345","Expenditure - Direct Expenditure - General Expenditure - Police Protection - Capital Outlay - Capital Outlay Other Than Construction","State","Expenditure","G62","Other Capital Outlay - Police Protection","435"
"2021","Wisconsin","SF0345","Expenditure - Direct Expenditure - General Expenditure - Police Protection - Capital Outlay - Capital Outlay Other Than Construction","State","Expenditure","G62","Other Capital Outlay - Police Protection","498"
"2012","Wyoming","SF0345","Expenditure - Direct Expenditure - General Expenditure - Police Protection - Capital Outlay - Capital Outlay Other Than Construction","State","Expenditure","G62","Other Capital Outlay - Police Protection","311"
"2013","Wyoming","SF0345","Expenditure - Direct Expenditure - General Expenditure - Police Protection - Capital Outlay - Capital Outlay Other Than Construction","State","Expenditure","G62","Other Capital Outlay - Police Protection","383"
"2014","Wyoming","SF0345","Expenditure - Direct Expenditure - General Expenditure - Police Protection - Capital Outlay - Capital Outlay Other Than Construction","State","Expenditure","G62","Other Capital Outlay - Police Protection","84"
"2015","Wyoming","SF0345","Expenditure - Direct Expenditure - General Expenditure - Police Protection - Capital Outlay - Capital Outlay Other Than Construction","State","Expenditure","G62","Other Capital Outlay - Police Protection","48"
"2016","Wyoming","SF0345","Expenditure - Direct Expenditure - General Expenditure - Police Protection - Capital Outlay - Capital Outlay Other Than Construction","State","Expenditure","G62","Other Capital Outlay - Police Protection","10"
"2017","Wyoming","SF0345","Expenditure - Direct Expenditure - General Expenditure - Police Protection - Capital Outlay - Capital Outlay Other Than Construction","State","Expenditure","G62","Other Capital Outlay - Police Protection","29"
"2018","Wyoming","SF0345","Expenditure - Direct Expenditure - General Expenditure - Police Protection - Capital Outlay - Capital Outlay Other Than Construction","State","Expenditure","G62","Other Capital Outlay - Police Protection","75"
"2019","Wyoming","SF0345","Expenditure - Direct Expenditure - General Expenditure - Police Protection - Capital Outlay - Capital Outlay Other Than Construction","State","Expenditure","G62","Other Capital Outlay - Police Protection","1,233"
"2020","Wyoming","SF0345","Expenditure - Direct Expenditure - General Expenditure - Police Protection - Capital Outlay - Capital Outlay Other Than Construction","State","Expenditure","G62","Other Capital Outlay - Police Protection","250"
"2021","Wyoming","SF0345","Expenditure - Direct Expenditure - General Expenditure - Police Protection - Capital Outlay - Capital Outlay Other Than Construction","State","Expenditure","G62","Other Capital Outlay - Police Protection","291"
"2022","United States","SF0343","Expenditure - Direct Expenditure - General Expenditure - Police Protection - Capital Outlay","State","Expenditure","F62","Capital Expenditures/Construction only (before 2022) - Police Protection","868,615"
"2023","United States","SF0343","Expenditure - Direct Expenditure - General Expenditure - Police Protection - Capital Outlay","State","Expenditure","F62","Capital Expenditures/Construction only (before 2022) - Police Protection","1,230,819"
"2024","United States","SF0343","Expenditure - Direct Expenditure - General Expenditure - Police Protection - Capital Outlay","State","Expenditure","F62","Capital Expenditures/Construction only (before 2022) - Police Protection","1,870,583"
"2022","Alabama","SF0343","Expenditure - Direct Expenditure - General Expenditure - Police Protection - Capital Outlay","State","Expenditure","F62","Capital Expenditures/Construction only (before 2022) - Police Protection","5,677"
"2023","Alabama","SF0343","Expenditure - Direct Expenditure - General Expenditure - Police Protection - Capital Outlay","State","Expenditure","F62","Capital Expenditures/Construction only (before 2022) - Police Protection","0"
"2024","Alabama","SF0343","Expenditure - Direct Expenditure - General Expenditure - Police Protection - Capital Outlay","State","Expenditure","F62","Capital Expenditures/Construction only (before 2022) - Police Protection","0"
"2022","Alaska","SF0343","Expenditure - Direct Expenditure - General Expenditure - Police Protection - Capital Outlay","State","Expenditure","F62","Capital Expenditures/Construction only (before 2022) - Police Protection","13,242"
"2023","Alaska","SF0343","Expenditure - Direct Expenditure - General Expenditure - Police Protection - Capital Outlay","State","Expenditure","F62","Capital Expenditures/Construction only (before 2022) - Police Protection","19,154"
"2024","Alaska","SF0343","Expenditure - Direct Expenditure - General Expenditure - Police Protection - Capital Outlay","State","Expenditure","F62","Capital Expenditures/Construction only (before 2022) - Police Protection","7,754"
"2022","Arizona","SF0343","Expenditure - Direct Expenditure - General Expenditure - Police Protection - Capital Outlay","State","Expenditure","F62","Capital Expenditures/Construction only (before 2022) - Police Protection","44,815"
"2023","Arizona","SF0343","Expenditure - Direct Expenditure - General Expenditure - Police Protection - Capital Outlay","State","Expenditure","F62","Capital Expenditures/Construction only (before 2022) - Police Protection","75,723"
"2024","Arizona","SF0343","Expenditure - Direct Expenditure - General Expenditure - Police Protection - Capital Outlay","State","Expenditure","F62","Capital Expenditures/Construction only (before 2022) - Police Protection","44,340"
"2022","Arkansas","SF0343","Expenditure - Direct Expenditure - General Expenditure - Police Protection - Capital Outlay","State","Expenditure","F62","Capital Expenditures/Construction only (before 2022) - Police Protection","23"
"2023","Arkansas","SF0343","Expenditure - Direct Expenditure - General Expenditure - Police Protection - Capital Outlay","State","Expenditure","F62","Capital Expenditures/Construction only (before 2022) - Police Protection","16"
"2024","Arkansas","SF0343","Expenditure - Direct Expenditure - General Expenditure - Police Protection - Capital Outlay","State","Expenditure","F62","Capital Expenditures/Construction only (before 2022) - Police Protection","3"
"2022","California","SF0343","Expenditure - Direct Expenditure - General Expenditure - Police Protection - Capital Outlay","State","Expenditure","F62","Capital Expenditures/Construction only (before 2022) - Police Protection","1,889"
"2023","California","SF0343","Expenditure - Direct Expenditure - General Expenditure - Police Protection - Capital Outlay","State","Expenditure","F62","Capital Expenditures/Construction only (before 2022) - Police Protection","53,358"
"2024","California","SF0343","Expenditure - Direct Expenditure - General Expenditure - Police Protection - Capital Outlay","State","Expenditure","F62","Capital Expenditures/Construction only (before 2022) - Police Protection","305,870"
"2022","Colorado","SF0343","Expenditure - Direct Expenditure - General Expenditure - Police Protection - Capital Outlay","State","Expenditure","F62","Capital Expenditures/Construction only (before 2022) - Police Protection","18,355"
"2023","Colorado","SF0343","Expenditure - Direct Expenditure - General Expenditure - Police Protection - Capital Outlay","State","Expenditure","F62","Capital Expenditures/Construction only (before 2022) - Police Protection","21,801"
"2024","Colorado","SF0343","Expenditure - Direct Expenditure - General Expenditure - Police Protection - Capital Outlay","State","Expenditure","F62","Capital Expenditures/Construction only (before 2022) - Police Protection","8,283"
"2022","Connecticut","SF0343","Expenditure - Direct Expenditure - General Expenditure - Police Protection - Capital Outlay","State","Expenditure","F62","Capital Expenditures/Construction only (before 2022) - Police Protection","18,311"
"2023","Connecticut","SF0343","Expenditure - Direct Expenditure - General Expenditure - Police Protection - Capital Outlay","State","Expenditure","F62","Capital Expenditures/Construction only (before 2022) - Police Protection","8,404"
"2024","Connecticut","SF0343","Expenditure - Direct Expenditure - General Expenditure - Police Protection - Capital Outlay","State","Expenditure","F62","Capital Expenditures/Construction only (before 2022) - Police Protection","9,688"
"2022","Delaware","SF0343","Expenditure - Direct Expenditure - General Expenditure - Police Protection - Capital Outlay","State","Expenditure","F62","Capital Expenditures/Construction only (before 2022) - Police Protection","7,378"
"2023","Delaware","SF0343","Expenditure - Direct Expenditure - General Expenditure - Police Protection - Capital Outlay","State","Expenditure","F62","Capital Expenditures/Construction only (before 2022) - Police Protection","6,567"
"2024","Delaware","SF0343","Expenditure - Direct Expenditure - General Expenditure - Police Protection - Capital Outlay","State","Expenditure","F62","Capital Expenditures/Construction only (before 2022) - Police Protection","15,122"
"2022","Florida","SF0343","Expenditure - Direct Expenditure - General Expenditure - Police Protection - Capital Outlay","State","Expenditure","F62","Capital Expenditures/Construction only (before 2022) - Police Protection","18,240"
"2023","Florida","SF0343","Expenditure - Direct Expenditure - General Expenditure - Police Protection - Capital Outlay","State","Expenditure","F62","Capital Expenditures/Construction only (before 2022) - Police Protection","24,936"
"2024","Florida","SF0343","Expenditure - Direct Expenditure - General Expenditure - Police Protection - Capital Outlay","State","Expenditure","F62","Capital Expenditures/Construction only (before 2022) - Police Protection","37,256"
"2022","Georgia","SF0343","Expenditure - Direct Expenditure - General Expenditure - Police Protection - Capital Outlay","State","Expenditure","F62","Capital Expenditures/Construction only (before 2022) - Police Protection","86,786"
"2023","Georgia","SF0343","Expenditure - Direct Expenditure - General Expenditure - Police Protection - Capital Outlay","State","Expenditure","F62","Capital Expenditures/Construction only (before 2022) - Police Protection","64,407"
"2024","Georgia","SF0343","Expenditure - Direct Expenditure - General Expenditure - Police Protection - Capital Outlay","State","Expenditure","F62","Capital Expenditures/Construction only (before 2022) - Police Protection","76,171"
"2022","Hawaii","SF0343","Expenditure - Direct Expenditure - General Expenditure - Police Protection - Capital Outlay","State","Expenditure","F62","Capital Expenditures/Construction only (before 2022) - Police Protection","3,647"
"2023","Hawaii","SF0343","Expenditure - Direct Expenditure - General Expenditure - Police Protection - Capital Outlay","State","Expenditure","F62","Capital Expenditures/Construction only (before 2022) - Police Protection","2,350"
"2024","Hawaii","SF0343","Expenditure - Direct Expenditure - General Expenditure - Police Protection - Capital Outlay","State","Expenditure","F62","Capital Expenditures/Construction only (before 2022) - Police Protection","14,153"
"2022","Idaho","SF0343","Expenditure - Direct Expenditure - General Expenditure - Police Protection - Capital Outlay","State","Expenditure","F62","Capital Expenditures/Construction only (before 2022) - Police Protection","5,411"
"2023","Idaho","SF0343","Expenditure - Direct Expenditure - General Expenditure - Police Protection - Capital Outlay","State","Expenditure","F62","Capital Expenditures/Construction only (before 2022) - Police Protection","9,068"
"2024","Idaho","SF0343","Expenditure - Direct Expenditure - General Expenditure - Police Protection - Capital Outlay","State","Expenditure","F62","Capital Expenditures/Construction only (before 2022) - Police Protection","11,112"
"2022","Illinois","SF0343","Expenditure - Direct Expenditure - General Expenditure - Police Protection - Capital Outlay","State","Expenditure","F62","Capital Expenditures/Construction only (before 2022) - Police Protection","22,835"
"2023","Illinois","SF0343","Expenditure - Direct Expenditure - General Expenditure - Police Protection - Capital Outlay","State","Expenditure","F62","Capital Expenditures/Construction only (before 2022) - Police Protection","40,908"
"2024","Illinois","SF0343","Expenditure - Direct Expenditure - General Expenditure - Police Protection - Capital Outlay","State","Expenditure","F62","Capital Expenditures/Construction only (before 2022) - Police Protection","44,394"
"2022","Indiana","SF0343","Expenditure - Direct Expenditure - General Expenditure - Police Protection - Capital Outlay","State","Expenditure","F62","Capital Expenditures/Construction only (before 2022) - Police Protection","26,810"
"2023","Indiana","SF0343","Expenditure - Direct Expenditure - General Expenditure - Police Protection - Capital Outlay","State","Expenditure","F62","Capital Expenditures/Construction only (before 2022) - Police Protection","34,843"
"2024","Indiana","SF0343","Expenditure - Direct Expenditure - General Expenditure - Police Protection - Capital Outlay","State","Expenditure","F62","Capital Expenditures/Construction only (before 2022) - Police Protection","91,252"
"2022","Iowa","SF0343","Expenditure - Direct Expenditure - General Expenditure - Police Protection - Capital Outlay","State","Expenditure","F62","Capital Expenditures/Construction only (before 2022) - Police Protection","6,867"
"2023","Iowa","SF0343","Expenditure - Direct Expenditure - General Expenditure - Police Protection - Capital Outlay","State","Expenditure","F62","Capital Expenditures/Construction only (before 2022) - Police Protection","9,529"
"2024","Iowa","SF0343","Expenditure - Direct Expenditure - General Expenditure - Police Protection - Capital Outlay","State","Expenditure","F62","Capital Expenditures/Construction only (before 2022) - Police Protection","11,349"
"2022","Kansas","SF0343","Expenditure - Direct Expenditure - General Expenditure - Police Protection - Capital Outlay","State","Expenditure","F62","Capital Expenditures/Construction only (before 2022) - Police Protection","4,656"
"2023","Kansas","SF0343","Expenditure - Direct Expenditure - General Expenditure - Police Protection - Capital Outlay","State","Expenditure","F62","Capital Expenditures/Construction only (before 2022) - Police Protection","27,450"
"2024","Kansas","SF0343","Expenditure - Direct Expenditure - General Expenditure - Police Protection - Capital Outlay","State","Expenditure","F62","Capital Expenditures/Construction only (before 2022) - Police Protection","32,852"
"2022","Kentucky","SF0343","Expenditure - Direct Expenditure - General Expenditure - Police Protection - Capital Outlay","State","Expenditure","F62","Capital Expenditures/Construction only (before 2022) - Police Protection","11,736"
"2023","Kentucky","SF0343","Expenditure - Direct Expenditure - General Expenditure - Police Protection - Capital Outlay","State","Expenditure","F62","Capital Expenditures/Construction only (before 2022) - Police Protection","21,168"
"2024","Kentucky","SF0343","Expenditure - Direct Expenditure - General Expenditure - Police Protection - Capital Outlay","State","Expenditure","F62","Capital Expenditures/Construction only (before 2022) - Police Protection","14,493"
"2022","Louisiana","SF0343","Expenditure - Direct Expenditure - General Expenditure - Police Protection - Capital Outlay","State","Expenditure","F62","Capital Expenditures/Construction only (before 2022) - Police Protection","7,091"
"2023","Louisiana","SF0343","Expenditure - Direct Expenditure - General Expenditure - Police Protection - Capital Outlay","State","Expenditure","F62","Capital Expenditures/Construction only (before 2022) - Police Protection","2,376"
"2024","Louisiana","SF0343","Expenditure - Direct Expenditure - General Expenditure - Police Protection - Capital Outlay","State","Expenditure","F62","Capital Expenditures/Construction only (before 2022) - Police Protection","5,233"
"2022","Maine","SF0343","Expenditure - Direct Expenditure - General Expenditure - Police Protection - Capital Outlay","State","Expenditure","F62","Capital Expenditures/Construction only (before 2022) - Police Protection","1,604"
"2023","Maine","SF0343","Expenditure - Direct Expenditure - General Expenditure - Police Protection - Capital Outlay","State","Expenditure","F62","Capital Expenditures/Construction only (before 2022) - Police Protection","1,407"
"2024","Maine","SF0343","Expenditure - Direct Expenditure - General Expenditure - Police Protection - Capital Outlay","State","Expenditure","F62","Capital Expenditures/Construction only (before 2022) - Police Protection","3,115"
"2022","Maryland","SF0343","Expenditure - Direct Expenditure - General Expenditure - Police Protection - Capital Outlay","State","Expenditure","F62","Capital Expenditures/Construction only (before 2022) - Police Protection","14,215"
"2023","Maryland","SF0343","Expenditure - Direct Expenditure - General Expenditure - Police Protection - Capital Outlay","State","Expenditure","F62","Capital Expenditures/Construction only (before 2022) - Police Protection","24,037"
"2024","Maryland","SF0343","Expenditure - Direct Expenditure - General Expenditure - Police Protection - Capital Outlay","State","Expenditure","F62","Capital Expenditures/Construction only (before 2022) - Police Protection","28,735"
"2022","Massachusetts","SF0343","Expenditure - Direct Expenditure - General Expenditure - Police Protection - Capital Outlay","State","Expenditure","F62","Capital Expenditures/Construction only (before 2022) - Police Protection","81,656"
"2023","Massachusetts","SF0343","Expenditure - Direct Expenditure - General Expenditure - Police Protection - Capital Outlay","State","Expenditure","F62","Capital Expenditures/Construction only (before 2022) - Police Protection","128,107"
"2024","Massachusetts","SF0343","Expenditure - Direct Expenditure - General Expenditure - Police Protection - Capital Outlay","State","Expenditure","F62","Capital Expenditures/Construction only (before 2022) - Police Protection","79,239"
"2022","Michigan","SF0343","Expenditure - Direct Expenditure - General Expenditure - Police Protection - Capital Outlay","State","Expenditure","F62","Capital Expenditures/Construction only (before 2022) - Police Protection","12,116"
"2023","Michigan","SF0343","Expenditure - Direct Expenditure - General Expenditure - Police Protection - Capital Outlay","State","Expenditure","F62","Capital Expenditures/Construction only (before 2022) - Police Protection","12,930"
"2024","Michigan","SF0343","Expenditure - Direct Expenditure - General Expenditure - Police Protection - Capital Outlay","State","Expenditure","F62","Capital Expenditures/Construction only (before 2022) - Police Protection","14,881"
"2022","Minnesota","SF0343","Expenditure - Direct Expenditure - General Expenditure - Police Protection - Capital Outlay","State","Expenditure","F62","Capital Expenditures/Construction only (before 2022) - Police Protection","11,502"
"2023","Minnesota","SF0343","Expenditure - Direct Expenditure - General Expenditure - Police Protection - Capital Outlay","State","Expenditure","F62","Capital Expenditures/Construction only (before 2022) - Police Protection","22,806"
"2024","Minnesota","SF0343","Expenditure - Direct Expenditure - General Expenditure - Police Protection - Capital Outlay","State","Expenditure","F62","Capital Expenditures/Construction only (before 2022) - Police Protection","20,607"
"2022","Mississippi","SF0343","Expenditure - Direct Expenditure - General Expenditure - Police Protection - Capital Outlay","State","Expenditure","F62","Capital Expenditures/Construction only (before 2022) - Police Protection","6,128"
"2023","Mississippi","SF0343","Expenditure - Direct Expenditure - General Expenditure - Police Protection - Capital Outlay","State","Expenditure","F62","Capital Expenditures/Construction only (before 2022) - Police Protection","13,651"
"2024","Mississippi","SF0343","Expenditure - Direct Expenditure - General Expenditure - Police Protection - Capital Outlay","State","Expenditure","F62","Capital Expenditures/Construction only (before 2022) - Police Protection","20,188"
"2022","Missouri","SF0343","Expenditure - Direct Expenditure - General Expenditure - Police Protection - Capital Outlay","State","Expenditure","F62","Capital Expenditures/Construction only (before 2022) - Police Protection","28,442"
"2023","Missouri","SF0343","Expenditure - Direct Expenditure - General Expenditure - Police Protection - Capital Outlay","State","Expenditure","F62","Capital Expenditures/Construction only (before 2022) - Police Protection","47,246"
"2024","Missouri","SF0343","Expenditure - Direct Expenditure - General Expenditure - Police Protection - Capital Outlay","State","Expenditure","F62","Capital Expenditures/Construction only (before 2022) - Police Protection","63,494"
"2022","Montana","SF0343","Expenditure - Direct Expenditure - General Expenditure - Police Protection - Capital Outlay","State","Expenditure","F62","Capital Expenditures/Construction only (before 2022) - Police Protection","3,393"
"2023","Montana","SF0343","Expenditure - Direct Expenditure - General Expenditure - Police Protection - Capital Outlay","State","Expenditure","F62","Capital Expenditures/Construction only (before 2022) - Police Protection","4,452"
"2024","Montana","SF0343","Expenditure - Direct Expenditure - General Expenditure - Police Protection - Capital Outlay","State","Expenditure","F62","Capital Expenditures/Construction only (before 2022) - Police Protection","3,430"
"2022","Nebraska","SF0343","Expenditure - Direct Expenditure - General Expenditure - Police Protection - Capital Outlay","State","Expenditure","F62","Capital Expenditures/Construction only (before 2022) - Police Protection","8,882"
"2023","Nebraska","SF0343","Expenditure - Direct Expenditure - General Expenditure - Police Protection - Capital Outlay","State","Expenditure","F62","Capital Expenditures/Construction only (before 2022) - Police Protection","5,226"
"2024","Nebraska","SF0343","Expenditure - Direct Expenditure - General Expenditure - Police Protection - Capital Outlay","State","Expenditure","F62","Capital Expenditures/Construction only (before 2022) - Police Protection","11,194"
"2022","Nevada","SF0343","Expenditure - Direct Expenditure - General Expenditure - Police Protection - Capital Outlay","State","Expenditure","F62","Capital Expenditures/Construction only (before 2022) - Police Protection","5,487"
"2023","Nevada","SF0343","Expenditure - Direct Expenditure - General Expenditure - Police Protection - Capital Outlay","State","Expenditure","F62","Capital Expenditures/Construction only (before 2022) - Police Protection","4,819"
"2024","Nevada","SF0343","Expenditure - Direct Expenditure - General Expenditure - Police Protection - Capital Outlay","State","Expenditure","F62","Capital Expenditures/Construction only (before 2022) - Police Protection","5,309"
"2022","New Hampshire","SF0343","Expenditure - Direct Expenditure - General Expenditure - Police Protection - Capital Outlay","State","Expenditure","F62","Capital Expenditures/Construction only (before 2022) - Police Protection","5,385"
"2023","New Hampshire","SF0343","Expenditure - Direct Expenditure - General Expenditure - Police Protection - Capital Outlay","State","Expenditure","F62","Capital Expenditures/Construction only (before 2022) - Police Protection","10,183"
"2024","New Hampshire","SF0343","Expenditure - Direct Expenditure - General Expenditure - Police Protection - Capital Outlay","State","Expenditure","F62","Capital Expenditures/Construction only (before 2022) - Police Protection","11,663"
"2022","New Jersey","SF0343","Expenditure - Direct Expenditure - General Expenditure - Police Protection - Capital Outlay","State","Expenditure","F62","Capital Expenditures/Construction only (before 2022) - Police Protection","19,421"
"2023","New Jersey","SF0343","Expenditure - Direct Expenditure - General Expenditure - Police Protection - Capital Outlay","State","Expenditure","F62","Capital Expenditures/Construction only (before 2022) - Police Protection","31,513"
"2024","New Jersey","SF0343","Expenditure - Direct Expenditure - General Expenditure - Police Protection - Capital Outlay","State","Expenditure","F62","Capital Expenditures/Construction only (before 2022) - Police Protection","58,470"
"2022","New Mexico","SF0343","Expenditure - Direct Expenditure - General Expenditure - Police Protection - Capital Outlay","State","Expenditure","F62","Capital Expenditures/Construction only (before 2022) - Police Protection","0"
"2023","New Mexico","SF0343","Expenditure - Direct Expenditure - General Expenditure - Police Protection - Capital Outlay","State","Expenditure","F62","Capital Expenditures/Construction only (before 2022) - Police Protection","12,382"
"2024","New Mexico","SF0343","Expenditure - Direct Expenditure - General Expenditure - Police Protection - Capital Outlay","State","Expenditure","F62","Capital Expenditures/Construction only (before 2022) - Police Protection","16,975"
"2022","New York","SF0343","Expenditure - Direct Expenditure - General Expenditure - Police Protection - Capital Outlay","State","Expenditure","F62","Capital Expenditures/Construction only (before 2022) - Police Protection","14,138"
"2023","New York","SF0343","Expenditure - Direct Expenditure - General Expenditure - Police Protection - Capital Outlay","State","Expenditure","F62","Capital Expenditures/Construction only (before 2022) - Police Protection","41,858"
"2024","New York","SF0343","Expenditure - Direct Expenditure - General Expenditure - Police Protection - Capital Outlay","State","Expenditure","F62","Capital Expenditures/Construction only (before 2022) - Police Protection","76,231"
"2022","North Carolina","SF0343","Expenditure - Direct Expenditure - General Expenditure - Police Protection - Capital Outlay","State","Expenditure","F62","Capital Expenditures/Construction only (before 2022) - Police Protection","54,268"
"2023","North Carolina","SF0343","Expenditure - Direct Expenditure - General Expenditure - Police Protection - Capital Outlay","State","Expenditure","F62","Capital Expenditures/Construction only (before 2022) - Police Protection","102,287"
"2024","North Carolina","SF0343","Expenditure - Direct Expenditure - General Expenditure - Police Protection - Capital Outlay","State","Expenditure","F62","Capital Expenditures/Construction only (before 2022) - Police Protection","78,078"
"2022","North Dakota","SF0343","Expenditure - Direct Expenditure - General Expenditure - Police Protection - Capital Outlay","State","Expenditure","F62","Capital Expenditures/Construction only (before 2022) - Police Protection","4,208"
"2023","North Dakota","SF0343","Expenditure - Direct Expenditure - General Expenditure - Police Protection - Capital Outlay","State","Expenditure","F62","Capital Expenditures/Construction only (before 2022) - Police Protection","1,462"
"2024","North Dakota","SF0343","Expenditure - Direct Expenditure - General Expenditure - Police Protection - Capital Outlay","State","Expenditure","F62","Capital Expenditures/Construction only (before 2022) - Police Protection","2,648"
"2022","Ohio","SF0343","Expenditure - Direct Expenditure - General Expenditure - Police Protection - Capital Outlay","State","Expenditure","F62","Capital Expenditures/Construction only (before 2022) - Police Protection","19,973"
"2023","Ohio","SF0343","Expenditure - Direct Expenditure - General Expenditure - Police Protection - Capital Outlay","State","Expenditure","F62","Capital Expenditures/Construction only (before 2022) - Police Protection","16,309"
"2024","Ohio","SF0343","Expenditure - Direct Expenditure - General Expenditure - Police Protection - Capital Outlay","State","Expenditure","F62","Capital Expenditures/Construction only (before 2022) - Police Protection","39,241"
"2022","Oklahoma","SF0343","Expenditure - Direct Expenditure - General Expenditure - Police Protection - Capital Outlay","State","Expenditure","F62","Capital Expenditures/Construction only (before 2022) - Police Protection","10,592"
"2023","Oklahoma","SF0343","Expenditure - Direct Expenditure - General Expenditure - Police Protection - Capital Outlay","State","Expenditure","F62","Capital Expenditures/Construction only (before 2022) - Police Protection","17,428"
"2024","Oklahoma","SF0343","Expenditure - Direct Expenditure - General Expenditure - Police Protection - Capital Outlay","State","Expenditure","F62","Capital Expenditures/Construction only (before 2022) - Police Protection","35,635"
"2022","Oregon","SF0343","Expenditure - Direct Expenditure - General Expenditure - Police Protection - Capital Outlay","State","Expenditure","F62","Capital Expenditures/Construction only (before 2022) - Police Protection","9,814"
"2023","Oregon","SF0343","Expenditure - Direct Expenditure - General Expenditure - Police Protection - Capital Outlay","State","Expenditure","F62","Capital Expenditures/Construction only (before 2022) - Police Protection","43,460"
"2024","Oregon","SF0343","Expenditure - Direct Expenditure - General Expenditure - Police Protection - Capital Outlay","State","Expenditure","F62","Capital Expenditures/Construction only (before 2022) - Police Protection","33,673"
"2022","Pennsylvania","SF0343","Expenditure - Direct Expenditure - General Expenditure - Police Protection - Capital Outlay","State","Expenditure","F62","Capital Expenditures/Construction only (before 2022) - Police Protection","41,775"
"2023","Pennsylvania","SF0343","Expenditure - Direct Expenditure - General Expenditure - Police Protection - Capital Outlay","State","Expenditure","F62","Capital Expenditures/Construction only (before 2022) - Police Protection","25,986"
"2024","Pennsylvania","SF0343","Expenditure - Direct Expenditure - General Expenditure - Police Protection - Capital Outlay","State","Expenditure","F62","Capital Expenditures/Construction only (before 2022) - Police Protection","48,494"
"2022","Rhode Island","SF0343","Expenditure - Direct Expenditure - General Expenditure - Police Protection - Capital Outlay","State","Expenditure","F62","Capital Expenditures/Construction only (before 2022) - Police Protection","5,654"
"2023","Rhode Island","SF0343","Expenditure - Direct Expenditure - General Expenditure - Police Protection - Capital Outlay","State","Expenditure","F62","Capital Expenditures/Construction only (before 2022) - Police Protection","6,642"
"2024","Rhode Island","SF0343","Expenditure - Direct Expenditure - General Expenditure - Police Protection - Capital Outlay","State","Expenditure","F62","Capital Expenditures/Construction only (before 2022) - Police Protection","6,227"
"2022","South Carolina","SF0343","Expenditure - Direct Expenditure - General Expenditure - Police Protection - Capital Outlay","State","Expenditure","F62","Capital Expenditures/Construction only (before 2022) - Police Protection","1,831"
"2023","South Carolina","SF0343","Expenditure - Direct Expenditure - General Expenditure - Police Protection - Capital Outlay","State","Expenditure","F62","Capital Expenditures/Construction only (before 2022) - Police Protection","3,521"
"2024","South Carolina","SF0343","Expenditure - Direct Expenditure - General Expenditure - Police Protection - Capital Outlay","State","Expenditure","F62","Capital Expenditures/Construction only (before 2022) - Police Protection","10,659"
"2022","South Dakota","SF0343","Expenditure - Direct Expenditure - General Expenditure - Police Protection - Capital Outlay","State","Expenditure","F62","Capital Expenditures/Construction only (before 2022) - Police Protection","3,258"
"2023","South Dakota","SF0343","Expenditure - Direct Expenditure - General Expenditure - Police Protection - Capital Outlay","State","Expenditure","F62","Capital Expenditures/Construction only (before 2022) - Police Protection","5,860"
"2024","South Dakota","SF0343","Expenditure - Direct Expenditure - General Expenditure - Police Protection - Capital Outlay","State","Expenditure","F62","Capital Expenditures/Construction only (before 2022) - Police Protection","11,063"
"2022","Tennessee","SF0343","Expenditure - Direct Expenditure - General Expenditure - Police Protection - Capital Outlay","State","Expenditure","F62","Capital Expenditures/Construction only (before 2022) - Police Protection","36,031"
"2023","Tennessee","SF0343","Expenditure - Direct Expenditure - General Expenditure - Police Protection - Capital Outlay","State","Expenditure","F62","Capital Expenditures/Construction only (before 2022) - Police Protection","20,893"
"2024","Tennessee","SF0343","Expenditure - Direct Expenditure - General Expenditure - Police Protection - Capital Outlay","State","Expenditure","F62","Capital Expenditures/Construction only (before 2022) - Police Protection","59,517"
"2022","Texas","SF0343","Expenditure - Direct Expenditure - General Expenditure - Police Protection - Capital Outlay","State","Expenditure","F62","Capital Expenditures/Construction only (before 2022) - Police Protection","95,355"
"2023","Texas","SF0343","Expenditure - Direct Expenditure - General Expenditure - Police Protection - Capital Outlay","State","Expenditure","F62","Capital Expenditures/Construction only (before 2022) - Police Protection","83,709"
"2024","Texas","SF0343","Expenditure - Direct Expenditure - General Expenditure - Police Protection - Capital Outlay","State","Expenditure","F62","Capital Expenditures/Construction only (before 2022) - Police Protection","213,965"
"2022","Utah","SF0343","Expenditure - Direct Expenditure - General Expenditure - Police Protection - Capital Outlay","State","Expenditure","F62","Capital Expenditures/Construction only (before 2022) - Police Protection","10,491"
"2023","Utah","SF0343","Expenditure - Direct Expenditure - General Expenditure - Police Protection - Capital Outlay","State","Expenditure","F62","Capital Expenditures/Construction only (before 2022) - Police Protection","11,033"
"2024","Utah","SF0343","Expenditure - Direct Expenditure - General Expenditure - Police Protection - Capital Outlay","State","Expenditure","F62","Capital Expenditures/Construction only (before 2022) - Police Protection","10,481"
"2022","Vermont","SF0343","Expenditure - Direct Expenditure - General Expenditure - Police Protection - Capital Outlay","State","Expenditure","F62","Capital Expenditures/Construction only (before 2022) - Police Protection","4,375"
"2023","Vermont","SF0343","Expenditure - Direct Expenditure - General Expenditure - Police Protection - Capital Outlay","State","Expenditure","F62","Capital Expenditures/Construction only (before 2022) - Police Protection","6,125"
"2024","Vermont","SF0343","Expenditure - Direct Expenditure - General Expenditure - Police Protection - Capital Outlay","State","Expenditure","F62","Capital Expenditures/Construction only (before 2022) - Police Protection","5,100"
"2022","Virginia","SF0343","Expenditure - Direct Expenditure - General Expenditure - Police Protection - Capital Outlay","State","Expenditure","F62","Capital Expenditures/Construction only (before 2022) - Police Protection","21,811"
"2023","Virginia","SF0343","Expenditure - Direct Expenditure - General Expenditure - Police Protection - Capital Outlay","State","Expenditure","F62","Capital Expenditures/Construction only (before 2022) - Police Protection","54,912"
"2024","Virginia","SF0343","Expenditure - Direct Expenditure - General Expenditure - Police Protection - Capital Outlay","State","Expenditure","F62","Capital Expenditures/Construction only (before 2022) - Police Protection","123,396"
"2022","Washington","SF0343","Expenditure - Direct Expenditure - General Expenditure - Police Protection - Capital Outlay","State","Expenditure","F62","Capital Expenditures/Construction only (before 2022) - Police Protection","26,194"
"2023","Washington","SF0343","Expenditure - Direct Expenditure - General Expenditure - Police Protection - Capital Outlay","State","Expenditure","F62","Capital Expenditures/Construction only (before 2022) - Police Protection","39,359"
"2024","Washington","SF0343","Expenditure - Direct Expenditure - General Expenditure - Police Protection - Capital Outlay","State","Expenditure","F62","Capital Expenditures/Construction only (before 2022) - Police Protection","38,485"
"2022","West Virginia","SF0343","Expenditure - Direct Expenditure - General Expenditure - Police Protection - Capital Outlay","State","Expenditure","F62","Capital Expenditures/Construction only (before 2022) - Police Protection","5,821"
"2023","West Virginia","SF0343","Expenditure - Direct Expenditure - General Expenditure - Police Protection - Capital Outlay","State","Expenditure","F62","Capital Expenditures/Construction only (before 2022) - Police Protection","5,941"
"2024","West Virginia","SF0343","Expenditure - Direct Expenditure - General Expenditure - Police Protection - Capital Outlay","State","Expenditure","F62","Capital Expenditures/Construction only (before 2022) - Police Protection","10,044"
"2022","Wisconsin","SF0343","Expenditure - Direct Expenditure - General Expenditure - Police Protection - Capital Outlay","State","Expenditure","F62","Capital Expenditures/Construction only (before 2022) - Police Protection","495"
"2023","Wisconsin","SF0343","Expenditure - Direct Expenditure - General Expenditure - Police Protection - Capital Outlay","State","Expenditure","F62","Capital Expenditures/Construction only (before 2022) - Police Protection","590"
"2024","Wisconsin","SF0343","Expenditure - Direct Expenditure - General Expenditure - Police Protection - Capital Outlay","State","Expenditure","F62","Capital Expenditures/Construction only (before 2022) - Police Protection","327"
"2022","Wyoming","SF0343","Expenditure - Direct Expenditure - General Expenditure - Police Protection - Capital Outlay","State","Expenditure","F62","Capital Expenditures/Construction only (before 2022) - Police Protection","531"
"2023","Wyoming","SF0343","Expenditure - Direct Expenditure - General Expenditure - Police Protection - Capital Outlay","State","Expenditure","F62","Capital Expenditures/Construction only (before 2022) - Police Protection","2,627"
"2024","Wyoming","SF0343","Expenditure - Direct Expenditure - General Expenditure - Police Protection - Capital Outlay","State","Expenditure","F62","Capital Expenditures/Construction only (before 2022) - Police Protection","694"
"2012","United States","SF0365","Exhibit - Expenditure - Direct Expenditure - General Expenditure - Public Welfare - Institutions - Capital Outlay - Capital Outlay Other Than Construction - Equipment","State","Expenditure","K77","Exhibit - Equipment Only - Welfare Institutions","21,171"
"2013","United States","SF0365","Exhibit - Expenditure - Direct Expenditure - General Expenditure - Public Welfare - Institutions - Capital Outlay - Capital Outlay Other Than Construction - Equipment","State","Expenditure","K77","Exhibit - Equipment Only - Welfare Institutions","23,645"
"2014","United States","SF0365","Exhibit - Expenditure - Direct Expenditure - General Expenditure - Public Welfare - Institutions - Capital Outlay - Capital Outlay Other Than Construction - Equipment","State","Expenditure","K77","Exhibit - Equipment Only - Welfare Institutions","21,735"
"2015","United States","SF0365","Exhibit - Expenditure - Direct Expenditure - General Expenditure - Public Welfare - Institutions - Capital Outlay - Capital Outlay Other Than Construction - Equipment","State","Expenditure","K77","Exhibit - Equipment Only - Welfare Institutions","25,130"
"2016","United States","SF0365","Exhibit - Expenditure - Direct Expenditure - General Expenditure - Public Welfare - Institutions - Capital Outlay - Capital Outlay Other Than Construction - Equipment","State","Expenditure","K77","Exhibit - Equipment Only - Welfare Institutions","18,079"
"2017","United States","SF0365","Exhibit - Expenditure - Direct Expenditure - General Expenditure - Public Welfare - Institutions - Capital Outlay - Capital Outlay Other Than Construction - Equipment","State","Expenditure","K77","Exhibit - Equipment Only - Welfare Institutions","17,862"
"2018","United States","SF0365","Exhibit - Expenditure - Direct Expenditure - General Expenditure - Public Welfare - Institutions - Capital Outlay - Capital Outlay Other Than Construction - Equipment","State","Expenditure","K77","Exhibit - Equipment Only - Welfare Institutions","22,824"
"2019","United States","SF0365","Exhibit - Expenditure - Direct Expenditure - General Expenditure - Public Welfare - Institutions - Capital Outlay - Capital Outlay Other Than Construction - Equipment","State","Expenditure","K77","Exhibit - Equipment Only - Welfare Institutions","21,235"
"2020","United States","SF0365","Exhibit - Expenditure - Direct Expenditure - General Expenditure - Public Welfare - Institutions - Capital Outlay - Capital Outlay Other Than Construction - Equipment","State","Expenditure","K77","Exhibit - Equipment Only - Welfare Institutions","19,951"
"2021","United States","SF0365","Exhibit - Expenditure - Direct Expenditure - General Expenditure - Public Welfare - Institutions - Capital Outlay - Capital Outlay Other Than Construction - Equipment","State","Expenditure","K77","Exhibit - Equipment Only - Welfare Institutions","25,004"
"2012","Alabama","SF0365","Exhibit - Expenditure - Direct Expenditure - General Expenditure - Public Welfare - Institutions - Capital Outlay - Capital Outlay Other Than Construction - Equipment","State","Expenditure","K77","Exhibit - Equipment Only - Welfare Institutions","991"
"2013","Alabama","SF0365","Exhibit - Expenditure - Direct Expenditure - General Expenditure - Public Welfare - Institutions - Capital Outlay - Capital Outlay Other Than Construction - Equipment","State","Expenditure","K77","Exhibit - Equipment Only - Welfare Institutions","2,920"
"2014","Alabama","SF0365","Exhibit - Expenditure - Direct Expenditure - General Expenditure - Public Welfare - Institutions - Capital Outlay - Capital Outlay Other Than Construction - Equipment","State","Expenditure","K77","Exhibit - Equipment Only - Welfare Institutions","328"
"2015","Alabama","SF0365","Exhibit - Expenditure - Direct Expenditure - General Expenditure - Public Welfare - Institutions - Capital Outlay - Capital Outlay Other Than Construction - Equipment","State","Expenditure","K77","Exhibit - Equipment Only - Welfare Institutions","339"
"2016","Alabama","SF0365","Exhibit - Expenditure - Direct Expenditure - General Expenditure - Public Welfare - Institutions - Capital Outlay - Capital Outlay Other Than Construction - Equipment","State","Expenditure","K77","Exhibit - Equipment Only - Welfare Institutions","222"
"2017","Alabama","SF0365","Exhibit - Expenditure - Direct Expenditure - General Expenditure - Public Welfare - Institutions - Capital Outlay - Capital Outlay Other Than Construction - Equipment","State","Expenditure","K77","Exhibit - Equipment Only - Welfare Institutions","1,302"
"2018","Alabama","SF0365","Exhibit - Expenditure - Direct Expenditure - General Expenditure - Public Welfare - Institutions - Capital Outlay - Capital Outlay Other Than Construction - Equipment","State","Expenditure","K77","Exhibit - Equipment Only - Welfare Institutions","1,184"
"2019","Alabama","SF0365","Exhibit - Expenditure - Direct Expenditure - General Expenditure - Public Welfare - Institutions - Capital Outlay - Capital Outlay Other Than Construction - Equipment","State","Expenditure","K77","Exhibit - Equipment Only - Welfare Institutions","293"
"2020","Alabama","SF0365","Exhibit - Expenditure - Direct Expenditure - General Expenditure - Public Welfare - Institutions - Capital Outlay - Capital Outlay Other Than Construction - Equipment","State","Expenditure","K77","Exhibit - Equipment Only - Welfare Institutions","694"
"2021","Alabama","SF0365","Exhibit - Expenditure - Direct Expenditure - General Expenditure - Public Welfare - Institutions - Capital Outlay - Capital Outlay Other Than Construction - Equipment","State","Expenditure","K77","Exhibit - Equipment Only - Welfare Institutions","797"
"2012","Alaska","SF0365","Exhibit - Expenditure - Direct Expenditure - General Expenditure - Public Welfare - Institutions - Capital Outlay - Capital Outlay Other Than Construction - Equipment","State","Expenditure","K77","Exhibit - Equipment Only - Welfare Institutions","213"
"2013","Alaska","SF0365","Exhibit - Expenditure - Direct Expenditure - General Expenditure - Public Welfare - Institutions - Capital Outlay - Capital Outlay Other Than Construction - Equipment","State","Expenditure","K77","Exhibit - Equipment Only - Welfare Institutions","335"
"2014","Alaska","SF0365","Exhibit - Expenditure - Direct Expenditure - General Expenditure - Public Welfare - Institutions - Capital Outlay - Capital Outlay Other Than Construction - Equipment","State","Expenditure","K77","Exhibit - Equipment Only - Welfare Institutions","200"
"2015","Alaska","SF0365","Exhibit - Expenditure - Direct Expenditure - General Expenditure - Public Welfare - Institutions - Capital Outlay - Capital Outlay Other Than Construction - Equipment","State","Expenditure","K77","Exhibit - Equipment Only - Welfare Institutions","49"
"2016","Alaska","SF0365","Exhibit - Expenditure - Direct Expenditure - General Expenditure - Public Welfare - Institutions - Capital Outlay - Capital Outlay Other Than Construction - Equipment","State","Expenditure","K77","Exhibit - Equipment Only - Welfare Institutions","15"
"2017","Alaska","SF0365","Exhibit - Expenditure - Direct Expenditure - General Expenditure - Public Welfare - Institutions - Capital Outlay - Capital Outlay Other Than Construction - Equipment","State","Expenditure","K77","Exhibit - Equipment Only - Welfare Institutions","57"
"2018","Alaska","SF0365","Exhibit - Expenditure - Direct Expenditure - General Expenditure - Public Welfare - Institutions - Capital Outlay - Capital Outlay Other Than Construction - Equipment","State","Expenditure","K77","Exhibit - Equipment Only - Welfare Institutions","50"
"2019","Alaska","SF0365","Exhibit - Expenditure - Direct Expenditure - General Expenditure - Public Welfare - Institutions - Capital Outlay - Capital Outlay Other Than Construction - Equipment","State","Expenditure","K77","Exhibit - Equipment Only - Welfare Institutions","99"
"2020","Alaska","SF0365","Exhibit - Expenditure - Direct Expenditure - General Expenditure - Public Welfare - Institutions - Capital Outlay - Capital Outlay Other Than Construction - Equipment","State","Expenditure","K77","Exhibit - Equipment Only - Welfare Institutions","123"
"2021","Alaska","SF0365","Exhibit - Expenditure - Direct Expenditure - General Expenditure - Public Welfare - Institutions - Capital Outlay - Capital Outlay Other Than Construction - Equipment","State","Expenditure","K77","Exhibit - Equipment Only - Welfare Institutions","125"
"2012","Arizona","SF0365","Exhibit - Expenditure - Direct Expenditure - General Expenditure - Public Welfare - Institutions - Capital Outlay - Capital Outlay Other Than Construction - Equipment","State","Expenditure","K77","Exhibit - Equipment Only - Welfare Institutions","1,875"
"2013","Arizona","SF0365","Exhibit - Expenditure - Direct Expenditure - General Expenditure - Public Welfare - Institutions - Capital Outlay - Capital Outlay Other Than Construction - Equipment","State","Expenditure","K77","Exhibit - Equipment Only - Welfare Institutions","367"
"2014","Arizona","SF0365","Exhibit - Expenditure - Direct Expenditure - General Expenditure - Public Welfare - Institutions - Capital Outlay - Capital Outlay Other Than Construction - Equipment","State","Expenditure","K77","Exhibit - Equipment Only - Welfare Institutions","79"
"2015","Arizona","SF0365","Exhibit - Expenditure - Direct Expenditure - General Expenditure - Public Welfare - Institutions - Capital Outlay - Capital Outlay Other Than Construction - Equipment","State","Expenditure","K77","Exhibit - Equipment Only - Welfare Institutions","241"
"2016","Arizona","SF0365","Exhibit - Expenditure - Direct Expenditure - General Expenditure - Public Welfare - Institutions - Capital Outlay - Capital Outlay Other Than Construction - Equipment","State","Expenditure","K77","Exhibit - Equipment Only - Welfare Institutions","54"
"2017","Arizona","SF0365","Exhibit - Expenditure - Direct Expenditure - General Expenditure - Public Welfare - Institutions - Capital Outlay - Capital Outlay Other Than Construction - Equipment","State","Expenditure","K77","Exhibit - Equipment Only - Welfare Institutions","106"
"2018","Arizona","SF0365","Exhibit - Expenditure - Direct Expenditure - General Expenditure - Public Welfare - Institutions - Capital Outlay - Capital Outlay Other Than Construction - Equipment","State","Expenditure","K77","Exhibit - Equipment Only - Welfare Institutions","231"
"2019","Arizona","SF0365","Exhibit - Expenditure - Direct Expenditure - General Expenditure - Public Welfare - Institutions - Capital Outlay - Capital Outlay Other Than Construction - Equipment","State","Expenditure","K77","Exhibit - Equipment Only - Welfare Institutions","371"
"2020","Arizona","SF0365","Exhibit - Expenditure - Direct Expenditure - General Expenditure - Public Welfare - Institutions - Capital Outlay - Capital Outlay Other Than Construction - Equipment","State","Expenditure","K77","Exhibit - Equipment Only - Welfare Institutions","214"
"2021","Arizona","SF0365","Exhibit - Expenditure - Direct Expenditure - General Expenditure - Public Welfare - Institutions - Capital Outlay - Capital Outlay Other Than Construction - Equipment","State","Expenditure","K77","Exhibit - Equipment Only - Welfare Institutions","1,003"
"2012","Arkansas","SF0365","Exhibit - Expenditure - Direct Expenditure - General Expenditure - Public Welfare - Institutions - Capital Outlay - Capital Outlay Other Than Construction - Equipment","State","Expenditure","K77","Exhibit - Equipment Only - Welfare Institutions","0"
"2013","Arkansas","SF0365","Exhibit - Expenditure - Direct Expenditure - General Expenditure - Public Welfare - Institutions - Capital Outlay - Capital Outlay Other Than Construction - Equipment","State","Expenditure","K77","Exhibit - Equipment Only - Welfare Institutions","0"
"2014","Arkansas","SF0365","Exhibit - Expenditure - Direct Expenditure - General Expenditure - Public Welfare - Institutions - Capital Outlay - Capital Outlay Other Than Construction - Equipment","State","Expenditure","K77","Exhibit - Equipment Only - Welfare Institutions","0"
"2015","Arkansas","SF0365","Exhibit - Expenditure - Direct Expenditure - General Expenditure - Public Welfare - Institutions - Capital Outlay - Capital Outlay Other Than Construction - Equipment","State","Expenditure","K77","Exhibit - Equipment Only - Welfare Institutions","0"
"2016","Arkansas","SF0365","Exhibit - Expenditure - Direct Expenditure - General Expenditure - Public Welfare - Institutions - Capital Outlay - Capital Outlay Other Than Construction - Equipment","State","Expenditure","K77","Exhibit - Equipment Only - Welfare Institutions","0"
"2017","Arkansas","SF0365","Exhibit - Expenditure - Direct Expenditure - General Expenditure - Public Welfare - Institutions - Capital Outlay - Capital Outlay Other Than Construction - Equipment","State","Expenditure","K77","Exhibit - Equipment Only - Welfare Institutions","0"
"2018","Arkansas","SF0365","Exhibit - Expenditure - Direct Expenditure - General Expenditure - Public Welfare - Institutions - Capital Outlay - Capital Outlay Other Than Construction - Equipment","State","Expenditure","K77","Exhibit - Equipment Only - Welfare Institutions","0"
"2019","Arkansas","SF0365","Exhibit - Expenditure - Direct Expenditure - General Expenditure - Public Welfare - Institutions - Capital Outlay - Capital Outlay Other Than Construction - Equipment","State","Expenditure","K77","Exhibit - Equipment Only - Welfare Institutions","0"
"2020","Arkansas","SF0365","Exhibit - Expenditure - Direct Expenditure - General Expenditure - Public Welfare - Institutions - Capital Outlay - Capital Outlay Other Than Construction - Equipment","State","Expenditure","K77","Exhibit - Equipment Only - Welfare Institutions","0"
"2021","Arkansas","SF0365","Exhibit - Expenditure - Direct Expenditure - General Expenditure - Public Welfare - Institutions - Capital Outlay - Capital Outlay Other Than Construction - Equipment","State","Expenditure","K77","Exhibit - Equipment Only - Welfare Institutions","0"
"2012","California","SF0365","Exhibit - Expenditure - Direct Expenditure - General Expenditure - Public Welfare - Institutions - Capital Outlay - Capital Outlay Other Than Construction - Equipment","State","Expenditure","K77","Exhibit - Equipment Only - Welfare Institutions","1,014"
"2013","California","SF0365","Exhibit - Expenditure - Direct Expenditure - General Expenditure - Public Welfare - Institutions - Capital Outlay - Capital Outlay Other Than Construction - Equipment","State","Expenditure","K77","Exhibit - Equipment Only - Welfare Institutions","1,201"
"2014","California","SF0365","Exhibit - Expenditure - Direct Expenditure - General Expenditure - Public Welfare - Institutions - Capital Outlay - Capital Outlay Other Than Construction - Equipment","State","Expenditure","K77","Exhibit - Equipment Only - Welfare Institutions","1,838"
"2015","California","SF0365","Exhibit - Expenditure - Direct Expenditure - General Expenditure - Public Welfare - Institutions - Capital Outlay - Capital Outlay Other Than Construction - Equipment","State","Expenditure","K77","Exhibit - Equipment Only - Welfare Institutions","0"
"2016","California","SF0365","Exhibit - Expenditure - Direct Expenditure - General Expenditure - Public Welfare - Institutions - Capital Outlay - Capital Outlay Other Than Construction - Equipment","State","Expenditure","K77","Exhibit - Equipment Only - Welfare Institutions","0"
"2017","California","SF0365","Exhibit - Expenditure - Direct Expenditure - General Expenditure - Public Welfare - Institutions - Capital Outlay - Capital Outlay Other Than Construction - Equipment","State","Expenditure","K77","Exhibit - Equipment Only - Welfare Institutions","0"
"2018","California","SF0365","Exhibit - Expenditure - Direct Expenditure - General Expenditure - Public Welfare - Institutions - Capital Outlay - Capital Outlay Other Than Construction - Equipment","State","Expenditure","K77","Exhibit - Equipment Only - Welfare Institutions","0"
"2019","California","SF0365","Exhibit - Expenditure - Direct Expenditure - General Expenditure - Public Welfare - Institutions - Capital Outlay - Capital Outlay Other Than Construction - Equipment","State","Expenditure","K77","Exhibit - Equipment Only - Welfare Institutions","0"
"2020","California","SF0365","Exhibit - Expenditure - Direct Expenditure - General Expenditure - Public Welfare - Institutions - Capital Outlay - Capital Outlay Other Than Construction - Equipment","State","Expenditure","K77","Exhibit - Equipment Only - Welfare Institutions","0"
"2021","California","SF0365","Exhibit - Expenditure - Direct Expenditure - General Expenditure - Public Welfare - Institutions - Capital Outlay - Capital Outlay Other Than Construction - Equipment","State","Expenditure","K77","Exhibit - Equipment Only - Welfare Institutions","0"
"2012","Colorado","SF0365","Exhibit - Expenditure - Direct Expenditure - General Expenditure - Public Welfare - Institutions - Capital Outlay - Capital Outlay Other Than Construction - Equipment","State","Expenditure","K77","Exhibit - Equipment Only - Welfare Institutions","287"
"2013","Colorado","SF0365","Exhibit - Expenditure - Direct Expenditure - General Expenditure - Public Welfare - Institutions - Capital Outlay - Capital Outlay Other Than Construction - Equipment","State","Expenditure","K77","Exhibit - Equipment Only - Welfare Institutions","335"
"2014","Colorado","SF0365","Exhibit - Expenditure - Direct Expenditure - General Expenditure - Public Welfare - Institutions - Capital Outlay - Capital Outlay Other Than Construction - Equipment","State","Expenditure","K77","Exhibit - Equipment Only - Welfare Institutions","295"
"2015","Colorado","SF0365","Exhibit - Expenditure - Direct Expenditure - General Expenditure - Public Welfare - Institutions - Capital Outlay - Capital Outlay Other Than Construction - Equipment","State","Expenditure","K77","Exhibit - Equipment Only - Welfare Institutions","896"
"2016","Colorado","SF0365","Exhibit - Expenditure - Direct Expenditure - General Expenditure - Public Welfare - Institutions - Capital Outlay - Capital Outlay Other Than Construction - Equipment","State","Expenditure","K77","Exhibit - Equipment Only - Welfare Institutions","1,221"
"2017","Colorado","SF0365","Exhibit - Expenditure - Direct Expenditure - General Expenditure - Public Welfare - Institutions - Capital Outlay - Capital Outlay Other Than Construction - Equipment","State","Expenditure","K77","Exhibit - Equipment Only - Welfare Institutions","911"
"2018","Colorado","SF0365","Exhibit - Expenditure - Direct Expenditure - General Expenditure - Public Welfare - Institutions - Capital Outlay - Capital Outlay Other Than Construction - Equipment","State","Expenditure","K77","Exhibit - Equipment Only - Welfare Institutions","972"
"2019","Colorado","SF0365","Exhibit - Expenditure - Direct Expenditure - General Expenditure - Public Welfare - Institutions - Capital Outlay - Capital Outlay Other Than Construction - Equipment","State","Expenditure","K77","Exhibit - Equipment Only - Welfare Institutions","773"
"2020","Colorado","SF0365","Exhibit - Expenditure - Direct Expenditure - General Expenditure - Public Welfare - Institutions - Capital Outlay - Capital Outlay Other Than Construction - Equipment","State","Expenditure","K77","Exhibit - Equipment Only - Welfare Institutions","801"
"2021","Colorado","SF0365","Exhibit - Expenditure - Direct Expenditure - General Expenditure - Public Welfare - Institutions - Capital Outlay - Capital Outlay Other Than Construction - Equipment","State","Expenditure","K77","Exhibit - Equipment Only - Welfare Institutions","990"
"2012","Connecticut","SF0365","Exhibit - Expenditure - Direct Expenditure - General Expenditure - Public Welfare - Institutions - Capital Outlay - Capital Outlay Other Than Construction - Equipment","State","Expenditure","K77","Exhibit - Equipment Only - Welfare Institutions","0"
"2013","Connecticut","SF0365","Exhibit - Expenditure - Direct Expenditure - General Expenditure - Public Welfare - Institutions - Capital Outlay - Capital Outlay Other Than Construction - Equipment","State","Expenditure","K77","Exhibit - Equipment Only - Welfare Institutions","0"
"2014","Connecticut","SF0365","Exhibit - Expenditure - Direct Expenditure - General Expenditure - Public Welfare - Institutions - Capital Outlay - Capital Outlay Other Than Construction - Equipment","State","Expenditure","K77","Exhibit - Equipment Only - Welfare Institutions","0"
"2015","Connecticut","SF0365","Exhibit - Expenditure - Direct Expenditure - General Expenditure - Public Welfare - Institutions - Capital Outlay - Capital Outlay Other Than Construction - Equipment","State","Expenditure","K77","Exhibit - Equipment Only - Welfare Institutions","0"
"2016","Connecticut","SF0365","Exhibit - Expenditure - Direct Expenditure - General Expenditure - Public Welfare - Institutions - Capital Outlay - Capital Outlay Other Than Construction - Equipment","State","Expenditure","K77","Exhibit - Equipment Only - Welfare Institutions","0"
"2017","Connecticut","SF0365","Exhibit - Expenditure - Direct Expenditure - General Expenditure - Public Welfare - Institutions - Capital Outlay - Capital Outlay Other Than Construction - Equipment","State","Expenditure","K77","Exhibit - Equipment Only - Welfare Institutions","0"
"2018","Connecticut","SF0365","Exhibit - Expenditure - Direct Expenditure - General Expenditure - Public Welfare - Institutions - Capital Outlay - Capital Outlay Other Than Construction - Equipment","State","Expenditure","K77","Exhibit - Equipment Only - Welfare Institutions","0"
"2019","Connecticut","SF0365","Exhibit - Expenditure - Direct Expenditure - General Expenditure - Public Welfare - Institutions - Capital Outlay - Capital Outlay Other Than Construction - Equipment","State","Expenditure","K77","Exhibit - Equipment Only - Welfare Institutions","0"
"2020","Connecticut","SF0365","Exhibit - Expenditure - Direct Expenditure - General Expenditure - Public Welfare - Institutions - Capital Outlay - Capital Outlay Other Than Construction - Equipment","State","Expenditure","K77","Exhibit - Equipment Only - Welfare Institutions","0"
"2021","Connecticut","SF0365","Exhibit - Expenditure - Direct Expenditure - General Expenditure - Public Welfare - Institutions - Capital Outlay - Capital Outlay Other Than Construction - Equipment","State","Expenditure","K77","Exhibit - Equipment Only - Welfare Institutions","0"
"2012","Delaware","SF0365","Exhibit - Expenditure - Direct Expenditure - General Expenditure - Public Welfare - Institutions - Capital Outlay - Capital Outlay Other Than Construction - Equipment","State","Expenditure","K77","Exhibit - Equipment Only - Welfare Institutions","143"
"2013","Delaware","SF0365","Exhibit - Expenditure - Direct Expenditure - General Expenditure - Public Welfare - Institutions - Capital Outlay - Capital Outlay Other Than Construction - Equipment","State","Expenditure","K77","Exhibit - Equipment Only - Welfare Institutions","200"
"2014","Delaware","SF0365","Exhibit - Expenditure - Direct Expenditure - General Expenditure - Public Welfare - Institutions - Capital Outlay - Capital Outlay Other Than Construction - Equipment","State","Expenditure","K77","Exhibit - Equipment Only - Welfare Institutions","179"
"2015","Delaware","SF0365","Exhibit - Expenditure - Direct Expenditure - General Expenditure - Public Welfare - Institutions - Capital Outlay - Capital Outlay Other Than Construction - Equipment","State","Expenditure","K77","Exhibit - Equipment Only - Welfare Institutions","148"
"2016","Delaware","SF0365","Exhibit - Expenditure - Direct Expenditure - General Expenditure - Public Welfare - Institutions - Capital Outlay - Capital Outlay Other Than Construction - Equipment","State","Expenditure","K77","Exhibit - Equipment Only - Welfare Institutions","153"
"2017","Delaware","SF0365","Exhibit - Expenditure - Direct Expenditure - General Expenditure - Public Welfare - Institutions - Capital Outlay - Capital Outlay Other Than Construction - Equipment","State","Expenditure","K77","Exhibit - Equipment Only - Welfare Institutions","148"
"2018","Delaware","SF0365","Exhibit - Expenditure - Direct Expenditure - General Expenditure - Public Welfare - Institutions - Capital Outlay - Capital Outlay Other Than Construction - Equipment","State","Expenditure","K77","Exhibit - Equipment Only - Welfare Institutions","242"
"2019","Delaware","SF0365","Exhibit - Expenditure - Direct Expenditure - General Expenditure - Public Welfare - Institutions - Capital Outlay - Capital Outlay Other Than Construction - Equipment","State","Expenditure","K77","Exhibit - Equipment Only - Welfare Institutions","141"
"2020","Delaware","SF0365","Exhibit - Expenditure - Direct Expenditure - General Expenditure - Public Welfare - Institutions - Capital Outlay - Capital Outlay Other Than Construction - Equipment","State","Expenditure","K77","Exhibit - Equipment Only - Welfare Institutions","73"
"2021","Delaware","SF0365","Exhibit - Expenditure - Direct Expenditure - General Expenditure - Public Welfare - Institutions - Capital Outlay - Capital Outlay Other Than Construction - Equipment","State","Expenditure","K77","Exhibit - Equipment Only - Welfare Institutions","180"
"2012","Florida","SF0365","Exhibit - Expenditure - Direct Expenditure - General Expenditure - Public Welfare - Institutions - Capital Outlay - Capital Outlay Other Than Construction - Equipment","State","Expenditure","K77","Exhibit - Equipment Only - Welfare Institutions","516"
"2013","Florida","SF0365","Exhibit - Expenditure - Direct Expenditure - General Expenditure - Public Welfare - Institutions - Capital Outlay - Capital Outlay Other Than Construction - Equipment","State","Expenditure","K77","Exhibit - Equipment Only - Welfare Institutions","392"
"2014","Florida","SF0365","Exhibit - Expenditure - Direct Expenditure - General Expenditure - Public Welfare - Institutions - Capital Outlay - Capital Outlay Other Than Construction - Equipment","State","Expenditure","K77","Exhibit - Equipment Only - Welfare Institutions","1,219"
"2015","Florida","SF0365","Exhibit - Expenditure - Direct Expenditure - General Expenditure - Public Welfare - Institutions - Capital Outlay - Capital Outlay Other Than Construction - Equipment","State","Expenditure","K77","Exhibit - Equipment Only - Welfare Institutions","866"
"2016","Florida","SF0365","Exhibit - Expenditure - Direct Expenditure - General Expenditure - Public Welfare - Institutions - Capital Outlay - Capital Outlay Other Than Construction - Equipment","State","Expenditure","K77","Exhibit - Equipment Only - Welfare Institutions","519"
"2017","Florida","SF0365","Exhibit - Expenditure - Direct Expenditure - General Expenditure - Public Welfare - Institutions - Capital Outlay - Capital Outlay Other Than Construction - Equipment","State","Expenditure","K77","Exhibit - Equipment Only - Welfare Institutions","1,208"
"2018","Florida","SF0365","Exhibit - Expenditure - Direct Expenditure - General Expenditure - Public Welfare - Institutions - Capital Outlay - Capital Outlay Other Than Construction - Equipment","State","Expenditure","K77","Exhibit - Equipment Only - Welfare Institutions","1,273"
"2019","Florida","SF0365","Exhibit - Expenditure - Direct Expenditure - General Expenditure - Public Welfare - Institutions - Capital Outlay - Capital Outlay Other Than Construction - Equipment","State","Expenditure","K77","Exhibit - Equipment Only - Welfare Institutions","1,122"
"2020","Florida","SF0365","Exhibit - Expenditure - Direct Expenditure - General Expenditure - Public Welfare - Institutions - Capital Outlay - Capital Outlay Other Than Construction - Equipment","State","Expenditure","K77","Exhibit - Equipment Only - Welfare Institutions","2,376"
"2021","Florida","SF0365","Exhibit - Expenditure - Direct Expenditure - General Expenditure - Public Welfare - Institutions - Capital Outlay - Capital Outlay Other Than Construction - Equipment","State","Expenditure","K77","Exhibit - Equipment Only - Welfare Institutions","3,843"
"2012","Georgia","SF0365","Exhibit - Expenditure - Direct Expenditure - General Expenditure - Public Welfare - Institutions - Capital Outlay - Capital Outlay Other Than Construction - Equipment","State","Expenditure","K77","Exhibit - Equipment Only - Welfare Institutions","0"
"2013","Georgia","SF0365","Exhibit - Expenditure - Direct Expenditure - General Expenditure - Public Welfare - Institutions - Capital Outlay - Capital Outlay Other Than Construction - Equipment","State","Expenditure","K77","Exhibit - Equipment Only - Welfare Institutions","0"
"2014","Georgia","SF0365","Exhibit - Expenditure - Direct Expenditure - General Expenditure - Public Welfare - Institutions - Capital Outlay - Capital Outlay Other Than Construction - Equipment","State","Expenditure","K77","Exhibit - Equipment Only - Welfare Institutions","0"
"2015","Georgia","SF0365","Exhibit - Expenditure - Direct Expenditure - General Expenditure - Public Welfare - Institutions - Capital Outlay - Capital Outlay Other Than Construction - Equipment","State","Expenditure","K77","Exhibit - Equipment Only - Welfare Institutions","0"
"2016","Georgia","SF0365","Exhibit - Expenditure - Direct Expenditure - General Expenditure - Public Welfare - Institutions - Capital Outlay - Capital Outlay Other Than Construction - Equipment","State","Expenditure","K77","Exhibit - Equipment Only - Welfare Institutions","0"
"2017","Georgia","SF0365","Exhibit - Expenditure - Direct Expenditure - General Expenditure - Public Welfare - Institutions - Capital Outlay - Capital Outlay Other Than Construction - Equipment","State","Expenditure","K77","Exhibit - Equipment Only - Welfare Institutions","0"
"2018","Georgia","SF0365","Exhibit - Expenditure - Direct Expenditure - General Expenditure - Public Welfare - Institutions - Capital Outlay - Capital Outlay Other Than Construction - Equipment","State","Expenditure","K77","Exhibit - Equipment Only - Welfare Institutions","579"
"2019","Georgia","SF0365","Exhibit - Expenditure - Direct Expenditure - General Expenditure - Public Welfare - Institutions - Capital Outlay - Capital Outlay Other Than Construction - Equipment","State","Expenditure","K77","Exhibit - Equipment Only - Welfare Institutions","0"
"2020","Georgia","SF0365","Exhibit - Expenditure - Direct Expenditure - General Expenditure - Public Welfare - Institutions - Capital Outlay - Capital Outlay Other Than Construction - Equipment","State","Expenditure","K77","Exhibit - Equipment Only - Welfare Institutions","0"
"2021","Georgia","SF0365","Exhibit - Expenditure - Direct Expenditure - General Expenditure - Public Welfare - Institutions - Capital Outlay - Capital Outlay Other Than Construction - Equipment","State","Expenditure","K77","Exhibit - Equipment Only - Welfare Institutions","0"
"2012","Hawaii","SF0365","Exhibit - Expenditure - Direct Expenditure - General Expenditure - Public Welfare - Institutions - Capital Outlay - Capital Outlay Other Than Construction - Equipment","State","Expenditure","K77","Exhibit - Equipment Only - Welfare Institutions","1"
"2013","Hawaii","SF0365","Exhibit - Expenditure - Direct Expenditure - General Expenditure - Public Welfare - Institutions - Capital Outlay - Capital Outlay Other Than Construction - Equipment","State","Expenditure","K77","Exhibit - Equipment Only - Welfare Institutions","0"
"2014","Hawaii","SF0365","Exhibit - Expenditure - Direct Expenditure - General Expenditure - Public Welfare - Institutions - Capital Outlay - Capital Outlay Other Than Construction - Equipment","State","Expenditure","K77","Exhibit - Equipment Only - Welfare Institutions","0"
"2015","Hawaii","SF0365","Exhibit - Expenditure - Direct Expenditure - General Expenditure - Public Welfare - Institutions - Capital Outlay - Capital Outlay Other Than Construction - Equipment","State","Expenditure","K77","Exhibit - Equipment Only - Welfare Institutions","0"
"2016","Hawaii","SF0365","Exhibit - Expenditure - Direct Expenditure - General Expenditure - Public Welfare - Institutions - Capital Outlay - Capital Outlay Other Than Construction - Equipment","State","Expenditure","K77","Exhibit - Equipment Only - Welfare Institutions","0"
"2017","Hawaii","SF0365","Exhibit - Expenditure - Direct Expenditure - General Expenditure - Public Welfare - Institutions - Capital Outlay - Capital Outlay Other Than Construction - Equipment","State","Expenditure","K77","Exhibit - Equipment Only - Welfare Institutions","0"
"2018","Hawaii","SF0365","Exhibit - Expenditure - Direct Expenditure - General Expenditure - Public Welfare - Institutions - Capital Outlay - Capital Outlay Other Than Construction - Equipment","State","Expenditure","K77","Exhibit - Equipment Only - Welfare Institutions","0"
"2019","Hawaii","SF0365","Exhibit - Expenditure - Direct Expenditure - General Expenditure - Public Welfare - Institutions - Capital Outlay - Capital Outlay Other Than Construction - Equipment","State","Expenditure","K77","Exhibit - Equipment Only - Welfare Institutions","0"
"2020","Hawaii","SF0365","Exhibit - Expenditure - Direct Expenditure - General Expenditure - Public Welfare - Institutions - Capital Outlay - Capital Outlay Other Than Construction - Equipment","State","Expenditure","K77","Exhibit - Equipment Only - Welfare Institutions","0"
"2021","Hawaii","SF0365","Exhibit - Expenditure - Direct Expenditure - General Expenditure - Public Welfare - Institutions - Capital Outlay - Capital Outlay Other Than Construction - Equipment","State","Expenditure","K77","Exhibit - Equipment Only - Welfare Institutions","0"
"2012","Idaho","SF0365","Exhibit - Expenditure - Direct Expenditure - General Expenditure - Public Welfare - Institutions - Capital Outlay - Capital Outlay Other Than Construction - Equipment","State","Expenditure","K77","Exhibit - Equipment Only - Welfare Institutions","381"
"2013","Idaho","SF0365","Exhibit - Expenditure - Direct Expenditure - General Expenditure - Public Welfare - Institutions - Capital Outlay - Capital Outlay Other Than Construction - Equipment","State","Expenditure","K77","Exhibit - Equipment Only - Welfare Institutions","1,387"
"2014","Idaho","SF0365","Exhibit - Expenditure - Direct Expenditure - General Expenditure - Public Welfare - Institutions - Capital Outlay - Capital Outlay Other Than Construction - Equipment","State","Expenditure","K77","Exhibit - Equipment Only - Welfare Institutions","317"
"2015","Idaho","SF0365","Exhibit - Expenditure - Direct Expenditure - General Expenditure - Public Welfare - Institutions - Capital Outlay - Capital Outlay Other Than Construction - Equipment","State","Expenditure","K77","Exhibit - Equipment Only - Welfare Institutions","520"
"2016","Idaho","SF0365","Exhibit - Expenditure - Direct Expenditure - General Expenditure - Public Welfare - Institutions - Capital Outlay - Capital Outlay Other Than Construction - Equipment","State","Expenditure","K77","Exhibit - Equipment Only - Welfare Institutions","1,031"
"2017","Idaho","SF0365","Exhibit - Expenditure - Direct Expenditure - General Expenditure - Public Welfare - Institutions - Capital Outlay - Capital Outlay Other Than Construction - Equipment","State","Expenditure","K77","Exhibit - Equipment Only - Welfare Institutions","834"
"2018","Idaho","SF0365","Exhibit - Expenditure - Direct Expenditure - General Expenditure - Public Welfare - Institutions - Capital Outlay - Capital Outlay Other Than Construction - Equipment","State","Expenditure","K77","Exhibit - Equipment Only - Welfare Institutions","745"
"2019","Idaho","SF0365","Exhibit - Expenditure - Direct Expenditure - General Expenditure - Public Welfare - Institutions - Capital Outlay - Capital Outlay Other Than Construction - Equipment","State","Expenditure","K77","Exhibit - Equipment Only - Welfare Institutions","630"
"2020","Idaho","SF0365","Exhibit - Expenditure - Direct Expenditure - General Expenditure - Public Welfare - Institutions - Capital Outlay - Capital Outlay Other Than Construction - Equipment","State","Expenditure","K77","Exhibit - Equipment Only - Welfare Institutions","639"
"2021","Idaho","SF0365","Exhibit - Expenditure - Direct Expenditure - General Expenditure - Public Welfare - Institutions - Capital Outlay - Capital Outlay Other Than Construction - Equipment","State","Expenditure","K77","Exhibit - Equipment Only - Welfare Institutions","895"
"2012","Illinois","SF0365","Exhibit - Expenditure - Direct Expenditure - General Expenditure - Public Welfare - Institutions - Capital Outlay - Capital Outlay Other Than Construction - Equipment","State","Expenditure","K77","Exhibit - Equipment Only - Welfare Institutions","442"
"2013","Illinois","SF0365","Exhibit - Expenditure - Direct Expenditure - General Expenditure - Public Welfare - Institutions - Capital Outlay - Capital Outlay Other Than Construction - Equipment","State","Expenditure","K77","Exhibit - Equipment Only - Welfare Institutions","217"
"2014","Illinois","SF0365","Exhibit - Expenditure - Direct Expenditure - General Expenditure - Public Welfare - Institutions - Capital Outlay - Capital Outlay Other Than Construction - Equipment","State","Expenditure","K77","Exhibit - Equipment Only - Welfare Institutions","477"
"2015","Illinois","SF0365","Exhibit - Expenditure - Direct Expenditure - General Expenditure - Public Welfare - Institutions - Capital Outlay - Capital Outlay Other Than Construction - Equipment","State","Expenditure","K77","Exhibit - Equipment Only - Welfare Institutions","532"
"2016","Illinois","SF0365","Exhibit - Expenditure - Direct Expenditure - General Expenditure - Public Welfare - Institutions - Capital Outlay - Capital Outlay Other Than Construction - Equipment","State","Expenditure","K77","Exhibit - Equipment Only - Welfare Institutions","348"
"2017","Illinois","SF0365","Exhibit - Expenditure - Direct Expenditure - General Expenditure - Public Welfare - Institutions - Capital Outlay - Capital Outlay Other Than Construction - Equipment","State","Expenditure","K77","Exhibit - Equipment Only - Welfare Institutions","628"
"2018","Illinois","SF0365","Exhibit - Expenditure - Direct Expenditure - General Expenditure - Public Welfare - Institutions - Capital Outlay - Capital Outlay Other Than Construction - Equipment","State","Expenditure","K77","Exhibit - Equipment Only - Welfare Institutions","765"
"2019","Illinois","SF0365","Exhibit - Expenditure - Direct Expenditure - General Expenditure - Public Welfare - Institutions - Capital Outlay - Capital Outlay Other Than Construction - Equipment","State","Expenditure","K77","Exhibit - Equipment Only - Welfare Institutions","932"
"2020","Illinois","SF0365","Exhibit - Expenditure - Direct Expenditure - General Expenditure - Public Welfare - Institutions - Capital Outlay - Capital Outlay Other Than Construction - Equipment","State","Expenditure","K77","Exhibit - Equipment Only - Welfare Institutions","893"
"2021","Illinois","SF0365","Exhibit - Expenditure - Direct Expenditure - General Expenditure - Public Welfare - Institutions - Capital Outlay - Capital Outlay Other Than Construction - Equipment","State","Expenditure","K77","Exhibit - Equipment Only - Welfare Institutions","1,203"
"2012","Indiana","SF0365","Exhibit - Expenditure - Direct Expenditure - General Expenditure - Public Welfare - Institutions - Capital Outlay - Capital Outlay Other Than Construction - Equipment","State","Expenditure","K77","Exhibit - Equipment Only - Welfare Institutions","465"
"2013","Indiana","SF0365","Exhibit - Expenditure - Direct Expenditure - General Expenditure - Public Welfare - Institutions - Capital Outlay - Capital Outlay Other Than Construction - Equipment","State","Expenditure","K77","Exhibit - Equipment Only - Welfare Institutions","364"
"2014","Indiana","SF0365","Exhibit - Expenditure - Direct Expenditure - General Expenditure - Public Welfare - Institutions - Capital Outlay - Capital Outlay Other Than Construction - Equipment","State","Expenditure","K77","Exhibit - Equipment Only - Welfare Institutions","47"
"2015","Indiana","SF0365","Exhibit - Expenditure - Direct Expenditure - General Expenditure - Public Welfare - Institutions - Capital Outlay - Capital Outlay Other Than Construction - Equipment","State","Expenditure","K77","Exhibit - Equipment Only - Welfare Institutions","100"
"2016","Indiana","SF0365","Exhibit - Expenditure - Direct Expenditure - General Expenditure - Public Welfare - Institutions - Capital Outlay - Capital Outlay Other Than Construction - Equipment","State","Expenditure","K77","Exhibit - Equipment Only - Welfare Institutions","166"
"2017","Indiana","SF0365","Exhibit - Expenditure - Direct Expenditure - General Expenditure - Public Welfare - Institutions - Capital Outlay - Capital Outlay Other Than Construction - Equipment","State","Expenditure","K77","Exhibit - Equipment Only - Welfare Institutions","105"
"2018","Indiana","SF0365","Exhibit - Expenditure - Direct Expenditure - General Expenditure - Public Welfare - Institutions - Capital Outlay - Capital Outlay Other Than Construction - Equipment","State","Expenditure","K77","Exhibit - Equipment Only - Welfare Institutions","274"
"2019","Indiana","SF0365","Exhibit - Expenditure - Direct Expenditure - General Expenditure - Public Welfare - Institutions - Capital Outlay - Capital Outlay Other Than Construction - Equipment","State","Expenditure","K77","Exhibit - Equipment Only - Welfare Institutions","342"
"2020","Indiana","SF0365","Exhibit - Expenditure - Direct Expenditure - General Expenditure - Public Welfare - Institutions - Capital Outlay - Capital Outlay Other Than Construction - Equipment","State","Expenditure","K77","Exhibit - Equipment Only - Welfare Institutions","347"
"2021","Indiana","SF0365","Exhibit - Expenditure - Direct Expenditure - General Expenditure - Public Welfare - Institutions - Capital Outlay - Capital Outlay Other Than Construction - Equipment","State","Expenditure","K77","Exhibit - Equipment Only - Welfare Institutions","752"
"2012","Iowa","SF0365","Exhibit - Expenditure - Direct Expenditure - General Expenditure - Public Welfare - Institutions - Capital Outlay - Capital Outlay Other Than Construction - Equipment","State","Expenditure","K77","Exhibit - Equipment Only - Welfare Institutions","2,192"
"2013","Iowa","SF0365","Exhibit - Expenditure - Direct Expenditure - General Expenditure - Public Welfare - Institutions - Capital Outlay - Capital Outlay Other Than Construction - Equipment","State","Expenditure","K77","Exhibit - Equipment Only - Welfare Institutions","1,194"
"2014","Iowa","SF0365","Exhibit - Expenditure - Direct Expenditure - General Expenditure - Public Welfare - Institutions - Capital Outlay - Capital Outlay Other Than Construction - Equipment","State","Expenditure","K77","Exhibit - Equipment Only - Welfare Institutions","2,100"
"2015","Iowa","SF0365","Exhibit - Expenditure - Direct Expenditure - General Expenditure - Public Welfare - Institutions - Capital Outlay - Capital Outlay Other Than Construction - Equipment","State","Expenditure","K77","Exhibit - Equipment Only - Welfare Institutions","1,916"
"2016","Iowa","SF0365","Exhibit - Expenditure - Direct Expenditure - General Expenditure - Public Welfare - Institutions - Capital Outlay - Capital Outlay Other Than Construction - Equipment","State","Expenditure","K77","Exhibit - Equipment Only - Welfare Institutions","1,016"
"2017","Iowa","SF0365","Exhibit - Expenditure - Direct Expenditure - General Expenditure - Public Welfare - Institutions - Capital Outlay - Capital Outlay Other Than Construction - Equipment","State","Expenditure","K77","Exhibit - Equipment Only - Welfare Institutions","217"
"2018","Iowa","SF0365","Exhibit - Expenditure - Direct Expenditure - General Expenditure - Public Welfare - Institutions - Capital Outlay - Capital Outlay Other Than Construction - Equipment","State","Expenditure","K77","Exhibit - Equipment Only - Welfare Institutions","653"
"2019","Iowa","SF0365","Exhibit - Expenditure - Direct Expenditure - General Expenditure - Public Welfare - Institutions - Capital Outlay - Capital Outlay Other Than Construction - Equipment","State","Expenditure","K77","Exhibit - Equipment Only - Welfare Institutions","874"
"2020","Iowa","SF0365","Exhibit - Expenditure - Direct Expenditure - General Expenditure - Public Welfare - Institutions - Capital Outlay - Capital Outlay Other Than Construction - Equipment","State","Expenditure","K77","Exhibit - Equipment Only - Welfare Institutions","383"
"2021","Iowa","SF0365","Exhibit - Expenditure - Direct Expenditure - General Expenditure - Public Welfare - Institutions - Capital Outlay - Capital Outlay Other Than Construction - Equipment","State","Expenditure","K77","Exhibit - Equipment Only - Welfare Institutions","988"
"2012","Kansas","SF0365","Exhibit - Expenditure - Direct Expenditure - General Expenditure - Public Welfare - Institutions - Capital Outlay - Capital Outlay Other Than Construction - Equipment","State","Expenditure","K77","Exhibit - Equipment Only - Welfare Institutions","12"
"2013","Kansas","SF0365","Exhibit - Expenditure - Direct Expenditure - General Expenditure - Public Welfare - Institutions - Capital Outlay - Capital Outlay Other Than Construction - Equipment","State","Expenditure","K77","Exhibit - Equipment Only - Welfare Institutions","91"
"2014","Kansas","SF0365","Exhibit - Expenditure - Direct Expenditure - General Expenditure - Public Welfare - Institutions - Capital Outlay - Capital Outlay Other Than Construction - Equipment","State","Expenditure","K77","Exhibit - Equipment Only - Welfare Institutions","98"
"2015","Kansas","SF0365","Exhibit - Expenditure - Direct Expenditure - General Expenditure - Public Welfare - Institutions - Capital Outlay - Capital Outlay Other Than Construction - Equipment","State","Expenditure","K77","Exhibit - Equipment Only - Welfare Institutions","58"
"2016","Kansas","SF0365","Exhibit - Expenditure - Direct Expenditure - General Expenditure - Public Welfare - Institutions - Capital Outlay - Capital Outlay Other Than Construction - Equipment","State","Expenditure","K77","Exhibit - Equipment Only - Welfare Institutions","248"
"2017","Kansas","SF0365","Exhibit - Expenditure - Direct Expenditure - General Expenditure - Public Welfare - Institutions - Capital Outlay - Capital Outlay Other Than Construction - Equipment","State","Expenditure","K77","Exhibit - Equipment Only - Welfare Institutions","111"
"2018","Kansas","SF0365","Exhibit - Expenditure - Direct Expenditure - General Expenditure - Public Welfare - Institutions - Capital Outlay - Capital Outlay Other Than Construction - Equipment","State","Expenditure","K77","Exhibit - Equipment Only - Welfare Institutions","5"
"2019","Kansas","SF0365","Exhibit - Expenditure - Direct Expenditure - General Expenditure - Public Welfare - Institutions - Capital Outlay - Capital Outlay Other Than Construction - Equipment","State","Expenditure","K77","Exhibit - Equipment Only - Welfare Institutions","53"
"2020","Kansas","SF0365","Exhibit - Expenditure - Direct Expenditure - General Expenditure - Public Welfare - Institutions - Capital Outlay - Capital Outlay Other Than Construction - Equipment","State","Expenditure","K77","Exhibit - Equipment Only - Welfare Institutions","76"
"2021","Kansas","SF0365","Exhibit - Expenditure - Direct Expenditure - General Expenditure - Public Welfare - Institutions - Capital Outlay - Capital Outlay Other Than Construction - Equipment","State","Expenditure","K77","Exhibit - Equipment Only - Welfare Institutions","25"
"2012","Kentucky","SF0365","Exhibit - Expenditure - Direct Expenditure - General Expenditure - Public Welfare - Institutions - Capital Outlay - Capital Outlay Other Than Construction - Equipment","State","Expenditure","K77","Exhibit - Equipment Only - Welfare Institutions","0"
"2013","Kentucky","SF0365","Exhibit - Expenditure - Direct Expenditure - General Expenditure - Public Welfare - Institutions - Capital Outlay - Capital Outlay Other Than Construction - Equipment","State","Expenditure","K77","Exhibit - Equipment Only - Welfare Institutions","0"
"2014","Kentucky","SF0365","Exhibit - Expenditure - Direct Expenditure - General Expenditure - Public Welfare - Institutions - Capital Outlay - Capital Outlay Other Than Construction - Equipment","State","Expenditure","K77","Exhibit - Equipment Only - Welfare Institutions","0"
"2015","Kentucky","SF0365","Exhibit - Expenditure - Direct Expenditure - General Expenditure - Public Welfare - Institutions - Capital Outlay - Capital Outlay Other Than Construction - Equipment","State","Expenditure","K77","Exhibit - Equipment Only - Welfare Institutions","0"
"2016","Kentucky","SF0365","Exhibit - Expenditure - Direct Expenditure - General Expenditure - Public Welfare - Institutions - Capital Outlay - Capital Outlay Other Than Construction - Equipment","State","Expenditure","K77","Exhibit - Equipment Only - Welfare Institutions","0"
"2017","Kentucky","SF0365","Exhibit - Expenditure - Direct Expenditure - General Expenditure - Public Welfare - Institutions - Capital Outlay - Capital Outlay Other Than Construction - Equipment","State","Expenditure","K77","Exhibit - Equipment Only - Welfare Institutions","0"
"2018","Kentucky","SF0365","Exhibit - Expenditure - Direct Expenditure - General Expenditure - Public Welfare - Institutions - Capital Outlay - Capital Outlay Other Than Construction - Equipment","State","Expenditure","K77","Exhibit - Equipment Only - Welfare Institutions","0"
"2019","Kentucky","SF0365","Exhibit - Expenditure - Direct Expenditure - General Expenditure - Public Welfare - Institutions - Capital Outlay - Capital Outlay Other Than Construction - Equipment","State","Expenditure","K77","Exhibit - Equipment Only - Welfare Institutions","0"
"2020","Kentucky","SF0365","Exhibit - Expenditure - Direct Expenditure - General Expenditure - Public Welfare - Institutions - Capital Outlay - Capital Outlay Other Than Construction - Equipment","State","Expenditure","K77","Exhibit - Equipment Only - Welfare Institutions","0"
"2021","Kentucky","SF0365","Exhibit - Expenditure - Direct Expenditure - General Expenditure - Public Welfare - Institutions - Capital Outlay - Capital Outlay Other Than Construction - Equipment","State","Expenditure","K77","Exhibit - Equipment Only - Welfare Institutions","0"
"2012","Louisiana","SF0365","Exhibit - Expenditure - Direct Expenditure - General Expenditure - Public Welfare - Institutions - Capital Outlay - Capital Outlay Other Than Construction - Equipment","State","Expenditure","K77","Exhibit - Equipment Only - Welfare Institutions","281"
"2013","Louisiana","SF0365","Exhibit - Expenditure - Direct Expenditure - General Expenditure - Public Welfare - Institutions - Capital Outlay - Capital Outlay Other Than Construction - Equipment","State","Expenditure","K77","Exhibit - Equipment Only - Welfare Institutions","853"
"2014","Louisiana","SF0365","Exhibit - Expenditure - Direct Expenditure - General Expenditure - Public Welfare - Institutions - Capital Outlay - Capital Outlay Other Than Construction - Equipment","State","Expenditure","K77","Exhibit - Equipment Only - Welfare Institutions","460"
"2015","Louisiana","SF0365","Exhibit - Expenditure - Direct Expenditure - General Expenditure - Public Welfare - Institutions - Capital Outlay - Capital Outlay Other Than Construction - Equipment","State","Expenditure","K77","Exhibit - Equipment Only - Welfare Institutions","437"
"2016","Louisiana","SF0365","Exhibit - Expenditure - Direct Expenditure - General Expenditure - Public Welfare - Institutions - Capital Outlay - Capital Outlay Other Than Construction - Equipment","State","Expenditure","K77","Exhibit - Equipment Only - Welfare Institutions","401"
"2017","Louisiana","SF0365","Exhibit - Expenditure - Direct Expenditure - General Expenditure - Public Welfare - Institutions - Capital Outlay - Capital Outlay Other Than Construction - Equipment","State","Expenditure","K77","Exhibit - Equipment Only - Welfare Institutions","681"
"2018","Louisiana","SF0365","Exhibit - Expenditure - Direct Expenditure - General Expenditure - Public Welfare - Institutions - Capital Outlay - Capital Outlay Other Than Construction - Equipment","State","Expenditure","K77","Exhibit - Equipment Only - Welfare Institutions","690"
"2019","Louisiana","SF0365","Exhibit - Expenditure - Direct Expenditure - General Expenditure - Public Welfare - Institutions - Capital Outlay - Capital Outlay Other Than Construction - Equipment","State","Expenditure","K77","Exhibit - Equipment Only - Welfare Institutions","588"
"2020","Louisiana","SF0365","Exhibit - Expenditure - Direct Expenditure - General Expenditure - Public Welfare - Institutions - Capital Outlay - Capital Outlay Other Than Construction - Equipment","State","Expenditure","K77","Exhibit - Equipment Only - Welfare Institutions","583"
"2021","Louisiana","SF0365","Exhibit - Expenditure - Direct Expenditure - General Expenditure - Public Welfare - Institutions - Capital Outlay - Capital Outlay Other Than Construction - Equipment","State","Expenditure","K77","Exhibit - Equipment Only - Welfare Institutions","205"
"2012","Maine","SF0365","Exhibit - Expenditure - Direct Expenditure - General Expenditure - Public Welfare - Institutions - Capital Outlay - Capital Outlay Other Than Construction - Equipment","State","Expenditure","K77","Exhibit - Equipment Only - Welfare Institutions","0"
"2013","Maine","SF0365","Exhibit - Expenditure - Direct Expenditure - General Expenditure - Public Welfare - Institutions - Capital Outlay - Capital Outlay Other Than Construction - Equipment","State","Expenditure","K77","Exhibit - Equipment Only - Welfare Institutions","0"
"2014","Maine","SF0365","Exhibit - Expenditure - Direct Expenditure - General Expenditure - Public Welfare - Institutions - Capital Outlay - Capital Outlay Other Than Construction - Equipment","State","Expenditure","K77","Exhibit - Equipment Only - Welfare Institutions","0"
"2015","Maine","SF0365","Exhibit - Expenditure - Direct Expenditure - General Expenditure - Public Welfare - Institutions - Capital Outlay - Capital Outlay Other Than Construction - Equipment","State","Expenditure","K77","Exhibit - Equipment Only - Welfare Institutions","0"
"2016","Maine","SF0365","Exhibit - Expenditure - Direct Expenditure - General Expenditure - Public Welfare - Institutions - Capital Outlay - Capital Outlay Other Than Construction - Equipment","State","Expenditure","K77","Exhibit - Equipment Only - Welfare Institutions","0"
"2017","Maine","SF0365","Exhibit - Expenditure - Direct Expenditure - General Expenditure - Public Welfare - Institutions - Capital Outlay - Capital Outlay Other Than Construction - Equipment","State","Expenditure","K77","Exhibit - Equipment Only - Welfare Institutions","0"
"2018","Maine","SF0365","Exhibit - Expenditure - Direct Expenditure - General Expenditure - Public Welfare - Institutions - Capital Outlay - Capital Outlay Other Than Construction - Equipment","State","Expenditure","K77","Exhibit - Equipment Only - Welfare Institutions","0"
"2019","Maine","SF0365","Exhibit - Expenditure - Direct Expenditure - General Expenditure - Public Welfare - Institutions - Capital Outlay - Capital Outlay Other Than Construction - Equipment","State","Expenditure","K77","Exhibit - Equipment Only - Welfare Institutions","0"
"2020","Maine","SF0365","Exhibit - Expenditure - Direct Expenditure - General Expenditure - Public Welfare - Institutions - Capital Outlay - Capital Outlay Other Than Construction - Equipment","State","Expenditure","K77","Exhibit - Equipment Only - Welfare Institutions","0"
"2021","Maine","SF0365","Exhibit - Expenditure - Direct Expenditure - General Expenditure - Public Welfare - Institutions - Capital Outlay - Capital Outlay Other Than Construction - Equipment","State","Expenditure","K77","Exhibit - Equipment Only - Welfare Institutions","0"
"2012","Maryland","SF0365","Exhibit - Expenditure - Direct Expenditure - General Expenditure - Public Welfare - Institutions - Capital Outlay - Capital Outlay Other Than Construction - Equipment","State","Expenditure","K77","Exhibit - Equipment Only - Welfare Institutions","56"
"2013","Maryland","SF0365","Exhibit - Expenditure - Direct Expenditure - General Expenditure - Public Welfare - Institutions - Capital Outlay - Capital Outlay Other Than Construction - Equipment","State","Expenditure","K77","Exhibit - Equipment Only - Welfare Institutions","21"
"2014","Maryland","SF0365","Exhibit - Expenditure - Direct Expenditure - General Expenditure - Public Welfare - Institutions - Capital Outlay - Capital Outlay Other Than Construction - Equipment","State","Expenditure","K77","Exhibit - Equipment Only - Welfare Institutions","13"
"2015","Maryland","SF0365","Exhibit - Expenditure - Direct Expenditure - General Expenditure - Public Welfare - Institutions - Capital Outlay - Capital Outlay Other Than Construction - Equipment","State","Expenditure","K77","Exhibit - Equipment Only - Welfare Institutions","67"
"2016","Maryland","SF0365","Exhibit - Expenditure - Direct Expenditure - General Expenditure - Public Welfare - Institutions - Capital Outlay - Capital Outlay Other Than Construction - Equipment","State","Expenditure","K77","Exhibit - Equipment Only - Welfare Institutions","49"
"2017","Maryland","SF0365","Exhibit - Expenditure - Direct Expenditure - General Expenditure - Public Welfare - Institutions - Capital Outlay - Capital Outlay Other Than Construction - Equipment","State","Expenditure","K77","Exhibit - Equipment Only - Welfare Institutions","120"
"2018","Maryland","SF0365","Exhibit - Expenditure - Direct Expenditure - General Expenditure - Public Welfare - Institutions - Capital Outlay - Capital Outlay Other Than Construction - Equipment","State","Expenditure","K77","Exhibit - Equipment Only - Welfare Institutions","118"
"2019","Maryland","SF0365","Exhibit - Expenditure - Direct Expenditure - General Expenditure - Public Welfare - Institutions - Capital Outlay - Capital Outlay Other Than Construction - Equipment","State","Expenditure","K77","Exhibit - Equipment Only - Welfare Institutions","231"
"2020","Maryland","SF0365","Exhibit - Expenditure - Direct Expenditure - General Expenditure - Public Welfare - Institutions - Capital Outlay - Capital Outlay Other Than Construction - Equipment","State","Expenditure","K77","Exhibit - Equipment Only - Welfare Institutions","655"
"2021","Maryland","SF0365","Exhibit - Expenditure - Direct Expenditure - General Expenditure - Public Welfare - Institutions - Capital Outlay - Capital Outlay Other Than Construction - Equipment","State","Expenditure","K77","Exhibit - Equipment Only - Welfare Institutions","201"
"2012","Massachusetts","SF0365","Exhibit - Expenditure - Direct Expenditure - General Expenditure - Public Welfare - Institutions - Capital Outlay - Capital Outlay Other Than Construction - Equipment","State","Expenditure","K77","Exhibit - Equipment Only - Welfare Institutions","335"
"2013","Massachusetts","SF0365","Exhibit - Expenditure - Direct Expenditure - General Expenditure - Public Welfare - Institutions - Capital Outlay - Capital Outlay Other Than Construction - Equipment","State","Expenditure","K77","Exhibit - Equipment Only - Welfare Institutions","234"
"2014","Massachusetts","SF0365","Exhibit - Expenditure - Direct Expenditure - General Expenditure - Public Welfare - Institutions - Capital Outlay - Capital Outlay Other Than Construction - Equipment","State","Expenditure","K77","Exhibit - Equipment Only - Welfare Institutions","265"
"2015","Massachusetts","SF0365","Exhibit - Expenditure - Direct Expenditure - General Expenditure - Public Welfare - Institutions - Capital Outlay - Capital Outlay Other Than Construction - Equipment","State","Expenditure","K77","Exhibit - Equipment Only - Welfare Institutions","322"
"2016","Massachusetts","SF0365","Exhibit - Expenditure - Direct Expenditure - General Expenditure - Public Welfare - Institutions - Capital Outlay - Capital Outlay Other Than Construction - Equipment","State","Expenditure","K77","Exhibit - Equipment Only - Welfare Institutions","138"
"2017","Massachusetts","SF0365","Exhibit - Expenditure - Direct Expenditure - General Expenditure - Public Welfare - Institutions - Capital Outlay - Capital Outlay Other Than Construction - Equipment","State","Expenditure","K77","Exhibit - Equipment Only - Welfare Institutions","59"
"2018","Massachusetts","SF0365","Exhibit - Expenditure - Direct Expenditure - General Expenditure - Public Welfare - Institutions - Capital Outlay - Capital Outlay Other Than Construction - Equipment","State","Expenditure","K77","Exhibit - Equipment Only - Welfare Institutions","217"
"2019","Massachusetts","SF0365","Exhibit - Expenditure - Direct Expenditure - General Expenditure - Public Welfare - Institutions - Capital Outlay - Capital Outlay Other Than Construction - Equipment","State","Expenditure","K77","Exhibit - Equipment Only - Welfare Institutions","115"
"2020","Massachusetts","SF0365","Exhibit - Expenditure - Direct Expenditure - General Expenditure - Public Welfare - Institutions - Capital Outlay - Capital Outlay Other Than Construction - Equipment","State","Expenditure","K77","Exhibit - Equipment Only - Welfare Institutions","191"
"2021","Massachusetts","SF0365","Exhibit - Expenditure - Direct Expenditure - General Expenditure - Public Welfare - Institutions - Capital Outlay - Capital Outlay Other Than Construction - Equipment","State","Expenditure","K77","Exhibit - Equipment Only - Welfare Institutions","531"
"2012","Michigan","SF0365","Exhibit - Expenditure - Direct Expenditure - General Expenditure - Public Welfare - Institutions - Capital Outlay - Capital Outlay Other Than Construction - Equipment","State","Expenditure","K77","Exhibit - Equipment Only - Welfare Institutions","12"
"2013","Michigan","SF0365","Exhibit - Expenditure - Direct Expenditure - General Expenditure - Public Welfare - Institutions - Capital Outlay - Capital Outlay Other Than Construction - Equipment","State","Expenditure","K77","Exhibit - Equipment Only - Welfare Institutions","383"
"2014","Michigan","SF0365","Exhibit - Expenditure - Direct Expenditure - General Expenditure - Public Welfare - Institutions - Capital Outlay - Capital Outlay Other Than Construction - Equipment","State","Expenditure","K77","Exhibit - Equipment Only - Welfare Institutions","10"
"2015","Michigan","SF0365","Exhibit - Expenditure - Direct Expenditure - General Expenditure - Public Welfare - Institutions - Capital Outlay - Capital Outlay Other Than Construction - Equipment","State","Expenditure","K77","Exhibit - Equipment Only - Welfare Institutions","86"
"2016","Michigan","SF0365","Exhibit - Expenditure - Direct Expenditure - General Expenditure - Public Welfare - Institutions - Capital Outlay - Capital Outlay Other Than Construction - Equipment","State","Expenditure","K77","Exhibit - Equipment Only - Welfare Institutions","14"
"2017","Michigan","SF0365","Exhibit - Expenditure - Direct Expenditure - General Expenditure - Public Welfare - Institutions - Capital Outlay - Capital Outlay Other Than Construction - Equipment","State","Expenditure","K77","Exhibit - Equipment Only - Welfare Institutions","95"
"2018","Michigan","SF0365","Exhibit - Expenditure - Direct Expenditure - General Expenditure - Public Welfare - Institutions - Capital Outlay - Capital Outlay Other Than Construction - Equipment","State","Expenditure","K77","Exhibit - Equipment Only - Welfare Institutions","166"
"2019","Michigan","SF0365","Exhibit - Expenditure - Direct Expenditure - General Expenditure - Public Welfare - Institutions - Capital Outlay - Capital Outlay Other Than Construction - Equipment","State","Expenditure","K77","Exhibit - Equipment Only - Welfare Institutions","175"
"2020","Michigan","SF0365","Exhibit - Expenditure - Direct Expenditure - General Expenditure - Public Welfare - Institutions - Capital Outlay - Capital Outlay Other Than Construction - Equipment","State","Expenditure","K77","Exhibit - Equipment Only - Welfare Institutions","129"
"2021","Michigan","SF0365","Exhibit - Expenditure - Direct Expenditure - General Expenditure - Public Welfare - Institutions - Capital Outlay - Capital Outlay Other Than Construction - Equipment","State","Expenditure","K77","Exhibit - Equipment Only - Welfare Institutions","0"
"2012","Minnesota","SF0365","Exhibit - Expenditure - Direct Expenditure - General Expenditure - Public Welfare - Institutions - Capital Outlay - Capital Outlay Other Than Construction - Equipment","State","Expenditure","K77","Exhibit - Equipment Only - Welfare Institutions","0"
"2013","Minnesota","SF0365","Exhibit - Expenditure - Direct Expenditure - General Expenditure - Public Welfare - Institutions - Capital Outlay - Capital Outlay Other Than Construction - Equipment","State","Expenditure","K77","Exhibit - Equipment Only - Welfare Institutions","1,877"
"2014","Minnesota","SF0365","Exhibit - Expenditure - Direct Expenditure - General Expenditure - Public Welfare - Institutions - Capital Outlay - Capital Outlay Other Than Construction - Equipment","State","Expenditure","K77","Exhibit - Equipment Only - Welfare Institutions","935"
"2015","Minnesota","SF0365","Exhibit - Expenditure - Direct Expenditure - General Expenditure - Public Welfare - Institutions - Capital Outlay - Capital Outlay Other Than Construction - Equipment","State","Expenditure","K77","Exhibit - Equipment Only - Welfare Institutions","170"
"2016","Minnesota","SF0365","Exhibit - Expenditure - Direct Expenditure - General Expenditure - Public Welfare - Institutions - Capital Outlay - Capital Outlay Other Than Construction - Equipment","State","Expenditure","K77","Exhibit - Equipment Only - Welfare Institutions","419"
"2017","Minnesota","SF0365","Exhibit - Expenditure - Direct Expenditure - General Expenditure - Public Welfare - Institutions - Capital Outlay - Capital Outlay Other Than Construction - Equipment","State","Expenditure","K77","Exhibit - Equipment Only - Welfare Institutions","737"
"2018","Minnesota","SF0365","Exhibit - Expenditure - Direct Expenditure - General Expenditure - Public Welfare - Institutions - Capital Outlay - Capital Outlay Other Than Construction - Equipment","State","Expenditure","K77","Exhibit - Equipment Only - Welfare Institutions","5"
"2019","Minnesota","SF0365","Exhibit - Expenditure - Direct Expenditure - General Expenditure - Public Welfare - Institutions - Capital Outlay - Capital Outlay Other Than Construction - Equipment","State","Expenditure","K77","Exhibit - Equipment Only - Welfare Institutions","6"
"2020","Minnesota","SF0365","Exhibit - Expenditure - Direct Expenditure - General Expenditure - Public Welfare - Institutions - Capital Outlay - Capital Outlay Other Than Construction - Equipment","State","Expenditure","K77","Exhibit - Equipment Only - Welfare Institutions","4"
"2021","Minnesota","SF0365","Exhibit - Expenditure - Direct Expenditure - General Expenditure - Public Welfare - Institutions - Capital Outlay - Capital Outlay Other Than Construction - Equipment","State","Expenditure","K77","Exhibit - Equipment Only - Welfare Institutions","22"
"2012","Mississippi","SF0365","Exhibit - Expenditure - Direct Expenditure - General Expenditure - Public Welfare - Institutions - Capital Outlay - Capital Outlay Other Than Construction - Equipment","State","Expenditure","K77","Exhibit - Equipment Only - Welfare Institutions","307"
"2013","Mississippi","SF0365","Exhibit - Expenditure - Direct Expenditure - General Expenditure - Public Welfare - Institutions - Capital Outlay - Capital Outlay Other Than Construction - Equipment","State","Expenditure","K77","Exhibit - Equipment Only - Welfare Institutions","129"
"2014","Mississippi","SF0365","Exhibit - Expenditure - Direct Expenditure - General Expenditure - Public Welfare - Institutions - Capital Outlay - Capital Outlay Other Than Construction - Equipment","State","Expenditure","K77","Exhibit - Equipment Only - Welfare Institutions","263"
"2015","Mississippi","SF0365","Exhibit - Expenditure - Direct Expenditure - General Expenditure - Public Welfare - Institutions - Capital Outlay - Capital Outlay Other Than Construction - Equipment","State","Expenditure","K77","Exhibit - Equipment Only - Welfare Institutions","3,440"
"2016","Mississippi","SF0365","Exhibit - Expenditure - Direct Expenditure - General Expenditure - Public Welfare - Institutions - Capital Outlay - Capital Outlay Other Than Construction - Equipment","State","Expenditure","K77","Exhibit - Equipment Only - Welfare Institutions","494"
"2017","Mississippi","SF0365","Exhibit - Expenditure - Direct Expenditure - General Expenditure - Public Welfare - Institutions - Capital Outlay - Capital Outlay Other Than Construction - Equipment","State","Expenditure","K77","Exhibit - Equipment Only - Welfare Institutions","671"
"2018","Mississippi","SF0365","Exhibit - Expenditure - Direct Expenditure - General Expenditure - Public Welfare - Institutions - Capital Outlay - Capital Outlay Other Than Construction - Equipment","State","Expenditure","K77","Exhibit - Equipment Only - Welfare Institutions","487"
"2019","Mississippi","SF0365","Exhibit - Expenditure - Direct Expenditure - General Expenditure - Public Welfare - Institutions - Capital Outlay - Capital Outlay Other Than Construction - Equipment","State","Expenditure","K77","Exhibit - Equipment Only - Welfare Institutions","860"
"2020","Mississippi","SF0365","Exhibit - Expenditure - Direct Expenditure - General Expenditure - Public Welfare - Institutions - Capital Outlay - Capital Outlay Other Than Construction - Equipment","State","Expenditure","K77","Exhibit - Equipment Only - Welfare Institutions","1,179"
"2021","Mississippi","SF0365","Exhibit - Expenditure - Direct Expenditure - General Expenditure - Public Welfare - Institutions - Capital Outlay - Capital Outlay Other Than Construction - Equipment","State","Expenditure","K77","Exhibit - Equipment Only - Welfare Institutions","1,316"
"2012","Missouri","SF0365","Exhibit - Expenditure - Direct Expenditure - General Expenditure - Public Welfare - Institutions - Capital Outlay - Capital Outlay Other Than Construction - Equipment","State","Expenditure","K77","Exhibit - Equipment Only - Welfare Institutions","1,753"
"2013","Missouri","SF0365","Exhibit - Expenditure - Direct Expenditure - General Expenditure - Public Welfare - Institutions - Capital Outlay - Capital Outlay Other Than Construction - Equipment","State","Expenditure","K77","Exhibit - Equipment Only - Welfare Institutions","1,575"
"2014","Missouri","SF0365","Exhibit - Expenditure - Direct Expenditure - General Expenditure - Public Welfare - Institutions - Capital Outlay - Capital Outlay Other Than Construction - Equipment","State","Expenditure","K77","Exhibit - Equipment Only - Welfare Institutions","674"
"2015","Missouri","SF0365","Exhibit - Expenditure - Direct Expenditure - General Expenditure - Public Welfare - Institutions - Capital Outlay - Capital Outlay Other Than Construction - Equipment","State","Expenditure","K77","Exhibit - Equipment Only - Welfare Institutions","2,044"
"2016","Missouri","SF0365","Exhibit - Expenditure - Direct Expenditure - General Expenditure - Public Welfare - Institutions - Capital Outlay - Capital Outlay Other Than Construction - Equipment","State","Expenditure","K77","Exhibit - Equipment Only - Welfare Institutions","1,776"
"2017","Missouri","SF0365","Exhibit - Expenditure - Direct Expenditure - General Expenditure - Public Welfare - Institutions - Capital Outlay - Capital Outlay Other Than Construction - Equipment","State","Expenditure","K77","Exhibit - Equipment Only - Welfare Institutions","2,138"
"2018","Missouri","SF0365","Exhibit - Expenditure - Direct Expenditure - General Expenditure - Public Welfare - Institutions - Capital Outlay - Capital Outlay Other Than Construction - Equipment","State","Expenditure","K77","Exhibit - Equipment Only - Welfare Institutions","1,976"
"2019","Missouri","SF0365","Exhibit - Expenditure - Direct Expenditure - General Expenditure - Public Welfare - Institutions - Capital Outlay - Capital Outlay Other Than Construction - Equipment","State","Expenditure","K77","Exhibit - Equipment Only - Welfare Institutions","1,024"
"2020","Missouri","SF0365","Exhibit - Expenditure - Direct Expenditure - General Expenditure - Public Welfare - Institutions - Capital Outlay - Capital Outlay Other Than Construction - Equipment","State","Expenditure","K77","Exhibit - Equipment Only - Welfare Institutions","441"
"2021","Missouri","SF0365","Exhibit - Expenditure - Direct Expenditure - General Expenditure - Public Welfare - Institutions - Capital Outlay - Capital Outlay Other Than Construction - Equipment","State","Expenditure","K77","Exhibit - Equipment Only - Welfare Institutions","523"
"2012","Montana","SF0365","Exhibit - Expenditure - Direct Expenditure - General Expenditure - Public Welfare - Institutions - Capital Outlay - Capital Outlay Other Than Construction - Equipment","State","Expenditure","K77","Exhibit - Equipment Only - Welfare Institutions","1,306"
"2013","Montana","SF0365","Exhibit - Expenditure - Direct Expenditure - General Expenditure - Public Welfare - Institutions - Capital Outlay - Capital Outlay Other Than Construction - Equipment","State","Expenditure","K77","Exhibit - Equipment Only - Welfare Institutions","1,226"
"2014","Montana","SF0365","Exhibit - Expenditure - Direct Expenditure - General Expenditure - Public Welfare - Institutions - Capital Outlay - Capital Outlay Other Than Construction - Equipment","State","Expenditure","K77","Exhibit - Equipment Only - Welfare Institutions","1,310"
"2015","Montana","SF0365","Exhibit - Expenditure - Direct Expenditure - General Expenditure - Public Welfare - Institutions - Capital Outlay - Capital Outlay Other Than Construction - Equipment","State","Expenditure","K77","Exhibit - Equipment Only - Welfare Institutions","1,249"
"2016","Montana","SF0365","Exhibit - Expenditure - Direct Expenditure - General Expenditure - Public Welfare - Institutions - Capital Outlay - Capital Outlay Other Than Construction - Equipment","State","Expenditure","K77","Exhibit - Equipment Only - Welfare Institutions","1,185"
"2017","Montana","SF0365","Exhibit - Expenditure - Direct Expenditure - General Expenditure - Public Welfare - Institutions - Capital Outlay - Capital Outlay Other Than Construction - Equipment","State","Expenditure","K77","Exhibit - Equipment Only - Welfare Institutions","1,095"
"2018","Montana","SF0365","Exhibit - Expenditure - Direct Expenditure - General Expenditure - Public Welfare - Institutions - Capital Outlay - Capital Outlay Other Than Construction - Equipment","State","Expenditure","K77","Exhibit - Equipment Only - Welfare Institutions","985"
"2019","Montana","SF0365","Exhibit - Expenditure - Direct Expenditure - General Expenditure - Public Welfare - Institutions - Capital Outlay - Capital Outlay Other Than Construction - Equipment","State","Expenditure","K77","Exhibit - Equipment Only - Welfare Institutions","1,097"
"2020","Montana","SF0365","Exhibit - Expenditure - Direct Expenditure - General Expenditure - Public Welfare - Institutions - Capital Outlay - Capital Outlay Other Than Construction - Equipment","State","Expenditure","K77","Exhibit - Equipment Only - Welfare Institutions","1,158"
"2021","Montana","SF0365","Exhibit - Expenditure - Direct Expenditure - General Expenditure - Public Welfare - Institutions - Capital Outlay - Capital Outlay Other Than Construction - Equipment","State","Expenditure","K77","Exhibit - Equipment Only - Welfare Institutions","1,374"
"2012","Nebraska","SF0365","Exhibit - Expenditure - Direct Expenditure - General Expenditure - Public Welfare - Institutions - Capital Outlay - Capital Outlay Other Than Construction - Equipment","State","Expenditure","K77","Exhibit - Equipment Only - Welfare Institutions","219"
"2013","Nebraska","SF0365","Exhibit - Expenditure - Direct Expenditure - General Expenditure - Public Welfare - Institutions - Capital Outlay - Capital Outlay Other Than Construction - Equipment","State","Expenditure","K77","Exhibit - Equipment Only - Welfare Institutions","237"
"2014","Nebraska","SF0365","Exhibit - Expenditure - Direct Expenditure - General Expenditure - Public Welfare - Institutions - Capital Outlay - Capital Outlay Other Than Construction - Equipment","State","Expenditure","K77","Exhibit - Equipment Only - Welfare Institutions","508"
"2015","Nebraska","SF0365","Exhibit - Expenditure - Direct Expenditure - General Expenditure - Public Welfare - Institutions - Capital Outlay - Capital Outlay Other Than Construction - Equipment","State","Expenditure","K77","Exhibit - Equipment Only - Welfare Institutions","322"
"2016","Nebraska","SF0365","Exhibit - Expenditure - Direct Expenditure - General Expenditure - Public Welfare - Institutions - Capital Outlay - Capital Outlay Other Than Construction - Equipment","State","Expenditure","K77","Exhibit - Equipment Only - Welfare Institutions","245"
"2017","Nebraska","SF0365","Exhibit - Expenditure - Direct Expenditure - General Expenditure - Public Welfare - Institutions - Capital Outlay - Capital Outlay Other Than Construction - Equipment","State","Expenditure","K77","Exhibit - Equipment Only - Welfare Institutions","113"
"2018","Nebraska","SF0365","Exhibit - Expenditure - Direct Expenditure - General Expenditure - Public Welfare - Institutions - Capital Outlay - Capital Outlay Other Than Construction - Equipment","State","Expenditure","K77","Exhibit - Equipment Only - Welfare Institutions","624"
"2019","Nebraska","SF0365","Exhibit - Expenditure - Direct Expenditure - General Expenditure - Public Welfare - Institutions - Capital Outlay - Capital Outlay Other Than Construction - Equipment","State","Expenditure","K77","Exhibit - Equipment Only - Welfare Institutions","2,842"
"2020","Nebraska","SF0365","Exhibit - Expenditure - Direct Expenditure - General Expenditure - Public Welfare - Institutions - Capital Outlay - Capital Outlay Other Than Construction - Equipment","State","Expenditure","K77","Exhibit - Equipment Only - Welfare Institutions","282"
"2021","Nebraska","SF0365","Exhibit - Expenditure - Direct Expenditure - General Expenditure - Public Welfare - Institutions - Capital Outlay - Capital Outlay Other Than Construction - Equipment","State","Expenditure","K77","Exhibit - Equipment Only - Welfare Institutions","236"
"2012","Nevada","SF0365","Exhibit - Expenditure - Direct Expenditure - General Expenditure - Public Welfare - Institutions - Capital Outlay - Capital Outlay Other Than Construction - Equipment","State","Expenditure","K77","Exhibit - Equipment Only - Welfare Institutions","31"
"2013","Nevada","SF0365","Exhibit - Expenditure - Direct Expenditure - General Expenditure - Public Welfare - Institutions - Capital Outlay - Capital Outlay Other Than Construction - Equipment","State","Expenditure","K77","Exhibit - Equipment Only - Welfare Institutions","31"
"2014","Nevada","SF0365","Exhibit - Expenditure - Direct Expenditure - General Expenditure - Public Welfare - Institutions - Capital Outlay - Capital Outlay Other Than Construction - Equipment","State","Expenditure","K77","Exhibit - Equipment Only - Welfare Institutions","139"
"2015","Nevada","SF0365","Exhibit - Expenditure - Direct Expenditure - General Expenditure - Public Welfare - Institutions - Capital Outlay - Capital Outlay Other Than Construction - Equipment","State","Expenditure","K77","Exhibit - Equipment Only - Welfare Institutions","116"
"2016","Nevada","SF0365","Exhibit - Expenditure - Direct Expenditure - General Expenditure - Public Welfare - Institutions - Capital Outlay - Capital Outlay Other Than Construction - Equipment","State","Expenditure","K77","Exhibit - Equipment Only - Welfare Institutions","390"
"2017","Nevada","SF0365","Exhibit - Expenditure - Direct Expenditure - General Expenditure - Public Welfare - Institutions - Capital Outlay - Capital Outlay Other Than Construction - Equipment","State","Expenditure","K77","Exhibit - Equipment Only - Welfare Institutions","198"
"2018","Nevada","SF0365","Exhibit - Expenditure - Direct Expenditure - General Expenditure - Public Welfare - Institutions - Capital Outlay - Capital Outlay Other Than Construction - Equipment","State","Expenditure","K77","Exhibit - Equipment Only - Welfare Institutions","157"
"2019","Nevada","SF0365","Exhibit - Expenditure - Direct Expenditure - General Expenditure - Public Welfare - Institutions - Capital Outlay - Capital Outlay Other Than Construction - Equipment","State","Expenditure","K77","Exhibit - Equipment Only - Welfare Institutions","206"
"2020","Nevada","SF0365","Exhibit - Expenditure - Direct Expenditure - General Expenditure - Public Welfare - Institutions - Capital Outlay - Capital Outlay Other Than Construction - Equipment","State","Expenditure","K77","Exhibit - Equipment Only - Welfare Institutions","497"
"2021","Nevada","SF0365","Exhibit - Expenditure - Direct Expenditure - General Expenditure - Public Welfare - Institutions - Capital Outlay - Capital Outlay Other Than Construction - Equipment","State","Expenditure","K77","Exhibit - Equipment Only - Welfare Institutions","276"
"2012","New Hampshire","SF0365","Exhibit - Expenditure - Direct Expenditure - General Expenditure - Public Welfare - Institutions - Capital Outlay - Capital Outlay Other Than Construction - Equipment","State","Expenditure","K77","Exhibit - Equipment Only - Welfare Institutions","109"
"2013","New Hampshire","SF0365","Exhibit - Expenditure - Direct Expenditure - General Expenditure - Public Welfare - Institutions - Capital Outlay - Capital Outlay Other Than Construction - Equipment","State","Expenditure","K77","Exhibit - Equipment Only - Welfare Institutions","292"
"2014","New Hampshire","SF0365","Exhibit - Expenditure - Direct Expenditure - General Expenditure - Public Welfare - Institutions - Capital Outlay - Capital Outlay Other Than Construction - Equipment","State","Expenditure","K77","Exhibit - Equipment Only - Welfare Institutions","543"
"2015","New Hampshire","SF0365","Exhibit - Expenditure - Direct Expenditure - General Expenditure - Public Welfare - Institutions - Capital Outlay - Capital Outlay Other Than Construction - Equipment","State","Expenditure","K77","Exhibit - Equipment Only - Welfare Institutions","262"
"2016","New Hampshire","SF0365","Exhibit - Expenditure - Direct Expenditure - General Expenditure - Public Welfare - Institutions - Capital Outlay - Capital Outlay Other Than Construction - Equipment","State","Expenditure","K77","Exhibit - Equipment Only - Welfare Institutions","478"
"2017","New Hampshire","SF0365","Exhibit - Expenditure - Direct Expenditure - General Expenditure - Public Welfare - Institutions - Capital Outlay - Capital Outlay Other Than Construction - Equipment","State","Expenditure","K77","Exhibit - Equipment Only - Welfare Institutions","250"
"2018","New Hampshire","SF0365","Exhibit - Expenditure - Direct Expenditure - General Expenditure - Public Welfare - Institutions - Capital Outlay - Capital Outlay Other Than Construction - Equipment","State","Expenditure","K77","Exhibit - Equipment Only - Welfare Institutions","243"
"2019","New Hampshire","SF0365","Exhibit - Expenditure - Direct Expenditure - General Expenditure - Public Welfare - Institutions - Capital Outlay - Capital Outlay Other Than Construction - Equipment","State","Expenditure","K77","Exhibit - Equipment Only - Welfare Institutions","540"
"2020","New Hampshire","SF0365","Exhibit - Expenditure - Direct Expenditure - General Expenditure - Public Welfare - Institutions - Capital Outlay - Capital Outlay Other Than Construction - Equipment","State","Expenditure","K77","Exhibit - Equipment Only - Welfare Institutions","476"
"2021","New Hampshire","SF0365","Exhibit - Expenditure - Direct Expenditure - General Expenditure - Public Welfare - Institutions - Capital Outlay - Capital Outlay Other Than Construction - Equipment","State","Expenditure","K77","Exhibit - Equipment Only - Welfare Institutions","233"
"2012","New Jersey","SF0365","Exhibit - Expenditure - Direct Expenditure - General Expenditure - Public Welfare - Institutions - Capital Outlay - Capital Outlay Other Than Construction - Equipment","State","Expenditure","K77","Exhibit - Equipment Only - Welfare Institutions","1,075"
"2013","New Jersey","SF0365","Exhibit - Expenditure - Direct Expenditure - General Expenditure - Public Welfare - Institutions - Capital Outlay - Capital Outlay Other Than Construction - Equipment","State","Expenditure","K77","Exhibit - Equipment Only - Welfare Institutions","281"
"2014","New Jersey","SF0365","Exhibit - Expenditure - Direct Expenditure - General Expenditure - Public Welfare - Institutions - Capital Outlay - Capital Outlay Other Than Construction - Equipment","State","Expenditure","K77","Exhibit - Equipment Only - Welfare Institutions","735"
"2015","New Jersey","SF0365","Exhibit - Expenditure - Direct Expenditure - General Expenditure - Public Welfare - Institutions - Capital Outlay - Capital Outlay Other Than Construction - Equipment","State","Expenditure","K77","Exhibit - Equipment Only - Welfare Institutions","701"
"2016","New Jersey","SF0365","Exhibit - Expenditure - Direct Expenditure - General Expenditure - Public Welfare - Institutions - Capital Outlay - Capital Outlay Other Than Construction - Equipment","State","Expenditure","K77","Exhibit - Equipment Only - Welfare Institutions","424"
"2017","New Jersey","SF0365","Exhibit - Expenditure - Direct Expenditure - General Expenditure - Public Welfare - Institutions - Capital Outlay - Capital Outlay Other Than Construction - Equipment","State","Expenditure","K77","Exhibit - Equipment Only - Welfare Institutions","0"
"2018","New Jersey","SF0365","Exhibit - Expenditure - Direct Expenditure - General Expenditure - Public Welfare - Institutions - Capital Outlay - Capital Outlay Other Than Construction - Equipment","State","Expenditure","K77","Exhibit - Equipment Only - Welfare Institutions","569"
"2019","New Jersey","SF0365","Exhibit - Expenditure - Direct Expenditure - General Expenditure - Public Welfare - Institutions - Capital Outlay - Capital Outlay Other Than Construction - Equipment","State","Expenditure","K77","Exhibit - Equipment Only - Welfare Institutions","281"
"2020","New Jersey","SF0365","Exhibit - Expenditure - Direct Expenditure - General Expenditure - Public Welfare - Institutions - Capital Outlay - Capital Outlay Other Than Construction - Equipment","State","Expenditure","K77","Exhibit - Equipment Only - Welfare Institutions","0"
"2021","New Jersey","SF0365","Exhibit - Expenditure - Direct Expenditure - General Expenditure - Public Welfare - Institutions - Capital Outlay - Capital Outlay Other Than Construction - Equipment","State","Expenditure","K77","Exhibit - Equipment Only - Welfare Institutions","0"
"2012","New Mexico","SF0365","Exhibit - Expenditure - Direct Expenditure - General Expenditure - Public Welfare - Institutions - Capital Outlay - Capital Outlay Other Than Construction - Equipment","State","Expenditure","K77","Exhibit - Equipment Only - Welfare Institutions","0"
"2013","New Mexico","SF0365","Exhibit - Expenditure - Direct Expenditure - General Expenditure - Public Welfare - Institutions - Capital Outlay - Capital Outlay Other Than Construction - Equipment","State","Expenditure","K77","Exhibit - Equipment Only - Welfare Institutions","0"
"2014","New Mexico","SF0365","Exhibit - Expenditure - Direct Expenditure - General Expenditure - Public Welfare - Institutions - Capital Outlay - Capital Outlay Other Than Construction - Equipment","State","Expenditure","K77","Exhibit - Equipment Only - Welfare Institutions","0"
"2015","New Mexico","SF0365","Exhibit - Expenditure - Direct Expenditure - General Expenditure - Public Welfare - Institutions - Capital Outlay - Capital Outlay Other Than Construction - Equipment","State","Expenditure","K77","Exhibit - Equipment Only - Welfare Institutions","0"
"2016","New Mexico","SF0365","Exhibit - Expenditure - Direct Expenditure - General Expenditure - Public Welfare - Institutions - Capital Outlay - Capital Outlay Other Than Construction - Equipment","State","Expenditure","K77","Exhibit - Equipment Only - Welfare Institutions","0"
"2017","New Mexico","SF0365","Exhibit - Expenditure - Direct Expenditure - General Expenditure - Public Welfare - Institutions - Capital Outlay - Capital Outlay Other Than Construction - Equipment","State","Expenditure","K77","Exhibit - Equipment Only - Welfare Institutions","0"
"2018","New Mexico","SF0365","Exhibit - Expenditure - Direct Expenditure - General Expenditure - Public Welfare - Institutions - Capital Outlay - Capital Outlay Other Than Construction - Equipment","State","Expenditure","K77","Exhibit - Equipment Only - Welfare Institutions","1,336"
"2019","New Mexico","SF0365","Exhibit - Expenditure - Direct Expenditure - General Expenditure - Public Welfare - Institutions - Capital Outlay - Capital Outlay Other Than Construction - Equipment","State","Expenditure","K77","Exhibit - Equipment Only - Welfare Institutions","109"
"2020","New Mexico","SF0365","Exhibit - Expenditure - Direct Expenditure - General Expenditure - Public Welfare - Institutions - Capital Outlay - Capital Outlay Other Than Construction - Equipment","State","Expenditure","K77","Exhibit - Equipment Only - Welfare Institutions","0"
"2021","New Mexico","SF0365","Exhibit - Expenditure - Direct Expenditure - General Expenditure - Public Welfare - Institutions - Capital Outlay - Capital Outlay Other Than Construction - Equipment","State","Expenditure","K77","Exhibit - Equipment Only - Welfare Institutions","0"
"2012","New York","SF0365","Exhibit - Expenditure - Direct Expenditure - General Expenditure - Public Welfare - Institutions - Capital Outlay - Capital Outlay Other Than Construction - Equipment","State","Expenditure","K77","Exhibit - Equipment Only - Welfare Institutions","904"
"2013","New York","SF0365","Exhibit - Expenditure - Direct Expenditure - General Expenditure - Public Welfare - Institutions - Capital Outlay - Capital Outlay Other Than Construction - Equipment","State","Expenditure","K77","Exhibit - Equipment Only - Welfare Institutions","567"
"2014","New York","SF0365","Exhibit - Expenditure - Direct Expenditure - General Expenditure - Public Welfare - Institutions - Capital Outlay - Capital Outlay Other Than Construction - Equipment","State","Expenditure","K77","Exhibit - Equipment Only - Welfare Institutions","478"
"2015","New York","SF0365","Exhibit - Expenditure - Direct Expenditure - General Expenditure - Public Welfare - Institutions - Capital Outlay - Capital Outlay Other Than Construction - Equipment","State","Expenditure","K77","Exhibit - Equipment Only - Welfare Institutions","547"
"2016","New York","SF0365","Exhibit - Expenditure - Direct Expenditure - General Expenditure - Public Welfare - Institutions - Capital Outlay - Capital Outlay Other Than Construction - Equipment","State","Expenditure","K77","Exhibit - Equipment Only - Welfare Institutions","864"
"2017","New York","SF0365","Exhibit - Expenditure - Direct Expenditure - General Expenditure - Public Welfare - Institutions - Capital Outlay - Capital Outlay Other Than Construction - Equipment","State","Expenditure","K77","Exhibit - Equipment Only - Welfare Institutions","445"
"2018","New York","SF0365","Exhibit - Expenditure - Direct Expenditure - General Expenditure - Public Welfare - Institutions - Capital Outlay - Capital Outlay Other Than Construction - Equipment","State","Expenditure","K77","Exhibit - Equipment Only - Welfare Institutions","392"
"2019","New York","SF0365","Exhibit - Expenditure - Direct Expenditure - General Expenditure - Public Welfare - Institutions - Capital Outlay - Capital Outlay Other Than Construction - Equipment","State","Expenditure","K77","Exhibit - Equipment Only - Welfare Institutions","1,005"
"2020","New York","SF0365","Exhibit - Expenditure - Direct Expenditure - General Expenditure - Public Welfare - Institutions - Capital Outlay - Capital Outlay Other Than Construction - Equipment","State","Expenditure","K77","Exhibit - Equipment Only - Welfare Institutions","436"
"2021","New York","SF0365","Exhibit - Expenditure - Direct Expenditure - General Expenditure - Public Welfare - Institutions - Capital Outlay - Capital Outlay Other Than Construction - Equipment","State","Expenditure","K77","Exhibit - Equipment Only - Welfare Institutions","629"
"2012","North Carolina","SF0365","Exhibit - Expenditure - Direct Expenditure - General Expenditure - Public Welfare - Institutions - Capital Outlay - Capital Outlay Other Than Construction - Equipment","State","Expenditure","K77","Exhibit - Equipment Only - Welfare Institutions","69"
"2013","North Carolina","SF0365","Exhibit - Expenditure - Direct Expenditure - General Expenditure - Public Welfare - Institutions - Capital Outlay - Capital Outlay Other Than Construction - Equipment","State","Expenditure","K77","Exhibit - Equipment Only - Welfare Institutions","217"
"2014","North Carolina","SF0365","Exhibit - Expenditure - Direct Expenditure - General Expenditure - Public Welfare - Institutions - Capital Outlay - Capital Outlay Other Than Construction - Equipment","State","Expenditure","K77","Exhibit - Equipment Only - Welfare Institutions","151"
"2015","North Carolina","SF0365","Exhibit - Expenditure - Direct Expenditure - General Expenditure - Public Welfare - Institutions - Capital Outlay - Capital Outlay Other Than Construction - Equipment","State","Expenditure","K77","Exhibit - Equipment Only - Welfare Institutions","198"
"2016","North Carolina","SF0365","Exhibit - Expenditure - Direct Expenditure - General Expenditure - Public Welfare - Institutions - Capital Outlay - Capital Outlay Other Than Construction - Equipment","State","Expenditure","K77","Exhibit - Equipment Only - Welfare Institutions","391"
"2017","North Carolina","SF0365","Exhibit - Expenditure - Direct Expenditure - General Expenditure - Public Welfare - Institutions - Capital Outlay - Capital Outlay Other Than Construction - Equipment","State","Expenditure","K77","Exhibit - Equipment Only - Welfare Institutions","39"
"2018","North Carolina","SF0365","Exhibit - Expenditure - Direct Expenditure - General Expenditure - Public Welfare - Institutions - Capital Outlay - Capital Outlay Other Than Construction - Equipment","State","Expenditure","K77","Exhibit - Equipment Only - Welfare Institutions","113"
"2019","North Carolina","SF0365","Exhibit - Expenditure - Direct Expenditure - General Expenditure - Public Welfare - Institutions - Capital Outlay - Capital Outlay Other Than Construction - Equipment","State","Expenditure","K77","Exhibit - Equipment Only - Welfare Institutions","56"
"2020","North Carolina","SF0365","Exhibit - Expenditure - Direct Expenditure - General Expenditure - Public Welfare - Institutions - Capital Outlay - Capital Outlay Other Than Construction - Equipment","State","Expenditure","K77","Exhibit - Equipment Only - Welfare Institutions","159"
"2021","North Carolina","SF0365","Exhibit - Expenditure - Direct Expenditure - General Expenditure - Public Welfare - Institutions - Capital Outlay - Capital Outlay Other Than Construction - Equipment","State","Expenditure","K77","Exhibit - Equipment Only - Welfare Institutions","256"
"2012","North Dakota","SF0365","Exhibit - Expenditure - Direct Expenditure - General Expenditure - Public Welfare - Institutions - Capital Outlay - Capital Outlay Other Than Construction - Equipment","State","Expenditure","K77","Exhibit - Equipment Only - Welfare Institutions","263"
"2013","North Dakota","SF0365","Exhibit - Expenditure - Direct Expenditure - General Expenditure - Public Welfare - Institutions - Capital Outlay - Capital Outlay Other Than Construction - Equipment","State","Expenditure","K77","Exhibit - Equipment Only - Welfare Institutions","195"
"2014","North Dakota","SF0365","Exhibit - Expenditure - Direct Expenditure - General Expenditure - Public Welfare - Institutions - Capital Outlay - Capital Outlay Other Than Construction - Equipment","State","Expenditure","K77","Exhibit - Equipment Only - Welfare Institutions","379"
"2015","North Dakota","SF0365","Exhibit - Expenditure - Direct Expenditure - General Expenditure - Public Welfare - Institutions - Capital Outlay - Capital Outlay Other Than Construction - Equipment","State","Expenditure","K77","Exhibit - Equipment Only - Welfare Institutions","165"
"2016","North Dakota","SF0365","Exhibit - Expenditure - Direct Expenditure - General Expenditure - Public Welfare - Institutions - Capital Outlay - Capital Outlay Other Than Construction - Equipment","State","Expenditure","K77","Exhibit - Equipment Only - Welfare Institutions","136"
"2017","North Dakota","SF0365","Exhibit - Expenditure - Direct Expenditure - General Expenditure - Public Welfare - Institutions - Capital Outlay - Capital Outlay Other Than Construction - Equipment","State","Expenditure","K77","Exhibit - Equipment Only - Welfare Institutions","130"
"2018","North Dakota","SF0365","Exhibit - Expenditure - Direct Expenditure - General Expenditure - Public Welfare - Institutions - Capital Outlay - Capital Outlay Other Than Construction - Equipment","State","Expenditure","K77","Exhibit - Equipment Only - Welfare Institutions","106"
"2019","North Dakota","SF0365","Exhibit - Expenditure - Direct Expenditure - General Expenditure - Public Welfare - Institutions - Capital Outlay - Capital Outlay Other Than Construction - Equipment","State","Expenditure","K77","Exhibit - Equipment Only - Welfare Institutions","149"
"2020","North Dakota","SF0365","Exhibit - Expenditure - Direct Expenditure - General Expenditure - Public Welfare - Institutions - Capital Outlay - Capital Outlay Other Than Construction - Equipment","State","Expenditure","K77","Exhibit - Equipment Only - Welfare Institutions","285"
"2021","North Dakota","SF0365","Exhibit - Expenditure - Direct Expenditure - General Expenditure - Public Welfare - Institutions - Capital Outlay - Capital Outlay Other Than Construction - Equipment","State","Expenditure","K77","Exhibit - Equipment Only - Welfare Institutions","390"
"2012","Ohio","SF0365","Exhibit - Expenditure - Direct Expenditure - General Expenditure - Public Welfare - Institutions - Capital Outlay - Capital Outlay Other Than Construction - Equipment","State","Expenditure","K77","Exhibit - Equipment Only - Welfare Institutions","1,038"
"2013","Ohio","SF0365","Exhibit - Expenditure - Direct Expenditure - General Expenditure - Public Welfare - Institutions - Capital Outlay - Capital Outlay Other Than Construction - Equipment","State","Expenditure","K77","Exhibit - Equipment Only - Welfare Institutions","640"
"2014","Ohio","SF0365","Exhibit - Expenditure - Direct Expenditure - General Expenditure - Public Welfare - Institutions - Capital Outlay - Capital Outlay Other Than Construction - Equipment","State","Expenditure","K77","Exhibit - Equipment Only - Welfare Institutions","816"
"2015","Ohio","SF0365","Exhibit - Expenditure - Direct Expenditure - General Expenditure - Public Welfare - Institutions - Capital Outlay - Capital Outlay Other Than Construction - Equipment","State","Expenditure","K77","Exhibit - Equipment Only - Welfare Institutions","937"
"2016","Ohio","SF0365","Exhibit - Expenditure - Direct Expenditure - General Expenditure - Public Welfare - Institutions - Capital Outlay - Capital Outlay Other Than Construction - Equipment","State","Expenditure","K77","Exhibit - Equipment Only - Welfare Institutions","398"
"2017","Ohio","SF0365","Exhibit - Expenditure - Direct Expenditure - General Expenditure - Public Welfare - Institutions - Capital Outlay - Capital Outlay Other Than Construction - Equipment","State","Expenditure","K77","Exhibit - Equipment Only - Welfare Institutions","0"
"2018","Ohio","SF0365","Exhibit - Expenditure - Direct Expenditure - General Expenditure - Public Welfare - Institutions - Capital Outlay - Capital Outlay Other Than Construction - Equipment","State","Expenditure","K77","Exhibit - Equipment Only - Welfare Institutions","1,464"
"2019","Ohio","SF0365","Exhibit - Expenditure - Direct Expenditure - General Expenditure - Public Welfare - Institutions - Capital Outlay - Capital Outlay Other Than Construction - Equipment","State","Expenditure","K77","Exhibit - Equipment Only - Welfare Institutions","366"
"2020","Ohio","SF0365","Exhibit - Expenditure - Direct Expenditure - General Expenditure - Public Welfare - Institutions - Capital Outlay - Capital Outlay Other Than Construction - Equipment","State","Expenditure","K77","Exhibit - Equipment Only - Welfare Institutions","385"
"2021","Ohio","SF0365","Exhibit - Expenditure - Direct Expenditure - General Expenditure - Public Welfare - Institutions - Capital Outlay - Capital Outlay Other Than Construction - Equipment","State","Expenditure","K77","Exhibit - Equipment Only - Welfare Institutions","395"
"2012","Oklahoma","SF0365","Exhibit - Expenditure - Direct Expenditure - General Expenditure - Public Welfare - Institutions - Capital Outlay - Capital Outlay Other Than Construction - Equipment","State","Expenditure","K77","Exhibit - Equipment Only - Welfare Institutions","855"
"2013","Oklahoma","SF0365","Exhibit - Expenditure - Direct Expenditure - General Expenditure - Public Welfare - Institutions - Capital Outlay - Capital Outlay Other Than Construction - Equipment","State","Expenditure","K77","Exhibit - Equipment Only - Welfare Institutions","1,133"
"2014","Oklahoma","SF0365","Exhibit - Expenditure - Direct Expenditure - General Expenditure - Public Welfare - Institutions - Capital Outlay - Capital Outlay Other Than Construction - Equipment","State","Expenditure","K77","Exhibit - Equipment Only - Welfare Institutions","1,947"
"2015","Oklahoma","SF0365","Exhibit - Expenditure - Direct Expenditure - General Expenditure - Public Welfare - Institutions - Capital Outlay - Capital Outlay Other Than Construction - Equipment","State","Expenditure","K77","Exhibit - Equipment Only - Welfare Institutions","2,686"
"2016","Oklahoma","SF0365","Exhibit - Expenditure - Direct Expenditure - General Expenditure - Public Welfare - Institutions - Capital Outlay - Capital Outlay Other Than Construction - Equipment","State","Expenditure","K77","Exhibit - Equipment Only - Welfare Institutions","1,245"
"2017","Oklahoma","SF0365","Exhibit - Expenditure - Direct Expenditure - General Expenditure - Public Welfare - Institutions - Capital Outlay - Capital Outlay Other Than Construction - Equipment","State","Expenditure","K77","Exhibit - Equipment Only - Welfare Institutions","659"
"2018","Oklahoma","SF0365","Exhibit - Expenditure - Direct Expenditure - General Expenditure - Public Welfare - Institutions - Capital Outlay - Capital Outlay Other Than Construction - Equipment","State","Expenditure","K77","Exhibit - Equipment Only - Welfare Institutions","697"
"2019","Oklahoma","SF0365","Exhibit - Expenditure - Direct Expenditure - General Expenditure - Public Welfare - Institutions - Capital Outlay - Capital Outlay Other Than Construction - Equipment","State","Expenditure","K77","Exhibit - Equipment Only - Welfare Institutions","1,428"
"2020","Oklahoma","SF0365","Exhibit - Expenditure - Direct Expenditure - General Expenditure - Public Welfare - Institutions - Capital Outlay - Capital Outlay Other Than Construction - Equipment","State","Expenditure","K77","Exhibit - Equipment Only - Welfare Institutions","901"
"2021","Oklahoma","SF0365","Exhibit - Expenditure - Direct Expenditure - General Expenditure - Public Welfare - Institutions - Capital Outlay - Capital Outlay Other Than Construction - Equipment","State","Expenditure","K77","Exhibit - Equipment Only - Welfare Institutions","1,808"
"2012","Oregon","SF0365","Exhibit - Expenditure - Direct Expenditure - General Expenditure - Public Welfare - Institutions - Capital Outlay - Capital Outlay Other Than Construction - Equipment","State","Expenditure","K77","Exhibit - Equipment Only - Welfare Institutions","0"
"2013","Oregon","SF0365","Exhibit - Expenditure - Direct Expenditure - General Expenditure - Public Welfare - Institutions - Capital Outlay - Capital Outlay Other Than Construction - Equipment","State","Expenditure","K77","Exhibit - Equipment Only - Welfare Institutions","0"
"2014","Oregon","SF0365","Exhibit - Expenditure - Direct Expenditure - General Expenditure - Public Welfare - Institutions - Capital Outlay - Capital Outlay Other Than Construction - Equipment","State","Expenditure","K77","Exhibit - Equipment Only - Welfare Institutions","0"
"2015","Oregon","SF0365","Exhibit - Expenditure - Direct Expenditure - General Expenditure - Public Welfare - Institutions - Capital Outlay - Capital Outlay Other Than Construction - Equipment","State","Expenditure","K77","Exhibit - Equipment Only - Welfare Institutions","0"
"2016","Oregon","SF0365","Exhibit - Expenditure - Direct Expenditure - General Expenditure - Public Welfare - Institutions - Capital Outlay - Capital Outlay Other Than Construction - Equipment","State","Expenditure","K77","Exhibit - Equipment Only - Welfare Institutions","0"
"2017","Oregon","SF0365","Exhibit - Expenditure - Direct Expenditure - General Expenditure - Public Welfare - Institutions - Capital Outlay - Capital Outlay Other Than Construction - Equipment","State","Expenditure","K77","Exhibit - Equipment Only - Welfare Institutions","0"
"2018","Oregon","SF0365","Exhibit - Expenditure - Direct Expenditure - General Expenditure - Public Welfare - Institutions - Capital Outlay - Capital Outlay Other Than Construction - Equipment","State","Expenditure","K77","Exhibit - Equipment Only - Welfare Institutions","17"
"2019","Oregon","SF0365","Exhibit - Expenditure - Direct Expenditure - General Expenditure - Public Welfare - Institutions - Capital Outlay - Capital Outlay Other Than Construction - Equipment","State","Expenditure","K77","Exhibit - Equipment Only - Welfare Institutions","26"
"2020","Oregon","SF0365","Exhibit - Expenditure - Direct Expenditure - General Expenditure - Public Welfare - Institutions - Capital Outlay - Capital Outlay Other Than Construction - Equipment","State","Expenditure","K77","Exhibit - Equipment Only - Welfare Institutions","0"
"2021","Oregon","SF0365","Exhibit - Expenditure - Direct Expenditure - General Expenditure - Public Welfare - Institutions - Capital Outlay - Capital Outlay Other Than Construction - Equipment","State","Expenditure","K77","Exhibit - Equipment Only - Welfare Institutions","0"
"2012","Pennsylvania","SF0365","Exhibit - Expenditure - Direct Expenditure - General Expenditure - Public Welfare - Institutions - Capital Outlay - Capital Outlay Other Than Construction - Equipment","State","Expenditure","K77","Exhibit - Equipment Only - Welfare Institutions","2,602"
"2013","Pennsylvania","SF0365","Exhibit - Expenditure - Direct Expenditure - General Expenditure - Public Welfare - Institutions - Capital Outlay - Capital Outlay Other Than Construction - Equipment","State","Expenditure","K77","Exhibit - Equipment Only - Welfare Institutions","3,361"
"2014","Pennsylvania","SF0365","Exhibit - Expenditure - Direct Expenditure - General Expenditure - Public Welfare - Institutions - Capital Outlay - Capital Outlay Other Than Construction - Equipment","State","Expenditure","K77","Exhibit - Equipment Only - Welfare Institutions","2,846"
"2015","Pennsylvania","SF0365","Exhibit - Expenditure - Direct Expenditure - General Expenditure - Public Welfare - Institutions - Capital Outlay - Capital Outlay Other Than Construction - Equipment","State","Expenditure","K77","Exhibit - Equipment Only - Welfare Institutions","2,836"
"2016","Pennsylvania","SF0365","Exhibit - Expenditure - Direct Expenditure - General Expenditure - Public Welfare - Institutions - Capital Outlay - Capital Outlay Other Than Construction - Equipment","State","Expenditure","K77","Exhibit - Equipment Only - Welfare Institutions","1,807"
"2017","Pennsylvania","SF0365","Exhibit - Expenditure - Direct Expenditure - General Expenditure - Public Welfare - Institutions - Capital Outlay - Capital Outlay Other Than Construction - Equipment","State","Expenditure","K77","Exhibit - Equipment Only - Welfare Institutions","2,799"
"2018","Pennsylvania","SF0365","Exhibit - Expenditure - Direct Expenditure - General Expenditure - Public Welfare - Institutions - Capital Outlay - Capital Outlay Other Than Construction - Equipment","State","Expenditure","K77","Exhibit - Equipment Only - Welfare Institutions","2,782"
"2019","Pennsylvania","SF0365","Exhibit - Expenditure - Direct Expenditure - General Expenditure - Public Welfare - Institutions - Capital Outlay - Capital Outlay Other Than Construction - Equipment","State","Expenditure","K77","Exhibit - Equipment Only - Welfare Institutions","3,309"
"2020","Pennsylvania","SF0365","Exhibit - Expenditure - Direct Expenditure - General Expenditure - Public Welfare - Institutions - Capital Outlay - Capital Outlay Other Than Construction - Equipment","State","Expenditure","K77","Exhibit - Equipment Only - Welfare Institutions","3,466"
"2021","Pennsylvania","SF0365","Exhibit - Expenditure - Direct Expenditure - General Expenditure - Public Welfare - Institutions - Capital Outlay - Capital Outlay Other Than Construction - Equipment","State","Expenditure","K77","Exhibit - Equipment Only - Welfare Institutions","3,822"
"2012","Rhode Island","SF0365","Exhibit - Expenditure - Direct Expenditure - General Expenditure - Public Welfare - Institutions - Capital Outlay - Capital Outlay Other Than Construction - Equipment","State","Expenditure","K77","Exhibit - Equipment Only - Welfare Institutions","32"
"2013","Rhode Island","SF0365","Exhibit - Expenditure - Direct Expenditure - General Expenditure - Public Welfare - Institutions - Capital Outlay - Capital Outlay Other Than Construction - Equipment","State","Expenditure","K77","Exhibit - Equipment Only - Welfare Institutions","103"
"2014","Rhode Island","SF0365","Exhibit - Expenditure - Direct Expenditure - General Expenditure - Public Welfare - Institutions - Capital Outlay - Capital Outlay Other Than Construction - Equipment","State","Expenditure","K77","Exhibit - Equipment Only - Welfare Institutions","248"
"2015","Rhode Island","SF0365","Exhibit - Expenditure - Direct Expenditure - General Expenditure - Public Welfare - Institutions - Capital Outlay - Capital Outlay Other Than Construction - Equipment","State","Expenditure","K77","Exhibit - Equipment Only - Welfare Institutions","128"
"2016","Rhode Island","SF0365","Exhibit - Expenditure - Direct Expenditure - General Expenditure - Public Welfare - Institutions - Capital Outlay - Capital Outlay Other Than Construction - Equipment","State","Expenditure","K77","Exhibit - Equipment Only - Welfare Institutions","82"
"2017","Rhode Island","SF0365","Exhibit - Expenditure - Direct Expenditure - General Expenditure - Public Welfare - Institutions - Capital Outlay - Capital Outlay Other Than Construction - Equipment","State","Expenditure","K77","Exhibit - Equipment Only - Welfare Institutions","150"
"2018","Rhode Island","SF0365","Exhibit - Expenditure - Direct Expenditure - General Expenditure - Public Welfare - Institutions - Capital Outlay - Capital Outlay Other Than Construction - Equipment","State","Expenditure","K77","Exhibit - Equipment Only - Welfare Institutions","652"
"2019","Rhode Island","SF0365","Exhibit - Expenditure - Direct Expenditure - General Expenditure - Public Welfare - Institutions - Capital Outlay - Capital Outlay Other Than Construction - Equipment","State","Expenditure","K77","Exhibit - Equipment Only - Welfare Institutions","66"
"2020","Rhode Island","SF0365","Exhibit - Expenditure - Direct Expenditure - General Expenditure - Public Welfare - Institutions - Capital Outlay - Capital Outlay Other Than Construction - Equipment","State","Expenditure","K77","Exhibit - Equipment Only - Welfare Institutions","3"
"2021","Rhode Island","SF0365","Exhibit - Expenditure - Direct Expenditure - General Expenditure - Public Welfare - Institutions - Capital Outlay - Capital Outlay Other Than Construction - Equipment","State","Expenditure","K77","Exhibit - Equipment Only - Welfare Institutions","38"
"2012","South Carolina","SF0365","Exhibit - Expenditure - Direct Expenditure - General Expenditure - Public Welfare - Institutions - Capital Outlay - Capital Outlay Other Than Construction - Equipment","State","Expenditure","K77","Exhibit - Equipment Only - Welfare Institutions","0"
"2013","South Carolina","SF0365","Exhibit - Expenditure - Direct Expenditure - General Expenditure - Public Welfare - Institutions - Capital Outlay - Capital Outlay Other Than Construction - Equipment","State","Expenditure","K77","Exhibit - Equipment Only - Welfare Institutions","0"
"2014","South Carolina","SF0365","Exhibit - Expenditure - Direct Expenditure - General Expenditure - Public Welfare - Institutions - Capital Outlay - Capital Outlay Other Than Construction - Equipment","State","Expenditure","K77","Exhibit - Equipment Only - Welfare Institutions","0"
"2015","South Carolina","SF0365","Exhibit - Expenditure - Direct Expenditure - General Expenditure - Public Welfare - Institutions - Capital Outlay - Capital Outlay Other Than Construction - Equipment","State","Expenditure","K77","Exhibit - Equipment Only - Welfare Institutions","0"
"2016","South Carolina","SF0365","Exhibit - Expenditure - Direct Expenditure - General Expenditure - Public Welfare - Institutions - Capital Outlay - Capital Outlay Other Than Construction - Equipment","State","Expenditure","K77","Exhibit - Equipment Only - Welfare Institutions","0"
"2017","South Carolina","SF0365","Exhibit - Expenditure - Direct Expenditure - General Expenditure - Public Welfare - Institutions - Capital Outlay - Capital Outlay Other Than Construction - Equipment","State","Expenditure","K77","Exhibit - Equipment Only - Welfare Institutions","0"
"2018","South Carolina","SF0365","Exhibit - Expenditure - Direct Expenditure - General Expenditure - Public Welfare - Institutions - Capital Outlay - Capital Outlay Other Than Construction - Equipment","State","Expenditure","K77","Exhibit - Equipment Only - Welfare Institutions","0"
"2019","South Carolina","SF0365","Exhibit - Expenditure - Direct Expenditure - General Expenditure - Public Welfare - Institutions - Capital Outlay - Capital Outlay Other Than Construction - Equipment","State","Expenditure","K77","Exhibit - Equipment Only - Welfare Institutions","0"
"2020","South Carolina","SF0365","Exhibit - Expenditure - Direct Expenditure - General Expenditure - Public Welfare - Institutions - Capital Outlay - Capital Outlay Other Than Construction - Equipment","State","Expenditure","K77","Exhibit - Equipment Only - Welfare Institutions","0"
"2021","South Carolina","SF0365","Exhibit - Expenditure - Direct Expenditure - General Expenditure - Public Welfare - Institutions - Capital Outlay - Capital Outlay Other Than Construction - Equipment","State","Expenditure","K77","Exhibit - Equipment Only - Welfare Institutions","0"
"2012","South Dakota","SF0365","Exhibit - Expenditure - Direct Expenditure - General Expenditure - Public Welfare - Institutions - Capital Outlay - Capital Outlay Other Than Construction - Equipment","State","Expenditure","K77","Exhibit - Equipment Only - Welfare Institutions","31"
"2013","South Dakota","SF0365","Exhibit - Expenditure - Direct Expenditure - General Expenditure - Public Welfare - Institutions - Capital Outlay - Capital Outlay Other Than Construction - Equipment","State","Expenditure","K77","Exhibit - Equipment Only - Welfare Institutions","75"
"2014","South Dakota","SF0365","Exhibit - Expenditure - Direct Expenditure - General Expenditure - Public Welfare - Institutions - Capital Outlay - Capital Outlay Other Than Construction - Equipment","State","Expenditure","K77","Exhibit - Equipment Only - Welfare Institutions","238"
"2015","South Dakota","SF0365","Exhibit - Expenditure - Direct Expenditure - General Expenditure - Public Welfare - Institutions - Capital Outlay - Capital Outlay Other Than Construction - Equipment","State","Expenditure","K77","Exhibit - Equipment Only - Welfare Institutions","635"
"2016","South Dakota","SF0365","Exhibit - Expenditure - Direct Expenditure - General Expenditure - Public Welfare - Institutions - Capital Outlay - Capital Outlay Other Than Construction - Equipment","State","Expenditure","K77","Exhibit - Equipment Only - Welfare Institutions","747"
"2017","South Dakota","SF0365","Exhibit - Expenditure - Direct Expenditure - General Expenditure - Public Welfare - Institutions - Capital Outlay - Capital Outlay Other Than Construction - Equipment","State","Expenditure","K77","Exhibit - Equipment Only - Welfare Institutions","23"
"2018","South Dakota","SF0365","Exhibit - Expenditure - Direct Expenditure - General Expenditure - Public Welfare - Institutions - Capital Outlay - Capital Outlay Other Than Construction - Equipment","State","Expenditure","K77","Exhibit - Equipment Only - Welfare Institutions","19"
"2019","South Dakota","SF0365","Exhibit - Expenditure - Direct Expenditure - General Expenditure - Public Welfare - Institutions - Capital Outlay - Capital Outlay Other Than Construction - Equipment","State","Expenditure","K77","Exhibit - Equipment Only - Welfare Institutions","32"
"2020","South Dakota","SF0365","Exhibit - Expenditure - Direct Expenditure - General Expenditure - Public Welfare - Institutions - Capital Outlay - Capital Outlay Other Than Construction - Equipment","State","Expenditure","K77","Exhibit - Equipment Only - Welfare Institutions","69"
"2021","South Dakota","SF0365","Exhibit - Expenditure - Direct Expenditure - General Expenditure - Public Welfare - Institutions - Capital Outlay - Capital Outlay Other Than Construction - Equipment","State","Expenditure","K77","Exhibit - Equipment Only - Welfare Institutions","147"
"2012","Tennessee","SF0365","Exhibit - Expenditure - Direct Expenditure - General Expenditure - Public Welfare - Institutions - Capital Outlay - Capital Outlay Other Than Construction - Equipment","State","Expenditure","K77","Exhibit - Equipment Only - Welfare Institutions","0"
"2013","Tennessee","SF0365","Exhibit - Expenditure - Direct Expenditure - General Expenditure - Public Welfare - Institutions - Capital Outlay - Capital Outlay Other Than Construction - Equipment","State","Expenditure","K77","Exhibit - Equipment Only - Welfare Institutions","0"
"2014","Tennessee","SF0365","Exhibit - Expenditure - Direct Expenditure - General Expenditure - Public Welfare - Institutions - Capital Outlay - Capital Outlay Other Than Construction - Equipment","State","Expenditure","K77","Exhibit - Equipment Only - Welfare Institutions","0"
"2015","Tennessee","SF0365","Exhibit - Expenditure - Direct Expenditure - General Expenditure - Public Welfare - Institutions - Capital Outlay - Capital Outlay Other Than Construction - Equipment","State","Expenditure","K77","Exhibit - Equipment Only - Welfare Institutions","0"
"2016","Tennessee","SF0365","Exhibit - Expenditure - Direct Expenditure - General Expenditure - Public Welfare - Institutions - Capital Outlay - Capital Outlay Other Than Construction - Equipment","State","Expenditure","K77","Exhibit - Equipment Only - Welfare Institutions","0"
"2017","Tennessee","SF0365","Exhibit - Expenditure - Direct Expenditure - General Expenditure - Public Welfare - Institutions - Capital Outlay - Capital Outlay Other Than Construction - Equipment","State","Expenditure","K77","Exhibit - Equipment Only - Welfare Institutions","0"
"2018","Tennessee","SF0365","Exhibit - Expenditure - Direct Expenditure - General Expenditure - Public Welfare - Institutions - Capital Outlay - Capital Outlay Other Than Construction - Equipment","State","Expenditure","K77","Exhibit - Equipment Only - Welfare Institutions","0"
"2019","Tennessee","SF0365","Exhibit - Expenditure - Direct Expenditure - General Expenditure - Public Welfare - Institutions - Capital Outlay - Capital Outlay Other Than Construction - Equipment","State","Expenditure","K77","Exhibit - Equipment Only - Welfare Institutions","0"
"2020","Tennessee","SF0365","Exhibit - Expenditure - Direct Expenditure - General Expenditure - Public Welfare - Institutions - Capital Outlay - Capital Outlay Other Than Construction - Equipment","State","Expenditure","K77","Exhibit - Equipment Only - Welfare Institutions","0"
"2021","Tennessee","SF0365","Exhibit - Expenditure - Direct Expenditure - General Expenditure - Public Welfare - Institutions - Capital Outlay - Capital Outlay Other Than Construction - Equipment","State","Expenditure","K77","Exhibit - Equipment Only - Welfare Institutions","0"
"2012","Texas","SF0365","Exhibit - Expenditure - Direct Expenditure - General Expenditure - Public Welfare - Institutions - Capital Outlay - Capital Outlay Other Than Construction - Equipment","State","Expenditure","K77","Exhibit - Equipment Only - Welfare Institutions","0"
"2013","Texas","SF0365","Exhibit - Expenditure - Direct Expenditure - General Expenditure - Public Welfare - Institutions - Capital Outlay - Capital Outlay Other Than Construction - Equipment","State","Expenditure","K77","Exhibit - Equipment Only - Welfare Institutions","0"
"2014","Texas","SF0365","Exhibit - Expenditure - Direct Expenditure - General Expenditure - Public Welfare - Institutions - Capital Outlay - Capital Outlay Other Than Construction - Equipment","State","Expenditure","K77","Exhibit - Equipment Only - Welfare Institutions","0"
"2015","Texas","SF0365","Exhibit - Expenditure - Direct Expenditure - General Expenditure - Public Welfare - Institutions - Capital Outlay - Capital Outlay Other Than Construction - Equipment","State","Expenditure","K77","Exhibit - Equipment Only - Welfare Institutions","0"
"2016","Texas","SF0365","Exhibit - Expenditure - Direct Expenditure - General Expenditure - Public Welfare - Institutions - Capital Outlay - Capital Outlay Other Than Construction - Equipment","State","Expenditure","K77","Exhibit - Equipment Only - Welfare Institutions","0"
"2017","Texas","SF0365","Exhibit - Expenditure - Direct Expenditure - General Expenditure - Public Welfare - Institutions - Capital Outlay - Capital Outlay Other Than Construction - Equipment","State","Expenditure","K77","Exhibit - Equipment Only - Welfare Institutions","0"
"2018","Texas","SF0365","Exhibit - Expenditure - Direct Expenditure - General Expenditure - Public Welfare - Institutions - Capital Outlay - Capital Outlay Other Than Construction - Equipment","State","Expenditure","K77","Exhibit - Equipment Only - Welfare Institutions","0"
"2019","Texas","SF0365","Exhibit - Expenditure - Direct Expenditure - General Expenditure - Public Welfare - Institutions - Capital Outlay - Capital Outlay Other Than Construction - Equipment","State","Expenditure","K77","Exhibit - Equipment Only - Welfare Institutions","0"
"2020","Texas","SF0365","Exhibit - Expenditure - Direct Expenditure - General Expenditure - Public Welfare - Institutions - Capital Outlay - Capital Outlay Other Than Construction - Equipment","State","Expenditure","K77","Exhibit - Equipment Only - Welfare Institutions","0"
"2021","Texas","SF0365","Exhibit - Expenditure - Direct Expenditure - General Expenditure - Public Welfare - Institutions - Capital Outlay - Capital Outlay Other Than Construction - Equipment","State","Expenditure","K77","Exhibit - Equipment Only - Welfare Institutions","0"
"2012","Utah","SF0365","Exhibit - Expenditure - Direct Expenditure - General Expenditure - Public Welfare - Institutions - Capital Outlay - Capital Outlay Other Than Construction - Equipment","State","Expenditure","K77","Exhibit - Equipment Only - Welfare Institutions","37"
"2013","Utah","SF0365","Exhibit - Expenditure - Direct Expenditure - General Expenditure - Public Welfare - Institutions - Capital Outlay - Capital Outlay Other Than Construction - Equipment","State","Expenditure","K77","Exhibit - Equipment Only - Welfare Institutions","68"
"2014","Utah","SF0365","Exhibit - Expenditure - Direct Expenditure - General Expenditure - Public Welfare - Institutions - Capital Outlay - Capital Outlay Other Than Construction - Equipment","State","Expenditure","K77","Exhibit - Equipment Only - Welfare Institutions","82"
"2015","Utah","SF0365","Exhibit - Expenditure - Direct Expenditure - General Expenditure - Public Welfare - Institutions - Capital Outlay - Capital Outlay Other Than Construction - Equipment","State","Expenditure","K77","Exhibit - Equipment Only - Welfare Institutions","221"
"2016","Utah","SF0365","Exhibit - Expenditure - Direct Expenditure - General Expenditure - Public Welfare - Institutions - Capital Outlay - Capital Outlay Other Than Construction - Equipment","State","Expenditure","K77","Exhibit - Equipment Only - Welfare Institutions","85"
"2017","Utah","SF0365","Exhibit - Expenditure - Direct Expenditure - General Expenditure - Public Welfare - Institutions - Capital Outlay - Capital Outlay Other Than Construction - Equipment","State","Expenditure","K77","Exhibit - Equipment Only - Welfare Institutions","10"
"2018","Utah","SF0365","Exhibit - Expenditure - Direct Expenditure - General Expenditure - Public Welfare - Institutions - Capital Outlay - Capital Outlay Other Than Construction - Equipment","State","Expenditure","K77","Exhibit - Equipment Only - Welfare Institutions","75"
"2019","Utah","SF0365","Exhibit - Expenditure - Direct Expenditure - General Expenditure - Public Welfare - Institutions - Capital Outlay - Capital Outlay Other Than Construction - Equipment","State","Expenditure","K77","Exhibit - Equipment Only - Welfare Institutions","61"
"2020","Utah","SF0365","Exhibit - Expenditure - Direct Expenditure - General Expenditure - Public Welfare - Institutions - Capital Outlay - Capital Outlay Other Than Construction - Equipment","State","Expenditure","K77","Exhibit - Equipment Only - Welfare Institutions","311"
"2021","Utah","SF0365","Exhibit - Expenditure - Direct Expenditure - General Expenditure - Public Welfare - Institutions - Capital Outlay - Capital Outlay Other Than Construction - Equipment","State","Expenditure","K77","Exhibit - Equipment Only - Welfare Institutions","268"
"2012","Vermont","SF0365","Exhibit - Expenditure - Direct Expenditure - General Expenditure - Public Welfare - Institutions - Capital Outlay - Capital Outlay Other Than Construction - Equipment","State","Expenditure","K77","Exhibit - Equipment Only - Welfare Institutions","200"
"2013","Vermont","SF0365","Exhibit - Expenditure - Direct Expenditure - General Expenditure - Public Welfare - Institutions - Capital Outlay - Capital Outlay Other Than Construction - Equipment","State","Expenditure","K77","Exhibit - Equipment Only - Welfare Institutions","20"
"2014","Vermont","SF0365","Exhibit - Expenditure - Direct Expenditure - General Expenditure - Public Welfare - Institutions - Capital Outlay - Capital Outlay Other Than Construction - Equipment","State","Expenditure","K77","Exhibit - Equipment Only - Welfare Institutions","131"
"2015","Vermont","SF0365","Exhibit - Expenditure - Direct Expenditure - General Expenditure - Public Welfare - Institutions - Capital Outlay - Capital Outlay Other Than Construction - Equipment","State","Expenditure","K77","Exhibit - Equipment Only - Welfare Institutions","67"
"2016","Vermont","SF0365","Exhibit - Expenditure - Direct Expenditure - General Expenditure - Public Welfare - Institutions - Capital Outlay - Capital Outlay Other Than Construction - Equipment","State","Expenditure","K77","Exhibit - Equipment Only - Welfare Institutions","49"
"2017","Vermont","SF0365","Exhibit - Expenditure - Direct Expenditure - General Expenditure - Public Welfare - Institutions - Capital Outlay - Capital Outlay Other Than Construction - Equipment","State","Expenditure","K77","Exhibit - Equipment Only - Welfare Institutions","100"
"2018","Vermont","SF0365","Exhibit - Expenditure - Direct Expenditure - General Expenditure - Public Welfare - Institutions - Capital Outlay - Capital Outlay Other Than Construction - Equipment","State","Expenditure","K77","Exhibit - Equipment Only - Welfare Institutions","55"
"2019","Vermont","SF0365","Exhibit - Expenditure - Direct Expenditure - General Expenditure - Public Welfare - Institutions - Capital Outlay - Capital Outlay Other Than Construction - Equipment","State","Expenditure","K77","Exhibit - Equipment Only - Welfare Institutions","96"
"2020","Vermont","SF0365","Exhibit - Expenditure - Direct Expenditure - General Expenditure - Public Welfare - Institutions - Capital Outlay - Capital Outlay Other Than Construction - Equipment","State","Expenditure","K77","Exhibit - Equipment Only - Welfare Institutions","145"
"2021","Vermont","SF0365","Exhibit - Expenditure - Direct Expenditure - General Expenditure - Public Welfare - Institutions - Capital Outlay - Capital Outlay Other Than Construction - Equipment","State","Expenditure","K77","Exhibit - Equipment Only - Welfare Institutions","189"
"2012","Virginia","SF0365","Exhibit - Expenditure - Direct Expenditure - General Expenditure - Public Welfare - Institutions - Capital Outlay - Capital Outlay Other Than Construction - Equipment","State","Expenditure","K77","Exhibit - Equipment Only - Welfare Institutions","0"
"2013","Virginia","SF0365","Exhibit - Expenditure - Direct Expenditure - General Expenditure - Public Welfare - Institutions - Capital Outlay - Capital Outlay Other Than Construction - Equipment","State","Expenditure","K77","Exhibit - Equipment Only - Welfare Institutions","0"
"2014","Virginia","SF0365","Exhibit - Expenditure - Direct Expenditure - General Expenditure - Public Welfare - Institutions - Capital Outlay - Capital Outlay Other Than Construction - Equipment","State","Expenditure","K77","Exhibit - Equipment Only - Welfare Institutions","0"
"2015","Virginia","SF0365","Exhibit - Expenditure - Direct Expenditure - General Expenditure - Public Welfare - Institutions - Capital Outlay - Capital Outlay Other Than Construction - Equipment","State","Expenditure","K77","Exhibit - Equipment Only - Welfare Institutions","209"
"2016","Virginia","SF0365","Exhibit - Expenditure - Direct Expenditure - General Expenditure - Public Welfare - Institutions - Capital Outlay - Capital Outlay Other Than Construction - Equipment","State","Expenditure","K77","Exhibit - Equipment Only - Welfare Institutions","106"
"2017","Virginia","SF0365","Exhibit - Expenditure - Direct Expenditure - General Expenditure - Public Welfare - Institutions - Capital Outlay - Capital Outlay Other Than Construction - Equipment","State","Expenditure","K77","Exhibit - Equipment Only - Welfare Institutions","872"
"2018","Virginia","SF0365","Exhibit - Expenditure - Direct Expenditure - General Expenditure - Public Welfare - Institutions - Capital Outlay - Capital Outlay Other Than Construction - Equipment","State","Expenditure","K77","Exhibit - Equipment Only - Welfare Institutions","1,236"
"2019","Virginia","SF0365","Exhibit - Expenditure - Direct Expenditure - General Expenditure - Public Welfare - Institutions - Capital Outlay - Capital Outlay Other Than Construction - Equipment","State","Expenditure","K77","Exhibit - Equipment Only - Welfare Institutions","326"
"2020","Virginia","SF0365","Exhibit - Expenditure - Direct Expenditure - General Expenditure - Public Welfare - Institutions - Capital Outlay - Capital Outlay Other Than Construction - Equipment","State","Expenditure","K77","Exhibit - Equipment Only - Welfare Institutions","946"
"2021","Virginia","SF0365","Exhibit - Expenditure - Direct Expenditure - General Expenditure - Public Welfare - Institutions - Capital Outlay - Capital Outlay Other Than Construction - Equipment","State","Expenditure","K77","Exhibit - Equipment Only - Welfare Institutions","45"
"2012","Washington","SF0365","Exhibit - Expenditure - Direct Expenditure - General Expenditure - Public Welfare - Institutions - Capital Outlay - Capital Outlay Other Than Construction - Equipment","State","Expenditure","K77","Exhibit - Equipment Only - Welfare Institutions","524"
"2013","Washington","SF0365","Exhibit - Expenditure - Direct Expenditure - General Expenditure - Public Welfare - Institutions - Capital Outlay - Capital Outlay Other Than Construction - Equipment","State","Expenditure","K77","Exhibit - Equipment Only - Welfare Institutions","500"
"2014","Washington","SF0365","Exhibit - Expenditure - Direct Expenditure - General Expenditure - Public Welfare - Institutions - Capital Outlay - Capital Outlay Other Than Construction - Equipment","State","Expenditure","K77","Exhibit - Equipment Only - Welfare Institutions","831"
"2015","Washington","SF0365","Exhibit - Expenditure - Direct Expenditure - General Expenditure - Public Welfare - Institutions - Capital Outlay - Capital Outlay Other Than Construction - Equipment","State","Expenditure","K77","Exhibit - Equipment Only - Welfare Institutions","1,228"
"2016","Washington","SF0365","Exhibit - Expenditure - Direct Expenditure - General Expenditure - Public Welfare - Institutions - Capital Outlay - Capital Outlay Other Than Construction - Equipment","State","Expenditure","K77","Exhibit - Equipment Only - Welfare Institutions","683"
"2017","Washington","SF0365","Exhibit - Expenditure - Direct Expenditure - General Expenditure - Public Welfare - Institutions - Capital Outlay - Capital Outlay Other Than Construction - Equipment","State","Expenditure","K77","Exhibit - Equipment Only - Welfare Institutions","161"
"2018","Washington","SF0365","Exhibit - Expenditure - Direct Expenditure - General Expenditure - Public Welfare - Institutions - Capital Outlay - Capital Outlay Other Than Construction - Equipment","State","Expenditure","K77","Exhibit - Equipment Only - Welfare Institutions","186"
"2019","Washington","SF0365","Exhibit - Expenditure - Direct Expenditure - General Expenditure - Public Welfare - Institutions - Capital Outlay - Capital Outlay Other Than Construction - Equipment","State","Expenditure","K77","Exhibit - Equipment Only - Welfare Institutions","127"
"2020","Washington","SF0365","Exhibit - Expenditure - Direct Expenditure - General Expenditure - Public Welfare - Institutions - Capital Outlay - Capital Outlay Other Than Construction - Equipment","State","Expenditure","K77","Exhibit - Equipment Only - Welfare Institutions","402"
"2021","Washington","SF0365","Exhibit - Expenditure - Direct Expenditure - General Expenditure - Public Welfare - Institutions - Capital Outlay - Capital Outlay Other Than Construction - Equipment","State","Expenditure","K77","Exhibit - Equipment Only - Welfare Institutions","1,121"
"2012","West Virginia","SF0365","Exhibit - Expenditure - Direct Expenditure - General Expenditure - Public Welfare - Institutions - Capital Outlay - Capital Outlay Other Than Construction - Equipment","State","Expenditure","K77","Exhibit - Equipment Only - Welfare Institutions","35"
"2013","West Virginia","SF0365","Exhibit - Expenditure - Direct Expenditure - General Expenditure - Public Welfare - Institutions - Capital Outlay - Capital Outlay Other Than Construction - Equipment","State","Expenditure","K77","Exhibit - Equipment Only - Welfare Institutions","93"
"2014","West Virginia","SF0365","Exhibit - Expenditure - Direct Expenditure - General Expenditure - Public Welfare - Institutions - Capital Outlay - Capital Outlay Other Than Construction - Equipment","State","Expenditure","K77","Exhibit - Equipment Only - Welfare Institutions","194"
"2015","West Virginia","SF0365","Exhibit - Expenditure - Direct Expenditure - General Expenditure - Public Welfare - Institutions - Capital Outlay - Capital Outlay Other Than Construction - Equipment","State","Expenditure","K77","Exhibit - Equipment Only - Welfare Institutions","75"
"2016","West Virginia","SF0365","Exhibit - Expenditure - Direct Expenditure - General Expenditure - Public Welfare - Institutions - Capital Outlay - Capital Outlay Other Than Construction - Equipment","State","Expenditure","K77","Exhibit - Equipment Only - Welfare Institutions","72"
"2017","West Virginia","SF0365","Exhibit - Expenditure - Direct Expenditure - General Expenditure - Public Welfare - Institutions - Capital Outlay - Capital Outlay Other Than Construction - Equipment","State","Expenditure","K77","Exhibit - Equipment Only - Welfare Institutions","28"
"2018","West Virginia","SF0365","Exhibit - Expenditure - Direct Expenditure - General Expenditure - Public Welfare - Institutions - Capital Outlay - Capital Outlay Other Than Construction - Equipment","State","Expenditure","K77","Exhibit - Equipment Only - Welfare Institutions","129"
"2019","West Virginia","SF0365","Exhibit - Expenditure - Direct Expenditure - General Expenditure - Public Welfare - Institutions - Capital Outlay - Capital Outlay Other Than Construction - Equipment","State","Expenditure","K77","Exhibit - Equipment Only - Welfare Institutions","60"
"2020","West Virginia","SF0365","Exhibit - Expenditure - Direct Expenditure - General Expenditure - Public Welfare - Institutions - Capital Outlay - Capital Outlay Other Than Construction - Equipment","State","Expenditure","K77","Exhibit - Equipment Only - Welfare Institutions","29"
"2021","West Virginia","SF0365","Exhibit - Expenditure - Direct Expenditure - General Expenditure - Public Welfare - Institutions - Capital Outlay - Capital Outlay Other Than Construction - Equipment","State","Expenditure","K77","Exhibit - Equipment Only - Welfare Institutions","17"
"2012","Wisconsin","SF0365","Exhibit - Expenditure - Direct Expenditure - General Expenditure - Public Welfare - Institutions - Capital Outlay - Capital Outlay Other Than Construction - Equipment","State","Expenditure","K77","Exhibit - Equipment Only - Welfare Institutions","559"
"2013","Wisconsin","SF0365","Exhibit - Expenditure - Direct Expenditure - General Expenditure - Public Welfare - Institutions - Capital Outlay - Capital Outlay Other Than Construction - Equipment","State","Expenditure","K77","Exhibit - Equipment Only - Welfare Institutions","471"
"2014","Wisconsin","SF0365","Exhibit - Expenditure - Direct Expenditure - General Expenditure - Public Welfare - Institutions - Capital Outlay - Capital Outlay Other Than Construction - Equipment","State","Expenditure","K77","Exhibit - Equipment Only - Welfare Institutions","318"
"2015","Wisconsin","SF0365","Exhibit - Expenditure - Direct Expenditure - General Expenditure - Public Welfare - Institutions - Capital Outlay - Capital Outlay Other Than Construction - Equipment","State","Expenditure","K77","Exhibit - Equipment Only - Welfare Institutions","311"
"2016","Wisconsin","SF0365","Exhibit - Expenditure - Direct Expenditure - General Expenditure - Public Welfare - Institutions - Capital Outlay - Capital Outlay Other Than Construction - Equipment","State","Expenditure","K77","Exhibit - Equipment Only - Welfare Institutions","325"
"2017","Wisconsin","SF0365","Exhibit - Expenditure - Direct Expenditure - General Expenditure - Public Welfare - Institutions - Capital Outlay - Capital Outlay Other Than Construction - Equipment","State","Expenditure","K77","Exhibit - Equipment Only - Welfare Institutions","662"
"2018","Wisconsin","SF0365","Exhibit - Expenditure - Direct Expenditure - General Expenditure - Public Welfare - Institutions - Capital Outlay - Capital Outlay Other Than Construction - Equipment","State","Expenditure","K77","Exhibit - Equipment Only - Welfare Institutions","355"
"2019","Wisconsin","SF0365","Exhibit - Expenditure - Direct Expenditure - General Expenditure - Public Welfare - Institutions - Capital Outlay - Capital Outlay Other Than Construction - Equipment","State","Expenditure","K77","Exhibit - Equipment Only - Welfare Institutions","363"
"2020","Wisconsin","SF0365","Exhibit - Expenditure - Direct Expenditure - General Expenditure - Public Welfare - Institutions - Capital Outlay - Capital Outlay Other Than Construction - Equipment","State","Expenditure","K77","Exhibit - Equipment Only - Welfare Institutions","147"
"2021","Wisconsin","SF0365","Exhibit - Expenditure - Direct Expenditure - General Expenditure - Public Welfare - Institutions - Capital Outlay - Capital Outlay Other Than Construction - Equipment","State","Expenditure","K77","Exhibit - Equipment Only - Welfare Institutions","161"
"2012","Wyoming","SF0365","Exhibit - Expenditure - Direct Expenditure - General Expenditure - Public Welfare - Institutions - Capital Outlay - Capital Outlay Other Than Construction - Equipment","State","Expenditure","K77","Exhibit - Equipment Only - Welfare Institutions","6"
"2013","Wyoming","SF0365","Exhibit - Expenditure - Direct Expenditure - General Expenditure - Public Welfare - Institutions - Capital Outlay - Capital Outlay Other Than Construction - Equipment","State","Expenditure","K77","Exhibit - Equipment Only - Welfare Institutions","60"
"2014","Wyoming","SF0365","Exhibit - Expenditure - Direct Expenditure - General Expenditure - Public Welfare - Institutions - Capital Outlay - Capital Outlay Other Than Construction - Equipment","State","Expenditure","K77","Exhibit - Equipment Only - Welfare Institutions","44"
"2015","Wyoming","SF0365","Exhibit - Expenditure - Direct Expenditure - General Expenditure - Public Welfare - Institutions - Capital Outlay - Capital Outlay Other Than Construction - Equipment","State","Expenditure","K77","Exhibit - Equipment Only - Welfare Institutions","6"
"2016","Wyoming","SF0365","Exhibit - Expenditure - Direct Expenditure - General Expenditure - Public Welfare - Institutions - Capital Outlay - Capital Outlay Other Than Construction - Equipment","State","Expenditure","K77","Exhibit - Equipment Only - Welfare Institutions","83"
"2017","Wyoming","SF0365","Exhibit - Expenditure - Direct Expenditure - General Expenditure - Public Welfare - Institutions - Capital Outlay - Capital Outlay Other Than Construction - Equipment","State","Expenditure","K77","Exhibit - Equipment Only - Welfare Institutions","0"
"2018","Wyoming","SF0365","Exhibit - Expenditure - Direct Expenditure - General Expenditure - Public Welfare - Institutions - Capital Outlay - Capital Outlay Other Than Construction - Equipment","State","Expenditure","K77","Exhibit - Equipment Only - Welfare Institutions","0"
"2019","Wyoming","SF0365","Exhibit - Expenditure - Direct Expenditure - General Expenditure - Public Welfare - Institutions - Capital Outlay - Capital Outlay Other Than Construction - Equipment","State","Expenditure","K77","Exhibit - Equipment Only - Welfare Institutions","61"
"2020","Wyoming","SF0365","Exhibit - Expenditure - Direct Expenditure - General Expenditure - Public Welfare - Institutions - Capital Outlay - Capital Outlay Other Than Construction - Equipment","State","Expenditure","K77","Exhibit - Equipment Only - Welfare Institutions","53"
"2021","Wyoming","SF0365","Exhibit - Expenditure - Direct Expenditure - General Expenditure - Public Welfare - Institutions - Capital Outlay - Capital Outlay Other Than Construction - Equipment","State","Expenditure","K77","Exhibit - Equipment Only - Welfare Institutions","0"
"2012","United States","SF0346","Exhibit - Expenditure - Direct Expenditure - General Expenditure - Police Protection - Capital Outlay - Capital Outlay Other Than Construction - Equipment","State","Expenditure","K62","Exhibit - Equipment Only - Police Protection","506,481"
"2013","United States","SF0346","Exhibit - Expenditure - Direct Expenditure - General Expenditure - Police Protection - Capital Outlay - Capital Outlay Other Than Construction - Equipment","State","Expenditure","K62","Exhibit - Equipment Only - Police Protection","526,726"
"2014","United States","SF0346","Exhibit - Expenditure - Direct Expenditure - General Expenditure - Police Protection - Capital Outlay - Capital Outlay Other Than Construction - Equipment","State","Expenditure","K62","Exhibit - Equipment Only - Police Protection","563,098"
"2015","United States","SF0346","Exhibit - Expenditure - Direct Expenditure - General Expenditure - Police Protection - Capital Outlay - Capital Outlay Other Than Construction - Equipment","State","Expenditure","K62","Exhibit - Equipment Only - Police Protection","524,830"
"2016","United States","SF0346","Exhibit - Expenditure - Direct Expenditure - General Expenditure - Police Protection - Capital Outlay - Capital Outlay Other Than Construction - Equipment","State","Expenditure","K62","Exhibit - Equipment Only - Police Protection","491,790"
"2017","United States","SF0346","Exhibit - Expenditure - Direct Expenditure - General Expenditure - Police Protection - Capital Outlay - Capital Outlay Other Than Construction - Equipment","State","Expenditure","K62","Exhibit - Equipment Only - Police Protection","511,194"
"2018","United States","SF0346","Exhibit - Expenditure - Direct Expenditure - General Expenditure - Police Protection - Capital Outlay - Capital Outlay Other Than Construction - Equipment","State","Expenditure","K62","Exhibit - Equipment Only - Police Protection","558,952"
"2019","United States","SF0346","Exhibit - Expenditure - Direct Expenditure - General Expenditure - Police Protection - Capital Outlay - Capital Outlay Other Than Construction - Equipment","State","Expenditure","K62","Exhibit - Equipment Only - Police Protection","575,680"
"2020","United States","SF0346","Exhibit - Expenditure - Direct Expenditure - General Expenditure - Police Protection - Capital Outlay - Capital Outlay Other Than Construction - Equipment","State","Expenditure","K62","Exhibit - Equipment Only - Police Protection","599,803"
"2021","United States","SF0346","Exhibit - Expenditure - Direct Expenditure - General Expenditure - Police Protection - Capital Outlay - Capital Outlay Other Than Construction - Equipment","State","Expenditure","K62","Exhibit - Equipment Only - Police Protection","614,962"
"2012","Alabama","SF0346","Exhibit - Expenditure - Direct Expenditure - General Expenditure - Police Protection - Capital Outlay - Capital Outlay Other Than Construction - Equipment","State","Expenditure","K62","Exhibit - Equipment Only - Police Protection","10,514"
"2013","Alabama","SF0346","Exhibit - Expenditure - Direct Expenditure - General Expenditure - Police Protection - Capital Outlay - Capital Outlay Other Than Construction - Equipment","State","Expenditure","K62","Exhibit - Equipment Only - Police Protection","12,419"
"2014","Alabama","SF0346","Exhibit - Expenditure - Direct Expenditure - General Expenditure - Police Protection - Capital Outlay - Capital Outlay Other Than Construction - Equipment","State","Expenditure","K62","Exhibit - Equipment Only - Police Protection","10,360"
"2015","Alabama","SF0346","Exhibit - Expenditure - Direct Expenditure - General Expenditure - Police Protection - Capital Outlay - Capital Outlay Other Than Construction - Equipment","State","Expenditure","K62","Exhibit - Equipment Only - Police Protection","12,129"
"2016","Alabama","SF0346","Exhibit - Expenditure - Direct Expenditure - General Expenditure - Police Protection - Capital Outlay - Capital Outlay Other Than Construction - Equipment","State","Expenditure","K62","Exhibit - Equipment Only - Police Protection","9,393"
"2017","Alabama","SF0346","Exhibit - Expenditure - Direct Expenditure - General Expenditure - Police Protection - Capital Outlay - Capital Outlay Other Than Construction - Equipment","State","Expenditure","K62","Exhibit - Equipment Only - Police Protection","9,858"
"2018","Alabama","SF0346","Exhibit - Expenditure - Direct Expenditure - General Expenditure - Police Protection - Capital Outlay - Capital Outlay Other Than Construction - Equipment","State","Expenditure","K62","Exhibit - Equipment Only - Police Protection","2,904"
"2019","Alabama","SF0346","Exhibit - Expenditure - Direct Expenditure - General Expenditure - Police Protection - Capital Outlay - Capital Outlay Other Than Construction - Equipment","State","Expenditure","K62","Exhibit - Equipment Only - Police Protection","4,397"
"2020","Alabama","SF0346","Exhibit - Expenditure - Direct Expenditure - General Expenditure - Police Protection - Capital Outlay - Capital Outlay Other Than Construction - Equipment","State","Expenditure","K62","Exhibit - Equipment Only - Police Protection","6,884"
"2021","Alabama","SF0346","Exhibit - Expenditure - Direct Expenditure - General Expenditure - Police Protection - Capital Outlay - Capital Outlay Other Than Construction - Equipment","State","Expenditure","K62","Exhibit - Equipment Only - Police Protection","5,616"
"2012","Alaska","SF0346","Exhibit - Expenditure - Direct Expenditure - General Expenditure - Police Protection - Capital Outlay - Capital Outlay Other Than Construction - Equipment","State","Expenditure","K62","Exhibit - Equipment Only - Police Protection","722"
"2013","Alaska","SF0346","Exhibit - Expenditure - Direct Expenditure - General Expenditure - Police Protection - Capital Outlay - Capital Outlay Other Than Construction - Equipment","State","Expenditure","K62","Exhibit - Equipment Only - Police Protection","14,663"
"2014","Alaska","SF0346","Exhibit - Expenditure - Direct Expenditure - General Expenditure - Police Protection - Capital Outlay - Capital Outlay Other Than Construction - Equipment","State","Expenditure","K62","Exhibit - Equipment Only - Police Protection","6,066"
"2015","Alaska","SF0346","Exhibit - Expenditure - Direct Expenditure - General Expenditure - Police Protection - Capital Outlay - Capital Outlay Other Than Construction - Equipment","State","Expenditure","K62","Exhibit - Equipment Only - Police Protection","1,635"
"2016","Alaska","SF0346","Exhibit - Expenditure - Direct Expenditure - General Expenditure - Police Protection - Capital Outlay - Capital Outlay Other Than Construction - Equipment","State","Expenditure","K62","Exhibit - Equipment Only - Police Protection","491"
"2017","Alaska","SF0346","Exhibit - Expenditure - Direct Expenditure - General Expenditure - Police Protection - Capital Outlay - Capital Outlay Other Than Construction - Equipment","State","Expenditure","K62","Exhibit - Equipment Only - Police Protection","1,990"
"2018","Alaska","SF0346","Exhibit - Expenditure - Direct Expenditure - General Expenditure - Police Protection - Capital Outlay - Capital Outlay Other Than Construction - Equipment","State","Expenditure","K62","Exhibit - Equipment Only - Police Protection","2,659"
"2019","Alaska","SF0346","Exhibit - Expenditure - Direct Expenditure - General Expenditure - Police Protection - Capital Outlay - Capital Outlay Other Than Construction - Equipment","State","Expenditure","K62","Exhibit - Equipment Only - Police Protection","4,892"
"2020","Alaska","SF0346","Exhibit - Expenditure - Direct Expenditure - General Expenditure - Police Protection - Capital Outlay - Capital Outlay Other Than Construction - Equipment","State","Expenditure","K62","Exhibit - Equipment Only - Police Protection","5,697"
"2021","Alaska","SF0346","Exhibit - Expenditure - Direct Expenditure - General Expenditure - Police Protection - Capital Outlay - Capital Outlay Other Than Construction - Equipment","State","Expenditure","K62","Exhibit - Equipment Only - Police Protection","4,763"
"2012","Arizona","SF0346","Exhibit - Expenditure - Direct Expenditure - General Expenditure - Police Protection - Capital Outlay - Capital Outlay Other Than Construction - Equipment","State","Expenditure","K62","Exhibit - Equipment Only - Police Protection","20,012"
"2013","Arizona","SF0346","Exhibit - Expenditure - Direct Expenditure - General Expenditure - Police Protection - Capital Outlay - Capital Outlay Other Than Construction - Equipment","State","Expenditure","K62","Exhibit - Equipment Only - Police Protection","18,926"
"2014","Arizona","SF0346","Exhibit - Expenditure - Direct Expenditure - General Expenditure - Police Protection - Capital Outlay - Capital Outlay Other Than Construction - Equipment","State","Expenditure","K62","Exhibit - Equipment Only - Police Protection","26,430"
"2015","Arizona","SF0346","Exhibit - Expenditure - Direct Expenditure - General Expenditure - Police Protection - Capital Outlay - Capital Outlay Other Than Construction - Equipment","State","Expenditure","K62","Exhibit - Equipment Only - Police Protection","13,527"
"2016","Arizona","SF0346","Exhibit - Expenditure - Direct Expenditure - General Expenditure - Police Protection - Capital Outlay - Capital Outlay Other Than Construction - Equipment","State","Expenditure","K62","Exhibit - Equipment Only - Police Protection","7,830"
"2017","Arizona","SF0346","Exhibit - Expenditure - Direct Expenditure - General Expenditure - Police Protection - Capital Outlay - Capital Outlay Other Than Construction - Equipment","State","Expenditure","K62","Exhibit - Equipment Only - Police Protection","17,711"
"2018","Arizona","SF0346","Exhibit - Expenditure - Direct Expenditure - General Expenditure - Police Protection - Capital Outlay - Capital Outlay Other Than Construction - Equipment","State","Expenditure","K62","Exhibit - Equipment Only - Police Protection","15,819"
"2019","Arizona","SF0346","Exhibit - Expenditure - Direct Expenditure - General Expenditure - Police Protection - Capital Outlay - Capital Outlay Other Than Construction - Equipment","State","Expenditure","K62","Exhibit - Equipment Only - Police Protection","16,529"
"2020","Arizona","SF0346","Exhibit - Expenditure - Direct Expenditure - General Expenditure - Police Protection - Capital Outlay - Capital Outlay Other Than Construction - Equipment","State","Expenditure","K62","Exhibit - Equipment Only - Police Protection","22,797"
"2021","Arizona","SF0346","Exhibit - Expenditure - Direct Expenditure - General Expenditure - Police Protection - Capital Outlay - Capital Outlay Other Than Construction - Equipment","State","Expenditure","K62","Exhibit - Equipment Only - Police Protection","26,167"
"2012","Arkansas","SF0346","Exhibit - Expenditure - Direct Expenditure - General Expenditure - Police Protection - Capital Outlay - Capital Outlay Other Than Construction - Equipment","State","Expenditure","K62","Exhibit - Equipment Only - Police Protection","0"
"2013","Arkansas","SF0346","Exhibit - Expenditure - Direct Expenditure - General Expenditure - Police Protection - Capital Outlay - Capital Outlay Other Than Construction - Equipment","State","Expenditure","K62","Exhibit - Equipment Only - Police Protection","0"
"2014","Arkansas","SF0346","Exhibit - Expenditure - Direct Expenditure - General Expenditure - Police Protection - Capital Outlay - Capital Outlay Other Than Construction - Equipment","State","Expenditure","K62","Exhibit - Equipment Only - Police Protection","0"
"2015","Arkansas","SF0346","Exhibit - Expenditure - Direct Expenditure - General Expenditure - Police Protection - Capital Outlay - Capital Outlay Other Than Construction - Equipment","State","Expenditure","K62","Exhibit - Equipment Only - Police Protection","0"
"2016","Arkansas","SF0346","Exhibit - Expenditure - Direct Expenditure - General Expenditure - Police Protection - Capital Outlay - Capital Outlay Other Than Construction - Equipment","State","Expenditure","K62","Exhibit - Equipment Only - Police Protection","0"
"2017","Arkansas","SF0346","Exhibit - Expenditure - Direct Expenditure - General Expenditure - Police Protection - Capital Outlay - Capital Outlay Other Than Construction - Equipment","State","Expenditure","K62","Exhibit - Equipment Only - Police Protection","0"
"2018","Arkansas","SF0346","Exhibit - Expenditure - Direct Expenditure - General Expenditure - Police Protection - Capital Outlay - Capital Outlay Other Than Construction - Equipment","State","Expenditure","K62","Exhibit - Equipment Only - Police Protection","0"
"2019","Arkansas","SF0346","Exhibit - Expenditure - Direct Expenditure - General Expenditure - Police Protection - Capital Outlay - Capital Outlay Other Than Construction - Equipment","State","Expenditure","K62","Exhibit - Equipment Only - Police Protection","0"
"2020","Arkansas","SF0346","Exhibit - Expenditure - Direct Expenditure - General Expenditure - Police Protection - Capital Outlay - Capital Outlay Other Than Construction - Equipment","State","Expenditure","K62","Exhibit - Equipment Only - Police Protection","0"
"2021","Arkansas","SF0346","Exhibit - Expenditure - Direct Expenditure - General Expenditure - Police Protection - Capital Outlay - Capital Outlay Other Than Construction - Equipment","State","Expenditure","K62","Exhibit - Equipment Only - Police Protection","0"
"2012","California","SF0346","Exhibit - Expenditure - Direct Expenditure - General Expenditure - Police Protection - Capital Outlay - Capital Outlay Other Than Construction - Equipment","State","Expenditure","K62","Exhibit - Equipment Only - Police Protection","37,201"
"2013","California","SF0346","Exhibit - Expenditure - Direct Expenditure - General Expenditure - Police Protection - Capital Outlay - Capital Outlay Other Than Construction - Equipment","State","Expenditure","K62","Exhibit - Equipment Only - Police Protection","23,875"
"2014","California","SF0346","Exhibit - Expenditure - Direct Expenditure - General Expenditure - Police Protection - Capital Outlay - Capital Outlay Other Than Construction - Equipment","State","Expenditure","K62","Exhibit - Equipment Only - Police Protection","26,185"
"2015","California","SF0346","Exhibit - Expenditure - Direct Expenditure - General Expenditure - Police Protection - Capital Outlay - Capital Outlay Other Than Construction - Equipment","State","Expenditure","K62","Exhibit - Equipment Only - Police Protection","0"
"2016","California","SF0346","Exhibit - Expenditure - Direct Expenditure - General Expenditure - Police Protection - Capital Outlay - Capital Outlay Other Than Construction - Equipment","State","Expenditure","K62","Exhibit - Equipment Only - Police Protection","0"
"2017","California","SF0346","Exhibit - Expenditure - Direct Expenditure - General Expenditure - Police Protection - Capital Outlay - Capital Outlay Other Than Construction - Equipment","State","Expenditure","K62","Exhibit - Equipment Only - Police Protection","0"
"2018","California","SF0346","Exhibit - Expenditure - Direct Expenditure - General Expenditure - Police Protection - Capital Outlay - Capital Outlay Other Than Construction - Equipment","State","Expenditure","K62","Exhibit - Equipment Only - Police Protection","0"
"2019","California","SF0346","Exhibit - Expenditure - Direct Expenditure - General Expenditure - Police Protection - Capital Outlay - Capital Outlay Other Than Construction - Equipment","State","Expenditure","K62","Exhibit - Equipment Only - Police Protection","0"
"2020","California","SF0346","Exhibit - Expenditure - Direct Expenditure - General Expenditure - Police Protection - Capital Outlay - Capital Outlay Other Than Construction - Equipment","State","Expenditure","K62","Exhibit - Equipment Only - Police Protection","0"
"2021","California","SF0346","Exhibit - Expenditure - Direct Expenditure - General Expenditure - Police Protection - Capital Outlay - Capital Outlay Other Than Construction - Equipment","State","Expenditure","K62","Exhibit - Equipment Only - Police Protection","0"
"2012","Colorado","SF0346","Exhibit - Expenditure - Direct Expenditure - General Expenditure - Police Protection - Capital Outlay - Capital Outlay Other Than Construction - Equipment","State","Expenditure","K62","Exhibit - Equipment Only - Police Protection","5,695"
"2013","Colorado","SF0346","Exhibit - Expenditure - Direct Expenditure - General Expenditure - Police Protection - Capital Outlay - Capital Outlay Other Than Construction - Equipment","State","Expenditure","K62","Exhibit - Equipment Only - Police Protection","7,602"
"2014","Colorado","SF0346","Exhibit - Expenditure - Direct Expenditure - General Expenditure - Police Protection - Capital Outlay - Capital Outlay Other Than Construction - Equipment","State","Expenditure","K62","Exhibit - Equipment Only - Police Protection","7,451"
"2015","Colorado","SF0346","Exhibit - Expenditure - Direct Expenditure - General Expenditure - Police Protection - Capital Outlay - Capital Outlay Other Than Construction - Equipment","State","Expenditure","K62","Exhibit - Equipment Only - Police Protection","5,160"
"2016","Colorado","SF0346","Exhibit - Expenditure - Direct Expenditure - General Expenditure - Police Protection - Capital Outlay - Capital Outlay Other Than Construction - Equipment","State","Expenditure","K62","Exhibit - Equipment Only - Police Protection","4,967"
"2017","Colorado","SF0346","Exhibit - Expenditure - Direct Expenditure - General Expenditure - Police Protection - Capital Outlay - Capital Outlay Other Than Construction - Equipment","State","Expenditure","K62","Exhibit - Equipment Only - Police Protection","4,735"
"2018","Colorado","SF0346","Exhibit - Expenditure - Direct Expenditure - General Expenditure - Police Protection - Capital Outlay - Capital Outlay Other Than Construction - Equipment","State","Expenditure","K62","Exhibit - Equipment Only - Police Protection","5,984"
"2019","Colorado","SF0346","Exhibit - Expenditure - Direct Expenditure - General Expenditure - Police Protection - Capital Outlay - Capital Outlay Other Than Construction - Equipment","State","Expenditure","K62","Exhibit - Equipment Only - Police Protection","4,229"
"2020","Colorado","SF0346","Exhibit - Expenditure - Direct Expenditure - General Expenditure - Police Protection - Capital Outlay - Capital Outlay Other Than Construction - Equipment","State","Expenditure","K62","Exhibit - Equipment Only - Police Protection","5,624"
"2021","Colorado","SF0346","Exhibit - Expenditure - Direct Expenditure - General Expenditure - Police Protection - Capital Outlay - Capital Outlay Other Than Construction - Equipment","State","Expenditure","K62","Exhibit - Equipment Only - Police Protection","6,163"
"2012","Connecticut","SF0346","Exhibit - Expenditure - Direct Expenditure - General Expenditure - Police Protection - Capital Outlay - Capital Outlay Other Than Construction - Equipment","State","Expenditure","K62","Exhibit - Equipment Only - Police Protection","4,784"
"2013","Connecticut","SF0346","Exhibit - Expenditure - Direct Expenditure - General Expenditure - Police Protection - Capital Outlay - Capital Outlay Other Than Construction - Equipment","State","Expenditure","K62","Exhibit - Equipment Only - Police Protection","10,997"
"2014","Connecticut","SF0346","Exhibit - Expenditure - Direct Expenditure - General Expenditure - Police Protection - Capital Outlay - Capital Outlay Other Than Construction - Equipment","State","Expenditure","K62","Exhibit - Equipment Only - Police Protection","6,258"
"2015","Connecticut","SF0346","Exhibit - Expenditure - Direct Expenditure - General Expenditure - Police Protection - Capital Outlay - Capital Outlay Other Than Construction - Equipment","State","Expenditure","K62","Exhibit - Equipment Only - Police Protection","13,391"
"2016","Connecticut","SF0346","Exhibit - Expenditure - Direct Expenditure - General Expenditure - Police Protection - Capital Outlay - Capital Outlay Other Than Construction - Equipment","State","Expenditure","K62","Exhibit - Equipment Only - Police Protection","28,376"
"2017","Connecticut","SF0346","Exhibit - Expenditure - Direct Expenditure - General Expenditure - Police Protection - Capital Outlay - Capital Outlay Other Than Construction - Equipment","State","Expenditure","K62","Exhibit - Equipment Only - Police Protection","5,591"
"2018","Connecticut","SF0346","Exhibit - Expenditure - Direct Expenditure - General Expenditure - Police Protection - Capital Outlay - Capital Outlay Other Than Construction - Equipment","State","Expenditure","K62","Exhibit - Equipment Only - Police Protection","16,853"
"2019","Connecticut","SF0346","Exhibit - Expenditure - Direct Expenditure - General Expenditure - Police Protection - Capital Outlay - Capital Outlay Other Than Construction - Equipment","State","Expenditure","K62","Exhibit - Equipment Only - Police Protection","18,465"
"2020","Connecticut","SF0346","Exhibit - Expenditure - Direct Expenditure - General Expenditure - Police Protection - Capital Outlay - Capital Outlay Other Than Construction - Equipment","State","Expenditure","K62","Exhibit - Equipment Only - Police Protection","13,179"
"2021","Connecticut","SF0346","Exhibit - Expenditure - Direct Expenditure - General Expenditure - Police Protection - Capital Outlay - Capital Outlay Other Than Construction - Equipment","State","Expenditure","K62","Exhibit - Equipment Only - Police Protection","9,468"
"2012","Delaware","SF0346","Exhibit - Expenditure - Direct Expenditure - General Expenditure - Police Protection - Capital Outlay - Capital Outlay Other Than Construction - Equipment","State","Expenditure","K62","Exhibit - Equipment Only - Police Protection","7,424"
"2013","Delaware","SF0346","Exhibit - Expenditure - Direct Expenditure - General Expenditure - Police Protection - Capital Outlay - Capital Outlay Other Than Construction - Equipment","State","Expenditure","K62","Exhibit - Equipment Only - Police Protection","11,277"
"2014","Delaware","SF0346","Exhibit - Expenditure - Direct Expenditure - General Expenditure - Police Protection - Capital Outlay - Capital Outlay Other Than Construction - Equipment","State","Expenditure","K62","Exhibit - Equipment Only - Police Protection","9,027"
"2015","Delaware","SF0346","Exhibit - Expenditure - Direct Expenditure - General Expenditure - Police Protection - Capital Outlay - Capital Outlay Other Than Construction - Equipment","State","Expenditure","K62","Exhibit - Equipment Only - Police Protection","6,611"
"2016","Delaware","SF0346","Exhibit - Expenditure - Direct Expenditure - General Expenditure - Police Protection - Capital Outlay - Capital Outlay Other Than Construction - Equipment","State","Expenditure","K62","Exhibit - Equipment Only - Police Protection","5,548"
"2017","Delaware","SF0346","Exhibit - Expenditure - Direct Expenditure - General Expenditure - Police Protection - Capital Outlay - Capital Outlay Other Than Construction - Equipment","State","Expenditure","K62","Exhibit - Equipment Only - Police Protection","6,624"
"2018","Delaware","SF0346","Exhibit - Expenditure - Direct Expenditure - General Expenditure - Police Protection - Capital Outlay - Capital Outlay Other Than Construction - Equipment","State","Expenditure","K62","Exhibit - Equipment Only - Police Protection","5,795"
"2019","Delaware","SF0346","Exhibit - Expenditure - Direct Expenditure - General Expenditure - Police Protection - Capital Outlay - Capital Outlay Other Than Construction - Equipment","State","Expenditure","K62","Exhibit - Equipment Only - Police Protection","7,494"
"2020","Delaware","SF0346","Exhibit - Expenditure - Direct Expenditure - General Expenditure - Police Protection - Capital Outlay - Capital Outlay Other Than Construction - Equipment","State","Expenditure","K62","Exhibit - Equipment Only - Police Protection","12,906"
"2021","Delaware","SF0346","Exhibit - Expenditure - Direct Expenditure - General Expenditure - Police Protection - Capital Outlay - Capital Outlay Other Than Construction - Equipment","State","Expenditure","K62","Exhibit - Equipment Only - Police Protection","2,638"
"2012","Florida","SF0346","Exhibit - Expenditure - Direct Expenditure - General Expenditure - Police Protection - Capital Outlay - Capital Outlay Other Than Construction - Equipment","State","Expenditure","K62","Exhibit - Equipment Only - Police Protection","23,506"
"2013","Florida","SF0346","Exhibit - Expenditure - Direct Expenditure - General Expenditure - Police Protection - Capital Outlay - Capital Outlay Other Than Construction - Equipment","State","Expenditure","K62","Exhibit - Equipment Only - Police Protection","19,427"
"2014","Florida","SF0346","Exhibit - Expenditure - Direct Expenditure - General Expenditure - Police Protection - Capital Outlay - Capital Outlay Other Than Construction - Equipment","State","Expenditure","K62","Exhibit - Equipment Only - Police Protection","22,006"
"2015","Florida","SF0346","Exhibit - Expenditure - Direct Expenditure - General Expenditure - Police Protection - Capital Outlay - Capital Outlay Other Than Construction - Equipment","State","Expenditure","K62","Exhibit - Equipment Only - Police Protection","20,783"
"2016","Florida","SF0346","Exhibit - Expenditure - Direct Expenditure - General Expenditure - Police Protection - Capital Outlay - Capital Outlay Other Than Construction - Equipment","State","Expenditure","K62","Exhibit - Equipment Only - Police Protection","29,930"
"2017","Florida","SF0346","Exhibit - Expenditure - Direct Expenditure - General Expenditure - Police Protection - Capital Outlay - Capital Outlay Other Than Construction - Equipment","State","Expenditure","K62","Exhibit - Equipment Only - Police Protection","22,236"
"2018","Florida","SF0346","Exhibit - Expenditure - Direct Expenditure - General Expenditure - Police Protection - Capital Outlay - Capital Outlay Other Than Construction - Equipment","State","Expenditure","K62","Exhibit - Equipment Only - Police Protection","18,601"
"2019","Florida","SF0346","Exhibit - Expenditure - Direct Expenditure - General Expenditure - Police Protection - Capital Outlay - Capital Outlay Other Than Construction - Equipment","State","Expenditure","K62","Exhibit - Equipment Only - Police Protection","23,194"
"2020","Florida","SF0346","Exhibit - Expenditure - Direct Expenditure - General Expenditure - Police Protection - Capital Outlay - Capital Outlay Other Than Construction - Equipment","State","Expenditure","K62","Exhibit - Equipment Only - Police Protection","23,164"
"2021","Florida","SF0346","Exhibit - Expenditure - Direct Expenditure - General Expenditure - Police Protection - Capital Outlay - Capital Outlay Other Than Construction - Equipment","State","Expenditure","K62","Exhibit - Equipment Only - Police Protection","15,205"
"2012","Georgia","SF0346","Exhibit - Expenditure - Direct Expenditure - General Expenditure - Police Protection - Capital Outlay - Capital Outlay Other Than Construction - Equipment","State","Expenditure","K62","Exhibit - Equipment Only - Police Protection","12,967"
"2013","Georgia","SF0346","Exhibit - Expenditure - Direct Expenditure - General Expenditure - Police Protection - Capital Outlay - Capital Outlay Other Than Construction - Equipment","State","Expenditure","K62","Exhibit - Equipment Only - Police Protection","14,504"
"2014","Georgia","SF0346","Exhibit - Expenditure - Direct Expenditure - General Expenditure - Police Protection - Capital Outlay - Capital Outlay Other Than Construction - Equipment","State","Expenditure","K62","Exhibit - Equipment Only - Police Protection","10,227"
"2015","Georgia","SF0346","Exhibit - Expenditure - Direct Expenditure - General Expenditure - Police Protection - Capital Outlay - Capital Outlay Other Than Construction - Equipment","State","Expenditure","K62","Exhibit - Equipment Only - Police Protection","19,572"
"2016","Georgia","SF0346","Exhibit - Expenditure - Direct Expenditure - General Expenditure - Police Protection - Capital Outlay - Capital Outlay Other Than Construction - Equipment","State","Expenditure","K62","Exhibit - Equipment Only - Police Protection","13,440"
"2017","Georgia","SF0346","Exhibit - Expenditure - Direct Expenditure - General Expenditure - Police Protection - Capital Outlay - Capital Outlay Other Than Construction - Equipment","State","Expenditure","K62","Exhibit - Equipment Only - Police Protection","24,828"
"2018","Georgia","SF0346","Exhibit - Expenditure - Direct Expenditure - General Expenditure - Police Protection - Capital Outlay - Capital Outlay Other Than Construction - Equipment","State","Expenditure","K62","Exhibit - Equipment Only - Police Protection","10,000"
"2019","Georgia","SF0346","Exhibit - Expenditure - Direct Expenditure - General Expenditure - Police Protection - Capital Outlay - Capital Outlay Other Than Construction - Equipment","State","Expenditure","K62","Exhibit - Equipment Only - Police Protection","12,673"
"2020","Georgia","SF0346","Exhibit - Expenditure - Direct Expenditure - General Expenditure - Police Protection - Capital Outlay - Capital Outlay Other Than Construction - Equipment","State","Expenditure","K62","Exhibit - Equipment Only - Police Protection","20,214"
"2021","Georgia","SF0346","Exhibit - Expenditure - Direct Expenditure - General Expenditure - Police Protection - Capital Outlay - Capital Outlay Other Than Construction - Equipment","State","Expenditure","K62","Exhibit - Equipment Only - Police Protection","24,513"
"2012","Hawaii","SF0346","Exhibit - Expenditure - Direct Expenditure - General Expenditure - Police Protection - Capital Outlay - Capital Outlay Other Than Construction - Equipment","State","Expenditure","K62","Exhibit - Equipment Only - Police Protection","394"
"2013","Hawaii","SF0346","Exhibit - Expenditure - Direct Expenditure - General Expenditure - Police Protection - Capital Outlay - Capital Outlay Other Than Construction - Equipment","State","Expenditure","K62","Exhibit - Equipment Only - Police Protection","1,605"
"2014","Hawaii","SF0346","Exhibit - Expenditure - Direct Expenditure - General Expenditure - Police Protection - Capital Outlay - Capital Outlay Other Than Construction - Equipment","State","Expenditure","K62","Exhibit - Equipment Only - Police Protection","1,143"
"2015","Hawaii","SF0346","Exhibit - Expenditure - Direct Expenditure - General Expenditure - Police Protection - Capital Outlay - Capital Outlay Other Than Construction - Equipment","State","Expenditure","K62","Exhibit - Equipment Only - Police Protection","2,068"
"2016","Hawaii","SF0346","Exhibit - Expenditure - Direct Expenditure - General Expenditure - Police Protection - Capital Outlay - Capital Outlay Other Than Construction - Equipment","State","Expenditure","K62","Exhibit - Equipment Only - Police Protection","1,388"
"2017","Hawaii","SF0346","Exhibit - Expenditure - Direct Expenditure - General Expenditure - Police Protection - Capital Outlay - Capital Outlay Other Than Construction - Equipment","State","Expenditure","K62","Exhibit - Equipment Only - Police Protection","1,575"
"2018","Hawaii","SF0346","Exhibit - Expenditure - Direct Expenditure - General Expenditure - Police Protection - Capital Outlay - Capital Outlay Other Than Construction - Equipment","State","Expenditure","K62","Exhibit - Equipment Only - Police Protection","1,519"
"2019","Hawaii","SF0346","Exhibit - Expenditure - Direct Expenditure - General Expenditure - Police Protection - Capital Outlay - Capital Outlay Other Than Construction - Equipment","State","Expenditure","K62","Exhibit - Equipment Only - Police Protection","1,156"
"2020","Hawaii","SF0346","Exhibit - Expenditure - Direct Expenditure - General Expenditure - Police Protection - Capital Outlay - Capital Outlay Other Than Construction - Equipment","State","Expenditure","K62","Exhibit - Equipment Only - Police Protection","2,130"
"2021","Hawaii","SF0346","Exhibit - Expenditure - Direct Expenditure - General Expenditure - Police Protection - Capital Outlay - Capital Outlay Other Than Construction - Equipment","State","Expenditure","K62","Exhibit - Equipment Only - Police Protection","2,533"
"2012","Idaho","SF0346","Exhibit - Expenditure - Direct Expenditure - General Expenditure - Police Protection - Capital Outlay - Capital Outlay Other Than Construction - Equipment","State","Expenditure","K62","Exhibit - Equipment Only - Police Protection","3,581"
"2013","Idaho","SF0346","Exhibit - Expenditure - Direct Expenditure - General Expenditure - Police Protection - Capital Outlay - Capital Outlay Other Than Construction - Equipment","State","Expenditure","K62","Exhibit - Equipment Only - Police Protection","3,465"
"2014","Idaho","SF0346","Exhibit - Expenditure - Direct Expenditure - General Expenditure - Police Protection - Capital Outlay - Capital Outlay Other Than Construction - Equipment","State","Expenditure","K62","Exhibit - Equipment Only - Police Protection","6,091"
"2015","Idaho","SF0346","Exhibit - Expenditure - Direct Expenditure - General Expenditure - Police Protection - Capital Outlay - Capital Outlay Other Than Construction - Equipment","State","Expenditure","K62","Exhibit - Equipment Only - Police Protection","4,880"
"2016","Idaho","SF0346","Exhibit - Expenditure - Direct Expenditure - General Expenditure - Police Protection - Capital Outlay - Capital Outlay Other Than Construction - Equipment","State","Expenditure","K62","Exhibit - Equipment Only - Police Protection","4,936"
"2017","Idaho","SF0346","Exhibit - Expenditure - Direct Expenditure - General Expenditure - Police Protection - Capital Outlay - Capital Outlay Other Than Construction - Equipment","State","Expenditure","K62","Exhibit - Equipment Only - Police Protection","4,708"
"2018","Idaho","SF0346","Exhibit - Expenditure - Direct Expenditure - General Expenditure - Police Protection - Capital Outlay - Capital Outlay Other Than Construction - Equipment","State","Expenditure","K62","Exhibit - Equipment Only - Police Protection","5,001"
"2019","Idaho","SF0346","Exhibit - Expenditure - Direct Expenditure - General Expenditure - Police Protection - Capital Outlay - Capital Outlay Other Than Construction - Equipment","State","Expenditure","K62","Exhibit - Equipment Only - Police Protection","7,092"
"2020","Idaho","SF0346","Exhibit - Expenditure - Direct Expenditure - General Expenditure - Police Protection - Capital Outlay - Capital Outlay Other Than Construction - Equipment","State","Expenditure","K62","Exhibit - Equipment Only - Police Protection","6,831"
"2021","Idaho","SF0346","Exhibit - Expenditure - Direct Expenditure - General Expenditure - Police Protection - Capital Outlay - Capital Outlay Other Than Construction - Equipment","State","Expenditure","K62","Exhibit - Equipment Only - Police Protection","5,882"
"2012","Illinois","SF0346","Exhibit - Expenditure - Direct Expenditure - General Expenditure - Police Protection - Capital Outlay - Capital Outlay Other Than Construction - Equipment","State","Expenditure","K62","Exhibit - Equipment Only - Police Protection","11,990"
"2013","Illinois","SF0346","Exhibit - Expenditure - Direct Expenditure - General Expenditure - Police Protection - Capital Outlay - Capital Outlay Other Than Construction - Equipment","State","Expenditure","K62","Exhibit - Equipment Only - Police Protection","15,421"
"2014","Illinois","SF0346","Exhibit - Expenditure - Direct Expenditure - General Expenditure - Police Protection - Capital Outlay - Capital Outlay Other Than Construction - Equipment","State","Expenditure","K62","Exhibit - Equipment Only - Police Protection","18,962"
"2015","Illinois","SF0346","Exhibit - Expenditure - Direct Expenditure - General Expenditure - Police Protection - Capital Outlay - Capital Outlay Other Than Construction - Equipment","State","Expenditure","K62","Exhibit - Equipment Only - Police Protection","11,696"
"2016","Illinois","SF0346","Exhibit - Expenditure - Direct Expenditure - General Expenditure - Police Protection - Capital Outlay - Capital Outlay Other Than Construction - Equipment","State","Expenditure","K62","Exhibit - Equipment Only - Police Protection","1,536"
"2017","Illinois","SF0346","Exhibit - Expenditure - Direct Expenditure - General Expenditure - Police Protection - Capital Outlay - Capital Outlay Other Than Construction - Equipment","State","Expenditure","K62","Exhibit - Equipment Only - Police Protection","18,386"
"2018","Illinois","SF0346","Exhibit - Expenditure - Direct Expenditure - General Expenditure - Police Protection - Capital Outlay - Capital Outlay Other Than Construction - Equipment","State","Expenditure","K62","Exhibit - Equipment Only - Police Protection","19,003"
"2019","Illinois","SF0346","Exhibit - Expenditure - Direct Expenditure - General Expenditure - Police Protection - Capital Outlay - Capital Outlay Other Than Construction - Equipment","State","Expenditure","K62","Exhibit - Equipment Only - Police Protection","18,655"
"2020","Illinois","SF0346","Exhibit - Expenditure - Direct Expenditure - General Expenditure - Police Protection - Capital Outlay - Capital Outlay Other Than Construction - Equipment","State","Expenditure","K62","Exhibit - Equipment Only - Police Protection","29,406"
"2021","Illinois","SF0346","Exhibit - Expenditure - Direct Expenditure - General Expenditure - Police Protection - Capital Outlay - Capital Outlay Other Than Construction - Equipment","State","Expenditure","K62","Exhibit - Equipment Only - Police Protection","13,222"
"2012","Indiana","SF0346","Exhibit - Expenditure - Direct Expenditure - General Expenditure - Police Protection - Capital Outlay - Capital Outlay Other Than Construction - Equipment","State","Expenditure","K62","Exhibit - Equipment Only - Police Protection","6,175"
"2013","Indiana","SF0346","Exhibit - Expenditure - Direct Expenditure - General Expenditure - Police Protection - Capital Outlay - Capital Outlay Other Than Construction - Equipment","State","Expenditure","K62","Exhibit - Equipment Only - Police Protection","9,718"
"2014","Indiana","SF0346","Exhibit - Expenditure - Direct Expenditure - General Expenditure - Police Protection - Capital Outlay - Capital Outlay Other Than Construction - Equipment","State","Expenditure","K62","Exhibit - Equipment Only - Police Protection","20,375"
"2015","Indiana","SF0346","Exhibit - Expenditure - Direct Expenditure - General Expenditure - Police Protection - Capital Outlay - Capital Outlay Other Than Construction - Equipment","State","Expenditure","K62","Exhibit - Equipment Only - Police Protection","14,539"
"2016","Indiana","SF0346","Exhibit - Expenditure - Direct Expenditure - General Expenditure - Police Protection - Capital Outlay - Capital Outlay Other Than Construction - Equipment","State","Expenditure","K62","Exhibit - Equipment Only - Police Protection","4,419"
"2017","Indiana","SF0346","Exhibit - Expenditure - Direct Expenditure - General Expenditure - Police Protection - Capital Outlay - Capital Outlay Other Than Construction - Equipment","State","Expenditure","K62","Exhibit - Equipment Only - Police Protection","2,535"
"2018","Indiana","SF0346","Exhibit - Expenditure - Direct Expenditure - General Expenditure - Police Protection - Capital Outlay - Capital Outlay Other Than Construction - Equipment","State","Expenditure","K62","Exhibit - Equipment Only - Police Protection","8,164"
"2019","Indiana","SF0346","Exhibit - Expenditure - Direct Expenditure - General Expenditure - Police Protection - Capital Outlay - Capital Outlay Other Than Construction - Equipment","State","Expenditure","K62","Exhibit - Equipment Only - Police Protection","3,107"
"2020","Indiana","SF0346","Exhibit - Expenditure - Direct Expenditure - General Expenditure - Police Protection - Capital Outlay - Capital Outlay Other Than Construction - Equipment","State","Expenditure","K62","Exhibit - Equipment Only - Police Protection","4,223"
"2021","Indiana","SF0346","Exhibit - Expenditure - Direct Expenditure - General Expenditure - Police Protection - Capital Outlay - Capital Outlay Other Than Construction - Equipment","State","Expenditure","K62","Exhibit - Equipment Only - Police Protection","4,841"
"2012","Iowa","SF0346","Exhibit - Expenditure - Direct Expenditure - General Expenditure - Police Protection - Capital Outlay - Capital Outlay Other Than Construction - Equipment","State","Expenditure","K62","Exhibit - Equipment Only - Police Protection","4,965"
"2013","Iowa","SF0346","Exhibit - Expenditure - Direct Expenditure - General Expenditure - Police Protection - Capital Outlay - Capital Outlay Other Than Construction - Equipment","State","Expenditure","K62","Exhibit - Equipment Only - Police Protection","1,997"
"2014","Iowa","SF0346","Exhibit - Expenditure - Direct Expenditure - General Expenditure - Police Protection - Capital Outlay - Capital Outlay Other Than Construction - Equipment","State","Expenditure","K62","Exhibit - Equipment Only - Police Protection","3,185"
"2015","Iowa","SF0346","Exhibit - Expenditure - Direct Expenditure - General Expenditure - Police Protection - Capital Outlay - Capital Outlay Other Than Construction - Equipment","State","Expenditure","K62","Exhibit - Equipment Only - Police Protection","1,739"
"2016","Iowa","SF0346","Exhibit - Expenditure - Direct Expenditure - General Expenditure - Police Protection - Capital Outlay - Capital Outlay Other Than Construction - Equipment","State","Expenditure","K62","Exhibit - Equipment Only - Police Protection","5,136"
"2017","Iowa","SF0346","Exhibit - Expenditure - Direct Expenditure - General Expenditure - Police Protection - Capital Outlay - Capital Outlay Other Than Construction - Equipment","State","Expenditure","K62","Exhibit - Equipment Only - Police Protection","830"
"2018","Iowa","SF0346","Exhibit - Expenditure - Direct Expenditure - General Expenditure - Police Protection - Capital Outlay - Capital Outlay Other Than Construction - Equipment","State","Expenditure","K62","Exhibit - Equipment Only - Police Protection","2,607"
"2019","Iowa","SF0346","Exhibit - Expenditure - Direct Expenditure - General Expenditure - Police Protection - Capital Outlay - Capital Outlay Other Than Construction - Equipment","State","Expenditure","K62","Exhibit - Equipment Only - Police Protection","2,981"
"2020","Iowa","SF0346","Exhibit - Expenditure - Direct Expenditure - General Expenditure - Police Protection - Capital Outlay - Capital Outlay Other Than Construction - Equipment","State","Expenditure","K62","Exhibit - Equipment Only - Police Protection","3,419"
"2021","Iowa","SF0346","Exhibit - Expenditure - Direct Expenditure - General Expenditure - Police Protection - Capital Outlay - Capital Outlay Other Than Construction - Equipment","State","Expenditure","K62","Exhibit - Equipment Only - Police Protection","7,641"
"2012","Kansas","SF0346","Exhibit - Expenditure - Direct Expenditure - General Expenditure - Police Protection - Capital Outlay - Capital Outlay Other Than Construction - Equipment","State","Expenditure","K62","Exhibit - Equipment Only - Police Protection","6,171"
"2013","Kansas","SF0346","Exhibit - Expenditure - Direct Expenditure - General Expenditure - Police Protection - Capital Outlay - Capital Outlay Other Than Construction - Equipment","State","Expenditure","K62","Exhibit - Equipment Only - Police Protection","10,281"
"2014","Kansas","SF0346","Exhibit - Expenditure - Direct Expenditure - General Expenditure - Police Protection - Capital Outlay - Capital Outlay Other Than Construction - Equipment","State","Expenditure","K62","Exhibit - Equipment Only - Police Protection","6,336"
"2015","Kansas","SF0346","Exhibit - Expenditure - Direct Expenditure - General Expenditure - Police Protection - Capital Outlay - Capital Outlay Other Than Construction - Equipment","State","Expenditure","K62","Exhibit - Equipment Only - Police Protection","11,219"
"2016","Kansas","SF0346","Exhibit - Expenditure - Direct Expenditure - General Expenditure - Police Protection - Capital Outlay - Capital Outlay Other Than Construction - Equipment","State","Expenditure","K62","Exhibit - Equipment Only - Police Protection","8,514"
"2017","Kansas","SF0346","Exhibit - Expenditure - Direct Expenditure - General Expenditure - Police Protection - Capital Outlay - Capital Outlay Other Than Construction - Equipment","State","Expenditure","K62","Exhibit - Equipment Only - Police Protection","9,973"
"2018","Kansas","SF0346","Exhibit - Expenditure - Direct Expenditure - General Expenditure - Police Protection - Capital Outlay - Capital Outlay Other Than Construction - Equipment","State","Expenditure","K62","Exhibit - Equipment Only - Police Protection","8,468"
"2019","Kansas","SF0346","Exhibit - Expenditure - Direct Expenditure - General Expenditure - Police Protection - Capital Outlay - Capital Outlay Other Than Construction - Equipment","State","Expenditure","K62","Exhibit - Equipment Only - Police Protection","11,027"
"2020","Kansas","SF0346","Exhibit - Expenditure - Direct Expenditure - General Expenditure - Police Protection - Capital Outlay - Capital Outlay Other Than Construction - Equipment","State","Expenditure","K62","Exhibit - Equipment Only - Police Protection","9,943"
"2021","Kansas","SF0346","Exhibit - Expenditure - Direct Expenditure - General Expenditure - Police Protection - Capital Outlay - Capital Outlay Other Than Construction - Equipment","State","Expenditure","K62","Exhibit - Equipment Only - Police Protection","11,160"
"2012","Kentucky","SF0346","Exhibit - Expenditure - Direct Expenditure - General Expenditure - Police Protection - Capital Outlay - Capital Outlay Other Than Construction - Equipment","State","Expenditure","K62","Exhibit - Equipment Only - Police Protection","3,532"
"2013","Kentucky","SF0346","Exhibit - Expenditure - Direct Expenditure - General Expenditure - Police Protection - Capital Outlay - Capital Outlay Other Than Construction - Equipment","State","Expenditure","K62","Exhibit - Equipment Only - Police Protection","4,902"
"2014","Kentucky","SF0346","Exhibit - Expenditure - Direct Expenditure - General Expenditure - Police Protection - Capital Outlay - Capital Outlay Other Than Construction - Equipment","State","Expenditure","K62","Exhibit - Equipment Only - Police Protection","4,102"
"2015","Kentucky","SF0346","Exhibit - Expenditure - Direct Expenditure - General Expenditure - Police Protection - Capital Outlay - Capital Outlay Other Than Construction - Equipment","State","Expenditure","K62","Exhibit - Equipment Only - Police Protection","5,879"
"2016","Kentucky","SF0346","Exhibit - Expenditure - Direct Expenditure - General Expenditure - Police Protection - Capital Outlay - Capital Outlay Other Than Construction - Equipment","State","Expenditure","K62","Exhibit - Equipment Only - Police Protection","6,429"
"2017","Kentucky","SF0346","Exhibit - Expenditure - Direct Expenditure - General Expenditure - Police Protection - Capital Outlay - Capital Outlay Other Than Construction - Equipment","State","Expenditure","K62","Exhibit - Equipment Only - Police Protection","5,864"
"2018","Kentucky","SF0346","Exhibit - Expenditure - Direct Expenditure - General Expenditure - Police Protection - Capital Outlay - Capital Outlay Other Than Construction - Equipment","State","Expenditure","K62","Exhibit - Equipment Only - Police Protection","7,729"
"2019","Kentucky","SF0346","Exhibit - Expenditure - Direct Expenditure - General Expenditure - Police Protection - Capital Outlay - Capital Outlay Other Than Construction - Equipment","State","Expenditure","K62","Exhibit - Equipment Only - Police Protection","15,964"
"2020","Kentucky","SF0346","Exhibit - Expenditure - Direct Expenditure - General Expenditure - Police Protection - Capital Outlay - Capital Outlay Other Than Construction - Equipment","State","Expenditure","K62","Exhibit - Equipment Only - Police Protection","13,012"
"2021","Kentucky","SF0346","Exhibit - Expenditure - Direct Expenditure - General Expenditure - Police Protection - Capital Outlay - Capital Outlay Other Than Construction - Equipment","State","Expenditure","K62","Exhibit - Equipment Only - Police Protection","11,062"
"2012","Louisiana","SF0346","Exhibit - Expenditure - Direct Expenditure - General Expenditure - Police Protection - Capital Outlay - Capital Outlay Other Than Construction - Equipment","State","Expenditure","K62","Exhibit - Equipment Only - Police Protection","5,493"
"2013","Louisiana","SF0346","Exhibit - Expenditure - Direct Expenditure - General Expenditure - Police Protection - Capital Outlay - Capital Outlay Other Than Construction - Equipment","State","Expenditure","K62","Exhibit - Equipment Only - Police Protection","6,094"
"2014","Louisiana","SF0346","Exhibit - Expenditure - Direct Expenditure - General Expenditure - Police Protection - Capital Outlay - Capital Outlay Other Than Construction - Equipment","State","Expenditure","K62","Exhibit - Equipment Only - Police Protection","3,778"
"2015","Louisiana","SF0346","Exhibit - Expenditure - Direct Expenditure - General Expenditure - Police Protection - Capital Outlay - Capital Outlay Other Than Construction - Equipment","State","Expenditure","K62","Exhibit - Equipment Only - Police Protection","6,483"
"2016","Louisiana","SF0346","Exhibit - Expenditure - Direct Expenditure - General Expenditure - Police Protection - Capital Outlay - Capital Outlay Other Than Construction - Equipment","State","Expenditure","K62","Exhibit - Equipment Only - Police Protection","792"
"2017","Louisiana","SF0346","Exhibit - Expenditure - Direct Expenditure - General Expenditure - Police Protection - Capital Outlay - Capital Outlay Other Than Construction - Equipment","State","Expenditure","K62","Exhibit - Equipment Only - Police Protection","6,191"
"2018","Louisiana","SF0346","Exhibit - Expenditure - Direct Expenditure - General Expenditure - Police Protection - Capital Outlay - Capital Outlay Other Than Construction - Equipment","State","Expenditure","K62","Exhibit - Equipment Only - Police Protection","6,831"
"2019","Louisiana","SF0346","Exhibit - Expenditure - Direct Expenditure - General Expenditure - Police Protection - Capital Outlay - Capital Outlay Other Than Construction - Equipment","State","Expenditure","K62","Exhibit - Equipment Only - Police Protection","13,813"
"2020","Louisiana","SF0346","Exhibit - Expenditure - Direct Expenditure - General Expenditure - Police Protection - Capital Outlay - Capital Outlay Other Than Construction - Equipment","State","Expenditure","K62","Exhibit - Equipment Only - Police Protection","7,312"
"2021","Louisiana","SF0346","Exhibit - Expenditure - Direct Expenditure - General Expenditure - Police Protection - Capital Outlay - Capital Outlay Other Than Construction - Equipment","State","Expenditure","K62","Exhibit - Equipment Only - Police Protection","8,955"
"2012","Maine","SF0346","Exhibit - Expenditure - Direct Expenditure - General Expenditure - Police Protection - Capital Outlay - Capital Outlay Other Than Construction - Equipment","State","Expenditure","K62","Exhibit - Equipment Only - Police Protection","346"
"2013","Maine","SF0346","Exhibit - Expenditure - Direct Expenditure - General Expenditure - Police Protection - Capital Outlay - Capital Outlay Other Than Construction - Equipment","State","Expenditure","K62","Exhibit - Equipment Only - Police Protection","65"
"2014","Maine","SF0346","Exhibit - Expenditure - Direct Expenditure - General Expenditure - Police Protection - Capital Outlay - Capital Outlay Other Than Construction - Equipment","State","Expenditure","K62","Exhibit - Equipment Only - Police Protection","710"
"2015","Maine","SF0346","Exhibit - Expenditure - Direct Expenditure - General Expenditure - Police Protection - Capital Outlay - Capital Outlay Other Than Construction - Equipment","State","Expenditure","K62","Exhibit - Equipment Only - Police Protection","1,032"
"2016","Maine","SF0346","Exhibit - Expenditure - Direct Expenditure - General Expenditure - Police Protection - Capital Outlay - Capital Outlay Other Than Construction - Equipment","State","Expenditure","K62","Exhibit - Equipment Only - Police Protection","920"
"2017","Maine","SF0346","Exhibit - Expenditure - Direct Expenditure - General Expenditure - Police Protection - Capital Outlay - Capital Outlay Other Than Construction - Equipment","State","Expenditure","K62","Exhibit - Equipment Only - Police Protection","1,093"
"2018","Maine","SF0346","Exhibit - Expenditure - Direct Expenditure - General Expenditure - Police Protection - Capital Outlay - Capital Outlay Other Than Construction - Equipment","State","Expenditure","K62","Exhibit - Equipment Only - Police Protection","921"
"2019","Maine","SF0346","Exhibit - Expenditure - Direct Expenditure - General Expenditure - Police Protection - Capital Outlay - Capital Outlay Other Than Construction - Equipment","State","Expenditure","K62","Exhibit - Equipment Only - Police Protection","820"
"2020","Maine","SF0346","Exhibit - Expenditure - Direct Expenditure - General Expenditure - Police Protection - Capital Outlay - Capital Outlay Other Than Construction - Equipment","State","Expenditure","K62","Exhibit - Equipment Only - Police Protection","1,744"
"2021","Maine","SF0346","Exhibit - Expenditure - Direct Expenditure - General Expenditure - Police Protection - Capital Outlay - Capital Outlay Other Than Construction - Equipment","State","Expenditure","K62","Exhibit - Equipment Only - Police Protection","2,839"
"2012","Maryland","SF0346","Exhibit - Expenditure - Direct Expenditure - General Expenditure - Police Protection - Capital Outlay - Capital Outlay Other Than Construction - Equipment","State","Expenditure","K62","Exhibit - Equipment Only - Police Protection","5,595"
"2013","Maryland","SF0346","Exhibit - Expenditure - Direct Expenditure - General Expenditure - Police Protection - Capital Outlay - Capital Outlay Other Than Construction - Equipment","State","Expenditure","K62","Exhibit - Equipment Only - Police Protection","16,129"
"2014","Maryland","SF0346","Exhibit - Expenditure - Direct Expenditure - General Expenditure - Police Protection - Capital Outlay - Capital Outlay Other Than Construction - Equipment","State","Expenditure","K62","Exhibit - Equipment Only - Police Protection","10,145"
"2015","Maryland","SF0346","Exhibit - Expenditure - Direct Expenditure - General Expenditure - Police Protection - Capital Outlay - Capital Outlay Other Than Construction - Equipment","State","Expenditure","K62","Exhibit - Equipment Only - Police Protection","18,032"
"2016","Maryland","SF0346","Exhibit - Expenditure - Direct Expenditure - General Expenditure - Police Protection - Capital Outlay - Capital Outlay Other Than Construction - Equipment","State","Expenditure","K62","Exhibit - Equipment Only - Police Protection","16,303"
"2017","Maryland","SF0346","Exhibit - Expenditure - Direct Expenditure - General Expenditure - Police Protection - Capital Outlay - Capital Outlay Other Than Construction - Equipment","State","Expenditure","K62","Exhibit - Equipment Only - Police Protection","16,269"
"2018","Maryland","SF0346","Exhibit - Expenditure - Direct Expenditure - General Expenditure - Police Protection - Capital Outlay - Capital Outlay Other Than Construction - Equipment","State","Expenditure","K62","Exhibit - Equipment Only - Police Protection","15,446"
"2019","Maryland","SF0346","Exhibit - Expenditure - Direct Expenditure - General Expenditure - Police Protection - Capital Outlay - Capital Outlay Other Than Construction - Equipment","State","Expenditure","K62","Exhibit - Equipment Only - Police Protection","16,563"
"2020","Maryland","SF0346","Exhibit - Expenditure - Direct Expenditure - General Expenditure - Police Protection - Capital Outlay - Capital Outlay Other Than Construction - Equipment","State","Expenditure","K62","Exhibit - Equipment Only - Police Protection","9,054"
"2021","Maryland","SF0346","Exhibit - Expenditure - Direct Expenditure - General Expenditure - Police Protection - Capital Outlay - Capital Outlay Other Than Construction - Equipment","State","Expenditure","K62","Exhibit - Equipment Only - Police Protection","16,598"
"2012","Massachusetts","SF0346","Exhibit - Expenditure - Direct Expenditure - General Expenditure - Police Protection - Capital Outlay - Capital Outlay Other Than Construction - Equipment","State","Expenditure","K62","Exhibit - Equipment Only - Police Protection","31,816"
"2013","Massachusetts","SF0346","Exhibit - Expenditure - Direct Expenditure - General Expenditure - Police Protection - Capital Outlay - Capital Outlay Other Than Construction - Equipment","State","Expenditure","K62","Exhibit - Equipment Only - Police Protection","28,230"
"2014","Massachusetts","SF0346","Exhibit - Expenditure - Direct Expenditure - General Expenditure - Police Protection - Capital Outlay - Capital Outlay Other Than Construction - Equipment","State","Expenditure","K62","Exhibit - Equipment Only - Police Protection","35,665"
"2015","Massachusetts","SF0346","Exhibit - Expenditure - Direct Expenditure - General Expenditure - Police Protection - Capital Outlay - Capital Outlay Other Than Construction - Equipment","State","Expenditure","K62","Exhibit - Equipment Only - Police Protection","23,750"
"2016","Massachusetts","SF0346","Exhibit - Expenditure - Direct Expenditure - General Expenditure - Police Protection - Capital Outlay - Capital Outlay Other Than Construction - Equipment","State","Expenditure","K62","Exhibit - Equipment Only - Police Protection","20,329"
"2017","Massachusetts","SF0346","Exhibit - Expenditure - Direct Expenditure - General Expenditure - Police Protection - Capital Outlay - Capital Outlay Other Than Construction - Equipment","State","Expenditure","K62","Exhibit - Equipment Only - Police Protection","17,462"
"2018","Massachusetts","SF0346","Exhibit - Expenditure - Direct Expenditure - General Expenditure - Police Protection - Capital Outlay - Capital Outlay Other Than Construction - Equipment","State","Expenditure","K62","Exhibit - Equipment Only - Police Protection","24,793"
"2019","Massachusetts","SF0346","Exhibit - Expenditure - Direct Expenditure - General Expenditure - Police Protection - Capital Outlay - Capital Outlay Other Than Construction - Equipment","State","Expenditure","K62","Exhibit - Equipment Only - Police Protection","25,842"
"2020","Massachusetts","SF0346","Exhibit - Expenditure - Direct Expenditure - General Expenditure - Police Protection - Capital Outlay - Capital Outlay Other Than Construction - Equipment","State","Expenditure","K62","Exhibit - Equipment Only - Police Protection","32,868"
"2021","Massachusetts","SF0346","Exhibit - Expenditure - Direct Expenditure - General Expenditure - Police Protection - Capital Outlay - Capital Outlay Other Than Construction - Equipment","State","Expenditure","K62","Exhibit - Equipment Only - Police Protection","35,700"
"2012","Michigan","SF0346","Exhibit - Expenditure - Direct Expenditure - General Expenditure - Police Protection - Capital Outlay - Capital Outlay Other Than Construction - Equipment","State","Expenditure","K62","Exhibit - Equipment Only - Police Protection","347"
"2013","Michigan","SF0346","Exhibit - Expenditure - Direct Expenditure - General Expenditure - Police Protection - Capital Outlay - Capital Outlay Other Than Construction - Equipment","State","Expenditure","K62","Exhibit - Equipment Only - Police Protection","2,968"
"2014","Michigan","SF0346","Exhibit - Expenditure - Direct Expenditure - General Expenditure - Police Protection - Capital Outlay - Capital Outlay Other Than Construction - Equipment","State","Expenditure","K62","Exhibit - Equipment Only - Police Protection","4,633"
"2015","Michigan","SF0346","Exhibit - Expenditure - Direct Expenditure - General Expenditure - Police Protection - Capital Outlay - Capital Outlay Other Than Construction - Equipment","State","Expenditure","K62","Exhibit - Equipment Only - Police Protection","2,908"
"2016","Michigan","SF0346","Exhibit - Expenditure - Direct Expenditure - General Expenditure - Police Protection - Capital Outlay - Capital Outlay Other Than Construction - Equipment","State","Expenditure","K62","Exhibit - Equipment Only - Police Protection","7,034"
"2017","Michigan","SF0346","Exhibit - Expenditure - Direct Expenditure - General Expenditure - Police Protection - Capital Outlay - Capital Outlay Other Than Construction - Equipment","State","Expenditure","K62","Exhibit - Equipment Only - Police Protection","1,799"
"2018","Michigan","SF0346","Exhibit - Expenditure - Direct Expenditure - General Expenditure - Police Protection - Capital Outlay - Capital Outlay Other Than Construction - Equipment","State","Expenditure","K62","Exhibit - Equipment Only - Police Protection","3,378"
"2019","Michigan","SF0346","Exhibit - Expenditure - Direct Expenditure - General Expenditure - Police Protection - Capital Outlay - Capital Outlay Other Than Construction - Equipment","State","Expenditure","K62","Exhibit - Equipment Only - Police Protection","5,058"
"2020","Michigan","SF0346","Exhibit - Expenditure - Direct Expenditure - General Expenditure - Police Protection - Capital Outlay - Capital Outlay Other Than Construction - Equipment","State","Expenditure","K62","Exhibit - Equipment Only - Police Protection","6,761"
"2021","Michigan","SF0346","Exhibit - Expenditure - Direct Expenditure - General Expenditure - Police Protection - Capital Outlay - Capital Outlay Other Than Construction - Equipment","State","Expenditure","K62","Exhibit - Equipment Only - Police Protection","4,307"
"2012","Minnesota","SF0346","Exhibit - Expenditure - Direct Expenditure - General Expenditure - Police Protection - Capital Outlay - Capital Outlay Other Than Construction - Equipment","State","Expenditure","K62","Exhibit - Equipment Only - Police Protection","4,597"
"2013","Minnesota","SF0346","Exhibit - Expenditure - Direct Expenditure - General Expenditure - Police Protection - Capital Outlay - Capital Outlay Other Than Construction - Equipment","State","Expenditure","K62","Exhibit - Equipment Only - Police Protection","11,919"
"2014","Minnesota","SF0346","Exhibit - Expenditure - Direct Expenditure - General Expenditure - Police Protection - Capital Outlay - Capital Outlay Other Than Construction - Equipment","State","Expenditure","K62","Exhibit - Equipment Only - Police Protection","10,216"
"2015","Minnesota","SF0346","Exhibit - Expenditure - Direct Expenditure - General Expenditure - Police Protection - Capital Outlay - Capital Outlay Other Than Construction - Equipment","State","Expenditure","K62","Exhibit - Equipment Only - Police Protection","8,400"
"2016","Minnesota","SF0346","Exhibit - Expenditure - Direct Expenditure - General Expenditure - Police Protection - Capital Outlay - Capital Outlay Other Than Construction - Equipment","State","Expenditure","K62","Exhibit - Equipment Only - Police Protection","12,264"
"2017","Minnesota","SF0346","Exhibit - Expenditure - Direct Expenditure - General Expenditure - Police Protection - Capital Outlay - Capital Outlay Other Than Construction - Equipment","State","Expenditure","K62","Exhibit - Equipment Only - Police Protection","23,743"
"2018","Minnesota","SF0346","Exhibit - Expenditure - Direct Expenditure - General Expenditure - Police Protection - Capital Outlay - Capital Outlay Other Than Construction - Equipment","State","Expenditure","K62","Exhibit - Equipment Only - Police Protection","15,608"
"2019","Minnesota","SF0346","Exhibit - Expenditure - Direct Expenditure - General Expenditure - Police Protection - Capital Outlay - Capital Outlay Other Than Construction - Equipment","State","Expenditure","K62","Exhibit - Equipment Only - Police Protection","25,579"
"2020","Minnesota","SF0346","Exhibit - Expenditure - Direct Expenditure - General Expenditure - Police Protection - Capital Outlay - Capital Outlay Other Than Construction - Equipment","State","Expenditure","K62","Exhibit - Equipment Only - Police Protection","6,770"
"2021","Minnesota","SF0346","Exhibit - Expenditure - Direct Expenditure - General Expenditure - Police Protection - Capital Outlay - Capital Outlay Other Than Construction - Equipment","State","Expenditure","K62","Exhibit - Equipment Only - Police Protection","16,490"
"2012","Mississippi","SF0346","Exhibit - Expenditure - Direct Expenditure - General Expenditure - Police Protection - Capital Outlay - Capital Outlay Other Than Construction - Equipment","State","Expenditure","K62","Exhibit - Equipment Only - Police Protection","6,890"
"2013","Mississippi","SF0346","Exhibit - Expenditure - Direct Expenditure - General Expenditure - Police Protection - Capital Outlay - Capital Outlay Other Than Construction - Equipment","State","Expenditure","K62","Exhibit - Equipment Only - Police Protection","2,742"
"2014","Mississippi","SF0346","Exhibit - Expenditure - Direct Expenditure - General Expenditure - Police Protection - Capital Outlay - Capital Outlay Other Than Construction - Equipment","State","Expenditure","K62","Exhibit - Equipment Only - Police Protection","3,364"
"2015","Mississippi","SF0346","Exhibit - Expenditure - Direct Expenditure - General Expenditure - Police Protection - Capital Outlay - Capital Outlay Other Than Construction - Equipment","State","Expenditure","K62","Exhibit - Equipment Only - Police Protection","7,015"
"2016","Mississippi","SF0346","Exhibit - Expenditure - Direct Expenditure - General Expenditure - Police Protection - Capital Outlay - Capital Outlay Other Than Construction - Equipment","State","Expenditure","K62","Exhibit - Equipment Only - Police Protection","6,363"
"2017","Mississippi","SF0346","Exhibit - Expenditure - Direct Expenditure - General Expenditure - Police Protection - Capital Outlay - Capital Outlay Other Than Construction - Equipment","State","Expenditure","K62","Exhibit - Equipment Only - Police Protection","6,976"
"2018","Mississippi","SF0346","Exhibit - Expenditure - Direct Expenditure - General Expenditure - Police Protection - Capital Outlay - Capital Outlay Other Than Construction - Equipment","State","Expenditure","K62","Exhibit - Equipment Only - Police Protection","7,919"
"2019","Mississippi","SF0346","Exhibit - Expenditure - Direct Expenditure - General Expenditure - Police Protection - Capital Outlay - Capital Outlay Other Than Construction - Equipment","State","Expenditure","K62","Exhibit - Equipment Only - Police Protection","8,060"
"2020","Mississippi","SF0346","Exhibit - Expenditure - Direct Expenditure - General Expenditure - Police Protection - Capital Outlay - Capital Outlay Other Than Construction - Equipment","State","Expenditure","K62","Exhibit - Equipment Only - Police Protection","7,214"
"2021","Mississippi","SF0346","Exhibit - Expenditure - Direct Expenditure - General Expenditure - Police Protection - Capital Outlay - Capital Outlay Other Than Construction - Equipment","State","Expenditure","K62","Exhibit - Equipment Only - Police Protection","6,865"
"2012","Missouri","SF0346","Exhibit - Expenditure - Direct Expenditure - General Expenditure - Police Protection - Capital Outlay - Capital Outlay Other Than Construction - Equipment","State","Expenditure","K62","Exhibit - Equipment Only - Police Protection","27,271"
"2013","Missouri","SF0346","Exhibit - Expenditure - Direct Expenditure - General Expenditure - Police Protection - Capital Outlay - Capital Outlay Other Than Construction - Equipment","State","Expenditure","K62","Exhibit - Equipment Only - Police Protection","27,698"
"2014","Missouri","SF0346","Exhibit - Expenditure - Direct Expenditure - General Expenditure - Police Protection - Capital Outlay - Capital Outlay Other Than Construction - Equipment","State","Expenditure","K62","Exhibit - Equipment Only - Police Protection","32,377"
"2015","Missouri","SF0346","Exhibit - Expenditure - Direct Expenditure - General Expenditure - Police Protection - Capital Outlay - Capital Outlay Other Than Construction - Equipment","State","Expenditure","K62","Exhibit - Equipment Only - Police Protection","28,493"
"2016","Missouri","SF0346","Exhibit - Expenditure - Direct Expenditure - General Expenditure - Police Protection - Capital Outlay - Capital Outlay Other Than Construction - Equipment","State","Expenditure","K62","Exhibit - Equipment Only - Police Protection","29,541"
"2017","Missouri","SF0346","Exhibit - Expenditure - Direct Expenditure - General Expenditure - Police Protection - Capital Outlay - Capital Outlay Other Than Construction - Equipment","State","Expenditure","K62","Exhibit - Equipment Only - Police Protection","28,983"
"2018","Missouri","SF0346","Exhibit - Expenditure - Direct Expenditure - General Expenditure - Police Protection - Capital Outlay - Capital Outlay Other Than Construction - Equipment","State","Expenditure","K62","Exhibit - Equipment Only - Police Protection","27,419"
"2019","Missouri","SF0346","Exhibit - Expenditure - Direct Expenditure - General Expenditure - Police Protection - Capital Outlay - Capital Outlay Other Than Construction - Equipment","State","Expenditure","K62","Exhibit - Equipment Only - Police Protection","26,755"
"2020","Missouri","SF0346","Exhibit - Expenditure - Direct Expenditure - General Expenditure - Police Protection - Capital Outlay - Capital Outlay Other Than Construction - Equipment","State","Expenditure","K62","Exhibit - Equipment Only - Police Protection","27,866"
"2021","Missouri","SF0346","Exhibit - Expenditure - Direct Expenditure - General Expenditure - Police Protection - Capital Outlay - Capital Outlay Other Than Construction - Equipment","State","Expenditure","K62","Exhibit - Equipment Only - Police Protection","21,962"
"2012","Montana","SF0346","Exhibit - Expenditure - Direct Expenditure - General Expenditure - Police Protection - Capital Outlay - Capital Outlay Other Than Construction - Equipment","State","Expenditure","K62","Exhibit - Equipment Only - Police Protection","2,009"
"2013","Montana","SF0346","Exhibit - Expenditure - Direct Expenditure - General Expenditure - Police Protection - Capital Outlay - Capital Outlay Other Than Construction - Equipment","State","Expenditure","K62","Exhibit - Equipment Only - Police Protection","1,502"
"2014","Montana","SF0346","Exhibit - Expenditure - Direct Expenditure - General Expenditure - Police Protection - Capital Outlay - Capital Outlay Other Than Construction - Equipment","State","Expenditure","K62","Exhibit - Equipment Only - Police Protection","1,541"
"2015","Montana","SF0346","Exhibit - Expenditure - Direct Expenditure - General Expenditure - Police Protection - Capital Outlay - Capital Outlay Other Than Construction - Equipment","State","Expenditure","K62","Exhibit - Equipment Only - Police Protection","1,456"
"2016","Montana","SF0346","Exhibit - Expenditure - Direct Expenditure - General Expenditure - Police Protection - Capital Outlay - Capital Outlay Other Than Construction - Equipment","State","Expenditure","K62","Exhibit - Equipment Only - Police Protection","1,240"
"2017","Montana","SF0346","Exhibit - Expenditure - Direct Expenditure - General Expenditure - Police Protection - Capital Outlay - Capital Outlay Other Than Construction - Equipment","State","Expenditure","K62","Exhibit - Equipment Only - Police Protection","1,110"
"2018","Montana","SF0346","Exhibit - Expenditure - Direct Expenditure - General Expenditure - Police Protection - Capital Outlay - Capital Outlay Other Than Construction - Equipment","State","Expenditure","K62","Exhibit - Equipment Only - Police Protection","1,157"
"2019","Montana","SF0346","Exhibit - Expenditure - Direct Expenditure - General Expenditure - Police Protection - Capital Outlay - Capital Outlay Other Than Construction - Equipment","State","Expenditure","K62","Exhibit - Equipment Only - Police Protection","1,348"
"2020","Montana","SF0346","Exhibit - Expenditure - Direct Expenditure - General Expenditure - Police Protection - Capital Outlay - Capital Outlay Other Than Construction - Equipment","State","Expenditure","K62","Exhibit - Equipment Only - Police Protection","1,949"
"2021","Montana","SF0346","Exhibit - Expenditure - Direct Expenditure - General Expenditure - Police Protection - Capital Outlay - Capital Outlay Other Than Construction - Equipment","State","Expenditure","K62","Exhibit - Equipment Only - Police Protection","1,867"
"2012","Nebraska","SF0346","Exhibit - Expenditure - Direct Expenditure - General Expenditure - Police Protection - Capital Outlay - Capital Outlay Other Than Construction - Equipment","State","Expenditure","K62","Exhibit - Equipment Only - Police Protection","6,215"
"2013","Nebraska","SF0346","Exhibit - Expenditure - Direct Expenditure - General Expenditure - Police Protection - Capital Outlay - Capital Outlay Other Than Construction - Equipment","State","Expenditure","K62","Exhibit - Equipment Only - Police Protection","6,304"
"2014","Nebraska","SF0346","Exhibit - Expenditure - Direct Expenditure - General Expenditure - Police Protection - Capital Outlay - Capital Outlay Other Than Construction - Equipment","State","Expenditure","K62","Exhibit - Equipment Only - Police Protection","4,582"
"2015","Nebraska","SF0346","Exhibit - Expenditure - Direct Expenditure - General Expenditure - Police Protection - Capital Outlay - Capital Outlay Other Than Construction - Equipment","State","Expenditure","K62","Exhibit - Equipment Only - Police Protection","4,710"
"2016","Nebraska","SF0346","Exhibit - Expenditure - Direct Expenditure - General Expenditure - Police Protection - Capital Outlay - Capital Outlay Other Than Construction - Equipment","State","Expenditure","K62","Exhibit - Equipment Only - Police Protection","4,685"
"2017","Nebraska","SF0346","Exhibit - Expenditure - Direct Expenditure - General Expenditure - Police Protection - Capital Outlay - Capital Outlay Other Than Construction - Equipment","State","Expenditure","K62","Exhibit - Equipment Only - Police Protection","3,055"
"2018","Nebraska","SF0346","Exhibit - Expenditure - Direct Expenditure - General Expenditure - Police Protection - Capital Outlay - Capital Outlay Other Than Construction - Equipment","State","Expenditure","K62","Exhibit - Equipment Only - Police Protection","3,750"
"2019","Nebraska","SF0346","Exhibit - Expenditure - Direct Expenditure - General Expenditure - Police Protection - Capital Outlay - Capital Outlay Other Than Construction - Equipment","State","Expenditure","K62","Exhibit - Equipment Only - Police Protection","3,906"
"2020","Nebraska","SF0346","Exhibit - Expenditure - Direct Expenditure - General Expenditure - Police Protection - Capital Outlay - Capital Outlay Other Than Construction - Equipment","State","Expenditure","K62","Exhibit - Equipment Only - Police Protection","4,406"
"2021","Nebraska","SF0346","Exhibit - Expenditure - Direct Expenditure - General Expenditure - Police Protection - Capital Outlay - Capital Outlay Other Than Construction - Equipment","State","Expenditure","K62","Exhibit - Equipment Only - Police Protection","5,019"
"2012","Nevada","SF0346","Exhibit - Expenditure - Direct Expenditure - General Expenditure - Police Protection - Capital Outlay - Capital Outlay Other Than Construction - Equipment","State","Expenditure","K62","Exhibit - Equipment Only - Police Protection","4,121"
"2013","Nevada","SF0346","Exhibit - Expenditure - Direct Expenditure - General Expenditure - Police Protection - Capital Outlay - Capital Outlay Other Than Construction - Equipment","State","Expenditure","K62","Exhibit - Equipment Only - Police Protection","4,121"
"2014","Nevada","SF0346","Exhibit - Expenditure - Direct Expenditure - General Expenditure - Police Protection - Capital Outlay - Capital Outlay Other Than Construction - Equipment","State","Expenditure","K62","Exhibit - Equipment Only - Police Protection","11,093"
"2015","Nevada","SF0346","Exhibit - Expenditure - Direct Expenditure - General Expenditure - Police Protection - Capital Outlay - Capital Outlay Other Than Construction - Equipment","State","Expenditure","K62","Exhibit - Equipment Only - Police Protection","4,233"
"2016","Nevada","SF0346","Exhibit - Expenditure - Direct Expenditure - General Expenditure - Police Protection - Capital Outlay - Capital Outlay Other Than Construction - Equipment","State","Expenditure","K62","Exhibit - Equipment Only - Police Protection","4,764"
"2017","Nevada","SF0346","Exhibit - Expenditure - Direct Expenditure - General Expenditure - Police Protection - Capital Outlay - Capital Outlay Other Than Construction - Equipment","State","Expenditure","K62","Exhibit - Equipment Only - Police Protection","4,382"
"2018","Nevada","SF0346","Exhibit - Expenditure - Direct Expenditure - General Expenditure - Police Protection - Capital Outlay - Capital Outlay Other Than Construction - Equipment","State","Expenditure","K62","Exhibit - Equipment Only - Police Protection","6,971"
"2019","Nevada","SF0346","Exhibit - Expenditure - Direct Expenditure - General Expenditure - Police Protection - Capital Outlay - Capital Outlay Other Than Construction - Equipment","State","Expenditure","K62","Exhibit - Equipment Only - Police Protection","4,703"
"2020","Nevada","SF0346","Exhibit - Expenditure - Direct Expenditure - General Expenditure - Police Protection - Capital Outlay - Capital Outlay Other Than Construction - Equipment","State","Expenditure","K62","Exhibit - Equipment Only - Police Protection","6,044"
"2021","Nevada","SF0346","Exhibit - Expenditure - Direct Expenditure - General Expenditure - Police Protection - Capital Outlay - Capital Outlay Other Than Construction - Equipment","State","Expenditure","K62","Exhibit - Equipment Only - Police Protection","9,818"
"2012","New Hampshire","SF0346","Exhibit - Expenditure - Direct Expenditure - General Expenditure - Police Protection - Capital Outlay - Capital Outlay Other Than Construction - Equipment","State","Expenditure","K62","Exhibit - Equipment Only - Police Protection","3,869"
"2013","New Hampshire","SF0346","Exhibit - Expenditure - Direct Expenditure - General Expenditure - Police Protection - Capital Outlay - Capital Outlay Other Than Construction - Equipment","State","Expenditure","K62","Exhibit - Equipment Only - Police Protection","2,433"
"2014","New Hampshire","SF0346","Exhibit - Expenditure - Direct Expenditure - General Expenditure - Police Protection - Capital Outlay - Capital Outlay Other Than Construction - Equipment","State","Expenditure","K62","Exhibit - Equipment Only - Police Protection","3,062"
"2015","New Hampshire","SF0346","Exhibit - Expenditure - Direct Expenditure - General Expenditure - Police Protection - Capital Outlay - Capital Outlay Other Than Construction - Equipment","State","Expenditure","K62","Exhibit - Equipment Only - Police Protection","4,712"
"2016","New Hampshire","SF0346","Exhibit - Expenditure - Direct Expenditure - General Expenditure - Police Protection - Capital Outlay - Capital Outlay Other Than Construction - Equipment","State","Expenditure","K62","Exhibit - Equipment Only - Police Protection","2,851"
"2017","New Hampshire","SF0346","Exhibit - Expenditure - Direct Expenditure - General Expenditure - Police Protection - Capital Outlay - Capital Outlay Other Than Construction - Equipment","State","Expenditure","K62","Exhibit - Equipment Only - Police Protection","7,519"
"2018","New Hampshire","SF0346","Exhibit - Expenditure - Direct Expenditure - General Expenditure - Police Protection - Capital Outlay - Capital Outlay Other Than Construction - Equipment","State","Expenditure","K62","Exhibit - Equipment Only - Police Protection","5,979"
"2019","New Hampshire","SF0346","Exhibit - Expenditure - Direct Expenditure - General Expenditure - Police Protection - Capital Outlay - Capital Outlay Other Than Construction - Equipment","State","Expenditure","K62","Exhibit - Equipment Only - Police Protection","8,187"
"2020","New Hampshire","SF0346","Exhibit - Expenditure - Direct Expenditure - General Expenditure - Police Protection - Capital Outlay - Capital Outlay Other Than Construction - Equipment","State","Expenditure","K62","Exhibit - Equipment Only - Police Protection","6,378"
"2021","New Hampshire","SF0346","Exhibit - Expenditure - Direct Expenditure - General Expenditure - Police Protection - Capital Outlay - Capital Outlay Other Than Construction - Equipment","State","Expenditure","K62","Exhibit - Equipment Only - Police Protection","6,167"
"2012","New Jersey","SF0346","Exhibit - Expenditure - Direct Expenditure - General Expenditure - Police Protection - Capital Outlay - Capital Outlay Other Than Construction - Equipment","State","Expenditure","K62","Exhibit - Equipment Only - Police Protection","18,430"
"2013","New Jersey","SF0346","Exhibit - Expenditure - Direct Expenditure - General Expenditure - Police Protection - Capital Outlay - Capital Outlay Other Than Construction - Equipment","State","Expenditure","K62","Exhibit - Equipment Only - Police Protection","14,598"
"2014","New Jersey","SF0346","Exhibit - Expenditure - Direct Expenditure - General Expenditure - Police Protection - Capital Outlay - Capital Outlay Other Than Construction - Equipment","State","Expenditure","K62","Exhibit - Equipment Only - Police Protection","18,463"
"2015","New Jersey","SF0346","Exhibit - Expenditure - Direct Expenditure - General Expenditure - Police Protection - Capital Outlay - Capital Outlay Other Than Construction - Equipment","State","Expenditure","K62","Exhibit - Equipment Only - Police Protection","10,245"
"2016","New Jersey","SF0346","Exhibit - Expenditure - Direct Expenditure - General Expenditure - Police Protection - Capital Outlay - Capital Outlay Other Than Construction - Equipment","State","Expenditure","K62","Exhibit - Equipment Only - Police Protection","8,787"
"2017","New Jersey","SF0346","Exhibit - Expenditure - Direct Expenditure - General Expenditure - Police Protection - Capital Outlay - Capital Outlay Other Than Construction - Equipment","State","Expenditure","K62","Exhibit - Equipment Only - Police Protection","8,989"
"2018","New Jersey","SF0346","Exhibit - Expenditure - Direct Expenditure - General Expenditure - Police Protection - Capital Outlay - Capital Outlay Other Than Construction - Equipment","State","Expenditure","K62","Exhibit - Equipment Only - Police Protection","9,388"
"2019","New Jersey","SF0346","Exhibit - Expenditure - Direct Expenditure - General Expenditure - Police Protection - Capital Outlay - Capital Outlay Other Than Construction - Equipment","State","Expenditure","K62","Exhibit - Equipment Only - Police Protection","12,581"
"2020","New Jersey","SF0346","Exhibit - Expenditure - Direct Expenditure - General Expenditure - Police Protection - Capital Outlay - Capital Outlay Other Than Construction - Equipment","State","Expenditure","K62","Exhibit - Equipment Only - Police Protection","21,552"
"2021","New Jersey","SF0346","Exhibit - Expenditure - Direct Expenditure - General Expenditure - Police Protection - Capital Outlay - Capital Outlay Other Than Construction - Equipment","State","Expenditure","K62","Exhibit - Equipment Only - Police Protection","87,759"
"2012","New Mexico","SF0346","Exhibit - Expenditure - Direct Expenditure - General Expenditure - Police Protection - Capital Outlay - Capital Outlay Other Than Construction - Equipment","State","Expenditure","K62","Exhibit - Equipment Only - Police Protection","6,671"
"2013","New Mexico","SF0346","Exhibit - Expenditure - Direct Expenditure - General Expenditure - Police Protection - Capital Outlay - Capital Outlay Other Than Construction - Equipment","State","Expenditure","K62","Exhibit - Equipment Only - Police Protection","2,147"
"2014","New Mexico","SF0346","Exhibit - Expenditure - Direct Expenditure - General Expenditure - Police Protection - Capital Outlay - Capital Outlay Other Than Construction - Equipment","State","Expenditure","K62","Exhibit - Equipment Only - Police Protection","6,600"
"2015","New Mexico","SF0346","Exhibit - Expenditure - Direct Expenditure - General Expenditure - Police Protection - Capital Outlay - Capital Outlay Other Than Construction - Equipment","State","Expenditure","K62","Exhibit - Equipment Only - Police Protection","5,453"
"2016","New Mexico","SF0346","Exhibit - Expenditure - Direct Expenditure - General Expenditure - Police Protection - Capital Outlay - Capital Outlay Other Than Construction - Equipment","State","Expenditure","K62","Exhibit - Equipment Only - Police Protection","1"
"2017","New Mexico","SF0346","Exhibit - Expenditure - Direct Expenditure - General Expenditure - Police Protection - Capital Outlay - Capital Outlay Other Than Construction - Equipment","State","Expenditure","K62","Exhibit - Equipment Only - Police Protection","0"
"2018","New Mexico","SF0346","Exhibit - Expenditure - Direct Expenditure - General Expenditure - Police Protection - Capital Outlay - Capital Outlay Other Than Construction - Equipment","State","Expenditure","K62","Exhibit - Equipment Only - Police Protection","0"
"2019","New Mexico","SF0346","Exhibit - Expenditure - Direct Expenditure - General Expenditure - Police Protection - Capital Outlay - Capital Outlay Other Than Construction - Equipment","State","Expenditure","K62","Exhibit - Equipment Only - Police Protection","4,994"
"2020","New Mexico","SF0346","Exhibit - Expenditure - Direct Expenditure - General Expenditure - Police Protection - Capital Outlay - Capital Outlay Other Than Construction - Equipment","State","Expenditure","K62","Exhibit - Equipment Only - Police Protection","0"
"2021","New Mexico","SF0346","Exhibit - Expenditure - Direct Expenditure - General Expenditure - Police Protection - Capital Outlay - Capital Outlay Other Than Construction - Equipment","State","Expenditure","K62","Exhibit - Equipment Only - Police Protection","5,013"
"2012","New York","SF0346","Exhibit - Expenditure - Direct Expenditure - General Expenditure - Police Protection - Capital Outlay - Capital Outlay Other Than Construction - Equipment","State","Expenditure","K62","Exhibit - Equipment Only - Police Protection","28,159"
"2013","New York","SF0346","Exhibit - Expenditure - Direct Expenditure - General Expenditure - Police Protection - Capital Outlay - Capital Outlay Other Than Construction - Equipment","State","Expenditure","K62","Exhibit - Equipment Only - Police Protection","4,337"
"2014","New York","SF0346","Exhibit - Expenditure - Direct Expenditure - General Expenditure - Police Protection - Capital Outlay - Capital Outlay Other Than Construction - Equipment","State","Expenditure","K62","Exhibit - Equipment Only - Police Protection","13,455"
"2015","New York","SF0346","Exhibit - Expenditure - Direct Expenditure - General Expenditure - Police Protection - Capital Outlay - Capital Outlay Other Than Construction - Equipment","State","Expenditure","K62","Exhibit - Equipment Only - Police Protection","18,503"
"2016","New York","SF0346","Exhibit - Expenditure - Direct Expenditure - General Expenditure - Police Protection - Capital Outlay - Capital Outlay Other Than Construction - Equipment","State","Expenditure","K62","Exhibit - Equipment Only - Police Protection","22,314"
"2017","New York","SF0346","Exhibit - Expenditure - Direct Expenditure - General Expenditure - Police Protection - Capital Outlay - Capital Outlay Other Than Construction - Equipment","State","Expenditure","K62","Exhibit - Equipment Only - Police Protection","13,559"
"2018","New York","SF0346","Exhibit - Expenditure - Direct Expenditure - General Expenditure - Police Protection - Capital Outlay - Capital Outlay Other Than Construction - Equipment","State","Expenditure","K62","Exhibit - Equipment Only - Police Protection","38,269"
"2019","New York","SF0346","Exhibit - Expenditure - Direct Expenditure - General Expenditure - Police Protection - Capital Outlay - Capital Outlay Other Than Construction - Equipment","State","Expenditure","K62","Exhibit - Equipment Only - Police Protection","22,827"
"2020","New York","SF0346","Exhibit - Expenditure - Direct Expenditure - General Expenditure - Police Protection - Capital Outlay - Capital Outlay Other Than Construction - Equipment","State","Expenditure","K62","Exhibit - Equipment Only - Police Protection","28,407"
"2021","New York","SF0346","Exhibit - Expenditure - Direct Expenditure - General Expenditure - Police Protection - Capital Outlay - Capital Outlay Other Than Construction - Equipment","State","Expenditure","K62","Exhibit - Equipment Only - Police Protection","14,767"
"2012","North Carolina","SF0346","Exhibit - Expenditure - Direct Expenditure - General Expenditure - Police Protection - Capital Outlay - Capital Outlay Other Than Construction - Equipment","State","Expenditure","K62","Exhibit - Equipment Only - Police Protection","23,277"
"2013","North Carolina","SF0346","Exhibit - Expenditure - Direct Expenditure - General Expenditure - Police Protection - Capital Outlay - Capital Outlay Other Than Construction - Equipment","State","Expenditure","K62","Exhibit - Equipment Only - Police Protection","24,127"
"2014","North Carolina","SF0346","Exhibit - Expenditure - Direct Expenditure - General Expenditure - Police Protection - Capital Outlay - Capital Outlay Other Than Construction - Equipment","State","Expenditure","K62","Exhibit - Equipment Only - Police Protection","17,075"
"2015","North Carolina","SF0346","Exhibit - Expenditure - Direct Expenditure - General Expenditure - Police Protection - Capital Outlay - Capital Outlay Other Than Construction - Equipment","State","Expenditure","K62","Exhibit - Equipment Only - Police Protection","19,548"
"2016","North Carolina","SF0346","Exhibit - Expenditure - Direct Expenditure - General Expenditure - Police Protection - Capital Outlay - Capital Outlay Other Than Construction - Equipment","State","Expenditure","K62","Exhibit - Equipment Only - Police Protection","31,884"
"2017","North Carolina","SF0346","Exhibit - Expenditure - Direct Expenditure - General Expenditure - Police Protection - Capital Outlay - Capital Outlay Other Than Construction - Equipment","State","Expenditure","K62","Exhibit - Equipment Only - Police Protection","33,065"
"2018","North Carolina","SF0346","Exhibit - Expenditure - Direct Expenditure - General Expenditure - Police Protection - Capital Outlay - Capital Outlay Other Than Construction - Equipment","State","Expenditure","K62","Exhibit - Equipment Only - Police Protection","39,111"
"2019","North Carolina","SF0346","Exhibit - Expenditure - Direct Expenditure - General Expenditure - Police Protection - Capital Outlay - Capital Outlay Other Than Construction - Equipment","State","Expenditure","K62","Exhibit - Equipment Only - Police Protection","45,679"
"2020","North Carolina","SF0346","Exhibit - Expenditure - Direct Expenditure - General Expenditure - Police Protection - Capital Outlay - Capital Outlay Other Than Construction - Equipment","State","Expenditure","K62","Exhibit - Equipment Only - Police Protection","33,488"
"2021","North Carolina","SF0346","Exhibit - Expenditure - Direct Expenditure - General Expenditure - Police Protection - Capital Outlay - Capital Outlay Other Than Construction - Equipment","State","Expenditure","K62","Exhibit - Equipment Only - Police Protection","54,320"
"2012","North Dakota","SF0346","Exhibit - Expenditure - Direct Expenditure - General Expenditure - Police Protection - Capital Outlay - Capital Outlay Other Than Construction - Equipment","State","Expenditure","K62","Exhibit - Equipment Only - Police Protection","642"
"2013","North Dakota","SF0346","Exhibit - Expenditure - Direct Expenditure - General Expenditure - Police Protection - Capital Outlay - Capital Outlay Other Than Construction - Equipment","State","Expenditure","K62","Exhibit - Equipment Only - Police Protection","3,001"
"2014","North Dakota","SF0346","Exhibit - Expenditure - Direct Expenditure - General Expenditure - Police Protection - Capital Outlay - Capital Outlay Other Than Construction - Equipment","State","Expenditure","K62","Exhibit - Equipment Only - Police Protection","2,044"
"2015","North Dakota","SF0346","Exhibit - Expenditure - Direct Expenditure - General Expenditure - Police Protection - Capital Outlay - Capital Outlay Other Than Construction - Equipment","State","Expenditure","K62","Exhibit - Equipment Only - Police Protection","3,111"
"2016","North Dakota","SF0346","Exhibit - Expenditure - Direct Expenditure - General Expenditure - Police Protection - Capital Outlay - Capital Outlay Other Than Construction - Equipment","State","Expenditure","K62","Exhibit - Equipment Only - Police Protection","1,500"
"2017","North Dakota","SF0346","Exhibit - Expenditure - Direct Expenditure - General Expenditure - Police Protection - Capital Outlay - Capital Outlay Other Than Construction - Equipment","State","Expenditure","K62","Exhibit - Equipment Only - Police Protection","2,438"
"2018","North Dakota","SF0346","Exhibit - Expenditure - Direct Expenditure - General Expenditure - Police Protection - Capital Outlay - Capital Outlay Other Than Construction - Equipment","State","Expenditure","K62","Exhibit - Equipment Only - Police Protection","549"
"2019","North Dakota","SF0346","Exhibit - Expenditure - Direct Expenditure - General Expenditure - Police Protection - Capital Outlay - Capital Outlay Other Than Construction - Equipment","State","Expenditure","K62","Exhibit - Equipment Only - Police Protection","4,474"
"2020","North Dakota","SF0346","Exhibit - Expenditure - Direct Expenditure - General Expenditure - Police Protection - Capital Outlay - Capital Outlay Other Than Construction - Equipment","State","Expenditure","K62","Exhibit - Equipment Only - Police Protection","1,795"
"2021","North Dakota","SF0346","Exhibit - Expenditure - Direct Expenditure - General Expenditure - Police Protection - Capital Outlay - Capital Outlay Other Than Construction - Equipment","State","Expenditure","K62","Exhibit - Equipment Only - Police Protection","2,762"
"2012","Ohio","SF0346","Exhibit - Expenditure - Direct Expenditure - General Expenditure - Police Protection - Capital Outlay - Capital Outlay Other Than Construction - Equipment","State","Expenditure","K62","Exhibit - Equipment Only - Police Protection","22,882"
"2013","Ohio","SF0346","Exhibit - Expenditure - Direct Expenditure - General Expenditure - Police Protection - Capital Outlay - Capital Outlay Other Than Construction - Equipment","State","Expenditure","K62","Exhibit - Equipment Only - Police Protection","17,197"
"2014","Ohio","SF0346","Exhibit - Expenditure - Direct Expenditure - General Expenditure - Police Protection - Capital Outlay - Capital Outlay Other Than Construction - Equipment","State","Expenditure","K62","Exhibit - Equipment Only - Police Protection","17,470"
"2015","Ohio","SF0346","Exhibit - Expenditure - Direct Expenditure - General Expenditure - Police Protection - Capital Outlay - Capital Outlay Other Than Construction - Equipment","State","Expenditure","K62","Exhibit - Equipment Only - Police Protection","20,074"
"2016","Ohio","SF0346","Exhibit - Expenditure - Direct Expenditure - General Expenditure - Police Protection - Capital Outlay - Capital Outlay Other Than Construction - Equipment","State","Expenditure","K62","Exhibit - Equipment Only - Police Protection","31,033"
"2017","Ohio","SF0346","Exhibit - Expenditure - Direct Expenditure - General Expenditure - Police Protection - Capital Outlay - Capital Outlay Other Than Construction - Equipment","State","Expenditure","K62","Exhibit - Equipment Only - Police Protection","18,738"
"2018","Ohio","SF0346","Exhibit - Expenditure - Direct Expenditure - General Expenditure - Police Protection - Capital Outlay - Capital Outlay Other Than Construction - Equipment","State","Expenditure","K62","Exhibit - Equipment Only - Police Protection","17,759"
"2019","Ohio","SF0346","Exhibit - Expenditure - Direct Expenditure - General Expenditure - Police Protection - Capital Outlay - Capital Outlay Other Than Construction - Equipment","State","Expenditure","K62","Exhibit - Equipment Only - Police Protection","21,481"
"2020","Ohio","SF0346","Exhibit - Expenditure - Direct Expenditure - General Expenditure - Police Protection - Capital Outlay - Capital Outlay Other Than Construction - Equipment","State","Expenditure","K62","Exhibit - Equipment Only - Police Protection","13,744"
"2021","Ohio","SF0346","Exhibit - Expenditure - Direct Expenditure - General Expenditure - Police Protection - Capital Outlay - Capital Outlay Other Than Construction - Equipment","State","Expenditure","K62","Exhibit - Equipment Only - Police Protection","12,301"
"2012","Oklahoma","SF0346","Exhibit - Expenditure - Direct Expenditure - General Expenditure - Police Protection - Capital Outlay - Capital Outlay Other Than Construction - Equipment","State","Expenditure","K62","Exhibit - Equipment Only - Police Protection","5,596"
"2013","Oklahoma","SF0346","Exhibit - Expenditure - Direct Expenditure - General Expenditure - Police Protection - Capital Outlay - Capital Outlay Other Than Construction - Equipment","State","Expenditure","K62","Exhibit - Equipment Only - Police Protection","12,450"
"2014","Oklahoma","SF0346","Exhibit - Expenditure - Direct Expenditure - General Expenditure - Police Protection - Capital Outlay - Capital Outlay Other Than Construction - Equipment","State","Expenditure","K62","Exhibit - Equipment Only - Police Protection","17,335"
"2015","Oklahoma","SF0346","Exhibit - Expenditure - Direct Expenditure - General Expenditure - Police Protection - Capital Outlay - Capital Outlay Other Than Construction - Equipment","State","Expenditure","K62","Exhibit - Equipment Only - Police Protection","8,774"
"2016","Oklahoma","SF0346","Exhibit - Expenditure - Direct Expenditure - General Expenditure - Police Protection - Capital Outlay - Capital Outlay Other Than Construction - Equipment","State","Expenditure","K62","Exhibit - Equipment Only - Police Protection","5,970"
"2017","Oklahoma","SF0346","Exhibit - Expenditure - Direct Expenditure - General Expenditure - Police Protection - Capital Outlay - Capital Outlay Other Than Construction - Equipment","State","Expenditure","K62","Exhibit - Equipment Only - Police Protection","4,345"
"2018","Oklahoma","SF0346","Exhibit - Expenditure - Direct Expenditure - General Expenditure - Police Protection - Capital Outlay - Capital Outlay Other Than Construction - Equipment","State","Expenditure","K62","Exhibit - Equipment Only - Police Protection","4,795"
"2019","Oklahoma","SF0346","Exhibit - Expenditure - Direct Expenditure - General Expenditure - Police Protection - Capital Outlay - Capital Outlay Other Than Construction - Equipment","State","Expenditure","K62","Exhibit - Equipment Only - Police Protection","7,192"
"2020","Oklahoma","SF0346","Exhibit - Expenditure - Direct Expenditure - General Expenditure - Police Protection - Capital Outlay - Capital Outlay Other Than Construction - Equipment","State","Expenditure","K62","Exhibit - Equipment Only - Police Protection","13,797"
"2021","Oklahoma","SF0346","Exhibit - Expenditure - Direct Expenditure - General Expenditure - Police Protection - Capital Outlay - Capital Outlay Other Than Construction - Equipment","State","Expenditure","K62","Exhibit - Equipment Only - Police Protection","20,214"
"2012","Oregon","SF0346","Exhibit - Expenditure - Direct Expenditure - General Expenditure - Police Protection - Capital Outlay - Capital Outlay Other Than Construction - Equipment","State","Expenditure","K62","Exhibit - Equipment Only - Police Protection","3,490"
"2013","Oregon","SF0346","Exhibit - Expenditure - Direct Expenditure - General Expenditure - Police Protection - Capital Outlay - Capital Outlay Other Than Construction - Equipment","State","Expenditure","K62","Exhibit - Equipment Only - Police Protection","7,205"
"2014","Oregon","SF0346","Exhibit - Expenditure - Direct Expenditure - General Expenditure - Police Protection - Capital Outlay - Capital Outlay Other Than Construction - Equipment","State","Expenditure","K62","Exhibit - Equipment Only - Police Protection","4,230"
"2015","Oregon","SF0346","Exhibit - Expenditure - Direct Expenditure - General Expenditure - Police Protection - Capital Outlay - Capital Outlay Other Than Construction - Equipment","State","Expenditure","K62","Exhibit - Equipment Only - Police Protection","7,115"
"2016","Oregon","SF0346","Exhibit - Expenditure - Direct Expenditure - General Expenditure - Police Protection - Capital Outlay - Capital Outlay Other Than Construction - Equipment","State","Expenditure","K62","Exhibit - Equipment Only - Police Protection","8,316"
"2017","Oregon","SF0346","Exhibit - Expenditure - Direct Expenditure - General Expenditure - Police Protection - Capital Outlay - Capital Outlay Other Than Construction - Equipment","State","Expenditure","K62","Exhibit - Equipment Only - Police Protection","3,658"
"2018","Oregon","SF0346","Exhibit - Expenditure - Direct Expenditure - General Expenditure - Police Protection - Capital Outlay - Capital Outlay Other Than Construction - Equipment","State","Expenditure","K62","Exhibit - Equipment Only - Police Protection","5,871"
"2019","Oregon","SF0346","Exhibit - Expenditure - Direct Expenditure - General Expenditure - Police Protection - Capital Outlay - Capital Outlay Other Than Construction - Equipment","State","Expenditure","K62","Exhibit - Equipment Only - Police Protection","4,595"
"2020","Oregon","SF0346","Exhibit - Expenditure - Direct Expenditure - General Expenditure - Police Protection - Capital Outlay - Capital Outlay Other Than Construction - Equipment","State","Expenditure","K62","Exhibit - Equipment Only - Police Protection","11,131"
"2021","Oregon","SF0346","Exhibit - Expenditure - Direct Expenditure - General Expenditure - Police Protection - Capital Outlay - Capital Outlay Other Than Construction - Equipment","State","Expenditure","K62","Exhibit - Equipment Only - Police Protection","5,239"
"2012","Pennsylvania","SF0346","Exhibit - Expenditure - Direct Expenditure - General Expenditure - Police Protection - Capital Outlay - Capital Outlay Other Than Construction - Equipment","State","Expenditure","K62","Exhibit - Equipment Only - Police Protection","35,968"
"2013","Pennsylvania","SF0346","Exhibit - Expenditure - Direct Expenditure - General Expenditure - Police Protection - Capital Outlay - Capital Outlay Other Than Construction - Equipment","State","Expenditure","K62","Exhibit - Equipment Only - Police Protection","25,393"
"2014","Pennsylvania","SF0346","Exhibit - Expenditure - Direct Expenditure - General Expenditure - Police Protection - Capital Outlay - Capital Outlay Other Than Construction - Equipment","State","Expenditure","K62","Exhibit - Equipment Only - Police Protection","27,643"
"2015","Pennsylvania","SF0346","Exhibit - Expenditure - Direct Expenditure - General Expenditure - Police Protection - Capital Outlay - Capital Outlay Other Than Construction - Equipment","State","Expenditure","K62","Exhibit - Equipment Only - Police Protection","61,376"
"2016","Pennsylvania","SF0346","Exhibit - Expenditure - Direct Expenditure - General Expenditure - Police Protection - Capital Outlay - Capital Outlay Other Than Construction - Equipment","State","Expenditure","K62","Exhibit - Equipment Only - Police Protection","36,539"
"2017","Pennsylvania","SF0346","Exhibit - Expenditure - Direct Expenditure - General Expenditure - Police Protection - Capital Outlay - Capital Outlay Other Than Construction - Equipment","State","Expenditure","K62","Exhibit - Equipment Only - Police Protection","42,018"
"2018","Pennsylvania","SF0346","Exhibit - Expenditure - Direct Expenditure - General Expenditure - Police Protection - Capital Outlay - Capital Outlay Other Than Construction - Equipment","State","Expenditure","K62","Exhibit - Equipment Only - Police Protection","35,710"
"2019","Pennsylvania","SF0346","Exhibit - Expenditure - Direct Expenditure - General Expenditure - Police Protection - Capital Outlay - Capital Outlay Other Than Construction - Equipment","State","Expenditure","K62","Exhibit - Equipment Only - Police Protection","27,881"
"2020","Pennsylvania","SF0346","Exhibit - Expenditure - Direct Expenditure - General Expenditure - Police Protection - Capital Outlay - Capital Outlay Other Than Construction - Equipment","State","Expenditure","K62","Exhibit - Equipment Only - Police Protection","17,703"
"2021","Pennsylvania","SF0346","Exhibit - Expenditure - Direct Expenditure - General Expenditure - Police Protection - Capital Outlay - Capital Outlay Other Than Construction - Equipment","State","Expenditure","K62","Exhibit - Equipment Only - Police Protection","23,882"
"2012","Rhode Island","SF0346","Exhibit - Expenditure - Direct Expenditure - General Expenditure - Police Protection - Capital Outlay - Capital Outlay Other Than Construction - Equipment","State","Expenditure","K62","Exhibit - Equipment Only - Police Protection","1,053"
"2013","Rhode Island","SF0346","Exhibit - Expenditure - Direct Expenditure - General Expenditure - Police Protection - Capital Outlay - Capital Outlay Other Than Construction - Equipment","State","Expenditure","K62","Exhibit - Equipment Only - Police Protection","4,818"
"2014","Rhode Island","SF0346","Exhibit - Expenditure - Direct Expenditure - General Expenditure - Police Protection - Capital Outlay - Capital Outlay Other Than Construction - Equipment","State","Expenditure","K62","Exhibit - Equipment Only - Police Protection","3,731"
"2015","Rhode Island","SF0346","Exhibit - Expenditure - Direct Expenditure - General Expenditure - Police Protection - Capital Outlay - Capital Outlay Other Than Construction - Equipment","State","Expenditure","K62","Exhibit - Equipment Only - Police Protection","3,765"
"2016","Rhode Island","SF0346","Exhibit - Expenditure - Direct Expenditure - General Expenditure - Police Protection - Capital Outlay - Capital Outlay Other Than Construction - Equipment","State","Expenditure","K62","Exhibit - Equipment Only - Police Protection","2,136"
"2017","Rhode Island","SF0346","Exhibit - Expenditure - Direct Expenditure - General Expenditure - Police Protection - Capital Outlay - Capital Outlay Other Than Construction - Equipment","State","Expenditure","K62","Exhibit - Equipment Only - Police Protection","1,135"
"2018","Rhode Island","SF0346","Exhibit - Expenditure - Direct Expenditure - General Expenditure - Police Protection - Capital Outlay - Capital Outlay Other Than Construction - Equipment","State","Expenditure","K62","Exhibit - Equipment Only - Police Protection","2,047"
"2019","Rhode Island","SF0346","Exhibit - Expenditure - Direct Expenditure - General Expenditure - Police Protection - Capital Outlay - Capital Outlay Other Than Construction - Equipment","State","Expenditure","K62","Exhibit - Equipment Only - Police Protection","3,083"
"2020","Rhode Island","SF0346","Exhibit - Expenditure - Direct Expenditure - General Expenditure - Police Protection - Capital Outlay - Capital Outlay Other Than Construction - Equipment","State","Expenditure","K62","Exhibit - Equipment Only - Police Protection","3,814"
"2021","Rhode Island","SF0346","Exhibit - Expenditure - Direct Expenditure - General Expenditure - Police Protection - Capital Outlay - Capital Outlay Other Than Construction - Equipment","State","Expenditure","K62","Exhibit - Equipment Only - Police Protection","1,564"
"2012","South Carolina","SF0346","Exhibit - Expenditure - Direct Expenditure - General Expenditure - Police Protection - Capital Outlay - Capital Outlay Other Than Construction - Equipment","State","Expenditure","K62","Exhibit - Equipment Only - Police Protection","41"
"2013","South Carolina","SF0346","Exhibit - Expenditure - Direct Expenditure - General Expenditure - Police Protection - Capital Outlay - Capital Outlay Other Than Construction - Equipment","State","Expenditure","K62","Exhibit - Equipment Only - Police Protection","76"
"2014","South Carolina","SF0346","Exhibit - Expenditure - Direct Expenditure - General Expenditure - Police Protection - Capital Outlay - Capital Outlay Other Than Construction - Equipment","State","Expenditure","K62","Exhibit - Equipment Only - Police Protection","7"
"2015","South Carolina","SF0346","Exhibit - Expenditure - Direct Expenditure - General Expenditure - Police Protection - Capital Outlay - Capital Outlay Other Than Construction - Equipment","State","Expenditure","K62","Exhibit - Equipment Only - Police Protection","7"
"2016","South Carolina","SF0346","Exhibit - Expenditure - Direct Expenditure - General Expenditure - Police Protection - Capital Outlay - Capital Outlay Other Than Construction - Equipment","State","Expenditure","K62","Exhibit - Equipment Only - Police Protection","0"
"2017","South Carolina","SF0346","Exhibit - Expenditure - Direct Expenditure - General Expenditure - Police Protection - Capital Outlay - Capital Outlay Other Than Construction - Equipment","State","Expenditure","K62","Exhibit - Equipment Only - Police Protection","34"
"2018","South Carolina","SF0346","Exhibit - Expenditure - Direct Expenditure - General Expenditure - Police Protection - Capital Outlay - Capital Outlay Other Than Construction - Equipment","State","Expenditure","K62","Exhibit - Equipment Only - Police Protection","5"
"2019","South Carolina","SF0346","Exhibit - Expenditure - Direct Expenditure - General Expenditure - Police Protection - Capital Outlay - Capital Outlay Other Than Construction - Equipment","State","Expenditure","K62","Exhibit - Equipment Only - Police Protection","1"
"2020","South Carolina","SF0346","Exhibit - Expenditure - Direct Expenditure - General Expenditure - Police Protection - Capital Outlay - Capital Outlay Other Than Construction - Equipment","State","Expenditure","K62","Exhibit - Equipment Only - Police Protection","197"
"2021","South Carolina","SF0346","Exhibit - Expenditure - Direct Expenditure - General Expenditure - Police Protection - Capital Outlay - Capital Outlay Other Than Construction - Equipment","State","Expenditure","K62","Exhibit - Equipment Only - Police Protection","177"
"2012","South Dakota","SF0346","Exhibit - Expenditure - Direct Expenditure - General Expenditure - Police Protection - Capital Outlay - Capital Outlay Other Than Construction - Equipment","State","Expenditure","K62","Exhibit - Equipment Only - Police Protection","1,592"
"2013","South Dakota","SF0346","Exhibit - Expenditure - Direct Expenditure - General Expenditure - Police Protection - Capital Outlay - Capital Outlay Other Than Construction - Equipment","State","Expenditure","K62","Exhibit - Equipment Only - Police Protection","1,949"
"2014","South Dakota","SF0346","Exhibit - Expenditure - Direct Expenditure - General Expenditure - Police Protection - Capital Outlay - Capital Outlay Other Than Construction - Equipment","State","Expenditure","K62","Exhibit - Equipment Only - Police Protection","1,532"
"2015","South Dakota","SF0346","Exhibit - Expenditure - Direct Expenditure - General Expenditure - Police Protection - Capital Outlay - Capital Outlay Other Than Construction - Equipment","State","Expenditure","K62","Exhibit - Equipment Only - Police Protection","1,907"
"2016","South Dakota","SF0346","Exhibit - Expenditure - Direct Expenditure - General Expenditure - Police Protection - Capital Outlay - Capital Outlay Other Than Construction - Equipment","State","Expenditure","K62","Exhibit - Equipment Only - Police Protection","2,164"
"2017","South Dakota","SF0346","Exhibit - Expenditure - Direct Expenditure - General Expenditure - Police Protection - Capital Outlay - Capital Outlay Other Than Construction - Equipment","State","Expenditure","K62","Exhibit - Equipment Only - Police Protection","1,990"
"2018","South Dakota","SF0346","Exhibit - Expenditure - Direct Expenditure - General Expenditure - Police Protection - Capital Outlay - Capital Outlay Other Than Construction - Equipment","State","Expenditure","K62","Exhibit - Equipment Only - Police Protection","2,789"
"2019","South Dakota","SF0346","Exhibit - Expenditure - Direct Expenditure - General Expenditure - Police Protection - Capital Outlay - Capital Outlay Other Than Construction - Equipment","State","Expenditure","K62","Exhibit - Equipment Only - Police Protection","2,258"
"2020","South Dakota","SF0346","Exhibit - Expenditure - Direct Expenditure - General Expenditure - Police Protection - Capital Outlay - Capital Outlay Other Than Construction - Equipment","State","Expenditure","K62","Exhibit - Equipment Only - Police Protection","3,134"
"2021","South Dakota","SF0346","Exhibit - Expenditure - Direct Expenditure - General Expenditure - Police Protection - Capital Outlay - Capital Outlay Other Than Construction - Equipment","State","Expenditure","K62","Exhibit - Equipment Only - Police Protection","3,526"
"2012","Tennessee","SF0346","Exhibit - Expenditure - Direct Expenditure - General Expenditure - Police Protection - Capital Outlay - Capital Outlay Other Than Construction - Equipment","State","Expenditure","K62","Exhibit - Equipment Only - Police Protection","8,006"
"2013","Tennessee","SF0346","Exhibit - Expenditure - Direct Expenditure - General Expenditure - Police Protection - Capital Outlay - Capital Outlay Other Than Construction - Equipment","State","Expenditure","K62","Exhibit - Equipment Only - Police Protection","7,243"
"2014","Tennessee","SF0346","Exhibit - Expenditure - Direct Expenditure - General Expenditure - Police Protection - Capital Outlay - Capital Outlay Other Than Construction - Equipment","State","Expenditure","K62","Exhibit - Equipment Only - Police Protection","8,564"
"2015","Tennessee","SF0346","Exhibit - Expenditure - Direct Expenditure - General Expenditure - Police Protection - Capital Outlay - Capital Outlay Other Than Construction - Equipment","State","Expenditure","K62","Exhibit - Equipment Only - Police Protection","6,911"
"2016","Tennessee","SF0346","Exhibit - Expenditure - Direct Expenditure - General Expenditure - Police Protection - Capital Outlay - Capital Outlay Other Than Construction - Equipment","State","Expenditure","K62","Exhibit - Equipment Only - Police Protection","5,095"
"2017","Tennessee","SF0346","Exhibit - Expenditure - Direct Expenditure - General Expenditure - Police Protection - Capital Outlay - Capital Outlay Other Than Construction - Equipment","State","Expenditure","K62","Exhibit - Equipment Only - Police Protection","8,889"
"2018","Tennessee","SF0346","Exhibit - Expenditure - Direct Expenditure - General Expenditure - Police Protection - Capital Outlay - Capital Outlay Other Than Construction - Equipment","State","Expenditure","K62","Exhibit - Equipment Only - Police Protection","21,998"
"2019","Tennessee","SF0346","Exhibit - Expenditure - Direct Expenditure - General Expenditure - Police Protection - Capital Outlay - Capital Outlay Other Than Construction - Equipment","State","Expenditure","K62","Exhibit - Equipment Only - Police Protection","7,411"
"2020","Tennessee","SF0346","Exhibit - Expenditure - Direct Expenditure - General Expenditure - Police Protection - Capital Outlay - Capital Outlay Other Than Construction - Equipment","State","Expenditure","K62","Exhibit - Equipment Only - Police Protection","10,537"
"2021","Tennessee","SF0346","Exhibit - Expenditure - Direct Expenditure - General Expenditure - Police Protection - Capital Outlay - Capital Outlay Other Than Construction - Equipment","State","Expenditure","K62","Exhibit - Equipment Only - Police Protection","6,816"
"2012","Texas","SF0346","Exhibit - Expenditure - Direct Expenditure - General Expenditure - Police Protection - Capital Outlay - Capital Outlay Other Than Construction - Equipment","State","Expenditure","K62","Exhibit - Equipment Only - Police Protection","42,159"
"2013","Texas","SF0346","Exhibit - Expenditure - Direct Expenditure - General Expenditure - Police Protection - Capital Outlay - Capital Outlay Other Than Construction - Equipment","State","Expenditure","K62","Exhibit - Equipment Only - Police Protection","41,491"
"2014","Texas","SF0346","Exhibit - Expenditure - Direct Expenditure - General Expenditure - Police Protection - Capital Outlay - Capital Outlay Other Than Construction - Equipment","State","Expenditure","K62","Exhibit - Equipment Only - Police Protection","57,444"
"2015","Texas","SF0346","Exhibit - Expenditure - Direct Expenditure - General Expenditure - Police Protection - Capital Outlay - Capital Outlay Other Than Construction - Equipment","State","Expenditure","K62","Exhibit - Equipment Only - Police Protection","43,108"
"2016","Texas","SF0346","Exhibit - Expenditure - Direct Expenditure - General Expenditure - Police Protection - Capital Outlay - Capital Outlay Other Than Construction - Equipment","State","Expenditure","K62","Exhibit - Equipment Only - Police Protection","38,776"
"2017","Texas","SF0346","Exhibit - Expenditure - Direct Expenditure - General Expenditure - Police Protection - Capital Outlay - Capital Outlay Other Than Construction - Equipment","State","Expenditure","K62","Exhibit - Equipment Only - Police Protection","55,093"
"2018","Texas","SF0346","Exhibit - Expenditure - Direct Expenditure - General Expenditure - Police Protection - Capital Outlay - Capital Outlay Other Than Construction - Equipment","State","Expenditure","K62","Exhibit - Equipment Only - Police Protection","58,904"
"2019","Texas","SF0346","Exhibit - Expenditure - Direct Expenditure - General Expenditure - Police Protection - Capital Outlay - Capital Outlay Other Than Construction - Equipment","State","Expenditure","K62","Exhibit - Equipment Only - Police Protection","53,597"
"2020","Texas","SF0346","Exhibit - Expenditure - Direct Expenditure - General Expenditure - Police Protection - Capital Outlay - Capital Outlay Other Than Construction - Equipment","State","Expenditure","K62","Exhibit - Equipment Only - Police Protection","72,532"
"2021","Texas","SF0346","Exhibit - Expenditure - Direct Expenditure - General Expenditure - Police Protection - Capital Outlay - Capital Outlay Other Than Construction - Equipment","State","Expenditure","K62","Exhibit - Equipment Only - Police Protection","24,488"
"2012","Utah","SF0346","Exhibit - Expenditure - Direct Expenditure - General Expenditure - Police Protection - Capital Outlay - Capital Outlay Other Than Construction - Equipment","State","Expenditure","K62","Exhibit - Equipment Only - Police Protection","5,772"
"2013","Utah","SF0346","Exhibit - Expenditure - Direct Expenditure - General Expenditure - Police Protection - Capital Outlay - Capital Outlay Other Than Construction - Equipment","State","Expenditure","K62","Exhibit - Equipment Only - Police Protection","6,847"
"2014","Utah","SF0346","Exhibit - Expenditure - Direct Expenditure - General Expenditure - Police Protection - Capital Outlay - Capital Outlay Other Than Construction - Equipment","State","Expenditure","K62","Exhibit - Equipment Only - Police Protection","6,408"
"2015","Utah","SF0346","Exhibit - Expenditure - Direct Expenditure - General Expenditure - Police Protection - Capital Outlay - Capital Outlay Other Than Construction - Equipment","State","Expenditure","K62","Exhibit - Equipment Only - Police Protection","4,889"
"2016","Utah","SF0346","Exhibit - Expenditure - Direct Expenditure - General Expenditure - Police Protection - Capital Outlay - Capital Outlay Other Than Construction - Equipment","State","Expenditure","K62","Exhibit - Equipment Only - Police Protection","8,310"
"2017","Utah","SF0346","Exhibit - Expenditure - Direct Expenditure - General Expenditure - Police Protection - Capital Outlay - Capital Outlay Other Than Construction - Equipment","State","Expenditure","K62","Exhibit - Equipment Only - Police Protection","4,999"
"2018","Utah","SF0346","Exhibit - Expenditure - Direct Expenditure - General Expenditure - Police Protection - Capital Outlay - Capital Outlay Other Than Construction - Equipment","State","Expenditure","K62","Exhibit - Equipment Only - Police Protection","6,592"
"2019","Utah","SF0346","Exhibit - Expenditure - Direct Expenditure - General Expenditure - Police Protection - Capital Outlay - Capital Outlay Other Than Construction - Equipment","State","Expenditure","K62","Exhibit - Equipment Only - Police Protection","6,862"
"2020","Utah","SF0346","Exhibit - Expenditure - Direct Expenditure - General Expenditure - Police Protection - Capital Outlay - Capital Outlay Other Than Construction - Equipment","State","Expenditure","K62","Exhibit - Equipment Only - Police Protection","9,478"
"2021","Utah","SF0346","Exhibit - Expenditure - Direct Expenditure - General Expenditure - Police Protection - Capital Outlay - Capital Outlay Other Than Construction - Equipment","State","Expenditure","K62","Exhibit - Equipment Only - Police Protection","8,284"
"2012","Vermont","SF0346","Exhibit - Expenditure - Direct Expenditure - General Expenditure - Police Protection - Capital Outlay - Capital Outlay Other Than Construction - Equipment","State","Expenditure","K62","Exhibit - Equipment Only - Police Protection","3,683"
"2013","Vermont","SF0346","Exhibit - Expenditure - Direct Expenditure - General Expenditure - Police Protection - Capital Outlay - Capital Outlay Other Than Construction - Equipment","State","Expenditure","K62","Exhibit - Equipment Only - Police Protection","5,282"
"2014","Vermont","SF0346","Exhibit - Expenditure - Direct Expenditure - General Expenditure - Police Protection - Capital Outlay - Capital Outlay Other Than Construction - Equipment","State","Expenditure","K62","Exhibit - Equipment Only - Police Protection","1,449"
"2015","Vermont","SF0346","Exhibit - Expenditure - Direct Expenditure - General Expenditure - Police Protection - Capital Outlay - Capital Outlay Other Than Construction - Equipment","State","Expenditure","K62","Exhibit - Equipment Only - Police Protection","4,760"
"2016","Vermont","SF0346","Exhibit - Expenditure - Direct Expenditure - General Expenditure - Police Protection - Capital Outlay - Capital Outlay Other Than Construction - Equipment","State","Expenditure","K62","Exhibit - Equipment Only - Police Protection","3,275"
"2017","Vermont","SF0346","Exhibit - Expenditure - Direct Expenditure - General Expenditure - Police Protection - Capital Outlay - Capital Outlay Other Than Construction - Equipment","State","Expenditure","K62","Exhibit - Equipment Only - Police Protection","3,318"
"2018","Vermont","SF0346","Exhibit - Expenditure - Direct Expenditure - General Expenditure - Police Protection - Capital Outlay - Capital Outlay Other Than Construction - Equipment","State","Expenditure","K62","Exhibit - Equipment Only - Police Protection","5,113"
"2019","Vermont","SF0346","Exhibit - Expenditure - Direct Expenditure - General Expenditure - Police Protection - Capital Outlay - Capital Outlay Other Than Construction - Equipment","State","Expenditure","K62","Exhibit - Equipment Only - Police Protection","5,200"
"2020","Vermont","SF0346","Exhibit - Expenditure - Direct Expenditure - General Expenditure - Police Protection - Capital Outlay - Capital Outlay Other Than Construction - Equipment","State","Expenditure","K62","Exhibit - Equipment Only - Police Protection","8,134"
"2021","Vermont","SF0346","Exhibit - Expenditure - Direct Expenditure - General Expenditure - Police Protection - Capital Outlay - Capital Outlay Other Than Construction - Equipment","State","Expenditure","K62","Exhibit - Equipment Only - Police Protection","8,369"
"2012","Virginia","SF0346","Exhibit - Expenditure - Direct Expenditure - General Expenditure - Police Protection - Capital Outlay - Capital Outlay Other Than Construction - Equipment","State","Expenditure","K62","Exhibit - Equipment Only - Police Protection","26,987"
"2013","Virginia","SF0346","Exhibit - Expenditure - Direct Expenditure - General Expenditure - Police Protection - Capital Outlay - Capital Outlay Other Than Construction - Equipment","State","Expenditure","K62","Exhibit - Equipment Only - Police Protection","31,177"
"2014","Virginia","SF0346","Exhibit - Expenditure - Direct Expenditure - General Expenditure - Police Protection - Capital Outlay - Capital Outlay Other Than Construction - Equipment","State","Expenditure","K62","Exhibit - Equipment Only - Police Protection","26,015"
"2015","Virginia","SF0346","Exhibit - Expenditure - Direct Expenditure - General Expenditure - Police Protection - Capital Outlay - Capital Outlay Other Than Construction - Equipment","State","Expenditure","K62","Exhibit - Equipment Only - Police Protection","15,250"
"2016","Virginia","SF0346","Exhibit - Expenditure - Direct Expenditure - General Expenditure - Police Protection - Capital Outlay - Capital Outlay Other Than Construction - Equipment","State","Expenditure","K62","Exhibit - Equipment Only - Police Protection","13,521"
"2017","Virginia","SF0346","Exhibit - Expenditure - Direct Expenditure - General Expenditure - Police Protection - Capital Outlay - Capital Outlay Other Than Construction - Equipment","State","Expenditure","K62","Exhibit - Equipment Only - Police Protection","18,066"
"2018","Virginia","SF0346","Exhibit - Expenditure - Direct Expenditure - General Expenditure - Police Protection - Capital Outlay - Capital Outlay Other Than Construction - Equipment","State","Expenditure","K62","Exhibit - Equipment Only - Police Protection","24,537"
"2019","Virginia","SF0346","Exhibit - Expenditure - Direct Expenditure - General Expenditure - Police Protection - Capital Outlay - Capital Outlay Other Than Construction - Equipment","State","Expenditure","K62","Exhibit - Equipment Only - Police Protection","23,313"
"2020","Virginia","SF0346","Exhibit - Expenditure - Direct Expenditure - General Expenditure - Police Protection - Capital Outlay - Capital Outlay Other Than Construction - Equipment","State","Expenditure","K62","Exhibit - Equipment Only - Police Protection","19,434"
"2021","Virginia","SF0346","Exhibit - Expenditure - Direct Expenditure - General Expenditure - Police Protection - Capital Outlay - Capital Outlay Other Than Construction - Equipment","State","Expenditure","K62","Exhibit - Equipment Only - Police Protection","21,971"
"2012","Washington","SF0346","Exhibit - Expenditure - Direct Expenditure - General Expenditure - Police Protection - Capital Outlay - Capital Outlay Other Than Construction - Equipment","State","Expenditure","K62","Exhibit - Equipment Only - Police Protection","7,486"
"2013","Washington","SF0346","Exhibit - Expenditure - Direct Expenditure - General Expenditure - Police Protection - Capital Outlay - Capital Outlay Other Than Construction - Equipment","State","Expenditure","K62","Exhibit - Equipment Only - Police Protection","21,894"
"2014","Washington","SF0346","Exhibit - Expenditure - Direct Expenditure - General Expenditure - Police Protection - Capital Outlay - Capital Outlay Other Than Construction - Equipment","State","Expenditure","K62","Exhibit - Equipment Only - Police Protection","22,476"
"2015","Washington","SF0346","Exhibit - Expenditure - Direct Expenditure - General Expenditure - Police Protection - Capital Outlay - Capital Outlay Other Than Construction - Equipment","State","Expenditure","K62","Exhibit - Equipment Only - Police Protection","29,105"
"2016","Washington","SF0346","Exhibit - Expenditure - Direct Expenditure - General Expenditure - Police Protection - Capital Outlay - Capital Outlay Other Than Construction - Equipment","State","Expenditure","K62","Exhibit - Equipment Only - Police Protection","24,352"
"2017","Washington","SF0346","Exhibit - Expenditure - Direct Expenditure - General Expenditure - Police Protection - Capital Outlay - Capital Outlay Other Than Construction - Equipment","State","Expenditure","K62","Exhibit - Equipment Only - Police Protection","27,520"
"2018","Washington","SF0346","Exhibit - Expenditure - Direct Expenditure - General Expenditure - Police Protection - Capital Outlay - Capital Outlay Other Than Construction - Equipment","State","Expenditure","K62","Exhibit - Equipment Only - Police Protection","29,244"
"2019","Washington","SF0346","Exhibit - Expenditure - Direct Expenditure - General Expenditure - Police Protection - Capital Outlay - Capital Outlay Other Than Construction - Equipment","State","Expenditure","K62","Exhibit - Equipment Only - Police Protection","21,960"
"2020","Washington","SF0346","Exhibit - Expenditure - Direct Expenditure - General Expenditure - Police Protection - Capital Outlay - Capital Outlay Other Than Construction - Equipment","State","Expenditure","K62","Exhibit - Equipment Only - Police Protection","25,134"
"2021","Washington","SF0346","Exhibit - Expenditure - Direct Expenditure - General Expenditure - Police Protection - Capital Outlay - Capital Outlay Other Than Construction - Equipment","State","Expenditure","K62","Exhibit - Equipment Only - Police Protection","17,583"
"2012","West Virginia","SF0346","Exhibit - Expenditure - Direct Expenditure - General Expenditure - Police Protection - Capital Outlay - Capital Outlay Other Than Construction - Equipment","State","Expenditure","K62","Exhibit - Equipment Only - Police Protection","5,948"
"2013","West Virginia","SF0346","Exhibit - Expenditure - Direct Expenditure - General Expenditure - Police Protection - Capital Outlay - Capital Outlay Other Than Construction - Equipment","State","Expenditure","K62","Exhibit - Equipment Only - Police Protection","3,759"
"2014","West Virginia","SF0346","Exhibit - Expenditure - Direct Expenditure - General Expenditure - Police Protection - Capital Outlay - Capital Outlay Other Than Construction - Equipment","State","Expenditure","K62","Exhibit - Equipment Only - Police Protection","5,473"
"2015","West Virginia","SF0346","Exhibit - Expenditure - Direct Expenditure - General Expenditure - Police Protection - Capital Outlay - Capital Outlay Other Than Construction - Equipment","State","Expenditure","K62","Exhibit - Equipment Only - Police Protection","2,987"
"2016","West Virginia","SF0346","Exhibit - Expenditure - Direct Expenditure - General Expenditure - Police Protection - Capital Outlay - Capital Outlay Other Than Construction - Equipment","State","Expenditure","K62","Exhibit - Equipment Only - Police Protection","7,453"
"2017","West Virginia","SF0346","Exhibit - Expenditure - Direct Expenditure - General Expenditure - Police Protection - Capital Outlay - Capital Outlay Other Than Construction - Equipment","State","Expenditure","K62","Exhibit - Equipment Only - Police Protection","6,780"
"2018","West Virginia","SF0346","Exhibit - Expenditure - Direct Expenditure - General Expenditure - Police Protection - Capital Outlay - Capital Outlay Other Than Construction - Equipment","State","Expenditure","K62","Exhibit - Equipment Only - Police Protection","4,026"
"2019","West Virginia","SF0346","Exhibit - Expenditure - Direct Expenditure - General Expenditure - Police Protection - Capital Outlay - Capital Outlay Other Than Construction - Equipment","State","Expenditure","K62","Exhibit - Equipment Only - Police Protection","4,094"
"2020","West Virginia","SF0346","Exhibit - Expenditure - Direct Expenditure - General Expenditure - Police Protection - Capital Outlay - Capital Outlay Other Than Construction - Equipment","State","Expenditure","K62","Exhibit - Equipment Only - Police Protection","7,312"
"2021","West Virginia","SF0346","Exhibit - Expenditure - Direct Expenditure - General Expenditure - Police Protection - Capital Outlay - Capital Outlay Other Than Construction - Equipment","State","Expenditure","K62","Exhibit - Equipment Only - Police Protection","7,677"
"2012","Wisconsin","SF0346","Exhibit - Expenditure - Direct Expenditure - General Expenditure - Police Protection - Capital Outlay - Capital Outlay Other Than Construction - Equipment","State","Expenditure","K62","Exhibit - Equipment Only - Police Protection","126"
"2013","Wisconsin","SF0346","Exhibit - Expenditure - Direct Expenditure - General Expenditure - Police Protection - Capital Outlay - Capital Outlay Other Than Construction - Equipment","State","Expenditure","K62","Exhibit - Equipment Only - Police Protection","68"
"2014","Wisconsin","SF0346","Exhibit - Expenditure - Direct Expenditure - General Expenditure - Police Protection - Capital Outlay - Capital Outlay Other Than Construction - Equipment","State","Expenditure","K62","Exhibit - Equipment Only - Police Protection","230"
"2015","Wisconsin","SF0346","Exhibit - Expenditure - Direct Expenditure - General Expenditure - Police Protection - Capital Outlay - Capital Outlay Other Than Construction - Equipment","State","Expenditure","K62","Exhibit - Equipment Only - Police Protection","1,842"
"2016","Wisconsin","SF0346","Exhibit - Expenditure - Direct Expenditure - General Expenditure - Police Protection - Capital Outlay - Capital Outlay Other Than Construction - Equipment","State","Expenditure","K62","Exhibit - Equipment Only - Police Protection","935"
"2017","Wisconsin","SF0346","Exhibit - Expenditure - Direct Expenditure - General Expenditure - Police Protection - Capital Outlay - Capital Outlay Other Than Construction - Equipment","State","Expenditure","K62","Exhibit - Equipment Only - Police Protection","505"
"2018","Wisconsin","SF0346","Exhibit - Expenditure - Direct Expenditure - General Expenditure - Police Protection - Capital Outlay - Capital Outlay Other Than Construction - Equipment","State","Expenditure","K62","Exhibit - Equipment Only - Police Protection","892"
"2019","Wisconsin","SF0346","Exhibit - Expenditure - Direct Expenditure - General Expenditure - Police Protection - Capital Outlay - Capital Outlay Other Than Construction - Equipment","State","Expenditure","K62","Exhibit - Equipment Only - Police Protection","2,475"
"2020","Wisconsin","SF0346","Exhibit - Expenditure - Direct Expenditure - General Expenditure - Police Protection - Capital Outlay - Capital Outlay Other Than Construction - Equipment","State","Expenditure","K62","Exhibit - Equipment Only - Police Protection","435"
"2021","Wisconsin","SF0346","Exhibit - Expenditure - Direct Expenditure - General Expenditure - Police Protection - Capital Outlay - Capital Outlay Other Than Construction - Equipment","State","Expenditure","K62","Exhibit - Equipment Only - Police Protection","498"
"2012","Wyoming","SF0346","Exhibit - Expenditure - Direct Expenditure - General Expenditure - Police Protection - Capital Outlay - Capital Outlay Other Than Construction - Equipment","State","Expenditure","K62","Exhibit - Equipment Only - Police Protection","311"
"2013","Wyoming","SF0346","Exhibit - Expenditure - Direct Expenditure - General Expenditure - Police Protection - Capital Outlay - Capital Outlay Other Than Construction - Equipment","State","Expenditure","K62","Exhibit - Equipment Only - Police Protection","383"
"2014","Wyoming","SF0346","Exhibit - Expenditure - Direct Expenditure - General Expenditure - Police Protection - Capital Outlay - Capital Outlay Other Than Construction - Equipment","State","Expenditure","K62","Exhibit - Equipment Only - Police Protection","84"
"2015","Wyoming","SF0346","Exhibit - Expenditure - Direct Expenditure - General Expenditure - Police Protection - Capital Outlay - Capital Outlay Other Than Construction - Equipment","State","Expenditure","K62","Exhibit - Equipment Only - Police Protection","48"
"2016","Wyoming","SF0346","Exhibit - Expenditure - Direct Expenditure - General Expenditure - Police Protection - Capital Outlay - Capital Outlay Other Than Construction - Equipment","State","Expenditure","K62","Exhibit - Equipment Only - Police Protection","10"
"2017","Wyoming","SF0346","Exhibit - Expenditure - Direct Expenditure - General Expenditure - Police Protection - Capital Outlay - Capital Outlay Other Than Construction - Equipment","State","Expenditure","K62","Exhibit - Equipment Only - Police Protection","29"
"2018","Wyoming","SF0346","Exhibit - Expenditure - Direct Expenditure - General Expenditure - Police Protection - Capital Outlay - Capital Outlay Other Than Construction - Equipment","State","Expenditure","K62","Exhibit - Equipment Only - Police Protection","75"
"2019","Wyoming","SF0346","Exhibit - Expenditure - Direct Expenditure - General Expenditure - Police Protection - Capital Outlay - Capital Outlay Other Than Construction - Equipment","State","Expenditure","K62","Exhibit - Equipment Only - Police Protection","1,233"
"2020","Wyoming","SF0346","Exhibit - Expenditure - Direct Expenditure - General Expenditure - Police Protection - Capital Outlay - Capital Outlay Other Than Construction - Equipment","State","Expenditure","K62","Exhibit - Equipment Only - Police Protection","250"
"2021","Wyoming","SF0346","Exhibit - Expenditure - Direct Expenditure - General Expenditure - Police Protection - Capital Outlay - Capital Outlay Other Than Construction - Equipment","State","Expenditure","K62","Exhibit - Equipment Only - Police Protection","291"